# www.mecabricks.com
mtllib Indiana Jones.mtl
o Part.1
v -3.275 7.531 0.003
v -3.262 7.6 -0.347
v -3.228 7.795 -0.644
v -3.175 8.087 -0.842
v -3.114 8.432 -0.912
v -3.053 8.776 -0.842
v -3.001 9.069 -0.644
v -2.966 9.264 -0.347
v -2.954 9.333 0.003
v -2.966 9.264 0.353
v -3.001 9.069 0.65
v -3.053 8.776 0.848
v -3.114 8.432 0.918
v -7.075 9.24 2.605
v -7.743 7.083 2.652
v -8.341 7.342 2.555
v -7.724 9.564 2.317
v -8.785 7.602 2.242
v -9.234 7.825 1.74
v -8.241 9.821 1.74
v -8.499 9.949 1.015
v -9.492 7.954 1.015
v -8.152 10.695 0.544
v -8.424 10.134 0.987
v -8.204 10.588 0.696
v -8.114 10.775 0.374
v -7.802 10.889 1.163
v -7.625 11.292 0.003
v -7.642 11.272 0.317
v -8.09 10.823 0.192
v -8.083 10.834 0.003
v -7.675 11.193 0.621
v -7.729 11.065 0.907
v -7.894 10.671 1.385
v -8.343 10.302 0.922
v -8.268 10.456 0.823
v -6.697 10.616 2.139
v -6.814 10.193 2.389
v -6.942 9.73 2.551
v -7.587 9.985 2.246
v -8.001 10.415 1.56
v -8.121 10.131 1.683
v -6.403 11.669 0.003
v -7.038 11.588 0.003
v -6.416 11.64 0.498
v -6.452 11.504 0.976
v -6.514 11.282 1.418
v -6.596 10.984 1.812
v -7.053 11.559 0.424
v -7.089 11.451 0.833
v -7.15 11.272 1.215
v -7.232 11.029 1.559
v -7.335 10.728 1.853
v -7.454 10.377 2.085
v -7.724 9.564 -2.312
v -7.642 11.272 -0.311
v -8.424 10.134 -0.981
v -8.121 10.131 -1.677
v -8.241 9.821 -1.735
v -8.499 9.949 -1.009
v -7.894 10.671 -1.379
v -8.343 10.302 -0.916
v -8.001 10.415 -1.554
v -8.268 10.456 -0.817
v -7.802 10.889 -1.158
v -7.729 11.065 -0.901
v -7.674 11.194 -0.616
v -8.204 10.588 -0.69
v -8.152 10.695 -0.539
v -8.09 10.823 -0.187
v -8.114 10.774 -0.369
v -6.596 10.984 -1.806
v -6.514 11.282 -1.413
v -6.452 11.504 -0.97
v -6.416 11.64 -0.492
v -7.075 9.241 -2.599
v -6.942 9.729 -2.546
v -6.814 10.193 -2.384
v -6.697 10.616 -2.133
v -7.587 9.985 -2.24
v -7.454 10.377 -2.079
v -7.335 10.728 -1.847
v -7.053 11.559 -0.419
v -7.089 11.451 -0.827
v -7.15 11.272 -1.209
v -7.232 11.029 -1.553
v -7.446 9.203 0.003
v -7.559 8.566 0.65
v -7.507 8.859 0.848
v -7.446 9.203 0.918
v -7.385 9.548 0.848
v -7.332 9.84 0.65
v -7.298 10.035 0.353
v -7.285 10.104 0.003
v -7.298 10.035 -0.347
v -7.332 9.84 -0.644
v -7.385 9.548 -0.842
v -7.446 9.203 -0.912
v -7.507 8.859 -0.842
v -7.559 8.566 -0.644
v -7.594 8.371 -0.347
v -7.606 8.302 0.003
v -7.594 8.371 0.353
v -9.468 8.001 -1.009
v -9.244 7.889 -1.619
v -8.76 7.649 -2.186
v -8.232 7.386 -2.47
v -7.719 7.132 -2.647
v -10.316 6.317 1.011
v -10.451 6.06 -0.997
v -9.92 7.137 -1.004
v -10.658 5.571 1.051
v -9.167 5.932 2.531
v -9.646 6.096 2.222
v -9.9 5.466 2.268
v -10.089 6.256 1.667
v -10.389 5.57 1.717
v -8.769 5.815 2.652
v -9.678 7.063 1.686
v -9.229 6.859 2.247
v -8.797 6.661 2.484
v -9.91 7.154 1.008
v -8.32 6.45 2.653
v -6.174 9.502 2.6
v -6.297 8.852 2.653
v -6.678 8.294 2.653
v -7.224 7.613 2.652
v -6.31 8.905 -2.644
v -6.192 9.401 -2.605
v -6.099 9.919 -2.466
v -6.017 10.384 -2.231
v -5.886 11.119 -1.533
v -5.944 10.792 -1.907
v -5.81 11.543 -0.513
v -5.836 11.397 -1.009
v -5.801 11.593 0.002
v -5.81 11.542 0.518
v -5.837 11.395 1.013
v -5.936 10.836 1.875
v -5.876 11.173 1.441
v -6.013 10.404 2.231
v -6.087 9.99 2.449
v -6.668 8.3 -2.647
v -7.224 7.637 -2.647
v -10.177 6.106 -1.585
v -9.261 6.853 -2.158
v -8.377 6.43 -2.647
v -8.73 6.601 -2.508
v -8.929 5.435 -2.647
v -9.84 5.914 -2.102
v -9.285 5.619 -2.499
v -9.675 7.039 -1.639
v -8.966 5.231 2.669
v -10.48 5.074 1.959
v -11.045 4.099 2.068
v -10.871 4.841 1.372
v -9.014 4.959 2.736
v -9.5 5.051 2.603
v -9.851 5.104 2.476
v -9.367 5.362 2.574
v -10.537 4.475 2.527
v -7.349 6.992 2.573
v -8.049 5.688 2.473
v -7.742 6.334 2.514
v -6.532 7.492 1.946
v -6.643 6.866 1.52
v -6.722 6.881 1.936
v -6.771 6.151 1.114
v -7.443 5.582 2.091
v -7.229 6.243 2.185
v -6.879 6.18 1.644
v -7.022 5.507 1.44
v -7.158 4.806 1.388
v -6.99 4.917 0.999
v -6.878 5.548 0.969
v -6.97 6.925 2.321
v -6.581 7.497 2.21
v -6.417 8.244 2.479
v -6.478 8.255 2.572
v -6.734 7.524 2.447
v -6.398 8.241 2.377
v -6.57 8.271 2.633
v -6.968 7.567 2.604
v -7.54 5.14 -2.05
v -7.284 6.115 -2.148
v -6.965 6.956 -2.315
v -7.343 7.022 -2.568
v -8.249 5.235 -2.546
v -7.104 4.993 -1.354
v -6.568 8.282 -2.628
v -6.718 6.904 -2.052
v -6.577 7.52 -2.251
v -6.965 7.588 -2.598
v -6.731 7.545 -2.442
v -6.415 8.255 -2.473
v -6.644 6.889 -1.903
v -6.524 7.538 -2.135
v -6.395 8.258 -2.392
v -6.476 8.266 -2.566
v -6.911 6.05 -1.766
v -7.019 4.758 -1.081
v -6.796 6.006 -1.566
v -7.819 6.246 -2.561
v -8.99 5.088 -2.622
v -9.473 5.297 -2.461
v -9.131 4.304 -2.313
v -9.07 4.647 -2.495
v -9.186 3.996 -2.061
v -10.472 5.475 -1.316
v -10.425 5.621 -1.423
v -10.286 5.92 -1.549
v -9.974 5.679 -2.065
v -9.799 4.409 -1.962
v -10.308 4.992 -1.67
v -9.611 4.982 -2.353
v -10.225 5.195 -1.85
v -9.717 4.685 -2.191
v -10.358 5.766 -1.503
v -10.119 5.417 -1.974
v -10.743 5.385 -0.315
v -11.289 3.593 1.527
v -9.072 4.635 2.942
v -9.844 4.663 2.834
v -8.338 4.395 2.834
v -7.753 3.979 2.527
v -7.406 3.451 2.068
v -7.351 2.892 1.527
v -7.136 4.097 1.306
v -7.585 4.921 2.076
v -8.21 5.077 2.488
v -8.267 4.756 2.571
v -7.289 4.155 1.557
v -7.662 4.487 2.188
v -7.209 4.714 -1.346
v -7.613 4.703 -1.969
v -7.214 4.529 -1.191
v -7.666 4.409 -1.834
v -7.722 4.154 -1.65
v -8.38 4.19 -2.184
v -8.42 3.933 -1.99
v -8.36 4.463 -2.355
v -8.319 4.923 -2.51
v -9.948 3.881 -1.496
v -9.269 3.528 -1.587
v -10.157 2.876 -0.494
v -11.06 4.344 0.75
v -11.002 3.841 0.221
v -10.7 3.314 -0.211
v -10.701 4.948 -0.796
v -10.492 4.441 -1.185
v -9.44 2.57 -0.612
v -9.568 1.85 0.113
v -10.302 2.09 0.221
v -11.234 3.034 0.986
v -10.888 2.506 0.527
v -8.879 5.721 -0.99
v -9.18 6.537 -0.239
v -9.578 6.429 -0.415
v -9.87 6.213 -0.679
v -10.011 5.922 -0.99
v -9.979 5.601 -1.301
v -9.78 5.297 -1.565
v -9.444 5.059 -1.741
v -9.021 4.92 -1.803
v -8.577 4.904 -1.741
v -8.179 5.012 -1.565
v -7.888 5.228 -1.301
v -7.747 5.519 -0.99
v -7.779 5.841 -0.679
v -7.978 6.144 -0.415
v -8.314 6.383 -0.239
v -8.736 6.521 -0.177
v -9.455 2.484 3.924
v -9.033 2.345 3.862
v -8.697 2.106 3.686
v -8.498 1.803 3.422
v -8.466 1.481 3.111
v -8.607 1.19 2.8
v -8.898 0.974 2.536
v -9.296 0.867 2.36
v -9.74 0.882 2.298
v -10.163 1.021 2.36
v -10.499 1.26 2.536
v -10.698 1.563 2.8
v -10.73 1.885 3.111
v -10.589 2.175 3.422
v -10.297 2.391 3.686
v -9.899 2.499 3.862
v -9.35 3.075 4.525
v -8.616 2.835 4.418
v -8.03 2.419 4.111
v -7.684 1.892 3.652
v -7.629 1.332 3.111
v -7.873 0.826 2.57
v -8.381 0.451 2.111
v -9.074 0.262 1.804
v -9.846 0.291 1.697
v -10.58 0.531 1.804
v -11.165 0.947 2.111
v -11.512 1.474 2.57
v -11.567 2.034 3.111
v -11.322 2.54 3.652
v -10.815 2.915 4.111
v -10.122 3.104 4.418
v -7.596 2.386 0.986
v -8.103 2.01 0.527
v -8.796 1.822 0.221
v -7.115 4.219 -0.529
v -7.297 4.061 -0.716
v -7.805 3.686 -1.175
v -7.286 3.257 0.449
v -8.498 3.497 -1.481
v -7.976 2.724 -0.197
v -7.468 3.099 0.262
v -8.669 2.535 -0.504
v -6.031 10.306 -1.331
v -5.959 10.71 -0.72
v -5.933 10.852 0.003
v -5.959 10.709 0.726
v -6.031 10.306 1.337
v -6.138 9.704 1.747
v -6.265 8.993 1.891
v -6.391 8.281 1.747
v -6.498 7.679 1.337
v -6.57 7.276 0.725
v -6.596 7.134 0.003
v -6.57 7.276 -0.72
v -6.499 7.678 -1.332
v -6.391 8.281 -1.741
v -6.265 8.993 -1.885
v -6.138 9.704 -1.741
v -5.046 10.131 -1.331
v -4.974 10.534 -0.72
v -4.949 10.676 0.003
v -4.974 10.534 0.726
v -5.046 10.131 1.337
v -5.153 9.529 1.747
v -5.28 8.817 1.891
v -5.407 8.106 1.747
v -5.586 7.101 0.725
v -5.611 6.959 0.003
v -5.586 7.101 -0.72
v -5.514 7.503 -1.332
v -5.407 8.106 -1.741
v -5.28 8.817 -1.885
v -5.153 9.529 -1.741
v -8.498 9.949 0.003
v -5.027 10.238 1.446
v -4.46 10.126 1.435
v -3.384 9.77 1.274
v -2.929 9.473 1.061
v -4.949 10.674 0.784
v -4.383 10.559 0.779
v -3.315 10.154 0.69
v -2.872 9.793 0.575
v -4.922 10.827 0.002
v -4.356 10.711 0.003
v -3.291 10.289 0.003
v -2.852 9.905 0.003
v -4.949 10.674 -0.779
v -4.383 10.559 -0.773
v -3.315 10.154 -0.684
v -2.872 9.792 -0.57
v -5.027 10.239 -1.441
v -4.46 10.127 -1.43
v -3.384 9.77 -1.268
v -2.929 9.473 -1.055
v -5.143 9.587 -1.883
v -4.575 9.48 -1.869
v -3.486 9.196 -1.657
v -3.014 8.995 -1.38
v -5.28 8.817 -2.039
v -4.711 8.716 -2.024
v -3.606 8.519 -1.795
v -3.114 8.432 -1.493
v -5.417 8.048 -1.883
v -4.847 7.952 -1.869
v -3.727 7.843 -1.657
v -3.214 7.869 -1.38
v -5.533 7.396 -1.441
v -4.962 7.306 -1.43
v -3.829 7.268 -1.268
v -3.3 7.39 -1.055
v -5.611 6.961 -0.779
v -5.039 6.873 -0.773
v -3.897 6.885 -0.684
v -3.356 7.071 -0.569
v -5.638 6.807 0.003
v -5.066 6.721 0.003
v -3.921 6.75 0.003
v -3.376 6.959 0.003
v -5.611 6.961 0.784
v -5.039 6.873 0.779
v -3.897 6.885 0.69
v -3.356 7.071 0.575
v -5.417 8.048 1.889
v -4.847 7.952 1.875
v -3.727 7.843 1.663
v -3.214 7.868 1.385
v -5.28 8.817 2.044
v -4.711 8.716 2.029
v -3.606 8.519 1.8
v -3.114 8.432 1.499
v -5.143 9.587 1.889
v -4.575 9.48 1.875
v -3.486 9.196 1.663
v -3.014 8.995 1.385
v -3.903 9.99 1.399
v -3.828 10.41 0.758
v -3.802 10.559 0.002
v -3.828 10.41 -0.752
v -3.903 9.99 -1.393
v -4.015 9.359 -1.82
v -4.148 8.616 -1.971
v -4.28 7.872 -1.82
v -4.393 7.242 -1.393
v -4.467 6.821 -0.752
v -4.494 6.672 0.003
v -4.467 6.821 0.758
v -4.28 7.872 1.826
v -4.148 8.615 1.976
v -4.015 9.359 1.826
v -3.262 7.6 0.353
v -5.237 7.952 0.353
v -5.367 7.989 0.375
v -5.47 8.051 0.44
v -5.534 8.129 0.536
v -5.547 8.208 0.65
v -5.5 8.315 0.725
v -5.409 8.397 0.791
v -5.286 8.439 0.833
v -5.15 8.439 0.848
v -3.175 8.087 0.848
v -3.334 7.195 0.764
v -3.864 7.073 0.976
v -4.427 7.047 1.102
v -4.997 7.111 1.138
v -5.376 7.17 1.146
v -5.506 7.206 1.171
v -5.561 7.239 1.206
v -5.542 7.346 1.097
v -5.591 7.375 1.127
v -5.654 7.451 1.224
v -5.668 7.531 1.337
v -5.621 7.638 1.413
v -5.529 7.72 1.478
v -5.472 7.74 1.498
v -5.491 7.633 1.607
v -5.426 7.656 1.628
v -5.289 7.658 1.641
v -4.91 7.598 1.633
v -4.34 7.534 1.597
v -3.777 7.561 1.471
v -3.247 7.683 1.259
v -7.28 3.29 1.932
v -7.567 1.68 3.465
v -7.691 0.984 2.758
v -7.413 2.544 1.174
v -7.224 3.607 0.801
v -7.119 4.196 0.203
v -8.916 8.463 1.74
v -7.937 7.948 2.572
v -8.457 8.211 2.264
v -9.178 8.583 1.015
v -9.183 8.573 -1.01
v -8.949 8.459 -1.653
v -8.451 8.22 -2.225
v -7.881 7.949 -2.509
v -8.777 9.39 -0.007
v -8.088 8.891 -2.268
v -8.755 9.433 1.015
v -8.583 9.163 -1.696
v -8.798 9.346 -1.01
v -7.466 8.613 -2.555
v -8.535 9.23 1.74
v -7.485 8.627 2.589
v -8.753 9.435 1.015
v -8.071 8.924 2.292
v -5.81 11.543 -0.513
v -5.836 11.397 -1.009
v -6.524 7.538 -2.135
v -6.395 8.258 -2.392
v -7.606 8.302 0.003
v -7.594 8.371 -0.347
v -7.559 8.566 -0.644
v -7.507 8.859 -0.842
v -7.446 9.203 -0.912
v -7.385 9.548 -0.842
v -5.547 8.208 0.65
v -5.5 8.315 0.725
v -7.332 9.84 0.65
v -7.385 9.548 0.848
v -7.298 10.035 0.353
v -7.446 9.203 0.918
v -7.507 8.859 0.848
v -7.285 10.104 0.003
v -7.298 10.035 -0.347
v -7.332 9.84 -0.644
v -7.594 8.371 0.353
v -5.801 11.593 0.002
v -5.81 11.542 0.518
v -6.796 6.006 -1.566
v -6.644 6.889 -1.903
v -5.886 11.119 -1.533
v -5.944 10.792 -1.907
v -6.017 10.384 -2.231
v -6.099 9.919 -2.466
v -6.643 6.866 1.52
v -6.771 6.151 1.114
v -6.532 7.492 1.946
v -3.053 8.776 -0.842
v -3.001 9.069 -0.644
v -6.398 8.241 2.377
v -6.297 8.852 2.653
v -7.559 8.566 0.65
v -2.966 9.264 -0.347
v -2.954 9.333 0.003
v -2.966 9.264 0.353
v -5.876 11.173 1.441
v -5.837 11.395 1.013
v -3.053 8.776 0.848
v -3.114 8.432 0.918
v -3.001 9.069 0.65
v -6.192 9.401 -2.605
v -6.174 9.502 2.6
v -7.747 5.519 -0.99
v -7.779 5.841 -0.679
v -9.18 6.537 -0.239
v -9.578 6.429 -0.415
v -3.175 8.087 -0.842
v -3.114 8.432 -0.912
v -9.979 5.601 -1.301
v -9.78 5.297 -1.565
v -9.444 5.059 -1.741
v -5.936 10.836 1.875
v -3.262 7.6 -0.347
v -3.228 7.795 -0.644
v -8.577 4.904 -1.741
v -8.179 5.012 -1.565
v -9.87 6.213 -0.679
v -3.275 7.531 0.003
v -6.99 4.917 0.999
v -6.878 5.548 0.969
v -6.31 8.905 -2.644
v -6.087 9.99 2.449
v -6.013 10.404 2.231
v -7.978 6.144 -0.415
v -8.314 6.383 -0.239
v -9.021 4.92 -1.803
v -7.888 5.228 -1.301
v -10.011 5.922 -0.99
v -8.736 6.521 -0.177
v -9.033 2.345 3.862
v -9.455 2.484 3.924
v -8.697 2.106 3.686
v -8.498 1.803 3.422
v -8.466 1.481 3.111
v -8.607 1.19 2.8
v -8.898 0.974 2.536
v -9.296 0.867 2.36
v -9.74 0.882 2.298
v -10.163 1.021 2.36
v -10.499 1.26 2.536
v -10.698 1.563 2.8
v -10.73 1.885 3.111
v -10.589 2.175 3.422
v -10.297 2.391 3.686
v -9.899 2.499 3.862
v -8.616 2.835 4.418
v -9.35 3.075 4.525
v -8.03 2.419 4.111
v -7.684 1.892 3.652
v -7.567 1.68 3.465
v -7.567 1.68 3.465
v -7.691 0.984 2.758
v -7.691 0.984 2.758
v -7.629 1.332 3.111
v -8.381 0.451 2.111
v -7.873 0.826 2.57
v -9.074 0.262 1.804
v -9.846 0.291 1.697
v -10.58 0.531 1.804
v -11.165 0.947 2.111
v -11.512 1.474 2.57
v -11.567 2.034 3.111
v -11.322 2.54 3.652
v -10.815 2.915 4.111
v -10.122 3.104 4.418
v -7.136 4.097 1.306
v -7.019 4.758 -1.081
v -7.115 4.219 -0.529
v -7.286 3.257 0.449
v -5.959 10.71 -0.72
v -6.031 10.306 -1.331
v -5.933 10.852 0.003
v -5.959 10.709 0.726
v -6.031 10.306 1.337
v -6.138 9.704 1.747
v -6.265 8.993 1.891
v -6.391 8.281 1.747
v -6.498 7.679 1.337
v -6.57 7.276 0.725
v -6.596 7.134 0.003
v -6.57 7.276 -0.72
v -6.499 7.678 -1.332
v -6.391 8.281 -1.741
v -6.265 8.993 -1.885
v -6.138 9.704 -1.741
v -5.046 10.131 -1.331
v -5.153 9.529 -1.741
v -5.28 8.817 -1.885
v -5.407 8.106 -1.741
v -5.514 7.503 -1.332
v -5.586 7.101 -0.72
v -5.611 6.959 0.003
v -5.586 7.101 0.725
v -5.407 8.106 1.747
v -5.28 8.817 1.891
v -5.153 9.529 1.747
v -5.046 10.131 1.337
v -4.974 10.534 0.726
v -4.949 10.676 0.003
v -4.974 10.534 -0.72
v -2.929 9.473 1.061
v -2.872 9.793 0.575
v -5.027 10.238 1.446
v -4.949 10.674 0.784
v -2.852 9.905 0.003
v -4.922 10.827 0.002
v -2.872 9.792 -0.57
v -4.949 10.674 -0.779
v -2.929 9.473 -1.055
v -5.027 10.239 -1.441
v -3.014 8.995 -1.38
v -5.143 9.587 -1.883
v -3.114 8.432 -1.493
v -5.28 8.817 -2.039
v -3.214 7.869 -1.38
v -5.417 8.048 -1.883
v -3.3 7.39 -1.055
v -5.533 7.396 -1.441
v -3.356 7.071 -0.569
v -5.611 6.961 -0.779
v -3.376 6.959 0.003
v -5.638 6.807 0.003
v -3.356 7.071 0.575
v -5.611 6.961 0.784
v -3.175 8.087 0.848
v -3.175 8.087 0.848
v -3.262 7.6 0.353
v -3.262 7.6 0.353
v -3.214 7.868 1.385
v -3.114 8.432 1.499
v -5.417 8.048 1.889
v -5.28 8.817 2.044
v -3.014 8.995 1.385
v -5.143 9.587 1.889
v -5.561 7.239 1.206
v -5.561 7.239 1.206
v -5.542 7.346 1.097
v -5.542 7.346 1.097
v -5.491 7.633 1.607
v -5.491 7.633 1.607
v -5.472 7.74 1.498
v -5.472 7.74 1.498
v -5.668 7.531 1.337
v -5.621 7.638 1.413
v -5.286 8.439 0.833
v -5.15 8.439 0.848
v -3.334 7.195 0.764
v -3.334 7.195 0.764
v -5.237 7.952 0.353
v -5.367 7.989 0.375
v -5.47 8.051 0.44
v -5.534 8.129 0.536
v -5.409 8.397 0.791
v -3.864 7.073 0.976
v -4.427 7.047 1.102
v -4.997 7.111 1.138
v -5.376 7.17 1.146
v -5.506 7.206 1.171
v -5.591 7.375 1.127
v -5.654 7.451 1.224
v -5.529 7.72 1.478
v -5.426 7.656 1.628
v -5.289 7.658 1.641
v -4.91 7.598 1.633
v -4.34 7.534 1.597
v -3.777 7.561 1.471
v -3.247 7.683 1.259
v -3.247 7.683 1.259
v -7.28 3.29 1.932
v -7.413 2.544 1.174
usemtl MB_308
s off
f 19 119 18
f 119 120 18
f 519 47 535
f 47 48 535
f 16 18 121
f 18 120 121
f 39 14 525
f 14 514 525
f 109 116 122
f 116 119 122
f 38 39 545
f 39 525 545
f 79 506 78
f 506 507 78
f 76 77 544
f 77 524 544
f 58 57 63
f 57 62 63
f 75 479 74
f 479 480 74
f 505 506 72
f 506 79 72
f 61 63 64
f 63 62 64
f 495 515 87
f 491 492 87
f 492 494 87
f 499 102 87
f 493 491 87
f 102 101 87
f 537 530 485
f 530 486 485
f 541 536 483
f 536 484 483
f 531 511 487
f 511 488 487
f 627 629 621
f 629 622 621
f 614 643 615
f 643 645 615
f 100 99 87
f 99 98 87
f 494 495 87
f 497 496 87
f 97 498 87
f 496 493 87
f 499 87 515
f 98 97 87
f 101 100 87
f 498 497 87
f 620 619 626
f 619 657 626
f 325 340 682
f 518 523 93
f 523 92 93
f 530 531 486
f 531 487 486
f 619 618 657
f 618 655 657
f 618 617 655
f 617 654 655
f 523 521 92
f 521 91 92
f 324 683 666
f 635 637 610
f 637 611 610
f 403 652 13
f 652 648 13
f 639 641 612
f 641 613 612
f 626 627 620
f 627 621 620
f 536 537 484
f 537 485 484
f 629 631 622
f 631 623 622
f 512 516 96
f 516 95 96
f 637 639 611
f 639 612 611
f 517 518 94
f 518 93 94
f 633 635 609
f 635 610 609
f 1 650 391
f 650 646 391
f 511 512 488
f 512 96 488
f 516 517 95
f 517 94 95
f 613 641 614
f 641 643 614
f 631 633 623
f 633 609 623
f 521 522 91
f 522 90 91
f 682 683 325
f 615 645 616
f 645 647 616
f 156 154 112
f 154 117 112
f 500 43 501
f 43 45 501
f 110 220 109
f 220 112 109
f 117 116 112
f 116 109 112
f 70 56 71
f 56 67 71
f 152 146 145
f 146 150 145
f 113 114 160
f 114 115 160
f 160 115 158
f 115 159 158
f 113 121 114
f 121 120 114
f 182 179 514
f 111 122 104
f 122 22 104
f 71 67 69
f 67 66 69
f 35 24 41
f 24 42 41
f 195 192 199
f 192 194 199
f 212 150 205
f 150 151 205
f 105 104 466
f 104 465 466
f 74 480 73
f 480 504 73
f 479 75 500
f 75 43 500
f 73 504 72
f 504 505 72
f 45 46 501
f 46 520 501
f 47 51 48
f 51 52 48
f 52 53 48
f 53 37 48
f 47 519 46
f 519 520 46
f 77 76 80
f 76 55 80
f 204 205 149
f 205 151 149
f 303 588 161
f 588 223 161
f 161 154 155
f 154 156 155
f 164 163 170
f 163 169 170
f 176 180 162
f 180 183 162
f 577 575 227
f 575 693 227
f 177 180 167
f 180 176 167
f 513 514 178
f 180 179 183
f 179 182 183
f 172 171 169
f 171 170 169
f 509 508 171
f 508 167 171
f 173 542 172
f 542 543 172
f 232 589 173
f 589 542 173
f 199 190 544
f 143 190 144
f 190 193 144
f 187 186 203
f 186 185 203
f 188 203 184
f 203 185 184
f 186 191 185
f 191 200 185
f 199 544 195
f 108 144 187
f 144 193 187
f 184 185 189
f 185 200 189
f 193 194 187
f 194 186 187
f 191 192 503
f 192 481 503
f 217 206 213
f 206 208 213
f 145 150 211
f 150 212 211
f 111 110 122
f 110 109 122
f 244 243 208
f 243 213 208
f 163 164 118
f 164 123 118
f 233 231 225
f 231 224 225
f 569 571 224
f 571 225 224
f 108 107 144
f 107 468 144
f 163 230 169
f 230 229 169
f 514 179 178
f 173 172 229
f 172 169 229
f 170 176 164
f 176 162 164
f 176 170 167
f 170 171 167
f 194 193 199
f 193 190 199
f 194 192 186
f 192 191 186
f 146 106 148
f 106 107 148
f 111 104 152
f 104 105 152
f 27 25 34
f 25 36 34
f 36 35 34
f 35 41 34
f 214 216 213
f 216 217 213
f 564 563 532
f 563 533 532
f 557 556 526
f 556 527 526
f 565 564 551
f 564 532 551
f 558 557 550
f 557 526 550
f 556 555 527
f 555 547 527
f 554 568 552
f 568 528 552
f 567 566 529
f 566 540 529
f 555 553 547
f 553 548 547
f 562 561 534
f 561 549 534
f 563 562 533
f 562 534 533
f 560 559 538
f 559 539 538
f 559 558 539
f 558 550 539
f 568 567 528
f 567 529 528
f 561 560 549
f 560 538 549
f 553 554 548
f 554 552 548
f 566 565 540
f 565 551 540
f 546 37 545
f 37 38 545
f 535 48 546
f 48 37 546
f 507 524 78
f 524 77 78
f 264 265 256
f 261 262 256
f 258 259 256
f 269 270 256
f 259 260 256
f 262 263 256
f 267 268 256
f 271 272 256
f 263 264 256
f 257 258 256
f 265 266 256
f 270 271 256
f 260 261 256
f 268 269 256
f 266 267 256
f 272 257 256
f 18 463 19
f 463 461 19
f 179 180 178
f 180 177 178
f 514 126 182
f 183 182 127
f 182 126 127
f 281 282 581
f 282 298 581
f 279 280 295
f 280 580 295
f 273 274 570
f 274 290 570
f 284 285 584
f 285 585 584
f 584 583 284
f 583 283 284
f 304 288 570
f 288 273 570
f 277 457 293
f 276 277 572
f 277 573 572
f 579 578 305
f 578 306 305
f 302 585 286
f 585 285 286
f 572 291 276
f 291 275 276
f 587 302 287
f 302 286 287
f 304 587 288
f 587 287 288
f 580 280 581
f 280 281 581
f 583 298 283
f 298 282 283
f 291 290 275
f 290 274 275
f 279 295 278
f 295 294 278
f 578 296 306
f 296 307 306
f 177 167 510
f 167 508 510
f 513 178 510
f 178 177 510
f 292 456 226
f 456 455 226
f 153 230 118
f 230 163 118
f 571 292 225
f 292 226 225
f 171 172 509
f 172 543 509
f 230 153 231
f 153 157 231
f 231 157 224
f 157 222 224
f 232 233 226
f 233 225 226
f 226 455 232
f 455 589 232
f 173 229 232
f 229 233 232
f 229 230 233
f 230 231 233
f 156 246 155
f 246 221 155
f 301 586 221
f 586 155 221
f 586 303 155
f 303 161 155
f 120 119 114
f 119 116 114
f 114 116 115
f 116 117 115
f 22 122 19
f 122 119 19
f 154 159 117
f 159 115 117
f 159 154 223
f 154 161 223
f 16 121 15
f 121 123 15
f 153 118 160
f 118 113 160
f 157 153 158
f 153 160 158
f 118 123 113
f 123 121 113
f 123 164 15
f 164 162 15
f 183 127 162
f 127 15 162
f 223 158 159
f 157 158 222
f 158 223 222
f 105 106 152
f 106 146 152
f 31 30 28
f 30 29 28
f 21 20 24
f 20 42 24
f 32 50 29
f 50 49 29
f 82 81 61
f 81 63 61
f 19 461 22
f 461 464 22
f 289 569 222
f 569 224 222
f 588 289 223
f 289 222 223
f 184 242 188
f 242 204 188
f 204 149 188
f 297 582 252
f 582 253 252
f 252 253 251
f 253 245 251
f 244 251 243
f 251 245 243
f 246 156 220
f 156 112 220
f 296 297 307
f 297 252 307
f 31 28 70
f 28 56 70
f 217 215 206
f 215 207 206
f 69 66 68
f 66 65 68
f 255 248 253
f 248 245 253
f 33 32 23
f 32 26 23
f 247 246 249
f 246 220 249
f 243 245 250
f 245 248 250
f 210 216 209
f 216 214 209
f 218 211 219
f 211 212 219
f 210 218 216
f 218 219 216
f 219 212 215
f 212 205 215
f 214 250 209
f 250 249 209
f 216 219 217
f 219 215 217
f 213 243 214
f 243 250 214
f 33 23 27
f 23 25 27
f 254 247 255
f 247 248 255
f 250 248 249
f 248 247 249
f 26 32 30
f 32 29 30
f 65 61 68
f 61 64 68
f 300 301 254
f 301 221 254
f 247 254 246
f 254 221 246
f 582 299 253
f 299 255 253
f 299 300 255
f 300 254 255
f 205 204 215
f 204 207 215
f 544 190 143
f 482 195 544
f 59 60 58
f 60 57 58
f 59 55 472
f 55 470 472
f 53 34 54
f 34 41 54
f 72 79 86
f 79 82 86
f 85 73 86
f 73 72 86
f 44 49 43
f 49 45 43
f 83 75 84
f 75 74 84
f 54 40 38
f 40 39 38
f 53 52 34
f 52 27 34
f 17 40 20
f 40 42 20
f 40 54 42
f 54 41 42
f 45 49 46
f 49 50 46
f 44 43 83
f 43 75 83
f 44 83 28
f 83 56 28
f 29 49 28
f 49 44 28
f 51 33 52
f 33 27 52
f 67 84 66
f 84 85 66
f 56 83 67
f 83 84 67
f 81 78 80
f 78 77 80
f 79 78 82
f 78 81 82
f 65 86 61
f 86 82 61
f 37 53 38
f 53 54 38
f 80 55 58
f 55 59 58
f 81 80 63
f 80 58 63
f 66 85 65
f 85 86 65
f 33 51 32
f 51 50 32
f 84 74 85
f 74 73 85
f 50 51 46
f 51 47 46
f 17 14 40
f 14 39 40
f 18 16 463
f 16 462 463
f 15 127 16
f 127 462 16
f 146 148 150
f 148 151 150
f 127 126 462
f 126 476 462
f 107 108 148
f 108 147 148
f 149 151 147
f 151 148 147
f 55 76 470
f 76 474 470
f 189 200 590
f 200 502 590
f 312 240 310
f 240 238 310
f 235 189 237
f 189 234 237
f 208 206 240
f 206 239 240
f 187 203 108
f 203 147 108
f 482 481 195
f 481 192 195
f 200 191 502
f 191 503 502
f 667 324 666
f 235 184 189
f 147 203 149
f 203 188 149
f 314 309 592
f 309 591 592
f 310 238 309
f 238 236 309
f 206 207 239
f 207 241 239
f 204 242 207
f 242 241 207
f 239 241 237
f 241 235 237
f 305 314 458
f 314 592 458
f 241 242 235
f 242 184 235
f 309 236 591
f 236 590 591
f 306 313 305
f 313 314 305
f 313 310 314
f 310 309 314
f 239 237 240
f 237 238 240
f 237 234 238
f 234 236 238
f 315 312 313
f 312 310 313
f 312 244 240
f 244 208 240
f 307 315 306
f 315 313 306
f 307 252 315
f 252 251 315
f 251 244 315
f 244 312 315
f 201 174 308
f 174 460 308
f 326 168 202
f 168 175 202
f 597 141 598
f 141 142 598
f 138 140 596
f 140 597 596
f 174 201 175
f 201 202 175
f 326 202 604
f 202 196 604
f 607 345 606
f 345 344 606
f 603 341 325
f 341 340 325
f 137 138 318
f 138 596 318
f 331 129 130
f 595 334 317
f 334 333 317
f 605 343 327
f 343 342 327
f 168 326 166
f 326 602 166
f 319 335 595
f 335 334 595
f 331 130 594
f 130 131 594
f 125 599 124
f 599 598 124
f 316 332 608
f 332 346 608
f 166 602 165
f 602 601 165
f 594 133 593
f 133 132 593
f 321 337 320
f 337 336 320
f 133 594 131
f 600 339 322
f 339 338 322
f 165 601 181
f 601 323 181
f 181 323 125
f 323 599 125
f 675 674 103
f 327 342 603
f 342 341 603
f 135 593 132
f 329 198 330
f 198 128 330
f 608 346 607
f 346 345 607
f 134 136 593
f 136 318 593
f 606 344 605
f 344 343 605
f 308 460 311
f 460 459 311
f 598 142 124
f 328 197 329
f 197 198 329
f 597 139 141
f 196 197 604
f 197 328 604
f 322 338 321
f 338 337 321
f 137 318 136
f 134 593 135
f 317 333 316
f 333 332 316
f 330 128 331
f 128 129 331
f 140 139 597
f 320 336 319
f 336 335 319
f 110 218 210
f 110 209 220
f 209 249 220
f 218 110 211
f 211 110 145
f 110 210 209
f 145 110 152
f 110 111 152
f 347 30 31
f 347 70 71
f 69 347 71
f 69 68 347
f 68 64 347
f 64 62 347
f 62 57 347
f 57 60 347
f 347 26 30
f 21 24 347
f 347 23 26
f 24 35 347
f 347 25 23
f 35 36 347
f 36 25 347
f 347 31 70
f 624 625 350
f 625 354 350
f 408 409 349
f 409 353 349
f 349 353 348
f 353 352 348
f 625 628 354
f 628 358 354
f 409 410 353
f 410 357 353
f 353 357 352
f 357 356 352
f 628 630 358
f 630 362 358
f 410 411 357
f 411 361 357
f 357 361 356
f 361 360 356
f 630 632 362
f 632 366 362
f 411 412 361
f 412 365 361
f 361 365 360
f 365 364 360
f 632 634 366
f 634 370 366
f 412 413 365
f 413 369 365
f 365 369 364
f 369 368 364
f 634 636 370
f 636 374 370
f 413 414 369
f 414 373 369
f 369 373 368
f 373 372 368
f 636 638 374
f 638 378 374
f 414 415 373
f 415 377 373
f 373 377 372
f 377 376 372
f 638 640 378
f 640 382 378
f 415 416 377
f 416 381 377
f 377 381 376
f 381 380 376
f 640 642 382
f 642 386 382
f 416 417 381
f 417 385 381
f 381 385 380
f 385 384 380
f 642 644 386
f 644 390 386
f 417 418 385
f 418 389 385
f 385 389 384
f 389 388 384
f 644 395 390
f 395 394 390
f 418 419 389
f 419 393 389
f 389 393 388
f 393 392 388
f 483 672 541
f 672 651 541
f 483 103 672
f 325 683 324
f 522 649 90
f 649 669 90
f 600 684 339
f 684 600 667
f 399 653 398
f 653 402 398
f 420 421 397
f 421 401 397
f 397 401 396
f 401 400 396
f 653 656 402
f 656 406 402
f 421 422 401
f 422 405 401
f 401 405 400
f 405 404 400
f 656 624 406
f 624 350 406
f 422 408 405
f 408 349 405
f 405 349 404
f 349 348 404
f 379 4 383
f 4 3 383
f 11 10 351
f 10 355 351
f 5 375 6
f 375 371 6
f 3 2 383
f 2 387 383
f 2 1 387
f 1 391 387
f 407 12 351
f 12 11 351
f 339 684 664
f 367 363 7
f 363 8 7
f 682 340 660
f 363 359 8
f 359 9 8
f 407 403 12
f 403 13 12
f 359 355 9
f 355 10 9
f 600 324 667
f 375 5 379
f 5 4 379
f 367 7 371
f 7 6 371
f 406 350 422
f 350 408 422
f 402 406 421
f 406 422 421
f 398 402 420
f 402 421 420
f 616 647 661
f 647 658 661
f 654 617 662
f 617 665 662
f 390 394 418
f 394 419 418
f 386 390 417
f 390 418 417
f 382 386 416
f 386 417 416
f 378 382 415
f 382 416 415
f 374 378 414
f 378 415 414
f 370 374 413
f 374 414 413
f 366 370 412
f 370 413 412
f 362 366 411
f 366 412 411
f 358 362 410
f 362 411 410
f 354 358 409
f 358 410 409
f 350 354 408
f 354 409 408
f 646 650 670
f 652 691 648
f 668 89 669
f 674 673 103
f 676 490 89
f 89 90 669
f 490 489 89
f 489 88 89
f 89 668 676
f 673 672 103
f 103 88 675
f 88 489 675
f 394 395 677
f 395 671 677
f 419 394 678
f 394 677 678
f 393 419 679
f 419 678 679
f 392 393 680
f 393 679 680
f 680 681 392
f 392 681 659
f 663 685 396
f 685 686 396
f 397 396 687
f 396 686 687
f 420 397 688
f 397 687 688
f 398 420 689
f 420 688 689
f 399 398 690
f 398 689 690
f 428 444 427
f 444 443 427
f 429 445 428
f 445 444 428
f 427 443 426
f 443 442 426
f 430 446 429
f 446 445 429
f 432 450 431
f 450 449 431
f 425 439 424
f 439 438 424
f 440 439 441
f 439 425 441
f 426 442 425
f 442 441 425
f 431 447 430
f 447 446 430
f 448 447 449
f 449 447 431
f 432 451 450
f 432 433 452
f 433 453 452
f 434 423 435
f 423 424 435
f 452 451 432
f 453 433 454
f 424 436 435
f 438 437 424
f 424 437 436
f 126 514 476
f 514 14 476
f 474 76 143
f 76 544 143
f 459 227 311
f 227 693 311
f 574 577 692
f 577 227 692
f 576 579 458
f 579 305 458
f 228 692 459
f 692 227 459
f 460 174 459
f 174 228 459
f 590 236 189
f 236 234 189
f 462 476 463
f 476 478 463
f 463 478 461
f 478 475 461
f 467 106 466
f 106 105 466
f 465 104 464
f 104 22 464
f 464 471 469
f 464 461 475
f 475 477 471
f 475 471 464
f 468 107 467
f 107 106 467
f 465 473 466
f 473 472 466
f 465 469 473
f 470 467 472
f 467 466 472
f 469 465 464
f 474 468 470
f 468 467 470
f 468 474 144
f 474 143 144
f 473 60 472
f 60 59 472
f 469 471 477
f 477 21 347
f 477 347 469
f 469 347 473
f 347 60 473
f 476 14 478
f 14 17 478
f 475 20 477
f 20 21 477
f 478 17 475
f 17 20 475
f 457 277 294
f 277 278 294
f 277 293 573
o Part.2
v -8.189 2.751 1.831
v -8.226 2.706 1.881
v -8.209 2.806 1.781
v -8.222 3.086 2.156
v -8.258 3.034 2.198
v -8.241 3.132 2.098
v -8.429 3.402 2.431
v -8.461 3.343 2.467
v -8.444 3.441 2.367
v -8.781 3.652 2.615
v -8.804 3.586 2.646
v -8.786 3.684 2.546
v -9.056 2.11 1.046
v -9.072 2.081 1.115
v -9.054 2.18 1.015
v -8.64 2.222 1.23
v -8.666 2.191 1.295
v -8.649 2.29 1.195
v -8.335 2.448 1.505
v -8.369 2.41 1.563
v -8.352 2.509 1.464
v -9.309 0.904 2.406
v -8.928 1.007 2.576
v -8.65 1.214 2.829
v -8.515 1.491 3.126
v -8.545 1.799 3.424
v -8.736 2.088 3.677
v -9.057 2.317 3.846
v -8.733 5.147 -1.261
v -8.512 5.206 -1.164
v -8.351 5.326 -1.017
v -8.273 5.488 -0.845
v -8.29 5.665 -0.672
v -8.401 5.833 -0.526
v -8.587 5.966 -0.428
v -8.267 4.72 -1.191
v -8.648 4.617 -1.36
v -8.396 6.03 0.079
v -8.074 5.802 -0.089
v -7.884 5.512 -0.342
v -7.853 5.204 -0.641
v -7.988 4.926 -0.938
v -8.688 2.354 1.208
v -8.817 3.665 2.477
v -8.305 3.146 2.056
v -8.41 2.561 1.46
v -9.069 2.251 1.038
v -8.496 3.436 2.308
v -8.275 2.839 1.757
v -8.713 2.214 1.349
v -8.842 3.524 2.62
v -8.33 3.006 2.198
v -8.435 2.42 1.602
v -9.094 2.111 1.181
v -8.521 3.295 2.451
v -8.3 2.698 1.9
v -9.616 -0.778 3.217
v -9.26 -0.983 3.297
v -8.973 -1.257 3.424
v -8.772 -1.584 3.589
v -8.674 -1.942 3.781
v -8.683 -2.304 3.988
v -8.794 -2.614 4.254
v -8.839 -2.869 4.578
v -9.254 -0.077 2.783
v -8.699 -0.396 2.907
v -8.249 -0.826 3.106
v -7.937 -1.337 3.364
v -7.782 -1.895 3.665
v -7.797 -2.462 3.988
v -7.966 -2.929 4.435
v -8.869 -3.036 6.373
v -7.77 -1.111 8.297
v -7.594 -0.837 8.124
v -7.412 -0.3 7.801
v -7.397 0.267 7.478
v -7.552 0.825 7.177
v -7.864 1.336 6.918
v -8.314 1.766 6.72
v -8.869 2.085 6.595
v -8.474 -0.815 8.2
v -8.415 -0.486 8.007
v -8.298 -0.142 7.801
v -8.289 0.22 7.594
v -8.387 0.578 7.402
v -8.588 0.905 7.236
v -8.875 1.179 7.11
v -9.231 1.384 7.03
v -8.032 -1.378 8.475
v -8.887 -3.136 5.209
v -8.557 -1.284 8.475
v -8.736 -3.18 6.087
v -8.89 -3.153 6.087
v -9.236 0.705 2.224
v -8.758 0.835 2.436
v -8.408 1.093 2.753
v -8.239 1.442 3.126
v -8.277 1.828 3.5
v -8.516 2.192 3.817
v -8.507 0.68 4.804
v -8.563 1.887 4.126
v -8.684 2.308 3.899
v -9.063 0.999 4.68
v -9.349 0.017 2.886
v -8.891 -0.026 3.271
v -8.562 0.043 3.787
v -8.413 0.236 4.337
v -8.458 0.59 4.765
v -8.123 -3.1 4.792
v -8.361 -3.23 5.209
v -8.799 -3.049 6.373
v -8.671 -1.923 8.337
v -8.593 -1.488 8.554
v -8.651 -1.811 8.466
v -8.624 -1.658 8.543
v -8.6 -1.935 8.337
v -8.433 -1.692 8.543
v -8.548 -1.829 8.466
v -8.898 -3.197 5.604
v -8.558 -3.258 5.604
v -8.897 -3.192 5.816
v -8.65 -3.236 5.816
v -8.27 -1.546 8.554
v -8.665 4.963 -1.431
v -8.636 4.717 -1.439
v -8.638 4.829 -1.475
v -8.355 5.048 -1.293
v -8.261 4.819 -1.273
v -8.283 4.926 -1.318
v -8.128 5.215 -1.088
v -7.986 5.022 -1.024
v -8.022 5.118 -1.082
v -8.018 5.442 -0.845
v -7.853 5.296 -0.731
v -7.897 5.378 -0.803
v -8.043 5.692 -0.602
v -7.884 5.599 -0.437
v -7.925 5.665 -0.526
v -8.198 5.929 -0.396
v -8.072 5.884 -0.187
v -8.103 5.936 -0.29
v -8.46 6.115 -0.259
v -8.388 6.11 -0.021
v -8.403 6.149 -0.132
v -10.552 3.172 1.831
v -10.532 3.117 1.881
v -10.514 3.216 1.781
v -10.405 3.475 2.156
v -10.389 3.413 2.198
v -10.371 3.512 2.098
v -10.101 3.7 2.431
v -10.092 3.633 2.467
v -10.074 3.731 2.367
v -9.685 3.813 2.615
v -9.686 3.743 2.646
v -9.669 3.841 2.546
v -9.959 2.271 1.046
v -9.954 2.238 1.115
v -9.936 2.337 1.015
v -10.311 2.52 1.23
v -10.297 2.482 1.295
v -10.279 2.58 1.195
v -10.519 2.836 1.505
v -10.5 2.79 1.563
v -10.482 2.889 1.464
v -10.138 1.051 2.406
v -10.46 1.28 2.576
v -10.65 1.57 2.829
v -10.681 1.877 3.126
v -10.546 2.155 3.424
v -10.267 2.361 3.677
v -9.886 2.465 3.846
v -9.214 5.232 -1.261
v -9.4 5.365 -1.164
v -9.511 5.532 -1.017
v -9.528 5.711 -0.845
v -9.45 5.872 -0.672
v -9.289 5.991 -0.526
v -9.068 6.051 -0.428
v -9.799 4.993 -1.191
v -9.477 4.764 -1.36
v -9.225 6.178 0.079
v -9.606 6.074 -0.089
v -9.885 5.868 -0.342
v -10.019 5.59 -0.641
v -9.989 5.283 -0.938
v -10.22 2.627 1.207
v -9.646 3.812 2.477
v -10.306 3.503 2.056
v -10.41 2.917 1.46
v -9.898 2.398 1.038
v -10.027 3.708 2.308
v -10.441 3.224 1.757
v -10.245 2.487 1.349
v -9.671 3.671 2.62
v -10.331 3.362 2.198
v -10.435 2.776 1.602
v -9.923 2.258 1.181
v -10.052 3.568 2.451
v -10.466 3.084 1.9
v -10.431 -0.633 3.217
v -10.835 -0.702 3.297
v -11.2 -0.861 3.424
v -11.501 -1.098 3.589
v -11.716 -1.4 3.781
v -11.833 -1.743 3.988
v -11.836 -2.072 4.254
v -11.881 -2.327 4.578
v -10.528 0.15 2.783
v -11.16 0.042 2.907
v -11.73 -0.206 3.106
v -12.2 -0.578 3.364
v -12.537 -1.048 3.665
v -12.719 -1.586 3.988
v -12.721 -2.082 4.435
v -11.911 -2.494 6.373
v -12.279 -0.308 8.297
v -12.349 0.01 8.124
v -12.334 0.576 7.801
v -12.152 1.114 7.478
v -11.815 1.584 7.177
v -11.345 1.956 6.918
v -10.775 2.204 6.72
v -10.143 2.312 6.595
v -11.516 -0.273 8.2
v -11.457 0.056 8.007
v -11.448 0.419 7.801
v -11.331 0.762 7.594
v -11.116 1.064 7.401
v -10.815 1.301 7.236
v -10.45 1.46 7.11
v -10.046 1.529 7.03
v -12.124 -0.649 8.475
v -11.929 -2.594 5.209
v -11.599 -0.743 8.475
v -12.086 -2.584 6.087
v -11.932 -2.611 6.087
v -10.275 0.89 2.224
v -10.679 1.178 2.436
v -10.918 1.54 2.753
v -10.956 1.926 3.126
v -10.788 2.275 3.5
v -10.438 2.535 3.817
v -10.968 1.118 4.804
v -10.499 2.231 4.126
v -10.24 2.585 3.899
v -10.337 1.225 4.68
v -10.407 0.205 2.886
v -10.852 0.323 3.271
v -11.136 0.501 3.787
v -11.209 0.734 4.337
v -11.045 1.051 4.765
v -12.634 -2.297 4.792
v -12.455 -2.501 5.209
v -11.981 -2.482 6.373
v -11.713 -1.381 8.337
v -11.636 -0.946 8.554
v -11.693 -1.269 8.466
v -11.666 -1.116 8.543
v -11.784 -1.368 8.337
v -11.857 -1.082 8.543
v -11.795 -1.251 8.466
v -11.94 -2.655 5.604
v -12.28 -2.595 5.604
v -11.939 -2.65 5.816
v -12.186 -2.606 5.816
v -11.959 -0.889 8.554
v -9.222 3.796 2.68
v -9.234 3.726 2.71
v -9.217 3.825 2.609
v -9.519 2.127 0.982
v -9.524 2.097 1.052
v -9.506 2.197 0.952
v -9.734 0.919 2.348
v -8.822 6.042 -0.394
v -8.979 5.156 -1.296
v -9.073 4.632 -1.419
v -8.8 6.162 0.138
v -8.9 5.6 -0.845
v -9.494 2.267 0.979
v -9.222 3.796 2.537
v -9.519 2.126 1.122
v -9.247 3.656 2.679
v -10.015 -0.659 3.189
v -9.493 2.271 6.553
v -9.63 1.503 7.002
v -9.769 0.725 2.149
v -9.462 2.446 3.899
v -9.687 1.185 4.637
v -9.878 0.109 2.74
v -9.341 5.083 -1.431
v -9.453 4.862 -1.439
v -9.412 4.967 -1.475
v -9.603 5.27 -1.293
v -9.77 5.088 -1.273
v -9.712 5.18 -1.318
v -9.758 5.506 -1.088
v -9.957 5.373 -1.024
v -9.891 5.451 -1.082
v -9.783 5.757 -0.845
v -9.988 5.676 -0.731
v -9.919 5.738 -0.803
v -9.673 5.982 -0.602
v -9.855 5.95 -0.437
v -9.793 5.998 -0.526
v -9.446 6.151 -0.396
v -9.58 6.153 -0.187
v -9.533 6.19 -0.29
v -9.136 6.235 -0.259
v -9.205 6.255 -0.021
v -9.177 6.287 -0.132
v -8.79 6.222 -0.21
v -8.786 6.24 0.036
v -8.781 6.273 -0.076
v -9.055 4.732 -1.498
v -9.011 4.976 -1.479
v -9.035 4.844 -1.53
v -9.309 0.904 2.406
v -9.734 0.919 2.348
v -8.928 1.007 2.576
v -8.65 1.214 2.829
v -8.515 1.491 3.126
v -8.545 1.799 3.424
v -8.736 2.088 3.677
v -9.057 2.317 3.846
v -9.069 2.251 1.038
v -8.688 2.354 1.208
v -8.496 3.436 2.308
v -8.817 3.665 2.477
v -8.275 2.839 1.757
v -8.305 3.146 2.056
v -8.41 2.561 1.46
v -9.494 2.267 0.979
v -9.222 3.796 2.537
v -8.435 2.42 1.602
v -8.3 2.698 1.9
v -8.33 3.006 2.198
v -8.521 3.295 2.451
v -8.842 3.524 2.62
v -9.247 3.656 2.679
v -9.519 2.126 1.122
v -9.094 2.111 1.181
v -8.713 2.214 1.349
v -10.015 -0.659 3.189
v -9.616 -0.778 3.217
v -9.26 -0.983 3.297
v -8.973 -1.257 3.424
v -8.772 -1.584 3.589
v -8.674 -1.942 3.781
v -8.683 -2.304 3.988
v -8.794 -2.614 4.254
v -8.794 -2.614 4.254
v -8.839 -2.869 4.578
v -9.254 -0.077 2.783
v -8.699 -0.396 2.907
v -8.249 -0.826 3.106
v -7.937 -1.337 3.364
v -7.782 -1.895 3.665
v -7.797 -2.462 3.988
v -7.966 -2.929 4.435
v -7.77 -1.111 8.297
v -7.594 -0.837 8.124
v -7.412 -0.3 7.801
v -7.397 0.267 7.478
v -7.552 0.825 7.177
v -7.864 1.336 6.918
v -8.314 1.766 6.72
v -8.869 2.085 6.595
v -8.891 -0.026 3.271
v -9.349 0.017 2.886
v -9.493 2.271 6.553
v -8.474 -0.815 8.2
v -8.415 -0.486 8.007
v -8.415 -0.486 8.007
v -8.298 -0.142 7.801
v -8.289 0.22 7.594
v -8.387 0.578 7.402
v -8.588 0.905 7.236
v -8.875 1.179 7.11
v -9.231 1.384 7.03
v -9.63 1.503 7.002
v -8.032 -1.378 8.475
v -8.887 -3.136 5.209
v -8.557 -1.284 8.475
v -8.799 -3.049 6.373
v -8.736 -3.18 6.087
v -8.123 -3.1 4.792
v -8.869 -3.036 6.373
v -8.89 -3.153 6.087
v -8.897 -3.192 5.816
v -9.236 0.705 2.224
v -9.769 0.725 2.149
v -8.758 0.835 2.436
v -8.408 1.093 2.753
v -8.239 1.442 3.126
v -8.277 1.828 3.5
v -8.516 2.192 3.817
v -9.462 2.446 3.899
v -9.462 2.446 3.899
v -9.462 2.446 3.899
v -8.684 2.308 3.899
v -8.684 2.308 3.899
v -8.563 1.887 4.126
v -9.687 1.185 4.637
v -9.063 0.999 4.68
v -9.878 0.109 2.74
v -9.878 0.109 2.74
v -9.878 0.109 2.74
v -8.562 0.043 3.787
v -8.413 0.236 4.337
v -8.458 0.59 4.765
v -8.507 0.68 4.804
v -8.507 0.68 4.804
v -8.361 -3.23 5.209
v -8.65 -3.236 5.816
v -8.651 -1.811 8.466
v -8.671 -1.923 8.337
v -8.6 -1.935 8.337
v -8.548 -1.829 8.466
v -8.624 -1.658 8.543
v -8.433 -1.692 8.543
v -8.898 -3.197 5.604
v -8.558 -3.258 5.604
v -8.593 -1.488 8.554
v -8.27 -1.546 8.554
v -10.138 1.051 2.406
v -10.46 1.28 2.576
v -10.65 1.57 2.829
v -10.681 1.877 3.126
v -10.546 2.155 3.424
v -10.267 2.361 3.677
v -9.886 2.465 3.846
v -9.898 2.398 1.038
v -10.22 2.627 1.207
v -10.027 3.708 2.308
v -9.646 3.812 2.477
v -10.441 3.224 1.757
v -10.306 3.503 2.056
v -10.41 2.917 1.46
v -10.435 2.776 1.602
v -10.466 3.084 1.9
v -10.331 3.362 2.198
v -10.052 3.568 2.451
v -9.671 3.671 2.62
v -9.923 2.258 1.181
v -10.245 2.487 1.349
v -10.431 -0.633 3.217
v -10.835 -0.702 3.297
v -11.2 -0.861 3.424
v -11.501 -1.098 3.589
v -11.716 -1.4 3.781
v -11.833 -1.743 3.988
v -11.836 -2.072 4.254
v -11.836 -2.072 4.254
v -11.881 -2.327 4.578
v -10.528 0.15 2.783
v -11.16 0.042 2.907
v -11.73 -0.206 3.106
v -12.2 -0.578 3.364
v -12.537 -1.048 3.665
v -12.719 -1.586 3.988
v -12.721 -2.082 4.435
v -12.279 -0.308 8.297
v -12.349 0.01 8.124
v -12.334 0.576 7.801
v -12.152 1.114 7.478
v -11.815 1.584 7.177
v -11.345 1.956 6.918
v -10.775 2.204 6.72
v -10.143 2.312 6.595
v -10.852 0.323 3.271
v -10.407 0.205 2.886
v -11.516 -0.273 8.2
v -11.457 0.056 8.007
v -11.457 0.056 8.007
v -11.448 0.419 7.801
v -11.331 0.762 7.594
v -11.116 1.064 7.401
v -10.815 1.301 7.236
v -10.45 1.46 7.11
v -10.046 1.529 7.03
v -12.124 -0.649 8.475
v -11.929 -2.594 5.209
v -11.599 -0.743 8.475
v -11.981 -2.482 6.373
v -12.086 -2.584 6.087
v -12.634 -2.297 4.792
v -11.911 -2.494 6.373
v -11.932 -2.611 6.087
v -11.939 -2.65 5.816
v -10.275 0.89 2.224
v -10.679 1.178 2.436
v -10.918 1.54 2.753
v -10.956 1.926 3.126
v -10.788 2.275 3.5
v -10.438 2.535 3.817
v -10.24 2.585 3.899
v -10.24 2.585 3.899
v -10.499 2.231 4.126
v -10.337 1.225 4.68
v -11.136 0.501 3.787
v -11.209 0.734 4.337
v -11.045 1.051 4.765
v -10.968 1.118 4.804
v -10.968 1.118 4.804
v -12.455 -2.501 5.209
v -12.186 -2.606 5.816
v -11.693 -1.269 8.466
v -11.713 -1.381 8.337
v -11.784 -1.368 8.337
v -11.795 -1.251 8.466
v -11.666 -1.116 8.543
v -11.857 -1.082 8.543
v -11.94 -2.655 5.604
v -12.28 -2.595 5.604
v -11.636 -0.946 8.554
v -11.959 -0.889 8.554
usemtl MB_283
s off
f 694 695 712
f 695 713 712
f 713 695 1028
f 695 1029 1028
f 962 704 961
f 704 703 961
f 1023 696 1025
f 696 714 1025
f 696 694 714
f 694 712 714
f 710 713 1036
f 713 1028 1036
f 702 700 699
f 700 697 699
f 705 703 702
f 703 700 702
f 704 701 703
f 701 700 703
f 1019 1020 708
f 1020 711 708
f 1023 1024 696
f 1024 699 696
f 694 696 697
f 696 699 697
f 711 709 708
f 709 706 708
f 701 698 700
f 698 697 700
f 713 710 712
f 710 709 712
f 714 712 711
f 712 709 711
f 1025 714 1020
f 714 711 1020
f 1034 965 1035
f 965 707 1035
f 1031 701 1032
f 701 704 1032
f 1019 708 1026
f 708 966 1026
f 1022 1027 705
f 1027 963 705
f 1032 704 1033
f 704 962 1033
f 963 961 705
f 961 703 705
f 1021 1022 702
f 1022 705 702
f 707 710 1035
f 710 1036 1035
f 1029 695 1030
f 695 698 1030
f 695 694 698
f 694 697 698
f 1030 698 1031
f 698 701 1031
f 1024 1021 699
f 1021 702 699
f 708 706 966
f 706 964 966
f 707 965 706
f 965 964 706
f 730 970 818
f 970 1008 818
f 1005 835 968
f 835 728 968
f 832 829 727
f 829 726 727
f 826 823 725
f 823 724 725
f 820 817 723
f 817 722 723
f 835 832 728
f 832 727 728
f 829 826 726
f 826 725 726
f 732 733 833
f 733 830 833
f 734 735 827
f 735 824 827
f 823 820 724
f 820 723 724
f 731 732 836
f 732 833 836
f 733 734 830
f 734 827 830
f 735 729 824
f 729 821 824
f 729 730 821
f 730 818 821
f 971 731 1006
f 731 836 1006
f 742 739 734
f 739 735 734
f 741 738 732
f 738 733 732
f 974 737 971
f 737 731 971
f 740 973 730
f 973 970 730
f 739 736 735
f 736 729 735
f 738 742 733
f 742 734 733
f 737 741 731
f 741 732 731
f 736 740 729
f 740 730 729
f 728 727 972
f 726 725 972
f 724 723 972
f 722 969 972
f 968 728 972
f 727 726 972
f 725 724 972
f 723 722 972
f 1015 1014 749
f 1014 746 749
f 1017 1016 748
f 1016 745 748
f 1011 1012 747
f 1012 975 747
f 1014 1013 746
f 1013 743 746
f 1016 1015 745
f 1015 749 745
f 1018 1017 744
f 1017 748 744
f 1013 1011 743
f 1011 747 743
f 1063 1084 1062
f 1084 1086 1062
f 750 1047 1039
f 1047 1048 1039
f 1039 1048 1040
f 1048 1049 1040
f 1040 1049 1041
f 1049 1050 1041
f 1041 1050 1042
f 1050 1051 1042
f 1042 1051 1043
f 1051 1052 1043
f 1043 1052 1044
f 1052 1053 1044
f 764 763 1055
f 763 1056 1055
f 763 762 1056
f 762 1057 1056
f 762 761 1057
f 761 1058 1057
f 761 760 1058
f 760 1059 1058
f 760 759 1103
f 759 799 1103
f 758 797 759
f 797 798 759
f 1084 1063 1085
f 1063 1099 1085
f 796 1106 1096
f 1045 1046 1066
f 1046 1065 1066
f 755 756 1068
f 756 1067 1068
f 754 755 1069
f 755 1068 1069
f 753 754 1070
f 754 1069 1070
f 752 753 1071
f 753 1070 1071
f 751 752 1072
f 752 1071 1072
f 1038 751 1073
f 751 1072 1073
f 1037 1038 1074
f 1038 1073 1074
f 1061 1098 1064
f 1098 982 1064
f 1060 1105 1061
f 1105 1098 1061
f 1060 1059 1105
f 1059 1104 1105
f 773 978 781
f 978 979 781
f 772 773 780
f 773 781 780
f 771 772 779
f 772 780 779
f 770 771 778
f 771 779 778
f 769 770 777
f 770 778 777
f 768 769 776
f 769 777 776
f 767 768 775
f 768 776 775
f 1054 767 774
f 767 775 774
f 1046 1076 1065
f 1076 1077 1065
f 1054 774 1075
f 774 784 1075
f 1079 1112 1078
f 1112 809 1078
f 1081 1082 804
f 1082 785 804
f 1086 1087 1062
f 1087 1102 1062
f 1104 1059 1103
f 757 1044 1080
f 1044 1053 1080
f 1096 795 1097
f 795 1091 1097
f 1088 800 1087
f 800 1102 1087
f 717 789 716
f 789 788 716
f 788 787 716
f 787 715 716
f 718 790 717
f 790 789 717
f 720 1090 719
f 1090 1089 719
f 718 719 790
f 719 1089 790
f 967 715 980
f 715 787 980
f 1092 1018 976
f 1018 744 976
f 977 1100 750
f 1100 1047 750
f 1095 794 792
f 721 1093 1094
f 797 758 1101
f 720 721 1090
f 721 1094 1090
f 1097 796 1096
f 1059 760 1103
f 798 799 759
f 801 800 791
f 800 1088 791
f 791 792 794
f 794 793 791
f 793 801 791
f 757 1080 783
f 1080 1107 783
f 1083 1108 1082
f 1108 785 1082
f 782 803 766
f 803 802 766
f 764 1055 802
f 1055 766 802
f 816 1116 782
f 1116 803 782
f 1110 1111 1109
f 1111 811 1109
f 1109 811 1113
f 811 1114 1113
f 1081 804 1110
f 804 1111 1110
f 783 1107 1115
f 1107 813 1115
f 1075 784 1118
f 784 1117 1118
f 1076 812 1077
f 812 806 1077
f 765 805 786
f 805 807 786
f 815 810 1079
f 810 1112 1079
f 786 807 814
f 807 808 814
f 806 812 808
f 812 814 808
f 1113 1114 1117
f 1114 1118 1117
f 1115 813 1083
f 813 1108 1083
f 810 815 816
f 815 1116 816
f 1010 1009 819
f 1009 817 819
f 818 819 821
f 819 822 821
f 819 817 822
f 817 820 822
f 821 822 824
f 822 825 824
f 822 820 825
f 820 823 825
f 824 825 827
f 825 828 827
f 825 823 828
f 823 826 828
f 827 828 830
f 828 831 830
f 828 826 831
f 826 829 831
f 830 831 833
f 831 834 833
f 831 829 834
f 829 832 834
f 833 834 836
f 834 837 836
f 834 832 837
f 832 835 837
f 836 837 1006
f 837 1007 1006
f 837 835 1007
f 835 1005 1007
f 817 1009 722
f 1009 969 722
f 710 707 709
f 707 706 709
f 1008 1010 818
f 1010 819 818
f 838 856 839
f 856 857 839
f 857 1133 839
f 1133 1134 839
f 962 961 848
f 961 847 848
f 1130 1132 840
f 1132 858 840
f 840 858 838
f 858 856 838
f 854 1139 857
f 1139 1133 857
f 846 843 844
f 843 841 844
f 849 846 847
f 846 844 847
f 848 847 845
f 847 844 845
f 1126 852 1127
f 852 855 1127
f 1130 840 1131
f 840 843 1131
f 838 841 840
f 841 843 840
f 855 852 853
f 852 850 853
f 845 844 842
f 844 841 842
f 857 856 854
f 856 853 854
f 858 855 856
f 855 853 856
f 1132 1127 858
f 1127 855 858
f 1034 1138 965
f 1138 851 965
f 1136 1137 845
f 1137 848 845
f 1126 1026 852
f 1026 966 852
f 1129 849 1027
f 849 963 1027
f 1137 1033 848
f 1033 962 848
f 963 849 961
f 849 847 961
f 1128 846 1129
f 846 849 1129
f 851 1138 854
f 1138 1139 854
f 1134 1135 839
f 1135 842 839
f 841 838 842
f 838 839 842
f 1135 1136 842
f 1136 845 842
f 1131 843 1128
f 843 846 1128
f 852 966 850
f 966 964 850
f 851 850 965
f 850 964 965
f 874 985 970
f 985 1008 970
f 1005 968 1002
f 968 872 1002
f 999 871 996
f 871 870 996
f 993 869 990
f 869 868 990
f 987 867 984
f 867 866 984
f 1002 872 999
f 872 871 999
f 996 870 993
f 870 869 993
f 876 1000 877
f 1000 997 877
f 878 994 879
f 994 991 879
f 990 868 987
f 868 867 987
f 875 1003 876
f 1003 1000 876
f 877 997 878
f 997 994 878
f 879 991 873
f 991 988 873
f 873 988 874
f 988 985 874
f 971 1006 875
f 1006 1003 875
f 886 878 883
f 878 879 883
f 885 876 882
f 876 877 882
f 974 971 881
f 971 875 881
f 884 874 973
f 874 970 973
f 883 879 880
f 879 873 880
f 882 877 886
f 877 878 886
f 881 875 885
f 875 876 885
f 880 873 884
f 873 874 884
f 872 972 871
f 870 972 869
f 868 972 867
f 866 972 969
f 968 972 872
f 871 972 870
f 869 972 868
f 867 972 866
f 1122 893 1121
f 893 890 1121
f 1124 892 1123
f 892 889 1123
f 1119 891 1012
f 891 975 1012
f 1121 890 1120
f 890 887 1120
f 1123 889 1122
f 889 893 1122
f 1125 888 1124
f 888 892 1124
f 1120 887 1119
f 887 891 1119
f 1165 1164 1184
f 1164 1185 1184
f 894 1141 1149
f 1141 1150 1149
f 1141 1142 1150
f 1142 1151 1150
f 1142 1143 1151
f 1143 1152 1151
f 1143 1144 1152
f 1144 1153 1152
f 1144 1145 1153
f 1145 1154 1153
f 1145 1146 1154
f 1146 1155 1154
f 908 1157 907
f 1157 1158 907
f 907 1158 906
f 1158 1159 906
f 906 1159 905
f 1159 1160 905
f 905 1160 904
f 1160 1161 904
f 904 1195 903
f 1195 943 903
f 902 903 941
f 903 942 941
f 1184 1085 1165
f 1085 1099 1165
f 940 1192 1198
f 1147 1167 1148
f 1167 1166 1148
f 899 1169 900
f 1169 1168 900
f 898 1170 899
f 1170 1169 899
f 897 1171 898
f 1171 1170 898
f 896 1172 897
f 1172 1171 897
f 895 1173 896
f 1173 1172 896
f 1140 1174 895
f 1174 1173 895
f 1037 1074 1140
f 1074 1174 1140
f 1163 1064 1193
f 1064 982 1193
f 1162 1163 1197
f 1163 1193 1197
f 1162 1197 1161
f 1197 1196 1161
f 917 925 978
f 925 979 978
f 916 924 917
f 924 925 917
f 915 923 916
f 923 924 916
f 914 922 915
f 922 923 915
f 913 921 914
f 921 922 914
f 912 920 913
f 920 921 913
f 911 919 912
f 919 920 912
f 1156 918 911
f 918 919 911
f 1148 1166 1176
f 1166 1177 1176
f 1156 1175 918
f 1175 928 918
f 1179 1178 1204
f 1178 953 1204
f 1181 948 1182
f 948 929 1182
f 1185 1164 1186
f 1164 1194 1186
f 1196 1195 1161
f 901 1180 1146
f 1180 1155 1146
f 1192 1097 939
f 1097 1091 939
f 1187 1186 944
f 1186 1194 944
f 861 860 933
f 860 932 933
f 932 860 931
f 860 859 931
f 862 861 934
f 861 933 934
f 864 863 1189
f 863 1188 1189
f 862 934 863
f 934 1188 863
f 967 980 859
f 980 931 859
f 1092 976 1125
f 976 888 1125
f 977 894 1100
f 894 1149 1100
f 1191 936 938
f 865 1190 981
f 941 983 902
f 864 1189 865
f 1189 1190 865
f 1097 1192 940
f 1161 1195 904
f 942 903 943
f 945 935 944
f 935 1187 944
f 935 938 936
f 938 935 937
f 935 945 937
f 901 927 1180
f 927 1199 1180
f 1183 1182 1200
f 1182 929 1200
f 926 910 947
f 910 946 947
f 908 946 1157
f 946 910 1157
f 960 926 1208
f 926 947 1208
f 1202 1201 1203
f 1201 955 1203
f 1201 1205 955
f 1205 1206 955
f 1181 1202 948
f 1202 1203 948
f 927 1207 1199
f 1207 957 1199
f 1175 1210 928
f 1210 1209 928
f 1176 1177 956
f 1177 950 956
f 909 930 949
f 930 951 949
f 959 1179 954
f 1179 1204 954
f 930 958 951
f 958 952 951
f 950 952 956
f 952 958 956
f 1205 1209 1206
f 1209 1210 1206
f 1207 1183 957
f 1183 1200 957
f 954 960 959
f 960 1208 959
f 1010 986 1009
f 986 984 1009
f 985 988 986
f 988 989 986
f 986 989 984
f 989 987 984
f 988 991 989
f 991 992 989
f 989 992 987
f 992 990 987
f 991 994 992
f 994 995 992
f 992 995 990
f 995 993 990
f 994 997 995
f 997 998 995
f 995 998 993
f 998 996 993
f 997 1000 998
f 1000 1001 998
f 998 1001 996
f 1001 999 996
f 1000 1003 1001
f 1003 1004 1001
f 1001 1004 999
f 1004 1002 999
f 1003 1006 1004
f 1006 1007 1004
f 1004 1007 1002
f 1007 1005 1002
f 984 866 1009
f 866 969 1009
f 854 853 851
f 853 850 851
f 1008 985 1010
f 985 986 1010
o Part.3
v 3.275 7.531 0.003
v 3.262 7.6 -0.347
v 3.228 7.795 -0.644
v 3.175 8.087 -0.842
v 3.114 8.432 -0.912
v 3.053 8.776 -0.842
v 3.001 9.069 -0.644
v 2.966 9.264 -0.347
v 2.954 9.333 0.003
v 2.966 9.264 0.353
v 3.001 9.069 0.65
v 3.053 8.776 0.848
v 3.114 8.432 0.918
v 7.075 9.24 2.605
v 7.743 7.083 2.652
v 8.341 7.342 2.555
v 7.724 9.564 2.317
v 8.785 7.602 2.242
v 9.234 7.825 1.74
v 8.241 9.821 1.74
v 8.499 9.949 1.015
v 9.492 7.954 1.015
v 8.152 10.695 0.544
v 8.424 10.134 0.987
v 8.204 10.588 0.696
v 8.114 10.775 0.374
v 7.802 10.889 1.163
v 7.625 11.292 0.003
v 7.642 11.272 0.317
v 8.09 10.823 0.192
v 8.083 10.834 0.003
v 7.675 11.193 0.621
v 7.729 11.065 0.907
v 7.894 10.671 1.385
v 8.343 10.302 0.922
v 8.268 10.456 0.823
v 6.697 10.616 2.139
v 6.814 10.193 2.389
v 6.942 9.73 2.551
v 7.587 9.985 2.246
v 8.001 10.415 1.56
v 8.121 10.131 1.683
v 6.403 11.669 0.003
v 7.038 11.588 0.003
v 6.416 11.64 0.498
v 6.452 11.504 0.976
v 6.514 11.282 1.418
v 6.596 10.984 1.812
v 7.053 11.559 0.424
v 7.089 11.451 0.833
v 7.15 11.272 1.215
v 7.232 11.029 1.559
v 7.335 10.728 1.853
v 7.454 10.377 2.085
v 7.724 9.564 -2.312
v 7.642 11.272 -0.311
v 8.424 10.134 -0.981
v 8.121 10.131 -1.677
v 8.241 9.821 -1.735
v 8.499 9.949 -1.009
v 7.894 10.671 -1.379
v 8.343 10.302 -0.916
v 8.001 10.415 -1.554
v 8.268 10.456 -0.817
v 7.802 10.889 -1.158
v 7.729 11.065 -0.901
v 7.674 11.194 -0.616
v 8.204 10.588 -0.69
v 8.152 10.695 -0.539
v 8.09 10.823 -0.187
v 8.114 10.774 -0.369
v 6.596 10.984 -1.806
v 6.514 11.282 -1.413
v 6.452 11.504 -0.97
v 6.416 11.64 -0.492
v 7.075 9.241 -2.599
v 6.942 9.729 -2.546
v 6.814 10.193 -2.384
v 6.697 10.616 -2.133
v 7.587 9.985 -2.24
v 7.454 10.377 -2.079
v 7.335 10.728 -1.847
v 7.053 11.559 -0.419
v 7.089 11.451 -0.827
v 7.15 11.272 -1.209
v 7.232 11.029 -1.553
v 7.446 9.203 0.003
v 7.559 8.566 0.65
v 7.507 8.859 0.848
v 7.446 9.203 0.918
v 7.385 9.548 0.848
v 7.332 9.84 0.65
v 7.298 10.035 0.353
v 7.285 10.104 0.003
v 7.298 10.035 -0.347
v 7.332 9.84 -0.644
v 7.385 9.548 -0.842
v 7.446 9.203 -0.912
v 7.507 8.859 -0.842
v 7.559 8.566 -0.644
v 7.594 8.371 -0.347
v 7.606 8.302 0.003
v 7.594 8.371 0.353
v 9.468 8.001 -1.009
v 9.244 7.889 -1.619
v 8.76 7.649 -2.186
v 8.232 7.386 -2.47
v 7.719 7.132 -2.647
v 10.316 6.317 1.011
v 10.451 6.06 -0.997
v 9.92 7.137 -1.004
v 10.658 5.571 1.051
v 9.167 5.932 2.531
v 9.646 6.096 2.222
v 9.9 5.466 2.268
v 10.089 6.256 1.667
v 10.389 5.57 1.717
v 8.769 5.815 2.652
v 9.678 7.063 1.686
v 9.229 6.859 2.247
v 8.797 6.661 2.484
v 9.91 7.154 1.008
v 8.32 6.45 2.653
v 6.174 9.502 2.6
v 6.297 8.852 2.653
v 6.678 8.294 2.653
v 7.224 7.613 2.652
v 6.31 8.905 -2.644
v 6.192 9.401 -2.605
v 6.099 9.919 -2.466
v 6.017 10.384 -2.231
v 5.886 11.119 -1.533
v 5.944 10.792 -1.907
v 5.81 11.543 -0.513
v 5.836 11.397 -1.009
v 5.801 11.593 0.002
v 5.81 11.542 0.518
v 5.837 11.395 1.013
v 5.936 10.836 1.875
v 5.876 11.173 1.441
v 6.013 10.404 2.231
v 6.087 9.99 2.449
v 6.668 8.3 -2.647
v 7.224 7.637 -2.647
v 10.177 6.106 -1.585
v 9.261 6.853 -2.158
v 8.377 6.43 -2.647
v 8.73 6.601 -2.508
v 8.929 5.435 -2.647
v 9.84 5.914 -2.102
v 9.285 5.619 -2.499
v 9.675 7.039 -1.639
v 8.966 5.231 2.669
v 10.48 5.074 1.959
v 11.045 4.099 2.068
v 10.871 4.841 1.372
v 9.014 4.959 2.736
v 9.5 5.051 2.603
v 9.851 5.104 2.476
v 9.367 5.362 2.574
v 10.537 4.475 2.527
v 7.349 6.992 2.573
v 8.049 5.688 2.473
v 7.742 6.334 2.514
v 6.532 7.492 1.946
v 6.643 6.866 1.52
v 6.722 6.881 1.936
v 6.771 6.151 1.114
v 7.443 5.582 2.091
v 7.229 6.243 2.185
v 6.879 6.18 1.644
v 7.022 5.507 1.44
v 7.158 4.806 1.388
v 6.99 4.917 0.999
v 6.878 5.548 0.969
v 6.97 6.925 2.321
v 6.581 7.497 2.21
v 6.417 8.244 2.479
v 6.478 8.255 2.572
v 6.734 7.524 2.447
v 6.398 8.241 2.377
v 6.57 8.271 2.633
v 6.968 7.567 2.604
v 7.54 5.14 -2.05
v 7.284 6.115 -2.148
v 6.965 6.956 -2.315
v 7.343 7.022 -2.568
v 8.249 5.235 -2.546
v 7.104 4.993 -1.354
v 6.568 8.282 -2.628
v 6.718 6.904 -2.052
v 6.577 7.52 -2.251
v 6.965 7.588 -2.598
v 6.731 7.545 -2.442
v 6.415 8.255 -2.473
v 6.644 6.889 -1.903
v 6.524 7.538 -2.135
v 6.395 8.258 -2.392
v 6.476 8.266 -2.566
v 6.911 6.05 -1.766
v 7.019 4.758 -1.081
v 6.796 6.006 -1.566
v 7.819 6.246 -2.561
v 8.99 5.088 -2.622
v 9.473 5.297 -2.461
v 9.131 4.304 -2.313
v 9.07 4.647 -2.495
v 9.186 3.996 -2.061
v 10.472 5.475 -1.316
v 10.425 5.621 -1.423
v 10.286 5.92 -1.549
v 9.974 5.679 -2.065
v 9.799 4.409 -1.962
v 10.308 4.992 -1.67
v 9.611 4.982 -2.353
v 10.225 5.195 -1.85
v 9.717 4.685 -2.191
v 10.358 5.766 -1.503
v 10.119 5.417 -1.974
v 10.743 5.385 -0.315
v 11.289 3.593 1.527
v 9.072 4.635 2.942
v 9.844 4.663 2.834
v 8.338 4.395 2.834
v 7.753 3.979 2.527
v 7.406 3.451 2.068
v 7.351 2.892 1.527
v 7.136 4.097 1.306
v 7.585 4.921 2.076
v 8.21 5.077 2.488
v 8.267 4.756 2.571
v 7.289 4.155 1.557
v 7.662 4.487 2.188
v 7.209 4.714 -1.346
v 7.613 4.703 -1.969
v 7.214 4.529 -1.191
v 7.666 4.409 -1.834
v 7.722 4.154 -1.65
v 8.38 4.19 -2.184
v 8.42 3.933 -1.99
v 8.36 4.463 -2.355
v 8.319 4.923 -2.51
v 9.948 3.881 -1.496
v 9.269 3.528 -1.587
v 10.157 2.876 -0.494
v 11.06 4.344 0.75
v 11.002 3.841 0.221
v 10.7 3.314 -0.211
v 10.701 4.948 -0.796
v 10.492 4.441 -1.185
v 9.44 2.57 -0.612
v 9.568 1.85 0.113
v 10.302 2.09 0.221
v 11.234 3.034 0.986
v 10.888 2.506 0.527
v 8.879 5.721 -0.99
v 9.18 6.537 -0.239
v 9.578 6.429 -0.415
v 9.87 6.213 -0.679
v 10.011 5.922 -0.99
v 9.979 5.601 -1.301
v 9.78 5.297 -1.565
v 9.444 5.059 -1.741
v 9.021 4.92 -1.803
v 8.577 4.904 -1.741
v 8.179 5.012 -1.565
v 7.888 5.228 -1.301
v 7.747 5.519 -0.99
v 7.779 5.841 -0.679
v 7.978 6.144 -0.415
v 8.314 6.383 -0.239
v 8.736 6.521 -0.177
v 9.455 2.484 3.924
v 9.033 2.345 3.862
v 8.697 2.106 3.686
v 8.498 1.803 3.422
v 8.466 1.481 3.111
v 8.607 1.19 2.8
v 8.898 0.974 2.536
v 9.296 0.867 2.36
v 9.74 0.882 2.298
v 10.163 1.021 2.36
v 10.499 1.26 2.536
v 10.698 1.563 2.8
v 10.73 1.885 3.111
v 10.589 2.175 3.422
v 10.297 2.391 3.686
v 9.899 2.499 3.862
v 9.35 3.075 4.525
v 8.616 2.835 4.418
v 8.03 2.419 4.111
v 7.684 1.892 3.652
v 7.629 1.332 3.111
v 7.873 0.826 2.57
v 8.381 0.451 2.111
v 9.074 0.262 1.804
v 9.846 0.291 1.697
v 10.58 0.531 1.804
v 11.165 0.947 2.111
v 11.512 1.474 2.57
v 11.567 2.034 3.111
v 11.322 2.54 3.652
v 10.815 2.915 4.111
v 10.122 3.104 4.418
v 7.596 2.386 0.986
v 8.103 2.01 0.527
v 8.796 1.822 0.221
v 7.115 4.219 -0.529
v 7.297 4.061 -0.716
v 7.805 3.686 -1.175
v 7.286 3.257 0.449
v 8.498 3.497 -1.481
v 7.976 2.724 -0.197
v 7.468 3.099 0.262
v 8.669 2.535 -0.504
v 6.031 10.306 -1.331
v 5.959 10.71 -0.72
v 5.933 10.852 0.003
v 5.959 10.709 0.726
v 6.031 10.306 1.337
v 6.138 9.704 1.747
v 6.265 8.993 1.891
v 6.391 8.281 1.747
v 6.498 7.679 1.337
v 6.57 7.276 0.725
v 6.596 7.134 0.003
v 6.57 7.276 -0.72
v 6.499 7.678 -1.332
v 6.391 8.281 -1.741
v 6.265 8.993 -1.885
v 6.138 9.704 -1.741
v 5.046 10.131 -1.331
v 4.974 10.534 -0.72
v 4.949 10.676 0.003
v 4.974 10.534 0.726
v 5.046 10.131 1.337
v 5.153 9.529 1.747
v 5.28 8.817 1.891
v 5.407 8.106 1.747
v 5.586 7.101 0.725
v 5.611 6.959 0.003
v 5.586 7.101 -0.72
v 5.514 7.503 -1.332
v 5.407 8.106 -1.741
v 5.28 8.817 -1.885
v 5.153 9.529 -1.741
v 8.498 9.949 0.003
v 5.027 10.238 1.446
v 4.46 10.126 1.435
v 3.384 9.77 1.274
v 2.929 9.473 1.061
v 4.949 10.674 0.784
v 4.383 10.559 0.779
v 3.315 10.154 0.69
v 2.872 9.793 0.575
v 4.922 10.827 0.002
v 4.356 10.711 0.003
v 3.291 10.289 0.003
v 2.852 9.905 0.003
v 4.949 10.674 -0.779
v 4.383 10.559 -0.773
v 3.315 10.154 -0.684
v 2.872 9.792 -0.57
v 5.027 10.239 -1.441
v 4.46 10.127 -1.43
v 3.384 9.77 -1.268
v 2.929 9.473 -1.055
v 5.143 9.587 -1.883
v 4.575 9.48 -1.869
v 3.486 9.196 -1.657
v 3.014 8.995 -1.38
v 5.28 8.817 -2.039
v 4.711 8.716 -2.024
v 3.606 8.519 -1.795
v 3.114 8.432 -1.493
v 5.417 8.048 -1.883
v 4.847 7.952 -1.869
v 3.727 7.843 -1.657
v 3.214 7.869 -1.38
v 5.533 7.396 -1.441
v 4.962 7.306 -1.43
v 3.829 7.268 -1.268
v 3.3 7.39 -1.055
v 5.611 6.961 -0.779
v 5.039 6.873 -0.773
v 3.897 6.885 -0.684
v 3.356 7.071 -0.569
v 5.638 6.807 0.003
v 5.066 6.721 0.003
v 3.921 6.75 0.003
v 3.376 6.959 0.003
v 5.611 6.961 0.784
v 5.039 6.873 0.779
v 3.897 6.885 0.69
v 3.356 7.071 0.575
v 5.417 8.048 1.889
v 4.847 7.952 1.875
v 3.727 7.843 1.663
v 3.214 7.868 1.385
v 5.28 8.817 2.044
v 4.711 8.716 2.029
v 3.606 8.519 1.8
v 3.114 8.432 1.499
v 5.143 9.587 1.889
v 4.575 9.48 1.875
v 3.486 9.196 1.663
v 3.014 8.995 1.385
v 3.903 9.99 1.399
v 3.828 10.41 0.758
v 3.802 10.559 0.002
v 3.828 10.41 -0.752
v 3.903 9.99 -1.393
v 4.015 9.359 -1.82
v 4.148 8.616 -1.971
v 4.28 7.872 -1.82
v 4.393 7.242 -1.393
v 4.467 6.821 -0.752
v 4.494 6.672 0.003
v 4.467 6.821 0.758
v 4.28 7.872 1.826
v 4.148 8.615 1.976
v 4.015 9.359 1.826
v 3.262 7.6 0.353
v 5.237 7.952 0.353
v 5.367 7.989 0.375
v 5.47 8.051 0.44
v 5.534 8.129 0.536
v 5.547 8.208 0.65
v 5.5 8.315 0.725
v 5.409 8.397 0.791
v 5.286 8.439 0.833
v 5.15 8.439 0.848
v 3.175 8.087 0.848
v 3.334 7.195 0.764
v 3.864 7.073 0.976
v 4.427 7.047 1.102
v 4.997 7.111 1.138
v 5.376 7.17 1.146
v 5.506 7.206 1.171
v 5.561 7.239 1.206
v 5.542 7.346 1.097
v 5.591 7.375 1.127
v 5.654 7.451 1.224
v 5.668 7.531 1.337
v 5.621 7.638 1.413
v 5.529 7.72 1.478
v 5.472 7.74 1.498
v 5.491 7.633 1.607
v 5.426 7.656 1.628
v 5.289 7.658 1.641
v 4.91 7.598 1.633
v 4.34 7.534 1.597
v 3.777 7.561 1.471
v 3.247 7.683 1.259
v 7.28 3.29 1.932
v 7.567 1.68 3.465
v 7.691 0.984 2.758
v 7.413 2.544 1.174
v 7.224 3.607 0.801
v 7.119 4.196 0.203
v 8.916 8.463 1.74
v 7.937 7.948 2.572
v 8.457 8.211 2.264
v 9.178 8.583 1.015
v 9.183 8.573 -1.01
v 8.949 8.459 -1.653
v 8.451 8.22 -2.225
v 7.881 7.949 -2.509
v 8.777 9.39 -0.007
v 8.088 8.891 -2.268
v 8.755 9.433 1.015
v 8.583 9.163 -1.696
v 8.798 9.346 -1.01
v 7.466 8.613 -2.555
v 8.535 9.23 1.74
v 7.485 8.627 2.589
v 8.753 9.435 1.015
v 8.071 8.924 2.292
v 5.81 11.543 -0.513
v 5.836 11.397 -1.009
v 6.524 7.538 -2.135
v 6.395 8.258 -2.392
v 7.606 8.302 0.003
v 7.594 8.371 -0.347
v 7.559 8.566 -0.644
v 7.507 8.859 -0.842
v 7.446 9.203 -0.912
v 7.385 9.548 -0.842
v 5.547 8.208 0.65
v 5.5 8.315 0.725
v 7.332 9.84 0.65
v 7.385 9.548 0.848
v 7.298 10.035 0.353
v 7.446 9.203 0.918
v 7.507 8.859 0.848
v 7.285 10.104 0.003
v 7.298 10.035 -0.347
v 7.332 9.84 -0.644
v 7.594 8.371 0.353
v 5.801 11.593 0.002
v 5.81 11.542 0.518
v 6.796 6.006 -1.566
v 6.644 6.889 -1.903
v 5.886 11.119 -1.533
v 5.944 10.792 -1.907
v 6.017 10.384 -2.231
v 6.099 9.919 -2.466
v 6.643 6.866 1.52
v 6.771 6.151 1.114
v 6.532 7.492 1.946
v 3.053 8.776 -0.842
v 3.001 9.069 -0.644
v 6.398 8.241 2.377
v 6.297 8.852 2.653
v 7.559 8.566 0.65
v 2.966 9.264 -0.347
v 2.954 9.333 0.003
v 2.966 9.264 0.353
v 5.876 11.173 1.441
v 5.837 11.395 1.013
v 3.053 8.776 0.848
v 3.114 8.432 0.918
v 3.001 9.069 0.65
v 6.192 9.401 -2.605
v 6.174 9.502 2.6
v 7.747 5.519 -0.99
v 7.779 5.841 -0.679
v 9.18 6.537 -0.239
v 9.578 6.429 -0.415
v 3.175 8.087 -0.842
v 3.114 8.432 -0.912
v 9.979 5.601 -1.301
v 9.78 5.297 -1.565
v 9.444 5.059 -1.741
v 5.936 10.836 1.875
v 3.262 7.6 -0.347
v 3.228 7.795 -0.644
v 8.577 4.904 -1.741
v 8.179 5.012 -1.565
v 9.87 6.213 -0.679
v 3.275 7.531 0.003
v 6.99 4.917 0.999
v 6.878 5.548 0.969
v 6.31 8.905 -2.644
v 6.087 9.99 2.449
v 6.013 10.404 2.231
v 7.978 6.144 -0.415
v 8.314 6.383 -0.239
v 9.021 4.92 -1.803
v 7.888 5.228 -1.301
v 10.011 5.922 -0.99
v 8.736 6.521 -0.177
v 9.033 2.345 3.862
v 9.455 2.484 3.924
v 8.697 2.106 3.686
v 8.498 1.803 3.422
v 8.466 1.481 3.111
v 8.607 1.19 2.8
v 8.898 0.974 2.536
v 9.296 0.867 2.36
v 9.74 0.882 2.298
v 10.163 1.021 2.36
v 10.499 1.26 2.536
v 10.698 1.563 2.8
v 10.73 1.885 3.111
v 10.589 2.175 3.422
v 10.297 2.391 3.686
v 9.899 2.499 3.862
v 8.616 2.835 4.418
v 9.35 3.075 4.525
v 8.03 2.419 4.111
v 7.684 1.892 3.652
v 7.567 1.68 3.465
v 7.567 1.68 3.465
v 7.691 0.984 2.758
v 7.691 0.984 2.758
v 7.629 1.332 3.111
v 8.381 0.451 2.111
v 7.873 0.826 2.57
v 9.074 0.262 1.804
v 9.846 0.291 1.697
v 10.58 0.531 1.804
v 11.165 0.947 2.111
v 11.512 1.474 2.57
v 11.567 2.034 3.111
v 11.322 2.54 3.652
v 10.815 2.915 4.111
v 10.122 3.104 4.418
v 7.136 4.097 1.306
v 7.019 4.758 -1.081
v 7.115 4.219 -0.529
v 7.286 3.257 0.449
v 5.959 10.71 -0.72
v 6.031 10.306 -1.331
v 5.933 10.852 0.003
v 5.959 10.709 0.726
v 6.031 10.306 1.337
v 6.138 9.704 1.747
v 6.265 8.993 1.891
v 6.391 8.281 1.747
v 6.498 7.679 1.337
v 6.57 7.276 0.725
v 6.596 7.134 0.003
v 6.57 7.276 -0.72
v 6.499 7.678 -1.332
v 6.391 8.281 -1.741
v 6.265 8.993 -1.885
v 6.138 9.704 -1.741
v 5.046 10.131 -1.331
v 5.153 9.529 -1.741
v 5.28 8.817 -1.885
v 5.407 8.106 -1.741
v 5.514 7.503 -1.332
v 5.586 7.101 -0.72
v 5.611 6.959 0.003
v 5.586 7.101 0.725
v 5.407 8.106 1.747
v 5.28 8.817 1.891
v 5.153 9.529 1.747
v 5.046 10.131 1.337
v 4.974 10.534 0.726
v 4.949 10.676 0.003
v 4.974 10.534 -0.72
v 2.929 9.473 1.061
v 2.872 9.793 0.575
v 5.027 10.238 1.446
v 4.949 10.674 0.784
v 2.852 9.905 0.003
v 4.922 10.827 0.002
v 2.872 9.792 -0.57
v 4.949 10.674 -0.779
v 2.929 9.473 -1.055
v 5.027 10.239 -1.441
v 3.014 8.995 -1.38
v 5.143 9.587 -1.883
v 3.114 8.432 -1.493
v 5.28 8.817 -2.039
v 3.214 7.869 -1.38
v 5.417 8.048 -1.883
v 3.3 7.39 -1.055
v 5.533 7.396 -1.441
v 3.356 7.071 -0.569
v 5.611 6.961 -0.779
v 3.376 6.959 0.003
v 5.638 6.807 0.003
v 3.356 7.071 0.575
v 5.611 6.961 0.784
v 3.175 8.087 0.848
v 3.175 8.087 0.848
v 3.262 7.6 0.353
v 3.262 7.6 0.353
v 3.214 7.868 1.385
v 3.114 8.432 1.499
v 5.417 8.048 1.889
v 5.28 8.817 2.044
v 3.014 8.995 1.385
v 5.143 9.587 1.889
v 5.561 7.239 1.206
v 5.561 7.239 1.206
v 5.542 7.346 1.097
v 5.542 7.346 1.097
v 5.491 7.633 1.607
v 5.491 7.633 1.607
v 5.472 7.74 1.498
v 5.472 7.74 1.498
v 5.668 7.531 1.337
v 5.621 7.638 1.413
v 5.286 8.439 0.833
v 5.15 8.439 0.848
v 3.334 7.195 0.764
v 3.334 7.195 0.764
v 5.237 7.952 0.353
v 5.367 7.989 0.375
v 5.47 8.051 0.44
v 5.534 8.129 0.536
v 5.409 8.397 0.791
v 3.864 7.073 0.976
v 4.427 7.047 1.102
v 4.997 7.111 1.138
v 5.376 7.17 1.146
v 5.506 7.206 1.171
v 5.591 7.375 1.127
v 5.654 7.451 1.224
v 5.529 7.72 1.478
v 5.426 7.656 1.628
v 5.289 7.658 1.641
v 4.91 7.598 1.633
v 4.34 7.534 1.597
v 3.777 7.561 1.471
v 3.247 7.683 1.259
v 3.247 7.683 1.259
v 7.28 3.29 1.932
v 7.413 2.544 1.174
usemtl MB_308
s off
f 1229 1228 1329
f 1228 1330 1329
f 1729 1745 1257
f 1745 1258 1257
f 1226 1331 1228
f 1331 1330 1228
f 1249 1735 1224
f 1735 1724 1224
f 1319 1332 1326
f 1332 1329 1326
f 1248 1755 1249
f 1755 1735 1249
f 1289 1288 1716
f 1288 1717 1716
f 1286 1754 1287
f 1754 1734 1287
f 1268 1273 1267
f 1273 1272 1267
f 1285 1284 1689
f 1284 1690 1689
f 1715 1282 1716
f 1282 1289 1716
f 1271 1274 1273
f 1274 1272 1273
f 1705 1297 1725
f 1701 1297 1702
f 1702 1297 1704
f 1709 1297 1312
f 1703 1297 1701
f 1312 1297 1311
f 1747 1695 1740
f 1695 1696 1740
f 1751 1693 1746
f 1693 1694 1746
f 1741 1697 1721
f 1697 1698 1721
f 1837 1831 1839
f 1831 1832 1839
f 1824 1825 1853
f 1825 1855 1853
f 1310 1297 1309
f 1309 1297 1308
f 1704 1297 1705
f 1707 1297 1706
f 1307 1297 1708
f 1706 1297 1703
f 1709 1725 1297
f 1308 1297 1307
f 1311 1297 1310
f 1708 1297 1707
f 1830 1836 1829
f 1836 1867 1829
f 1535 1892 1550
f 1728 1303 1733
f 1303 1302 1733
f 1740 1696 1741
f 1696 1697 1741
f 1829 1867 1828
f 1867 1865 1828
f 1828 1865 1827
f 1865 1864 1827
f 1733 1302 1731
f 1302 1301 1731
f 1534 1876 1893
f 1845 1820 1847
f 1820 1821 1847
f 1613 1223 1862
f 1223 1858 1862
f 1849 1822 1851
f 1822 1823 1851
f 1836 1830 1837
f 1830 1831 1837
f 1746 1694 1747
f 1694 1695 1747
f 1839 1832 1841
f 1832 1833 1841
f 1722 1306 1726
f 1306 1305 1726
f 1847 1821 1849
f 1821 1822 1849
f 1727 1304 1728
f 1304 1303 1728
f 1843 1819 1845
f 1819 1820 1845
f 1211 1601 1860
f 1601 1856 1860
f 1721 1698 1722
f 1698 1306 1722
f 1726 1305 1727
f 1305 1304 1727
f 1823 1824 1851
f 1824 1853 1851
f 1841 1833 1843
f 1833 1819 1843
f 1731 1301 1732
f 1301 1300 1732
f 1892 1535 1893
f 1825 1826 1855
f 1826 1857 1855
f 1366 1322 1364
f 1322 1327 1364
f 1710 1711 1253
f 1711 1255 1253
f 1320 1319 1430
f 1319 1322 1430
f 1327 1322 1326
f 1322 1319 1326
f 1280 1281 1266
f 1281 1277 1266
f 1362 1355 1356
f 1355 1360 1356
f 1323 1370 1324
f 1370 1325 1324
f 1370 1368 1325
f 1368 1369 1325
f 1323 1324 1331
f 1324 1330 1331
f 1392 1724 1389
f 1321 1314 1332
f 1314 1232 1332
f 1281 1279 1277
f 1279 1276 1277
f 1245 1251 1234
f 1251 1252 1234
f 1405 1409 1402
f 1409 1404 1402
f 1422 1415 1360
f 1415 1361 1360
f 1315 1676 1314
f 1676 1675 1314
f 1284 1283 1690
f 1283 1714 1690
f 1689 1710 1285
f 1710 1253 1285
f 1283 1282 1714
f 1282 1715 1714
f 1255 1711 1256
f 1711 1730 1256
f 1257 1258 1261
f 1258 1262 1261
f 1262 1258 1263
f 1258 1247 1263
f 1257 1256 1729
f 1256 1730 1729
f 1287 1290 1286
f 1290 1265 1286
f 1414 1359 1415
f 1359 1361 1415
f 1513 1371 1798
f 1371 1433 1798
f 1371 1365 1364
f 1365 1366 1364
f 1374 1380 1373
f 1380 1379 1373
f 1386 1372 1390
f 1372 1393 1390
f 1787 1437 1785
f 1437 1903 1785
f 1387 1377 1390
f 1377 1386 1390
f 1723 1388 1724
f 1390 1393 1389
f 1393 1392 1389
f 1382 1379 1381
f 1379 1380 1381
f 1719 1381 1718
f 1381 1377 1718
f 1383 1382 1752
f 1382 1753 1752
f 1442 1383 1799
f 1383 1752 1799
f 1409 1754 1400
f 1353 1354 1400
f 1354 1403 1400
f 1397 1413 1396
f 1413 1395 1396
f 1398 1394 1413
f 1394 1395 1413
f 1396 1395 1401
f 1395 1410 1401
f 1409 1405 1754
f 1318 1397 1354
f 1397 1403 1354
f 1394 1399 1395
f 1399 1410 1395
f 1403 1397 1404
f 1397 1396 1404
f 1401 1713 1402
f 1713 1691 1402
f 1427 1423 1416
f 1423 1418 1416
f 1355 1421 1360
f 1421 1422 1360
f 1321 1332 1320
f 1332 1319 1320
f 1454 1418 1453
f 1418 1423 1453
f 1373 1328 1374
f 1328 1333 1374
f 1443 1435 1441
f 1435 1434 1441
f 1779 1434 1781
f 1434 1435 1781
f 1318 1354 1317
f 1354 1678 1317
f 1373 1379 1440
f 1379 1439 1440
f 1724 1388 1389
f 1383 1439 1382
f 1439 1379 1382
f 1380 1374 1386
f 1374 1372 1386
f 1386 1377 1380
f 1377 1381 1380
f 1404 1409 1403
f 1409 1400 1403
f 1404 1396 1402
f 1396 1401 1402
f 1356 1358 1316
f 1358 1317 1316
f 1321 1362 1314
f 1362 1315 1314
f 1237 1244 1235
f 1244 1246 1235
f 1246 1244 1245
f 1244 1251 1245
f 1424 1423 1426
f 1423 1427 1426
f 1774 1742 1773
f 1742 1743 1773
f 1767 1736 1766
f 1736 1737 1766
f 1775 1761 1774
f 1761 1742 1774
f 1768 1760 1767
f 1760 1736 1767
f 1766 1737 1765
f 1737 1757 1765
f 1764 1762 1778
f 1762 1738 1778
f 1777 1739 1776
f 1739 1750 1776
f 1765 1757 1763
f 1757 1758 1763
f 1772 1744 1771
f 1744 1759 1771
f 1773 1743 1772
f 1743 1744 1772
f 1770 1748 1769
f 1748 1749 1769
f 1769 1749 1768
f 1749 1760 1768
f 1778 1738 1777
f 1738 1739 1777
f 1771 1759 1770
f 1759 1748 1770
f 1763 1758 1764
f 1758 1762 1764
f 1776 1750 1775
f 1750 1761 1775
f 1756 1755 1247
f 1755 1248 1247
f 1745 1756 1258
f 1756 1247 1258
f 1717 1288 1734
f 1288 1287 1734
f 1474 1466 1475
f 1471 1466 1472
f 1468 1466 1469
f 1479 1466 1480
f 1469 1466 1470
f 1472 1466 1473
f 1477 1466 1478
f 1481 1466 1482
f 1473 1466 1474
f 1467 1466 1468
f 1475 1466 1476
f 1480 1466 1481
f 1470 1466 1471
f 1478 1466 1479
f 1476 1466 1477
f 1482 1466 1467
f 1228 1229 1673
f 1229 1671 1673
f 1389 1388 1390
f 1388 1387 1390
f 1724 1392 1336
f 1393 1337 1392
f 1337 1336 1392
f 1491 1791 1492
f 1791 1508 1492
f 1489 1505 1490
f 1505 1790 1490
f 1483 1780 1484
f 1780 1500 1484
f 1494 1794 1495
f 1794 1795 1495
f 1794 1494 1793
f 1494 1493 1793
f 1514 1780 1498
f 1780 1483 1498
f 1487 1503 1667
f 1486 1782 1487
f 1782 1783 1487
f 1789 1515 1788
f 1515 1516 1788
f 1512 1496 1795
f 1496 1495 1795
f 1782 1486 1501
f 1486 1485 1501
f 1797 1497 1512
f 1497 1496 1512
f 1514 1498 1797
f 1498 1497 1797
f 1790 1791 1490
f 1791 1491 1490
f 1793 1493 1508
f 1493 1492 1508
f 1501 1485 1500
f 1485 1484 1500
f 1489 1488 1505
f 1488 1504 1505
f 1788 1516 1506
f 1516 1517 1506
f 1387 1720 1377
f 1720 1718 1377
f 1723 1720 1388
f 1720 1387 1388
f 1502 1436 1666
f 1436 1665 1666
f 1363 1328 1440
f 1328 1373 1440
f 1781 1435 1502
f 1435 1436 1502
f 1381 1719 1382
f 1719 1753 1382
f 1440 1441 1363
f 1441 1367 1363
f 1441 1434 1367
f 1434 1432 1367
f 1442 1436 1443
f 1436 1435 1443
f 1436 1442 1665
f 1442 1799 1665
f 1383 1442 1439
f 1442 1443 1439
f 1439 1443 1440
f 1443 1441 1440
f 1366 1365 1456
f 1365 1431 1456
f 1511 1431 1796
f 1431 1365 1796
f 1796 1365 1513
f 1365 1371 1513
f 1330 1324 1329
f 1324 1326 1329
f 1324 1325 1326
f 1325 1327 1326
f 1232 1229 1332
f 1229 1329 1332
f 1364 1327 1369
f 1327 1325 1369
f 1369 1433 1364
f 1433 1371 1364
f 1226 1225 1331
f 1225 1333 1331
f 1363 1370 1328
f 1370 1323 1328
f 1367 1368 1363
f 1368 1370 1363
f 1328 1323 1333
f 1323 1331 1333
f 1333 1225 1374
f 1225 1372 1374
f 1393 1372 1337
f 1372 1225 1337
f 1433 1369 1368
f 1367 1432 1368
f 1432 1433 1368
f 1315 1362 1316
f 1362 1356 1316
f 1241 1238 1240
f 1238 1239 1240
f 1231 1234 1230
f 1234 1252 1230
f 1242 1239 1260
f 1239 1259 1260
f 1292 1271 1291
f 1271 1273 1291
f 1229 1232 1671
f 1232 1674 1671
f 1499 1432 1779
f 1432 1434 1779
f 1798 1433 1499
f 1433 1432 1499
f 1394 1398 1452
f 1452 1398 1414
f 1398 1359 1414
f 1507 1462 1792
f 1462 1463 1792
f 1462 1461 1463
f 1461 1455 1463
f 1454 1453 1461
f 1453 1455 1461
f 1456 1430 1366
f 1430 1322 1366
f 1506 1517 1507
f 1517 1462 1507
f 1241 1280 1238
f 1280 1266 1238
f 1427 1416 1425
f 1416 1417 1425
f 1279 1278 1276
f 1278 1275 1276
f 1465 1463 1458
f 1463 1455 1458
f 1243 1233 1242
f 1233 1236 1242
f 1457 1459 1456
f 1459 1430 1456
f 1453 1460 1455
f 1460 1458 1455
f 1420 1419 1426
f 1419 1424 1426
f 1428 1429 1421
f 1429 1422 1421
f 1420 1426 1428
f 1426 1429 1428
f 1429 1425 1422
f 1425 1415 1422
f 1424 1419 1460
f 1419 1459 1460
f 1426 1427 1429
f 1427 1425 1429
f 1423 1424 1453
f 1424 1460 1453
f 1243 1237 1233
f 1237 1235 1233
f 1464 1465 1457
f 1465 1458 1457
f 1460 1459 1458
f 1459 1457 1458
f 1236 1240 1242
f 1240 1239 1242
f 1275 1278 1271
f 1278 1274 1271
f 1510 1464 1511
f 1464 1431 1511
f 1457 1456 1464
f 1456 1431 1464
f 1792 1463 1509
f 1463 1465 1509
f 1509 1465 1510
f 1465 1464 1510
f 1415 1425 1414
f 1425 1417 1414
f 1754 1353 1400
f 1692 1754 1405
f 1269 1268 1270
f 1268 1267 1270
f 1269 1682 1265
f 1682 1680 1265
f 1263 1264 1244
f 1264 1251 1244
f 1282 1296 1289
f 1296 1292 1289
f 1295 1296 1283
f 1296 1282 1283
f 1254 1253 1259
f 1253 1255 1259
f 1293 1294 1285
f 1294 1284 1285
f 1264 1248 1250
f 1248 1249 1250
f 1263 1244 1262
f 1244 1237 1262
f 1227 1230 1250
f 1230 1252 1250
f 1250 1252 1264
f 1252 1251 1264
f 1255 1256 1259
f 1256 1260 1259
f 1254 1293 1253
f 1293 1285 1253
f 1254 1238 1293
f 1238 1266 1293
f 1239 1238 1259
f 1238 1254 1259
f 1261 1262 1243
f 1262 1237 1243
f 1277 1276 1294
f 1276 1295 1294
f 1266 1277 1293
f 1277 1294 1293
f 1291 1290 1288
f 1290 1287 1288
f 1289 1292 1288
f 1292 1291 1288
f 1275 1271 1296
f 1271 1292 1296
f 1247 1248 1263
f 1248 1264 1263
f 1290 1268 1265
f 1268 1269 1265
f 1291 1273 1290
f 1273 1268 1290
f 1276 1275 1295
f 1275 1296 1295
f 1243 1242 1261
f 1242 1260 1261
f 1294 1295 1284
f 1295 1283 1284
f 1260 1256 1261
f 1256 1257 1261
f 1227 1250 1224
f 1250 1249 1224
f 1228 1673 1226
f 1673 1672 1226
f 1225 1226 1337
f 1226 1672 1337
f 1356 1360 1358
f 1360 1361 1358
f 1337 1672 1336
f 1672 1686 1336
f 1317 1358 1318
f 1358 1357 1318
f 1359 1357 1361
f 1357 1358 1361
f 1265 1680 1286
f 1680 1684 1286
f 1399 1800 1410
f 1800 1712 1410
f 1522 1520 1450
f 1520 1448 1450
f 1445 1447 1399
f 1447 1444 1399
f 1418 1450 1416
f 1450 1449 1416
f 1397 1318 1413
f 1318 1357 1413
f 1692 1405 1691
f 1405 1402 1691
f 1410 1712 1401
f 1712 1713 1401
f 1877 1876 1534
f 1445 1399 1394
f 1357 1359 1413
f 1359 1398 1413
f 1524 1802 1519
f 1802 1801 1519
f 1520 1519 1448
f 1519 1446 1448
f 1416 1449 1417
f 1449 1451 1417
f 1414 1417 1452
f 1417 1451 1452
f 1449 1447 1451
f 1447 1445 1451
f 1515 1668 1524
f 1668 1802 1524
f 1451 1445 1452
f 1445 1394 1452
f 1519 1801 1446
f 1801 1800 1446
f 1516 1515 1523
f 1515 1524 1523
f 1523 1524 1520
f 1524 1519 1520
f 1449 1450 1447
f 1450 1448 1447
f 1447 1448 1444
f 1448 1446 1444
f 1525 1523 1522
f 1523 1520 1522
f 1522 1450 1454
f 1450 1418 1454
f 1517 1516 1525
f 1516 1523 1525
f 1517 1525 1462
f 1525 1461 1462
f 1461 1525 1454
f 1525 1522 1454
f 1411 1518 1384
f 1518 1670 1384
f 1536 1412 1378
f 1412 1385 1378
f 1807 1808 1351
f 1808 1352 1351
f 1348 1806 1350
f 1806 1807 1350
f 1384 1385 1411
f 1385 1412 1411
f 1536 1814 1412
f 1814 1406 1412
f 1817 1816 1555
f 1816 1554 1555
f 1813 1535 1551
f 1535 1550 1551
f 1347 1528 1348
f 1528 1806 1348
f 1541 1340 1339
f 1805 1527 1544
f 1527 1543 1544
f 1815 1537 1553
f 1537 1552 1553
f 1378 1376 1536
f 1376 1812 1536
f 1529 1805 1545
f 1805 1544 1545
f 1541 1804 1340
f 1804 1341 1340
f 1335 1334 1809
f 1334 1808 1809
f 1526 1818 1542
f 1818 1556 1542
f 1376 1375 1812
f 1375 1811 1812
f 1804 1803 1343
f 1803 1342 1343
f 1531 1530 1547
f 1530 1546 1547
f 1343 1341 1804
f 1810 1532 1549
f 1532 1548 1549
f 1375 1391 1811
f 1391 1533 1811
f 1391 1335 1533
f 1335 1809 1533
f 1885 1313 1884
f 1537 1813 1552
f 1813 1551 1552
f 1345 1342 1803
f 1539 1540 1408
f 1540 1338 1408
f 1818 1817 1556
f 1817 1555 1556
f 1344 1803 1346
f 1803 1528 1346
f 1816 1815 1554
f 1815 1553 1554
f 1518 1521 1670
f 1521 1669 1670
f 1808 1334 1352
f 1538 1539 1407
f 1539 1408 1407
f 1807 1351 1349
f 1406 1814 1407
f 1814 1538 1407
f 1532 1531 1548
f 1531 1547 1548
f 1347 1346 1528
f 1344 1345 1803
f 1527 1526 1543
f 1526 1542 1543
f 1540 1541 1338
f 1541 1339 1338
f 1350 1807 1349
f 1530 1529 1546
f 1529 1545 1546
f 1320 1420 1428
f 1320 1430 1419
f 1430 1459 1419
f 1428 1421 1320
f 1421 1355 1320
f 1320 1419 1420
f 1355 1362 1320
f 1362 1321 1320
f 1557 1241 1240
f 1557 1281 1280
f 1279 1281 1557
f 1279 1557 1278
f 1278 1557 1274
f 1274 1557 1272
f 1272 1557 1267
f 1267 1557 1270
f 1557 1240 1236
f 1231 1557 1234
f 1557 1236 1233
f 1234 1557 1245
f 1557 1233 1235
f 1245 1557 1246
f 1246 1557 1235
f 1557 1280 1241
f 1834 1560 1835
f 1560 1564 1835
f 1618 1559 1619
f 1559 1563 1619
f 1559 1558 1563
f 1558 1562 1563
f 1835 1564 1838
f 1564 1568 1838
f 1619 1563 1620
f 1563 1567 1620
f 1563 1562 1567
f 1562 1566 1567
f 1838 1568 1840
f 1568 1572 1840
f 1620 1567 1621
f 1567 1571 1621
f 1567 1566 1571
f 1566 1570 1571
f 1840 1572 1842
f 1572 1576 1842
f 1621 1571 1622
f 1571 1575 1622
f 1571 1570 1575
f 1570 1574 1575
f 1842 1576 1844
f 1576 1580 1844
f 1622 1575 1623
f 1575 1579 1623
f 1575 1574 1579
f 1574 1578 1579
f 1844 1580 1846
f 1580 1584 1846
f 1623 1579 1624
f 1579 1583 1624
f 1579 1578 1583
f 1578 1582 1583
f 1846 1584 1848
f 1584 1588 1848
f 1624 1583 1625
f 1583 1587 1625
f 1583 1582 1587
f 1582 1586 1587
f 1848 1588 1850
f 1588 1592 1850
f 1625 1587 1626
f 1587 1591 1626
f 1587 1586 1591
f 1586 1590 1591
f 1850 1592 1852
f 1592 1596 1852
f 1626 1591 1627
f 1591 1595 1627
f 1591 1590 1595
f 1590 1594 1595
f 1852 1596 1854
f 1596 1600 1854
f 1627 1595 1628
f 1595 1599 1628
f 1595 1594 1599
f 1594 1598 1599
f 1854 1600 1605
f 1600 1604 1605
f 1628 1599 1629
f 1599 1603 1629
f 1599 1598 1603
f 1598 1602 1603
f 1693 1751 1882
f 1751 1861 1882
f 1693 1882 1313
f 1535 1534 1893
f 1732 1300 1859
f 1300 1879 1859
f 1810 1549 1894
f 1894 1877 1810
f 1609 1608 1863
f 1608 1612 1863
f 1630 1607 1631
f 1607 1611 1631
f 1607 1606 1611
f 1606 1610 1611
f 1863 1612 1866
f 1612 1616 1866
f 1631 1611 1632
f 1611 1615 1632
f 1611 1610 1615
f 1610 1614 1615
f 1866 1616 1834
f 1616 1560 1834
f 1632 1615 1618
f 1615 1559 1618
f 1615 1614 1559
f 1614 1558 1559
f 1589 1593 1214
f 1593 1213 1214
f 1221 1561 1220
f 1561 1565 1220
f 1215 1216 1585
f 1216 1581 1585
f 1213 1593 1212
f 1593 1597 1212
f 1601 1211 1597
f 1211 1212 1597
f 1617 1561 1222
f 1561 1221 1222
f 1549 1874 1894
f 1577 1217 1573
f 1217 1218 1573
f 1892 1870 1550
f 1573 1218 1569
f 1218 1219 1569
f 1617 1222 1613
f 1222 1223 1613
f 1569 1219 1565
f 1219 1220 1565
f 1810 1877 1534
f 1585 1589 1215
f 1589 1214 1215
f 1577 1581 1217
f 1581 1216 1217
f 1616 1632 1560
f 1632 1618 1560
f 1612 1631 1616
f 1631 1632 1616
f 1608 1630 1612
f 1630 1631 1612
f 1826 1871 1857
f 1871 1868 1857
f 1864 1872 1827
f 1872 1875 1827
f 1600 1628 1604
f 1628 1629 1604
f 1596 1627 1600
f 1627 1628 1600
f 1592 1626 1596
f 1626 1627 1596
f 1588 1625 1592
f 1625 1626 1592
f 1584 1624 1588
f 1624 1625 1588
f 1580 1623 1584
f 1623 1624 1584
f 1576 1622 1580
f 1622 1623 1580
f 1572 1621 1576
f 1621 1622 1576
f 1568 1620 1572
f 1620 1621 1572
f 1564 1619 1568
f 1619 1620 1568
f 1560 1618 1564
f 1618 1619 1564
f 1856 1880 1860
f 1862 1858 1901
f 1878 1879 1299
f 1884 1313 1883
f 1886 1299 1700
f 1299 1879 1300
f 1700 1299 1699
f 1299 1298 1699
f 1299 1886 1878
f 1883 1313 1882
f 1313 1885 1298
f 1885 1699 1298
f 1604 1887 1605
f 1887 1881 1605
f 1629 1888 1604
f 1888 1887 1604
f 1603 1889 1629
f 1889 1888 1629
f 1602 1890 1603
f 1890 1889 1603
f 1890 1602 1891
f 1602 1869 1891
f 1873 1606 1895
f 1895 1606 1896
f 1607 1897 1606
f 1897 1896 1606
f 1630 1898 1607
f 1898 1897 1607
f 1608 1899 1630
f 1899 1898 1630
f 1609 1900 1608
f 1900 1899 1608
f 1638 1637 1654
f 1637 1653 1654
f 1639 1638 1655
f 1638 1654 1655
f 1637 1636 1653
f 1636 1652 1653
f 1640 1639 1656
f 1639 1655 1656
f 1642 1641 1660
f 1641 1659 1660
f 1635 1634 1649
f 1634 1648 1649
f 1650 1651 1649
f 1649 1651 1635
f 1636 1635 1652
f 1635 1651 1652
f 1641 1640 1657
f 1640 1656 1657
f 1658 1659 1657
f 1659 1641 1657
f 1642 1660 1661
f 1642 1662 1643
f 1662 1663 1643
f 1644 1645 1633
f 1645 1634 1633
f 1662 1642 1661
f 1663 1664 1643
f 1634 1645 1646
f 1648 1634 1647
f 1634 1646 1647
f 1336 1686 1724
f 1686 1224 1724
f 1684 1353 1286
f 1353 1754 1286
f 1669 1521 1437
f 1521 1903 1437
f 1784 1902 1787
f 1902 1437 1787
f 1786 1668 1789
f 1668 1515 1789
f 1438 1669 1902
f 1669 1437 1902
f 1670 1669 1384
f 1669 1438 1384
f 1800 1399 1446
f 1399 1444 1446
f 1672 1673 1686
f 1673 1688 1686
f 1673 1671 1688
f 1671 1685 1688
f 1677 1676 1316
f 1676 1315 1316
f 1675 1674 1314
f 1674 1232 1314
f 1674 1679 1681
f 1685 1671 1674
f 1681 1687 1685
f 1674 1681 1685
f 1678 1677 1317
f 1677 1316 1317
f 1675 1676 1683
f 1676 1682 1683
f 1675 1683 1679
f 1680 1682 1677
f 1682 1676 1677
f 1679 1674 1675
f 1684 1680 1678
f 1680 1677 1678
f 1678 1354 1684
f 1354 1353 1684
f 1683 1682 1270
f 1682 1269 1270
f 1687 1681 1679
f 1679 1557 1231
f 1679 1231 1687
f 1679 1683 1557
f 1683 1270 1557
f 1686 1688 1224
f 1688 1227 1224
f 1685 1687 1230
f 1687 1231 1230
f 1688 1685 1227
f 1685 1230 1227
f 1667 1504 1487
f 1504 1488 1487
f 1487 1783 1503
o Part.4
v 10.552 3.172 1.831
v 10.532 3.117 1.881
v 10.514 3.216 1.781
v 10.405 3.475 2.156
v 10.389 3.413 2.198
v 10.371 3.512 2.098
v 10.101 3.7 2.431
v 10.092 3.633 2.467
v 10.074 3.731 2.367
v 9.685 3.813 2.615
v 9.686 3.743 2.646
v 9.669 3.841 2.546
v 9.959 2.271 1.046
v 9.954 2.238 1.115
v 9.936 2.337 1.015
v 10.311 2.52 1.23
v 10.297 2.482 1.295
v 10.279 2.58 1.195
v 10.519 2.836 1.505
v 10.5 2.79 1.563
v 10.482 2.889 1.464
v 10.138 1.051 2.406
v 10.46 1.28 2.576
v 10.65 1.57 2.829
v 10.681 1.877 3.126
v 10.546 2.155 3.424
v 10.267 2.361 3.677
v 9.886 2.465 3.846
v 9.214 5.232 -1.261
v 9.4 5.365 -1.164
v 9.511 5.532 -1.017
v 9.528 5.711 -0.845
v 9.45 5.872 -0.672
v 9.289 5.991 -0.526
v 9.068 6.051 -0.428
v 9.799 4.993 -1.191
v 9.477 4.764 -1.36
v 9.225 6.178 0.079
v 9.606 6.074 -0.089
v 9.885 5.868 -0.342
v 10.019 5.59 -0.641
v 9.989 5.283 -0.938
v 10.22 2.627 1.207
v 9.646 3.812 2.477
v 10.306 3.503 2.056
v 10.41 2.917 1.46
v 9.898 2.398 1.038
v 10.027 3.708 2.308
v 10.441 3.224 1.757
v 10.245 2.487 1.349
v 9.671 3.671 2.62
v 10.331 3.362 2.198
v 10.435 2.776 1.602
v 9.923 2.258 1.181
v 10.052 3.568 2.451
v 10.466 3.084 1.9
v 10.431 -0.633 3.217
v 10.835 -0.702 3.297
v 11.2 -0.861 3.424
v 11.501 -1.098 3.589
v 11.716 -1.4 3.781
v 11.833 -1.743 3.988
v 11.836 -2.072 4.254
v 11.881 -2.327 4.578
v 10.528 0.15 2.783
v 11.16 0.042 2.907
v 11.73 -0.206 3.106
v 12.2 -0.578 3.364
v 12.537 -1.048 3.665
v 12.719 -1.586 3.988
v 12.721 -2.082 4.435
v 11.911 -2.494 6.373
v 12.279 -0.308 8.297
v 12.349 0.01 8.124
v 12.334 0.576 7.801
v 12.152 1.114 7.478
v 11.815 1.584 7.177
v 11.345 1.956 6.918
v 10.775 2.204 6.72
v 10.143 2.312 6.595
v 11.516 -0.273 8.2
v 11.457 0.056 8.007
v 11.448 0.419 7.801
v 11.331 0.762 7.594
v 11.116 1.064 7.401
v 10.815 1.301 7.236
v 10.45 1.46 7.11
v 10.046 1.529 7.03
v 12.124 -0.649 8.475
v 11.929 -2.594 5.209
v 11.599 -0.743 8.475
v 12.086 -2.584 6.087
v 11.932 -2.611 6.087
v 10.275 0.89 2.224
v 10.679 1.178 2.436
v 10.918 1.54 2.753
v 10.956 1.926 3.126
v 10.788 2.275 3.5
v 10.438 2.535 3.817
v 10.968 1.118 4.804
v 10.499 2.231 4.126
v 10.24 2.585 3.899
v 10.337 1.225 4.68
v 10.407 0.205 2.886
v 10.852 0.323 3.271
v 11.136 0.501 3.787
v 11.209 0.734 4.337
v 11.045 1.051 4.765
v 12.634 -2.297 4.792
v 12.455 -2.501 5.209
v 11.981 -2.482 6.373
v 11.713 -1.381 8.337
v 11.636 -0.946 8.554
v 11.693 -1.269 8.466
v 11.666 -1.116 8.543
v 11.784 -1.368 8.337
v 11.857 -1.082 8.543
v 11.795 -1.251 8.466
v 11.94 -2.655 5.604
v 12.28 -2.595 5.604
v 11.939 -2.65 5.816
v 12.186 -2.606 5.816
v 11.959 -0.889 8.554
v 9.341 5.083 -1.431
v 9.453 4.862 -1.439
v 9.412 4.967 -1.475
v 9.603 5.27 -1.293
v 9.77 5.088 -1.273
v 9.712 5.18 -1.318
v 9.758 5.506 -1.088
v 9.957 5.373 -1.024
v 9.891 5.451 -1.082
v 9.783 5.757 -0.845
v 9.988 5.676 -0.731
v 9.919 5.738 -0.803
v 9.673 5.982 -0.602
v 9.855 5.95 -0.437
v 9.793 5.998 -0.526
v 9.446 6.151 -0.396
v 9.58 6.153 -0.187
v 9.533 6.19 -0.29
v 9.136 6.235 -0.259
v 9.205 6.255 -0.021
v 9.177 6.287 -0.132
v 8.189 2.751 1.831
v 8.226 2.706 1.881
v 8.209 2.806 1.781
v 8.222 3.086 2.156
v 8.258 3.034 2.198
v 8.241 3.132 2.098
v 8.429 3.402 2.431
v 8.461 3.343 2.467
v 8.444 3.441 2.367
v 8.781 3.652 2.615
v 8.804 3.586 2.646
v 8.786 3.684 2.546
v 9.056 2.11 1.046
v 9.072 2.081 1.115
v 9.054 2.18 1.015
v 8.64 2.222 1.23
v 8.666 2.191 1.295
v 8.649 2.29 1.195
v 8.335 2.448 1.505
v 8.369 2.41 1.563
v 8.352 2.509 1.464
v 9.309 0.904 2.406
v 8.928 1.007 2.576
v 8.65 1.214 2.829
v 8.515 1.491 3.126
v 8.545 1.799 3.424
v 8.736 2.088 3.677
v 9.057 2.317 3.846
v 8.733 5.147 -1.261
v 8.512 5.206 -1.164
v 8.351 5.326 -1.017
v 8.273 5.488 -0.845
v 8.29 5.665 -0.672
v 8.401 5.833 -0.526
v 8.587 5.966 -0.428
v 8.267 4.72 -1.191
v 8.648 4.617 -1.36
v 8.396 6.03 0.079
v 8.074 5.802 -0.089
v 7.884 5.512 -0.342
v 7.853 5.204 -0.641
v 7.988 4.926 -0.938
v 8.688 2.354 1.208
v 8.817 3.665 2.477
v 8.305 3.146 2.056
v 8.41 2.561 1.46
v 9.069 2.251 1.038
v 8.496 3.436 2.308
v 8.275 2.839 1.757
v 8.713 2.214 1.349
v 8.842 3.524 2.62
v 8.33 3.006 2.198
v 8.435 2.42 1.602
v 9.094 2.111 1.181
v 8.521 3.295 2.451
v 8.3 2.698 1.9
v 9.616 -0.778 3.217
v 9.26 -0.983 3.297
v 8.973 -1.257 3.424
v 8.772 -1.584 3.589
v 8.674 -1.942 3.781
v 8.683 -2.304 3.988
v 8.794 -2.614 4.254
v 8.839 -2.869 4.578
v 9.254 -0.077 2.783
v 8.699 -0.396 2.907
v 8.249 -0.826 3.106
v 7.937 -1.337 3.364
v 7.782 -1.895 3.665
v 7.797 -2.462 3.988
v 7.966 -2.929 4.435
v 8.869 -3.036 6.373
v 7.77 -1.111 8.297
v 7.594 -0.837 8.124
v 7.412 -0.3 7.801
v 7.397 0.267 7.478
v 7.552 0.825 7.177
v 7.864 1.336 6.918
v 8.314 1.766 6.72
v 8.869 2.085 6.595
v 8.474 -0.815 8.2
v 8.415 -0.486 8.007
v 8.298 -0.142 7.801
v 8.289 0.22 7.594
v 8.387 0.578 7.402
v 8.588 0.905 7.236
v 8.875 1.179 7.11
v 9.231 1.384 7.03
v 8.032 -1.378 8.475
v 8.887 -3.136 5.209
v 8.557 -1.284 8.475
v 8.736 -3.18 6.087
v 8.89 -3.153 6.087
v 9.236 0.705 2.224
v 8.758 0.835 2.436
v 8.408 1.093 2.753
v 8.239 1.442 3.126
v 8.277 1.828 3.5
v 8.516 2.192 3.817
v 8.507 0.68 4.804
v 8.563 1.887 4.126
v 8.684 2.308 3.899
v 9.063 0.999 4.68
v 9.349 0.017 2.886
v 8.891 -0.026 3.271
v 8.562 0.043 3.787
v 8.413 0.236 4.337
v 8.458 0.59 4.765
v 8.123 -3.1 4.792
v 8.361 -3.23 5.209
v 8.799 -3.049 6.373
v 8.671 -1.923 8.337
v 8.593 -1.488 8.554
v 8.651 -1.811 8.466
v 8.624 -1.658 8.543
v 8.6 -1.935 8.337
v 8.433 -1.692 8.543
v 8.548 -1.829 8.466
v 8.898 -3.197 5.604
v 8.558 -3.258 5.604
v 8.897 -3.192 5.816
v 8.65 -3.236 5.816
v 8.27 -1.546 8.554
v 9.222 3.796 2.68
v 9.234 3.726 2.71
v 9.217 3.825 2.609
v 9.519 2.127 0.982
v 9.524 2.097 1.052
v 9.506 2.197 0.952
v 9.734 0.919 2.348
v 8.822 6.042 -0.394
v 8.979 5.156 -1.296
v 9.073 4.632 -1.419
v 8.8 6.162 0.138
v 8.9 5.6 -0.845
v 9.494 2.267 0.979
v 9.222 3.796 2.537
v 9.519 2.126 1.122
v 9.247 3.656 2.679
v 10.015 -0.659 3.189
v 9.493 2.271 6.553
v 9.63 1.503 7.002
v 9.769 0.725 2.149
v 9.462 2.446 3.899
v 9.687 1.185 4.637
v 9.878 0.109 2.74
v 8.665 4.963 -1.431
v 8.636 4.717 -1.439
v 8.638 4.829 -1.475
v 8.355 5.048 -1.293
v 8.261 4.819 -1.273
v 8.283 4.926 -1.318
v 8.128 5.215 -1.088
v 7.986 5.022 -1.024
v 8.022 5.118 -1.082
v 8.018 5.442 -0.845
v 7.853 5.296 -0.731
v 7.897 5.378 -0.803
v 8.043 5.692 -0.602
v 7.884 5.599 -0.437
v 7.925 5.665 -0.526
v 8.198 5.929 -0.396
v 8.072 5.884 -0.187
v 8.103 5.936 -0.29
v 8.46 6.115 -0.259
v 8.388 6.11 -0.021
v 8.403 6.149 -0.132
v 8.79 6.222 -0.21
v 8.786 6.24 0.036
v 8.781 6.273 -0.076
v 9.055 4.732 -1.498
v 9.011 4.976 -1.479
v 9.035 4.844 -1.53
v 10.138 1.051 2.406
v 9.734 0.919 2.348
v 10.46 1.28 2.576
v 10.65 1.57 2.829
v 10.681 1.877 3.126
v 10.546 2.155 3.424
v 10.267 2.361 3.677
v 9.886 2.465 3.846
v 9.898 2.398 1.038
v 10.22 2.627 1.207
v 10.027 3.708 2.308
v 9.646 3.812 2.477
v 10.441 3.224 1.757
v 10.306 3.503 2.056
v 10.41 2.917 1.46
v 9.494 2.267 0.979
v 9.222 3.796 2.537
v 10.435 2.776 1.602
v 10.466 3.084 1.9
v 10.331 3.362 2.198
v 10.052 3.568 2.451
v 9.671 3.671 2.62
v 9.247 3.656 2.679
v 9.519 2.126 1.122
v 9.923 2.258 1.181
v 10.245 2.487 1.349
v 10.015 -0.659 3.189
v 10.431 -0.633 3.217
v 10.835 -0.702 3.297
v 11.2 -0.861 3.424
v 11.501 -1.098 3.589
v 11.716 -1.4 3.781
v 11.833 -1.743 3.988
v 11.836 -2.072 4.254
v 11.836 -2.072 4.254
v 11.881 -2.327 4.578
v 10.528 0.15 2.783
v 11.16 0.042 2.907
v 11.73 -0.206 3.106
v 12.2 -0.578 3.364
v 12.537 -1.048 3.665
v 12.719 -1.586 3.988
v 12.721 -2.082 4.435
v 12.279 -0.308 8.297
v 12.349 0.01 8.124
v 12.334 0.576 7.801
v 12.152 1.114 7.478
v 11.815 1.584 7.177
v 11.345 1.956 6.918
v 10.775 2.204 6.72
v 10.143 2.312 6.595
v 10.852 0.323 3.271
v 10.407 0.205 2.886
v 9.493 2.271 6.553
v 11.516 -0.273 8.2
v 11.457 0.056 8.007
v 11.457 0.056 8.007
v 11.448 0.419 7.801
v 11.331 0.762 7.594
v 11.116 1.064 7.401
v 10.815 1.301 7.236
v 10.45 1.46 7.11
v 10.046 1.529 7.03
v 9.63 1.503 7.002
v 12.124 -0.649 8.475
v 11.929 -2.594 5.209
v 11.599 -0.743 8.475
v 11.981 -2.482 6.373
v 12.086 -2.584 6.087
v 12.634 -2.297 4.792
v 11.911 -2.494 6.373
v 11.932 -2.611 6.087
v 11.939 -2.65 5.816
v 10.275 0.89 2.224
v 9.769 0.725 2.149
v 10.679 1.178 2.436
v 10.918 1.54 2.753
v 10.956 1.926 3.126
v 10.788 2.275 3.5
v 10.438 2.535 3.817
v 9.462 2.446 3.899
v 9.462 2.446 3.899
v 9.462 2.446 3.899
v 10.24 2.585 3.899
v 10.24 2.585 3.899
v 10.499 2.231 4.126
v 9.687 1.185 4.637
v 10.337 1.225 4.68
v 9.878 0.109 2.74
v 9.878 0.109 2.74
v 9.878 0.109 2.74
v 11.136 0.501 3.787
v 11.209 0.734 4.337
v 11.045 1.051 4.765
v 10.968 1.118 4.804
v 10.968 1.118 4.804
v 12.455 -2.501 5.209
v 12.186 -2.606 5.816
v 11.693 -1.269 8.466
v 11.713 -1.381 8.337
v 11.784 -1.368 8.337
v 11.795 -1.251 8.466
v 11.666 -1.116 8.543
v 11.857 -1.082 8.543
v 11.94 -2.655 5.604
v 12.28 -2.595 5.604
v 11.636 -0.946 8.554
v 11.959 -0.889 8.554
v 9.309 0.904 2.406
v 8.928 1.007 2.576
v 8.65 1.214 2.829
v 8.515 1.491 3.126
v 8.545 1.799 3.424
v 8.736 2.088 3.677
v 9.057 2.317 3.846
v 9.069 2.251 1.038
v 8.688 2.354 1.208
v 8.496 3.436 2.308
v 8.817 3.665 2.477
v 8.275 2.839 1.757
v 8.305 3.146 2.056
v 8.41 2.561 1.46
v 8.435 2.42 1.602
v 8.3 2.698 1.9
v 8.33 3.006 2.198
v 8.521 3.295 2.451
v 8.842 3.524 2.62
v 9.094 2.111 1.181
v 8.713 2.214 1.349
v 9.616 -0.778 3.217
v 9.26 -0.983 3.297
v 8.973 -1.257 3.424
v 8.772 -1.584 3.589
v 8.674 -1.942 3.781
v 8.683 -2.304 3.988
v 8.794 -2.614 4.254
v 8.794 -2.614 4.254
v 8.839 -2.869 4.578
v 9.254 -0.077 2.783
v 8.699 -0.396 2.907
v 8.249 -0.826 3.106
v 7.937 -1.337 3.364
v 7.782 -1.895 3.665
v 7.797 -2.462 3.988
v 7.966 -2.929 4.435
v 7.77 -1.111 8.297
v 7.594 -0.837 8.124
v 7.412 -0.3 7.801
v 7.397 0.267 7.478
v 7.552 0.825 7.177
v 7.864 1.336 6.918
v 8.314 1.766 6.72
v 8.869 2.085 6.595
v 8.891 -0.026 3.271
v 9.349 0.017 2.886
v 8.474 -0.815 8.2
v 8.415 -0.486 8.007
v 8.415 -0.486 8.007
v 8.298 -0.142 7.801
v 8.289 0.22 7.594
v 8.387 0.578 7.402
v 8.588 0.905 7.236
v 8.875 1.179 7.11
v 9.231 1.384 7.03
v 8.032 -1.378 8.475
v 8.887 -3.136 5.209
v 8.557 -1.284 8.475
v 8.799 -3.049 6.373
v 8.736 -3.18 6.087
v 8.123 -3.1 4.792
v 8.869 -3.036 6.373
v 8.89 -3.153 6.087
v 8.897 -3.192 5.816
v 9.236 0.705 2.224
v 8.758 0.835 2.436
v 8.408 1.093 2.753
v 8.239 1.442 3.126
v 8.277 1.828 3.5
v 8.516 2.192 3.817
v 8.684 2.308 3.899
v 8.684 2.308 3.899
v 8.563 1.887 4.126
v 9.063 0.999 4.68
v 8.562 0.043 3.787
v 8.413 0.236 4.337
v 8.458 0.59 4.765
v 8.507 0.68 4.804
v 8.507 0.68 4.804
v 8.361 -3.23 5.209
v 8.65 -3.236 5.816
v 8.651 -1.811 8.466
v 8.671 -1.923 8.337
v 8.6 -1.935 8.337
v 8.548 -1.829 8.466
v 8.624 -1.658 8.543
v 8.433 -1.692 8.543
v 8.898 -3.197 5.604
v 8.558 -3.258 5.604
v 8.593 -1.488 8.554
v 8.27 -1.546 8.554
usemtl MB_283
s off
f 1904 1905 1922
f 1905 1923 1922
f 1923 1905 2238
f 1905 2239 2238
f 2172 1914 2171
f 1914 1913 2171
f 2233 1906 2235
f 1906 1924 2235
f 1906 1904 1924
f 1904 1922 1924
f 1920 1923 2246
f 1923 2238 2246
f 1912 1910 1909
f 1910 1907 1909
f 1915 1913 1912
f 1913 1910 1912
f 1914 1911 1913
f 1911 1910 1913
f 2229 2230 1918
f 2230 1921 1918
f 2233 2234 1906
f 2234 1909 1906
f 1904 1906 1907
f 1906 1909 1907
f 1921 1919 1918
f 1919 1916 1918
f 1911 1908 1910
f 1908 1907 1910
f 1923 1920 1922
f 1920 1919 1922
f 1924 1922 1921
f 1922 1919 1921
f 2235 1924 2230
f 1924 1921 2230
f 2244 2175 2245
f 2175 1917 2245
f 2241 1911 2242
f 1911 1914 2242
f 2229 1918 2236
f 1918 2176 2236
f 2232 2237 1915
f 2237 2173 1915
f 2242 1914 2243
f 1914 2172 2243
f 2173 2171 1915
f 2171 1913 1915
f 2231 2232 1912
f 2232 1915 1912
f 1917 1920 2245
f 1920 2246 2245
f 2239 1905 2240
f 1905 1908 2240
f 1905 1904 1908
f 1904 1907 1908
f 2240 1908 2241
f 1908 1911 2241
f 2234 2231 1909
f 2231 1912 1909
f 1918 1916 2176
f 1916 2174 2176
f 1917 2175 1916
f 2175 2174 1916
f 1940 2180 2028
f 2180 2218 2028
f 2215 2045 2178
f 2045 1938 2178
f 2042 2039 1937
f 2039 1936 1937
f 2036 2033 1935
f 2033 1934 1935
f 2030 2027 1933
f 2027 1932 1933
f 2045 2042 1938
f 2042 1937 1938
f 2039 2036 1936
f 2036 1935 1936
f 1942 1943 2043
f 1943 2040 2043
f 1944 1945 2037
f 1945 2034 2037
f 2033 2030 1934
f 2030 1933 1934
f 1941 1942 2046
f 1942 2043 2046
f 1943 1944 2040
f 1944 2037 2040
f 1945 1939 2034
f 1939 2031 2034
f 1939 1940 2031
f 1940 2028 2031
f 2181 1941 2216
f 1941 2046 2216
f 1952 1949 1944
f 1949 1945 1944
f 1951 1948 1942
f 1948 1943 1942
f 2184 1947 2181
f 1947 1941 2181
f 1950 2183 1940
f 2183 2180 1940
f 1949 1946 1945
f 1946 1939 1945
f 1948 1952 1943
f 1952 1944 1943
f 1947 1951 1941
f 1951 1942 1941
f 1946 1950 1939
f 1950 1940 1939
f 1938 1937 2182
f 1936 1935 2182
f 1934 1933 2182
f 1932 2179 2182
f 2178 1938 2182
f 1937 1936 2182
f 1935 1934 2182
f 1933 1932 2182
f 2225 2224 1959
f 2224 1956 1959
f 2227 2226 1958
f 2226 1955 1958
f 2221 2222 1957
f 2222 2185 1957
f 2224 2223 1956
f 2223 1953 1956
f 2226 2225 1955
f 2225 1959 1955
f 2228 2227 1954
f 2227 1958 1954
f 2223 2221 1953
f 2221 1957 1953
f 2273 2294 2272
f 2294 2296 2272
f 1960 2257 2249
f 2257 2258 2249
f 2249 2258 2250
f 2258 2259 2250
f 2250 2259 2251
f 2259 2260 2251
f 2251 2260 2252
f 2260 2261 2252
f 2252 2261 2253
f 2261 2262 2253
f 2253 2262 2254
f 2262 2263 2254
f 1974 1973 2265
f 1973 2266 2265
f 1973 1972 2266
f 1972 2267 2266
f 1972 1971 2267
f 1971 2268 2267
f 1971 1970 2268
f 1970 2269 2268
f 1970 1969 2313
f 1969 2009 2313
f 1968 2007 1969
f 2007 2008 1969
f 2294 2273 2295
f 2273 2309 2295
f 2006 2316 2306
f 2255 2256 2276
f 2256 2275 2276
f 1965 1966 2278
f 1966 2277 2278
f 1964 1965 2279
f 1965 2278 2279
f 1963 1964 2280
f 1964 2279 2280
f 1962 1963 2281
f 1963 2280 2281
f 1961 1962 2282
f 1962 2281 2282
f 2248 1961 2283
f 1961 2282 2283
f 2247 2248 2284
f 2248 2283 2284
f 2271 2308 2274
f 2308 2192 2274
f 2270 2315 2271
f 2315 2308 2271
f 2270 2269 2315
f 2269 2314 2315
f 1983 2188 1991
f 2188 2189 1991
f 1982 1983 1990
f 1983 1991 1990
f 1981 1982 1989
f 1982 1990 1989
f 1980 1981 1988
f 1981 1989 1988
f 1979 1980 1987
f 1980 1988 1987
f 1978 1979 1986
f 1979 1987 1986
f 1977 1978 1985
f 1978 1986 1985
f 2264 1977 1984
f 1977 1985 1984
f 2256 2286 2275
f 2286 2287 2275
f 2264 1984 2285
f 1984 1994 2285
f 2289 2322 2288
f 2322 2019 2288
f 2291 2292 2014
f 2292 1995 2014
f 2296 2297 2272
f 2297 2312 2272
f 2314 2269 2313
f 1967 2254 2290
f 2254 2263 2290
f 2306 2005 2307
f 2005 2301 2307
f 2298 2010 2297
f 2010 2312 2297
f 1927 1999 1926
f 1999 1998 1926
f 1998 1997 1926
f 1997 1925 1926
f 1928 2000 1927
f 2000 1999 1927
f 1930 2300 1929
f 2300 2299 1929
f 1928 1929 2000
f 1929 2299 2000
f 2177 1925 2190
f 1925 1997 2190
f 2302 2228 2186
f 2228 1954 2186
f 2187 2310 1960
f 2310 2257 1960
f 2305 2004 2002
f 1931 2303 2304
f 2007 1968 2311
f 1930 1931 2300
f 1931 2304 2300
f 2307 2006 2306
f 2269 1970 2313
f 2008 2009 1969
f 2011 2010 2001
f 2010 2298 2001
f 2001 2002 2004
f 2004 2003 2001
f 2003 2011 2001
f 1967 2290 1993
f 2290 2317 1993
f 2293 2318 2292
f 2318 1995 2292
f 1992 2013 1976
f 2013 2012 1976
f 1974 2265 2012
f 2265 1976 2012
f 2026 2326 1992
f 2326 2013 1992
f 2320 2321 2319
f 2321 2021 2319
f 2319 2021 2323
f 2021 2324 2323
f 2291 2014 2320
f 2014 2321 2320
f 1993 2317 2325
f 2317 2023 2325
f 2285 1994 2328
f 1994 2327 2328
f 2286 2022 2287
f 2022 2016 2287
f 1975 2015 1996
f 2015 2017 1996
f 2025 2020 2289
f 2020 2322 2289
f 1996 2017 2024
f 2017 2018 2024
f 2016 2022 2018
f 2022 2024 2018
f 2323 2324 2327
f 2324 2328 2327
f 2325 2023 2293
f 2023 2318 2293
f 2020 2025 2026
f 2025 2326 2026
f 2220 2219 2029
f 2219 2027 2029
f 2028 2029 2031
f 2029 2032 2031
f 2029 2027 2032
f 2027 2030 2032
f 2031 2032 2034
f 2032 2035 2034
f 2032 2030 2035
f 2030 2033 2035
f 2034 2035 2037
f 2035 2038 2037
f 2035 2033 2038
f 2033 2036 2038
f 2037 2038 2040
f 2038 2041 2040
f 2038 2036 2041
f 2036 2039 2041
f 2040 2041 2043
f 2041 2044 2043
f 2041 2039 2044
f 2039 2042 2044
f 2043 2044 2046
f 2044 2047 2046
f 2044 2042 2047
f 2042 2045 2047
f 2046 2047 2216
f 2047 2217 2216
f 2047 2045 2217
f 2045 2215 2217
f 2027 2219 1932
f 2219 2179 1932
f 1920 1917 1919
f 1917 1916 1919
f 2218 2220 2028
f 2220 2029 2028
f 2048 2066 2049
f 2066 2067 2049
f 2067 2343 2049
f 2343 2344 2049
f 2172 2171 2058
f 2171 2057 2058
f 2340 2342 2050
f 2342 2068 2050
f 2050 2068 2048
f 2068 2066 2048
f 2064 2349 2067
f 2349 2343 2067
f 2056 2053 2054
f 2053 2051 2054
f 2059 2056 2057
f 2056 2054 2057
f 2058 2057 2055
f 2057 2054 2055
f 2336 2062 2337
f 2062 2065 2337
f 2340 2050 2341
f 2050 2053 2341
f 2048 2051 2050
f 2051 2053 2050
f 2065 2062 2063
f 2062 2060 2063
f 2055 2054 2052
f 2054 2051 2052
f 2067 2066 2064
f 2066 2063 2064
f 2068 2065 2066
f 2065 2063 2066
f 2342 2337 2068
f 2337 2065 2068
f 2244 2348 2175
f 2348 2061 2175
f 2346 2347 2055
f 2347 2058 2055
f 2336 2236 2062
f 2236 2176 2062
f 2339 2059 2237
f 2059 2173 2237
f 2347 2243 2058
f 2243 2172 2058
f 2173 2059 2171
f 2059 2057 2171
f 2338 2056 2339
f 2056 2059 2339
f 2061 2348 2064
f 2348 2349 2064
f 2344 2345 2049
f 2345 2052 2049
f 2051 2048 2052
f 2048 2049 2052
f 2345 2346 2052
f 2346 2055 2052
f 2341 2053 2338
f 2053 2056 2338
f 2062 2176 2060
f 2176 2174 2060
f 2061 2060 2175
f 2060 2174 2175
f 2084 2195 2180
f 2195 2218 2180
f 2215 2178 2212
f 2178 2082 2212
f 2209 2081 2206
f 2081 2080 2206
f 2203 2079 2200
f 2079 2078 2200
f 2197 2077 2194
f 2077 2076 2194
f 2212 2082 2209
f 2082 2081 2209
f 2206 2080 2203
f 2080 2079 2203
f 2086 2210 2087
f 2210 2207 2087
f 2088 2204 2089
f 2204 2201 2089
f 2200 2078 2197
f 2078 2077 2197
f 2085 2213 2086
f 2213 2210 2086
f 2087 2207 2088
f 2207 2204 2088
f 2089 2201 2083
f 2201 2198 2083
f 2083 2198 2084
f 2198 2195 2084
f 2181 2216 2085
f 2216 2213 2085
f 2096 2088 2093
f 2088 2089 2093
f 2095 2086 2092
f 2086 2087 2092
f 2184 2181 2091
f 2181 2085 2091
f 2094 2084 2183
f 2084 2180 2183
f 2093 2089 2090
f 2089 2083 2090
f 2092 2087 2096
f 2087 2088 2096
f 2091 2085 2095
f 2085 2086 2095
f 2090 2083 2094
f 2083 2084 2094
f 2082 2182 2081
f 2080 2182 2079
f 2078 2182 2077
f 2076 2182 2179
f 2178 2182 2082
f 2081 2182 2080
f 2079 2182 2078
f 2077 2182 2076
f 2332 2103 2331
f 2103 2100 2331
f 2334 2102 2333
f 2102 2099 2333
f 2329 2101 2222
f 2101 2185 2222
f 2331 2100 2330
f 2100 2097 2330
f 2333 2099 2332
f 2099 2103 2332
f 2335 2098 2334
f 2098 2102 2334
f 2330 2097 2329
f 2097 2101 2329
f 2375 2374 2394
f 2374 2395 2394
f 2104 2351 2359
f 2351 2360 2359
f 2351 2352 2360
f 2352 2361 2360
f 2352 2353 2361
f 2353 2362 2361
f 2353 2354 2362
f 2354 2363 2362
f 2354 2355 2363
f 2355 2364 2363
f 2355 2356 2364
f 2356 2365 2364
f 2118 2367 2117
f 2367 2368 2117
f 2117 2368 2116
f 2368 2369 2116
f 2116 2369 2115
f 2369 2370 2115
f 2115 2370 2114
f 2370 2371 2114
f 2114 2405 2113
f 2405 2153 2113
f 2112 2113 2151
f 2113 2152 2151
f 2394 2295 2375
f 2295 2309 2375
f 2150 2402 2408
f 2357 2377 2358
f 2377 2376 2358
f 2109 2379 2110
f 2379 2378 2110
f 2108 2380 2109
f 2380 2379 2109
f 2107 2381 2108
f 2381 2380 2108
f 2106 2382 2107
f 2382 2381 2107
f 2105 2383 2106
f 2383 2382 2106
f 2350 2384 2105
f 2384 2383 2105
f 2247 2284 2350
f 2284 2384 2350
f 2373 2274 2403
f 2274 2192 2403
f 2372 2373 2407
f 2373 2403 2407
f 2372 2407 2371
f 2407 2406 2371
f 2127 2135 2188
f 2135 2189 2188
f 2126 2134 2127
f 2134 2135 2127
f 2125 2133 2126
f 2133 2134 2126
f 2124 2132 2125
f 2132 2133 2125
f 2123 2131 2124
f 2131 2132 2124
f 2122 2130 2123
f 2130 2131 2123
f 2121 2129 2122
f 2129 2130 2122
f 2366 2128 2121
f 2128 2129 2121
f 2358 2376 2386
f 2376 2387 2386
f 2366 2385 2128
f 2385 2138 2128
f 2389 2388 2414
f 2388 2163 2414
f 2391 2158 2392
f 2158 2139 2392
f 2395 2374 2396
f 2374 2404 2396
f 2406 2405 2371
f 2111 2390 2356
f 2390 2365 2356
f 2402 2307 2149
f 2307 2301 2149
f 2397 2396 2154
f 2396 2404 2154
f 2071 2070 2143
f 2070 2142 2143
f 2142 2070 2141
f 2070 2069 2141
f 2072 2071 2144
f 2071 2143 2144
f 2074 2073 2399
f 2073 2398 2399
f 2072 2144 2073
f 2144 2398 2073
f 2177 2190 2069
f 2190 2141 2069
f 2302 2186 2335
f 2186 2098 2335
f 2187 2104 2310
f 2104 2359 2310
f 2401 2146 2148
f 2075 2400 2191
f 2151 2193 2112
f 2074 2399 2075
f 2399 2400 2075
f 2307 2402 2150
f 2371 2405 2114
f 2152 2113 2153
f 2155 2145 2154
f 2145 2397 2154
f 2145 2148 2146
f 2148 2145 2147
f 2145 2155 2147
f 2111 2137 2390
f 2137 2409 2390
f 2393 2392 2410
f 2392 2139 2410
f 2136 2120 2157
f 2120 2156 2157
f 2118 2156 2367
f 2156 2120 2367
f 2170 2136 2418
f 2136 2157 2418
f 2412 2411 2413
f 2411 2165 2413
f 2411 2415 2165
f 2415 2416 2165
f 2391 2412 2158
f 2412 2413 2158
f 2137 2417 2409
f 2417 2167 2409
f 2385 2420 2138
f 2420 2419 2138
f 2386 2387 2166
f 2387 2160 2166
f 2119 2140 2159
f 2140 2161 2159
f 2169 2389 2164
f 2389 2414 2164
f 2140 2168 2161
f 2168 2162 2161
f 2160 2162 2166
f 2162 2168 2166
f 2415 2419 2416
f 2419 2420 2416
f 2417 2393 2167
f 2393 2410 2167
f 2164 2170 2169
f 2170 2418 2169
f 2220 2196 2219
f 2196 2194 2219
f 2195 2198 2196
f 2198 2199 2196
f 2196 2199 2194
f 2199 2197 2194
f 2198 2201 2199
f 2201 2202 2199
f 2199 2202 2197
f 2202 2200 2197
f 2201 2204 2202
f 2204 2205 2202
f 2202 2205 2200
f 2205 2203 2200
f 2204 2207 2205
f 2207 2208 2205
f 2205 2208 2203
f 2208 2206 2203
f 2207 2210 2208
f 2210 2211 2208
f 2208 2211 2206
f 2211 2209 2206
f 2210 2213 2211
f 2213 2214 2211
f 2211 2214 2209
f 2214 2212 2209
f 2213 2216 2214
f 2216 2217 2214
f 2214 2217 2212
f 2217 2215 2212
f 2194 2076 2219
f 2076 2179 2219
f 2064 2063 2061
f 2063 2060 2061
f 2218 2195 2220
f 2195 2196 2220
o Part.5
v 6.404 -0.02 0.996
v 4.996 -0.02 2.404
v 3.004 -0.02 2.404
v 1.596 -0.02 0.996
v 1.596 4.8 0.996
v 3.004 4.8 2.404
v 4.996 4.8 2.404
v 5.6 4.8 1.794
v 4.801 4.8 1.2
v 4.575 4.8 1.387
v 3.425 4.8 1.387
v 2.613 4.8 0.575
v 1.596 1.8 0.996
v 3.004 1.8 2.404
v 4.996 1.8 2.404
v 6.404 1.8 0.996
v 2.613 -0.02 0.575
v 3.425 -0.02 1.387
v 4.575 -0.02 1.387
v 4.801 -0.02 1.2
v 7 -0.02 3.96
v 7 -2 3.96
v 0.76 -5.909 0.459
v 0.76 -5.649 0.849
v 0.76 -5.259 1.109
v 0.76 -4.8 1.2
v 0.76 -4.341 1.109
v 0.76 -3.951 0.849
v 0.76 -3.691 0.459
v 0.76 -4.8 3.599
v 4.3 -3.691 0.459
v 4.3 -3.951 0.849
v 4.3 -4.341 1.109
v 4.3 -4.8 1.2
v 4.3 -5.259 1.109
v 4.3 -5.649 0.849
v 4.3 -5.909 0.459
v 0.76 -8.276 0.931
v 0.76 -7.916 1.799
v 0.76 -7.345 2.545
v 0.76 -6.599 3.116
v 0.76 -5.731 3.476
v 0.76 -3.869 3.476
v 0.76 -3.001 3.116
v 0.76 -2.255 2.545
v 0.76 -1.684 1.799
v 0.76 -1.324 0.931
v 7 -2 2.213
v 7 -1.684 1.799
v 0.76 -2 2.213
v 7 -1.324 0.931
v -6.404 -0.02 0.996
v -4.996 -0.02 2.404
v -3.004 -0.02 2.404
v -1.596 -0.02 0.996
v -1.596 4.8 0.996
v -3.004 4.8 2.404
v -4.996 4.8 2.404
v -5.6 4.8 1.794
v -4.801 4.8 1.2
v -4.575 4.8 1.387
v -3.425 4.8 1.387
v -2.613 4.8 0.575
v -1.596 1.8 0.996
v -3.004 1.8 2.404
v -4.996 1.8 2.404
v -6.404 1.8 0.996
v -2.613 -0.02 0.575
v -3.425 -0.02 1.387
v -4.575 -0.02 1.387
v -4.801 -0.02 1.2
v -7 -0.02 3.96
v -7 -2 3.96
v -0.76 -5.909 0.459
v -0.76 -5.649 0.849
v -0.76 -5.259 1.109
v -0.76 -4.8 1.2
v -0.76 -4.341 1.109
v -0.76 -3.951 0.849
v -0.76 -3.691 0.459
v -0.76 -4.8 3.599
v 0 -2 3.96
v 0 -0.02 3.96
v -4.3 -3.691 0.459
v -4.3 -3.951 0.849
v -4.3 -4.341 1.109
v -4.3 -4.8 1.2
v -4.3 -5.259 1.109
v -4.3 -5.649 0.849
v -4.3 -5.909 0.459
v -0.76 -8.276 0.931
v -0.76 -7.916 1.799
v -0.76 -7.345 2.545
v -0.76 -6.599 3.116
v -0.76 -5.731 3.476
v -0.76 -3.869 3.476
v -0.76 -3.001 3.116
v -0.76 -2.255 2.545
v -0.76 -1.684 1.799
v -0.76 -1.324 0.931
v -7 -2 2.213
v -7 -1.684 1.799
v -0.76 -2 2.213
v 0 -4.8 3.599
v 0 -8.276 0.931
v 0 -7.916 1.799
v 0 -7.345 2.545
v 0 -6.599 3.116
v 0 -5.731 3.476
v 0 -3.869 3.476
v 0 -3.001 3.116
v 0 -2.255 2.545
v 0 -2 2.213
v -7 -1.324 0.931
v 6.404 -0.02 -0.996
v 4.996 -0.02 -2.404
v 3.004 -0.02 -2.404
v 1.596 -0.02 -0.996
v 1.596 4.8 -0.996
v 3.004 4.8 -2.404
v 4.996 4.8 -2.404
v 5.6 4.8 -1.794
v 4.801 4.8 -1.2
v 4.575 4.8 -1.387
v 3.425 4.8 -1.387
v 2.613 4.8 -0.575
v 1.596 1.8 -0.996
v 3.004 1.8 -2.404
v 4.996 1.8 -2.404
v 6.404 1.8 -0.996
v 2.613 -0.02 -0.575
v 3.425 -0.02 -1.387
v 4.575 -0.02 -1.387
v 4.801 -0.02 -1.2
v 7 -0.02 -3.96
v 7 -2 -3.96
v 4.3 -4.8 0
v 0.76 -6 0
v 0.76 -5.909 -0.459
v 0.76 -5.649 -0.849
v 0.76 -5.259 -1.109
v 0.76 -4.8 -1.2
v 0.76 -4.341 -1.109
v 0.76 -3.951 -0.849
v 0.76 -3.691 -0.459
v 0.76 -3.6 0
v 2.613 -0.02 0
v 1.596 1.8 0
v 2.613 4.8 0
v 1.596 4.8 0
v 1.596 -0.02 0
v 4.801 -0.02 0
v 6.404 1.8 0
v 4.801 4.8 0
v 5.6 4.8 0
v 6.404 -0.02 0
v 0.76 -4.8 -3.599
v 4.3 -3.6 0
v 4.3 -3.691 -0.459
v 4.3 -3.951 -0.849
v 4.3 -4.341 -1.109
v 4.3 -4.8 -1.2
v 4.3 -5.259 -1.109
v 4.3 -5.649 -0.849
v 4.3 -5.909 -0.459
v 4.3 -6 0
v 7 -0.02 0
v 0.76 -8.399 0
v 0.76 -8.276 -0.931
v 0.76 -7.916 -1.799
v 0.76 -7.345 -2.545
v 0.76 -6.599 -3.116
v 0.76 -5.731 -3.476
v 0.76 -3.869 -3.476
v 0.76 -3.001 -3.116
v 0.76 -2.255 -2.545
v 0.76 -1.684 -1.799
v 0.76 -1.324 -0.931
v 0.76 -1.201 0
v 7 -2 -2.213
v 7 -1.684 -1.799
v 0.76 -2 -2.213
v 7 -1.324 -0.931
v 7 -1.201 0
v -6.404 -0.02 -0.996
v -4.996 -0.02 -2.404
v -3.004 -0.02 -2.404
v -1.596 -0.02 -0.996
v -1.596 4.8 -0.996
v -3.004 4.8 -2.404
v -4.996 4.8 -2.404
v -5.6 4.8 -1.794
v -4.801 4.8 -1.2
v -4.575 4.8 -1.387
v -3.425 4.8 -1.387
v -2.613 4.8 -0.575
v -1.596 1.8 -0.996
v -3.004 1.8 -2.404
v -4.996 1.8 -2.404
v -6.404 1.8 -0.996
v -2.613 -0.02 -0.575
v -3.425 -0.02 -1.387
v -4.575 -0.02 -1.387
v -4.801 -0.02 -1.2
v -7 -0.02 -3.96
v -7 -2 -3.96
v 0 -0.02 0
v -4.3 -4.8 0
v -0.76 -6 0
v -0.76 -5.909 -0.459
v -0.76 -5.649 -0.849
v -0.76 -5.259 -1.109
v -0.76 -4.8 -1.2
v -0.76 -4.341 -1.109
v -0.76 -3.951 -0.849
v -0.76 -3.691 -0.459
v -0.76 -3.6 0
v -2.613 -0.02 0
v -1.596 1.8 0
v -2.613 4.8 0
v -1.596 4.8 0
v -1.596 -0.02 0
v -4.801 -0.02 0
v -6.404 1.8 0
v -4.801 4.8 0
v -5.6 4.8 0
v -6.404 -0.02 0
v -0.76 -4.8 -3.599
v 0 -2 -3.96
v 0 -0.02 -3.96
v -4.3 -3.6 0
v -4.3 -3.691 -0.459
v -4.3 -3.951 -0.849
v -4.3 -4.341 -1.109
v -4.3 -4.8 -1.2
v -4.3 -5.259 -1.109
v -4.3 -5.649 -0.849
v -4.3 -5.909 -0.459
v -4.3 -6 0
v -7 -0.02 0
v -0.76 -8.399 0
v -0.76 -8.276 -0.931
v -0.76 -7.916 -1.799
v -0.76 -7.345 -2.545
v -0.76 -6.599 -3.116
v -0.76 -5.731 -3.476
v -0.76 -3.869 -3.476
v -0.76 -3.001 -3.116
v -0.76 -2.255 -2.545
v -0.76 -1.684 -1.799
v -0.76 -1.324 -0.931
v -0.76 -1.201 0
v -7 -2 -2.213
v -7 -1.684 -1.799
v -0.76 -2 -2.213
v 0 -4.8 -3.599
v 0 -8.399 0
v 0 -8.276 -0.931
v 0 -7.916 -1.799
v 0 -7.345 -2.545
v 0 -6.599 -3.116
v 0 -5.731 -3.476
v 0 -3.869 -3.476
v 0 -3.001 -3.116
v 0 -2.255 -2.545
v 0 -2 -2.213
v -7 -1.324 -0.931
v -7 -1.201 0
v 6.404 -0.02 0
v 6.404 -0.02 0.996
v 6.404 -0.02 0.996
v 4.996 -0.02 2.404
v 4.996 -0.02 2.404
v 3.004 -0.02 2.404
v 3.004 -0.02 2.404
v 1.596 -0.02 0.996
v 1.596 -0.02 0.996
v 1.596 4.8 0
v 1.596 4.8 0.996
v 1.596 4.8 0.996
v 3.004 4.8 2.404
v 3.004 4.8 2.404
v 4.996 4.8 2.404
v 4.996 4.8 2.404
v 5.6 4.8 1.794
v 5.6 4.8 1.794
v 4.801 4.8 0
v 4.801 4.8 1.2
v 4.801 4.8 1.2
v 4.575 4.8 1.387
v 4.575 4.8 1.387
v 3.425 4.8 1.387
v 3.425 4.8 1.387
v 2.613 4.8 0.575
v 2.613 4.8 0.575
v 1.596 1.8 0.996
v 3.004 1.8 2.404
v 4.996 1.8 2.404
v 6.404 1.8 0.996
v 6.404 1.8 0.996
v 2.613 -0.02 0.575
v 2.613 -0.02 0.575
v 2.613 -0.02 0
v 3.425 -0.02 1.387
v 3.425 -0.02 1.387
v 4.575 -0.02 1.387
v 4.575 -0.02 1.387
v 4.801 -0.02 1.2
v 4.801 -0.02 1.2
v 7 -0.02 3.96
v 7 -0.02 3.96
v 7 -2 3.96
v 7 -2 3.96
v 0.76 -5.909 0.459
v 0.76 -5.649 0.849
v 0.76 -5.259 1.109
v 0.76 -4.8 1.2
v 0.76 -4.341 1.109
v 0.76 -3.951 0.849
v 0.76 -3.691 0.459
v 0.76 -3.6 0
v 0.76 -7.345 2.545
v 0.76 -7.916 1.799
v 7 -0.02 0
v 4.801 -0.02 0
v 2.613 4.8 0
v 1.596 -0.02 0
v 6.404 1.8 0
v 5.6 4.8 0
v 0.76 -6 0
v 0.76 -6.599 3.116
v 0 -2 3.96
v 0.76 -8.276 0.931
v 0.76 -8.399 0
v 4.3 -3.691 0.459
v 4.3 -3.6 0
v 4.3 -3.951 0.849
v 4.3 -4.341 1.109
v 4.3 -4.8 1.2
v 4.3 -5.259 1.109
v 4.3 -5.649 0.849
v 4.3 -5.909 0.459
v 4.3 -6 0
v 0 -0.02 3.96
v 0.76 -5.731 3.476
v 0.76 -4.8 3.599
v 0.76 -3.869 3.476
v 0.76 -3.001 3.116
v 0.76 -2.255 2.545
v 0.76 -2 2.213
v 0.76 -2 2.213
v 0.76 -2 2.213
v 0.76 -1.684 1.799
v 0.76 -1.324 0.931
v 0.76 -1.201 0
v 7 -1.324 0.931
v 7 -1.201 0
v 7 -2 2.213
v 7 -2 2.213
v 7 -1.684 1.799
v 0 -2 2.213
v -6.404 -0.02 0
v -6.404 -0.02 0.996
v -6.404 -0.02 0.996
v -4.996 -0.02 2.404
v -4.996 -0.02 2.404
v -3.004 -0.02 2.404
v -3.004 -0.02 2.404
v -1.596 -0.02 0.996
v -1.596 -0.02 0.996
v -1.596 4.8 0
v -1.596 4.8 0.996
v -1.596 4.8 0.996
v -3.004 4.8 2.404
v -3.004 4.8 2.404
v -4.996 4.8 2.404
v -4.996 4.8 2.404
v -5.6 4.8 1.794
v -5.6 4.8 1.794
v -4.801 4.8 0
v -4.801 4.8 1.2
v -4.801 4.8 1.2
v -4.575 4.8 1.387
v -4.575 4.8 1.387
v -3.425 4.8 1.387
v -3.425 4.8 1.387
v -2.613 4.8 0.575
v -2.613 4.8 0.575
v -1.596 1.8 0.996
v -3.004 1.8 2.404
v -4.996 1.8 2.404
v -6.404 1.8 0.996
v -6.404 1.8 0.996
v -2.613 -0.02 0.575
v -2.613 -0.02 0.575
v -2.613 -0.02 0
v -3.425 -0.02 1.387
v -3.425 -0.02 1.387
v -4.575 -0.02 1.387
v -4.575 -0.02 1.387
v -4.801 -0.02 1.2
v -4.801 -0.02 1.2
v -7 -0.02 3.96
v -7 -0.02 3.96
v -7 -2 3.96
v -7 -2 3.96
v -0.76 -5.909 0.459
v -0.76 -5.649 0.849
v -0.76 -5.259 1.109
v -0.76 -4.8 1.2
v -0.76 -4.341 1.109
v -0.76 -3.951 0.849
v -0.76 -3.691 0.459
v -0.76 -3.6 0
v -0.76 -7.345 2.545
v -0.76 -7.916 1.799
v -7 -0.02 0
v -4.801 -0.02 0
v -2.613 4.8 0
v -1.596 -0.02 0
v -6.404 1.8 0
v -5.6 4.8 0
v -0.76 -6 0
v -0.76 -6.599 3.116
v -0.76 -8.276 0.931
v -0.76 -8.399 0
v -4.3 -3.691 0.459
v -4.3 -3.6 0
v -4.3 -3.951 0.849
v -4.3 -4.341 1.109
v -4.3 -4.8 1.2
v -4.3 -5.259 1.109
v -4.3 -5.649 0.849
v -4.3 -5.909 0.459
v -4.3 -6 0
v -0.76 -5.731 3.476
v -0.76 -4.8 3.599
v -0.76 -3.869 3.476
v -0.76 -3.001 3.116
v -0.76 -2.255 2.545
v -0.76 -2 2.213
v -0.76 -2 2.213
v -0.76 -2 2.213
v -0.76 -1.684 1.799
v -0.76 -1.324 0.931
v -0.76 -1.201 0
v -7 -1.324 0.931
v -7 -1.201 0
v -7 -2 2.213
v -7 -2 2.213
v -7 -1.684 1.799
v 6.404 -0.02 -0.996
v 6.404 -0.02 -0.996
v 4.996 -0.02 -2.404
v 4.996 -0.02 -2.404
v 3.004 -0.02 -2.404
v 3.004 -0.02 -2.404
v 1.596 -0.02 -0.996
v 1.596 -0.02 -0.996
v 1.596 4.8 -0.996
v 1.596 4.8 -0.996
v 3.004 4.8 -2.404
v 3.004 4.8 -2.404
v 4.996 4.8 -2.404
v 4.996 4.8 -2.404
v 5.6 4.8 -1.794
v 5.6 4.8 -1.794
v 4.801 4.8 -1.2
v 4.801 4.8 -1.2
v 4.575 4.8 -1.387
v 4.575 4.8 -1.387
v 3.425 4.8 -1.387
v 3.425 4.8 -1.387
v 2.613 4.8 -0.575
v 2.613 4.8 -0.575
v 1.596 1.8 -0.996
v 3.004 1.8 -2.404
v 4.996 1.8 -2.404
v 6.404 1.8 -0.996
v 6.404 1.8 -0.996
v 2.613 -0.02 -0.575
v 2.613 -0.02 -0.575
v 3.425 -0.02 -1.387
v 3.425 -0.02 -1.387
v 4.575 -0.02 -1.387
v 4.575 -0.02 -1.387
v 4.801 -0.02 -1.2
v 4.801 -0.02 -1.2
v 7 -0.02 -3.96
v 7 -0.02 -3.96
v 7 -2 -3.96
v 7 -2 -3.96
v 0.76 -5.909 -0.459
v 0.76 -5.649 -0.849
v 0.76 -5.259 -1.109
v 0.76 -4.8 -1.2
v 0.76 -4.341 -1.109
v 0.76 -3.951 -0.849
v 0.76 -3.691 -0.459
v 0.76 -7.345 -2.545
v 0.76 -7.916 -1.799
v 0.76 -6.599 -3.116
v 0 -2 -3.96
v 0.76 -8.276 -0.931
v 4.3 -3.691 -0.459
v 4.3 -3.951 -0.849
v 4.3 -4.341 -1.109
v 4.3 -4.8 -1.2
v 4.3 -5.259 -1.109
v 4.3 -5.649 -0.849
v 4.3 -5.909 -0.459
v 0 -0.02 -3.96
v 0.76 -5.731 -3.476
v 0.76 -4.8 -3.599
v 0.76 -3.869 -3.476
v 0.76 -3.001 -3.116
v 0.76 -2.255 -2.545
v 0.76 -2 -2.213
v 0.76 -2 -2.213
v 0.76 -2 -2.213
v 0.76 -1.684 -1.799
v 0.76 -1.324 -0.931
v 7 -1.324 -0.931
v 7 -2 -2.213
v 7 -2 -2.213
v 7 -1.684 -1.799
v 0 -2 -2.213
v -6.404 -0.02 -0.996
v -6.404 -0.02 -0.996
v -4.996 -0.02 -2.404
v -4.996 -0.02 -2.404
v -3.004 -0.02 -2.404
v -3.004 -0.02 -2.404
v -1.596 -0.02 -0.996
v -1.596 -0.02 -0.996
v -1.596 4.8 -0.996
v -1.596 4.8 -0.996
v -3.004 4.8 -2.404
v -3.004 4.8 -2.404
v -4.996 4.8 -2.404
v -4.996 4.8 -2.404
v -5.6 4.8 -1.794
v -5.6 4.8 -1.794
v -4.801 4.8 -1.2
v -4.801 4.8 -1.2
v -4.575 4.8 -1.387
v -4.575 4.8 -1.387
v -3.425 4.8 -1.387
v -3.425 4.8 -1.387
v -2.613 4.8 -0.575
v -2.613 4.8 -0.575
v -1.596 1.8 -0.996
v -3.004 1.8 -2.404
v -4.996 1.8 -2.404
v -6.404 1.8 -0.996
v -6.404 1.8 -0.996
v -2.613 -0.02 -0.575
v -2.613 -0.02 -0.575
v -3.425 -0.02 -1.387
v -3.425 -0.02 -1.387
v -4.575 -0.02 -1.387
v -4.575 -0.02 -1.387
v -4.801 -0.02 -1.2
v -4.801 -0.02 -1.2
v -7 -0.02 -3.96
v -7 -0.02 -3.96
v -7 -2 -3.96
v -7 -2 -3.96
v -0.76 -5.909 -0.459
v -0.76 -5.649 -0.849
v -0.76 -5.259 -1.109
v -0.76 -4.8 -1.2
v -0.76 -4.341 -1.109
v -0.76 -3.951 -0.849
v -0.76 -3.691 -0.459
v -0.76 -7.345 -2.545
v -0.76 -7.916 -1.799
v -0.76 -6.599 -3.116
v -0.76 -8.276 -0.931
v -4.3 -3.691 -0.459
v -4.3 -3.951 -0.849
v -4.3 -4.341 -1.109
v -4.3 -4.8 -1.2
v -4.3 -5.259 -1.109
v -4.3 -5.649 -0.849
v -4.3 -5.909 -0.459
v -0.76 -5.731 -3.476
v -0.76 -4.8 -3.599
v -0.76 -3.869 -3.476
v -0.76 -3.001 -3.116
v -0.76 -2.255 -2.545
v -0.76 -2 -2.213
v -0.76 -2 -2.213
v -0.76 -2 -2.213
v -0.76 -1.684 -1.799
v -0.76 -1.324 -0.931
v -7 -1.324 -0.931
v -7 -2 -2.213
v -7 -2 -2.213
v -7 -1.684 -1.799
vt 0.954 0.123
vt 0.958 0.123
vt 0.951 0.123
vt 0.958 0.123
vt 0.953 0.123
vt 0.951 0.123
vt 0.954 0.123
vt 0.951 0.123
vt 0.94 0.123
vt 0.951 0.123
vt 0.943 0.123
vt 0.94 0.123
vt 0.93 0.123
vt 0.94 0.123
vt 0.937 0.123
vt 0.94 0.123
vt 0.943 0.123
vt 0.937 0.123
vt 0.93 0.123
vt 0.93 0.123
vt 0.937 0.123
vt 0.93 0.123
vt 0.937 0.123
vt 0.937 0.123
vt 0.94 0.09
vt 0.94 0.102
vt 0.93 0.09
vt 0.94 0.102
vt 0.93 0.102
vt 0.93 0.09
vt 0.94 0.102
vt 0.94 0.123
vt 0.93 0.102
vt 0.94 0.123
vt 0.93 0.123
vt 0.93 0.102
vt 0.94 0.09
vt 0.954 0.09
vt 0.94 0.102
vt 0.954 0.09
vt 0.954 0.102
vt 0.94 0.102
vt 0.94 0.102
vt 0.954 0.102
vt 0.94 0.123
vt 0.954 0.102
vt 0.954 0.123
vt 0.94 0.123
vt 0.964 0.09
vt 0.964 0.102
vt 0.954 0.09
vt 0.964 0.102
vt 0.954 0.102
vt 0.954 0.09
vt 0.964 0.102
vt 0.958 0.123
vt 0.954 0.102
vt 0.958 0.123
vt 0.954 0.123
vt 0.954 0.102
vt 0.964 0.102
vt 0.964 0.09
vt 0.964 0.102
vt 0.964 0.09
vt 0.964 0.09
vt 0.964 0.102
vt 0.964 0.102
vt 0.958 0.123
vt 0.964 0.102
vt 0.958 0.123
vt 0.958 0.123
vt 0.964 0.102
vt 0.937 0.123
vt 0.937 0.123
vt 0.937 0.09
vt 0.937 0.123
vt 0.937 0.09
vt 0.937 0.09
vt 0.937 0.123
vt 0.943 0.123
vt 0.937 0.09
vt 0.943 0.123
vt 0.943 0.09
vt 0.937 0.09
vt 0.951 0.123
vt 0.951 0.09
vt 0.943 0.123
vt 0.951 0.09
vt 0.943 0.09
vt 0.943 0.123
vt 0.951 0.123
vt 0.953 0.123
vt 0.951 0.09
vt 0.953 0.123
vt 0.953 0.09
vt 0.951 0.09
vt 0.949 0.051
vt 0.949 0.053
vt 0.925 0.051
vt 0.949 0.053
vt 0.925 0.053
vt 0.925 0.051
vt 0.949 0.048
vt 0.949 0.049
vt 0.925 0.048
vt 0.949 0.049
vt 0.925 0.049
vt 0.925 0.048
vt 0.949 0.064
vt 0.949 0.065
vt 0.925 0.064
vt 0.949 0.065
vt 0.925 0.065
vt 0.925 0.064
vt 0.949 0.06
vt 0.949 0.062
vt 0.925 0.06
vt 0.949 0.062
vt 0.925 0.062
vt 0.925 0.06
vt 0.949 0.053
vt 0.949 0.057
vt 0.925 0.053
vt 0.949 0.057
vt 0.925 0.057
vt 0.925 0.053
vt 0.949 0.049
vt 0.949 0.051
vt 0.925 0.049
vt 0.949 0.051
vt 0.925 0.051
vt 0.925 0.049
vt 0.949 0.062
vt 0.949 0.064
vt 0.925 0.062
vt 0.949 0.064
vt 0.925 0.064
vt 0.925 0.062
vt 0.949 0.057
vt 0.949 0.06
vt 0.925 0.057
vt 0.949 0.06
vt 0.925 0.06
vt 0.925 0.057
vt 0.949 0.049
vt 0.949 0.048
vt 0.949 0.057
vt 0.949 0.065
vt 0.949 0.064
vt 0.949 0.057
vt 0.949 0.06
vt 0.949 0.057
vt 0.949 0.057
vt 0.937 0.09
vt 0.943 0.09
vt 0.953 0.09
vt 0.949 0.051
vt 0.949 0.049
vt 0.949 0.057
vt 0.953 0.123
vt 0.953 0.123
vt 0.953 0.09
vt 0.953 0.123
vt 0.953 0.09
vt 0.953 0.09
vt 0.958 0.123
vt 0.958 0.123
vt 0.953 0.123
vt 0.958 0.123
vt 0.953 0.123
vt 0.953 0.123
vt 0.93 0.102
vt 0.93 0.123
vt 0.93 0.102
vt 0.93 0.123
vt 0.93 0.123
vt 0.93 0.102
vt 0.93 0.09
vt 0.93 0.102
vt 0.93 0.09
vt 0.93 0.102
vt 0.93 0.102
vt 0.93 0.09
vt 0.949 0.057
vt 0.949 0.053
vt 0.949 0.057
vt 0.949 0.064
vt 0.949 0.062
vt 0.949 0.057
vt 0.949 0.053
vt 0.949 0.051
vt 0.949 0.057
vt 0.949 0.062
vt 0.949 0.06
vt 0.949 0.057
vt 0.953 0.09
vt 0.953 0.09
vt 0.951 0.09
vt 0.725 0.808
vt 0.725 0.871
vt 0.505 0.808
vt 0.725 0.871
vt 0.505 0.871
vt 0.505 0.808
vt 0.953 0.09
vt 0.943 0.09
vt 0.951 0.09
vt 0.937 0.09
vt 0.953 0.09
vt 0.937 0.09
vt 0.954 0.09
vt 0.94 0.09
vt 0.968 0.09
vt 0.954 0.09
vt 0.968 0.09
vt 0.964 0.09
vt 0.964 0.09
vt 0.968 0.09
vt 0.968 0.09
vt 0.94 0.09
vt 0.93 0.09
vt 0.919 0.09
vt 0.964 0.09
vt 0.964 0.09
vt 0.968 0.09
vt 0.94 0.09
vt 0.919 0.09
vt 0.968 0.09
vt 0.919 0.09
vt 0.93 0.09
vt 0.93 0.09
vt 0.93 0.09
vt 0.919 0.09
vt 0.919 0.09
vt 0.925 0.051
vt 0.925 0.053
vt 0.925 0.044
vt 0.925 0.053
vt 0.925 0.05
vt 0.925 0.044
vt 0.925 0.062
vt 0.925 0.064
vt 0.925 0.078
vt 0.925 0.064
vt 0.925 0.081
vt 0.925 0.078
vt 0.925 0.049
vt 0.925 0.035
vt 0.925 0.032
vt 0.925 0.048
vt 0.925 0.049
vt 0.925 0.032
vt 0.925 0.049
vt 0.925 0.032
vt 0.925 0.032
vt 0.925 0.064
vt 0.925 0.065
vt 0.925 0.081
vt 0.925 0.065
vt 0.925 0.082
vt 0.925 0.081
vt 0.925 0.051
vt 0.925 0.044
vt 0.925 0.039
vt 0.925 0.069
vt 0.925 0.063
vt 0.925 0.06
vt 0.925 0.06
vt 0.925 0.063
vt 0.925 0.057
vt 0.925 0.063
vt 0.925 0.057
vt 0.925 0.057
vt 0.925 0.057
vt 0.925 0.05
vt 0.925 0.057
vt 0.925 0.05
vt 0.925 0.053
vt 0.925 0.057
vt 0.925 0.049
vt 0.925 0.051
vt 0.925 0.035
vt 0.925 0.051
vt 0.925 0.039
vt 0.925 0.035
vt 0.925 0.076
vt 0.925 0.074
vt 0.925 0.062
vt 0.925 0.069
vt 0.925 0.06
vt 0.925 0.074
vt 0.925 0.06
vt 0.925 0.062
vt 0.925 0.074
vt 0.529 0.8
vt 0.529 0.808
vt 0.505 0.8
vt 0.529 0.808
vt 0.505 0.808
vt 0.505 0.8
vt 0.925 0.062
vt 0.925 0.078
vt 0.925 0.076
vt 0.968 0.076
vt 0.919 0.076
vt 0.968 0.076
vt 0.919 0.076
vt 0.925 0.076
vt 0.968 0.076
vt 0.529 0.777
vt 0.529 0.8
vt 0.505 0.777
vt 0.529 0.8
vt 0.505 0.8
vt 0.505 0.777
vt 0.529 0.75
vt 0.529 0.777
vt 0.505 0.75
vt 0.529 0.777
vt 0.505 0.777
vt 0.505 0.75
vt 0.529 0.72
vt 0.529 0.75
vt 0.505 0.72
vt 0.529 0.75
vt 0.505 0.75
vt 0.505 0.72
vt 0.529 0.691
vt 0.529 0.72
vt 0.505 0.691
vt 0.529 0.72
vt 0.505 0.72
vt 0.505 0.691
vt 0.529 0.664
vt 0.529 0.691
vt 0.505 0.664
vt 0.529 0.691
vt 0.505 0.691
vt 0.505 0.664
vt 0.529 0.611
vt 0.529 0.622
vt 0.505 0.611
vt 0.529 0.622
vt 0.505 0.622
vt 0.505 0.611
vt 0.529 0.607
vt 0.529 0.611
vt 0.505 0.607
vt 0.529 0.611
vt 0.505 0.611
vt 0.505 0.607
vt 0.529 0.64
vt 0.529 0.664
vt 0.505 0.64
vt 0.529 0.664
vt 0.505 0.664
vt 0.505 0.64
vt 0.529 0.622
vt 0.529 0.64
vt 0.505 0.622
vt 0.529 0.64
vt 0.505 0.64
vt 0.505 0.622
vt 0.919 0.076
vt 0.919 0.076
vt 0.925 0.076
vt 0.925 0.081
vt 0.925 0.082
vt 0.968 0.081
vt 0.925 0.082
vt 0.968 0.082
vt 0.968 0.081
vt 0.925 0.078
vt 0.925 0.081
vt 0.968 0.078
vt 0.925 0.081
vt 0.968 0.081
vt 0.968 0.078
vt 0.925 0.076
vt 0.925 0.078
vt 0.968 0.076
vt 0.925 0.078
vt 0.968 0.078
vt 0.968 0.076
vt 0.812 0.818
vt 0.744 0.871
vt 0.799 0.808
vt 0.839 0.83
vt 0.744 0.871
vt 0.812 0.818
vt 0.868 0.833
vt 0.868 0.871
vt 0.839 0.83
vt 0.744 0.871
vt 0.744 0.808
vt 0.799 0.808
vt 0.868 0.871
vt 0.744 0.871
vt 0.839 0.83
vt 0.885 0.123
vt 0.888 0.123
vt 0.88 0.123
vt 0.888 0.123
vt 0.886 0.123
vt 0.88 0.123
vt 0.885 0.123
vt 0.898 0.123
vt 0.888 0.123
vt 0.898 0.123
vt 0.895 0.123
vt 0.888 0.123
vt 0.908 0.123
vt 0.901 0.123
vt 0.898 0.123
vt 0.901 0.123
vt 0.895 0.123
vt 0.898 0.123
vt 0.908 0.123
vt 0.901 0.123
vt 0.908 0.123
vt 0.901 0.123
vt 0.901 0.123
vt 0.908 0.123
vt 0.898 0.09
vt 0.908 0.09
vt 0.898 0.102
vt 0.908 0.09
vt 0.908 0.102
vt 0.898 0.102
vt 0.898 0.102
vt 0.908 0.102
vt 0.898 0.123
vt 0.908 0.102
vt 0.908 0.123
vt 0.898 0.123
vt 0.898 0.09
vt 0.898 0.102
vt 0.885 0.09
vt 0.898 0.102
vt 0.885 0.102
vt 0.885 0.09
vt 0.898 0.102
vt 0.898 0.123
vt 0.885 0.102
vt 0.898 0.123
vt 0.885 0.123
vt 0.885 0.102
vt 0.875 0.09
vt 0.885 0.09
vt 0.875 0.102
vt 0.885 0.09
vt 0.885 0.102
vt 0.875 0.102
vt 0.875 0.102
vt 0.885 0.102
vt 0.88 0.123
vt 0.885 0.102
vt 0.885 0.123
vt 0.88 0.123
vt 0.875 0.09
vt 0.875 0.09
vt 0.875 0.102
vt 0.875 0.09
vt 0.875 0.102
vt 0.875 0.102
vt 0.875 0.102
vt 0.875 0.102
vt 0.88 0.123
vt 0.875 0.102
vt 0.88 0.123
vt 0.88 0.123
vt 0.901 0.123
vt 0.901 0.09
vt 0.901 0.123
vt 0.901 0.09
vt 0.901 0.09
vt 0.901 0.123
vt 0.901 0.123
vt 0.901 0.09
vt 0.895 0.123
vt 0.901 0.09
vt 0.895 0.09
vt 0.895 0.123
vt 0.888 0.123
vt 0.895 0.123
vt 0.888 0.09
vt 0.895 0.123
vt 0.895 0.09
vt 0.888 0.09
vt 0.888 0.123
vt 0.888 0.09
vt 0.886 0.123
vt 0.888 0.09
vt 0.886 0.09
vt 0.886 0.123
vt 0.889 0.051
vt 0.914 0.051
vt 0.889 0.053
vt 0.914 0.051
vt 0.914 0.053
vt 0.889 0.053
vt 0.889 0.048
vt 0.914 0.048
vt 0.889 0.049
vt 0.914 0.048
vt 0.914 0.049
vt 0.889 0.049
vt 0.889 0.064
vt 0.914 0.064
vt 0.889 0.065
vt 0.914 0.064
vt 0.914 0.065
vt 0.889 0.065
vt 0.889 0.06
vt 0.914 0.06
vt 0.889 0.062
vt 0.914 0.06
vt 0.914 0.062
vt 0.889 0.062
vt 0.889 0.053
vt 0.914 0.053
vt 0.889 0.057
vt 0.914 0.053
vt 0.914 0.057
vt 0.889 0.057
vt 0.889 0.049
vt 0.914 0.049
vt 0.889 0.051
vt 0.914 0.049
vt 0.914 0.051
vt 0.889 0.051
vt 0.889 0.062
vt 0.914 0.062
vt 0.889 0.064
vt 0.914 0.062
vt 0.914 0.064
vt 0.889 0.064
vt 0.889 0.057
vt 0.914 0.057
vt 0.889 0.06
vt 0.914 0.057
vt 0.914 0.06
vt 0.889 0.06
vt 0.889 0.049
vt 0.889 0.057
vt 0.889 0.048
vt 0.889 0.065
vt 0.889 0.057
vt 0.889 0.064
vt 0.889 0.06
vt 0.889 0.057
vt 0.889 0.057
vt 0.901 0.09
vt 0.886 0.09
vt 0.895 0.09
vt 0.889 0.051
vt 0.889 0.057
vt 0.889 0.049
vt 0.886 0.123
vt 0.886 0.09
vt 0.886 0.123
vt 0.886 0.09
vt 0.886 0.09
vt 0.886 0.123
vt 0.88 0.123
vt 0.886 0.123
vt 0.88 0.123
vt 0.886 0.123
vt 0.886 0.123
vt 0.88 0.123
vt 0.908 0.102
vt 0.908 0.102
vt 0.908 0.123
vt 0.908 0.102
vt 0.908 0.123
vt 0.908 0.123
vt 0.908 0.09
vt 0.908 0.09
vt 0.908 0.102
vt 0.908 0.09
vt 0.908 0.102
vt 0.908 0.102
vt 0.889 0.057
vt 0.889 0.057
vt 0.889 0.053
vt 0.889 0.064
vt 0.889 0.057
vt 0.889 0.062
vt 0.889 0.053
vt 0.889 0.057
vt 0.889 0.051
vt 0.889 0.062
vt 0.889 0.057
vt 0.889 0.06
vt 0.886 0.09
vt 0.888 0.09
vt 0.886 0.09
vt 0.285 0.808
vt 0.505 0.808
vt 0.285 0.871
vt 0.505 0.808
vt 0.505 0.871
vt 0.285 0.871
vt 0.886 0.09
vt 0.888 0.09
vt 0.895 0.09
vt 0.901 0.09
vt 0.901 0.09
vt 0.886 0.09
vt 0.885 0.09
vt 0.871 0.09
vt 0.898 0.09
vt 0.885 0.09
vt 0.875 0.09
vt 0.871 0.09
vt 0.875 0.09
vt 0.871 0.09
vt 0.871 0.09
vt 0.898 0.09
vt 0.919 0.09
vt 0.908 0.09
vt 0.875 0.09
vt 0.871 0.09
vt 0.875 0.09
vt 0.898 0.09
vt 0.871 0.09
vt 0.919 0.09
vt 0.919 0.09
vt 0.908 0.09
vt 0.908 0.09
vt 0.908 0.09
vt 0.919 0.09
vt 0.919 0.09
vt 0.914 0.051
vt 0.914 0.044
vt 0.914 0.053
vt 0.914 0.044
vt 0.914 0.05
vt 0.914 0.053
vt 0.914 0.062
vt 0.914 0.078
vt 0.914 0.064
vt 0.914 0.078
vt 0.914 0.081
vt 0.914 0.064
vt 0.914 0.049
vt 0.914 0.032
vt 0.914 0.035
vt 0.914 0.048
vt 0.914 0.032
vt 0.914 0.049
vt 0.914 0.032
vt 0.914 0.032
vt 0.914 0.049
vt 0.914 0.064
vt 0.914 0.081
vt 0.914 0.065
vt 0.914 0.081
vt 0.914 0.082
vt 0.914 0.065
vt 0.914 0.051
vt 0.914 0.039
vt 0.914 0.044
vt 0.914 0.069
vt 0.914 0.06
vt 0.914 0.063
vt 0.914 0.06
vt 0.914 0.057
vt 0.914 0.063
vt 0.914 0.057
vt 0.914 0.057
vt 0.914 0.063
vt 0.914 0.057
vt 0.914 0.057
vt 0.914 0.05
vt 0.914 0.057
vt 0.914 0.053
vt 0.914 0.05
vt 0.914 0.049
vt 0.914 0.035
vt 0.914 0.051
vt 0.914 0.035
vt 0.914 0.039
vt 0.914 0.051
vt 0.914 0.076
vt 0.914 0.062
vt 0.914 0.074
vt 0.914 0.069
vt 0.914 0.074
vt 0.914 0.06
vt 0.914 0.074
vt 0.914 0.062
vt 0.914 0.06
vt 0.481 0.8
vt 0.505 0.8
vt 0.481 0.808
vt 0.505 0.8
vt 0.505 0.808
vt 0.481 0.808
vt 0.914 0.062
vt 0.914 0.076
vt 0.914 0.078
vt 0.871 0.076
vt 0.871 0.076
vt 0.919 0.076
vt 0.871 0.076
vt 0.914 0.076
vt 0.919 0.076
vt 0.481 0.777
vt 0.505 0.777
vt 0.481 0.8
vt 0.505 0.777
vt 0.505 0.8
vt 0.481 0.8
vt 0.481 0.75
vt 0.505 0.75
vt 0.481 0.777
vt 0.505 0.75
vt 0.505 0.777
vt 0.481 0.777
vt 0.481 0.72
vt 0.505 0.72
vt 0.481 0.75
vt 0.505 0.72
vt 0.505 0.75
vt 0.481 0.75
vt 0.481 0.691
vt 0.505 0.691
vt 0.481 0.72
vt 0.505 0.691
vt 0.505 0.72
vt 0.481 0.72
vt 0.481 0.664
vt 0.505 0.664
vt 0.481 0.691
vt 0.505 0.664
vt 0.505 0.691
vt 0.481 0.691
vt 0.481 0.611
vt 0.505 0.611
vt 0.481 0.622
vt 0.505 0.611
vt 0.505 0.622
vt 0.481 0.622
vt 0.481 0.607
vt 0.505 0.607
vt 0.481 0.611
vt 0.505 0.607
vt 0.505 0.611
vt 0.481 0.611
vt 0.481 0.64
vt 0.505 0.64
vt 0.481 0.664
vt 0.505 0.64
vt 0.505 0.664
vt 0.481 0.664
vt 0.481 0.622
vt 0.505 0.622
vt 0.481 0.64
vt 0.505 0.622
vt 0.505 0.64
vt 0.481 0.64
vt 0.919 0.076
vt 0.914 0.076
vt 0.919 0.076
vt 0.914 0.081
vt 0.871 0.081
vt 0.914 0.082
vt 0.871 0.081
vt 0.871 0.082
vt 0.914 0.082
vt 0.914 0.078
vt 0.871 0.078
vt 0.914 0.081
vt 0.871 0.078
vt 0.871 0.081
vt 0.914 0.081
vt 0.914 0.076
vt 0.871 0.076
vt 0.914 0.078
vt 0.871 0.076
vt 0.871 0.078
vt 0.914 0.078
vt 0.194 0.818
vt 0.207 0.808
vt 0.262 0.871
vt 0.167 0.83
vt 0.194 0.818
vt 0.262 0.871
vt 0.137 0.833
vt 0.167 0.83
vt 0.137 0.871
vt 0.262 0.871
vt 0.207 0.808
vt 0.262 0.808
vt 0.137 0.871
vt 0.167 0.83
vt 0.262 0.871
vt 0.954 0.123
vt 0.951 0.123
vt 0.958 0.123
vt 0.951 0.123
vt 0.953 0.123
vt 0.958 0.123
vt 0.954 0.123
vt 0.94 0.123
vt 0.951 0.123
vt 0.94 0.123
vt 0.943 0.123
vt 0.951 0.123
vt 0.93 0.123
vt 0.937 0.123
vt 0.94 0.123
vt 0.937 0.123
vt 0.943 0.123
vt 0.94 0.123
vt 0.93 0.123
vt 0.937 0.123
vt 0.93 0.123
vt 0.937 0.123
vt 0.937 0.123
vt 0.93 0.123
vt 0.94 0.09
vt 0.93 0.09
vt 0.94 0.102
vt 0.93 0.09
vt 0.93 0.102
vt 0.94 0.102
vt 0.94 0.102
vt 0.93 0.102
vt 0.94 0.123
vt 0.93 0.102
vt 0.93 0.123
vt 0.94 0.123
vt 0.94 0.09
vt 0.94 0.102
vt 0.954 0.09
vt 0.94 0.102
vt 0.954 0.102
vt 0.954 0.09
vt 0.94 0.102
vt 0.94 0.123
vt 0.954 0.102
vt 0.94 0.123
vt 0.954 0.123
vt 0.954 0.102
vt 0.964 0.09
vt 0.954 0.09
vt 0.964 0.102
vt 0.954 0.09
vt 0.954 0.102
vt 0.964 0.102
vt 0.964 0.102
vt 0.954 0.102
vt 0.958 0.123
vt 0.954 0.102
vt 0.954 0.123
vt 0.958 0.123
vt 0.964 0.09
vt 0.964 0.09
vt 0.964 0.102
vt 0.964 0.09
vt 0.964 0.102
vt 0.964 0.102
vt 0.964 0.102
vt 0.964 0.102
vt 0.958 0.123
vt 0.964 0.102
vt 0.958 0.123
vt 0.958 0.123
vt 0.937 0.123
vt 0.937 0.09
vt 0.937 0.123
vt 0.937 0.09
vt 0.937 0.09
vt 0.937 0.123
vt 0.937 0.123
vt 0.937 0.09
vt 0.943 0.123
vt 0.937 0.09
vt 0.943 0.09
vt 0.943 0.123
vt 0.951 0.123
vt 0.943 0.123
vt 0.951 0.09
vt 0.943 0.123
vt 0.943 0.09
vt 0.951 0.09
vt 0.951 0.123
vt 0.951 0.09
vt 0.953 0.123
vt 0.951 0.09
vt 0.953 0.09
vt 0.953 0.123
vt 0.949 0.051
vt 0.925 0.051
vt 0.949 0.053
vt 0.925 0.051
vt 0.925 0.053
vt 0.949 0.053
vt 0.949 0.048
vt 0.925 0.048
vt 0.949 0.049
vt 0.925 0.048
vt 0.925 0.049
vt 0.949 0.049
vt 0.949 0.064
vt 0.925 0.064
vt 0.949 0.065
vt 0.925 0.064
vt 0.925 0.065
vt 0.949 0.065
vt 0.949 0.06
vt 0.925 0.06
vt 0.949 0.062
vt 0.925 0.06
vt 0.925 0.062
vt 0.949 0.062
vt 0.949 0.053
vt 0.925 0.053
vt 0.949 0.057
vt 0.925 0.053
vt 0.925 0.057
vt 0.949 0.057
vt 0.949 0.049
vt 0.925 0.049
vt 0.949 0.051
vt 0.925 0.049
vt 0.925 0.051
vt 0.949 0.051
vt 0.949 0.062
vt 0.925 0.062
vt 0.949 0.064
vt 0.925 0.062
vt 0.925 0.064
vt 0.949 0.064
vt 0.949 0.057
vt 0.925 0.057
vt 0.949 0.06
vt 0.925 0.057
vt 0.925 0.06
vt 0.949 0.06
vt 0.949 0.049
vt 0.949 0.057
vt 0.949 0.048
vt 0.949 0.065
vt 0.949 0.057
vt 0.949 0.064
vt 0.949 0.06
vt 0.949 0.057
vt 0.949 0.057
vt 0.937 0.09
vt 0.953 0.09
vt 0.943 0.09
vt 0.949 0.051
vt 0.949 0.057
vt 0.949 0.049
vt 0.953 0.123
vt 0.953 0.09
vt 0.953 0.123
vt 0.953 0.09
vt 0.953 0.09
vt 0.953 0.123
vt 0.958 0.123
vt 0.953 0.123
vt 0.958 0.123
vt 0.953 0.123
vt 0.953 0.123
vt 0.958 0.123
vt 0.93 0.102
vt 0.93 0.102
vt 0.93 0.123
vt 0.93 0.102
vt 0.93 0.123
vt 0.93 0.123
vt 0.93 0.09
vt 0.93 0.09
vt 0.93 0.102
vt 0.93 0.09
vt 0.93 0.102
vt 0.93 0.102
vt 0.949 0.057
vt 0.949 0.057
vt 0.949 0.053
vt 0.949 0.064
vt 0.949 0.057
vt 0.949 0.062
vt 0.949 0.053
vt 0.949 0.057
vt 0.949 0.051
vt 0.949 0.062
vt 0.949 0.057
vt 0.949 0.06
vt 0.953 0.09
vt 0.951 0.09
vt 0.953 0.09
vt 0.285 0.508
vt 0.505 0.508
vt 0.285 0.57
vt 0.505 0.508
vt 0.505 0.57
vt 0.285 0.57
vt 0.953 0.09
vt 0.951 0.09
vt 0.943 0.09
vt 0.937 0.09
vt 0.937 0.09
vt 0.953 0.09
vt 0.954 0.09
vt 0.968 0.09
vt 0.94 0.09
vt 0.954 0.09
vt 0.964 0.09
vt 0.968 0.09
vt 0.964 0.09
vt 0.968 0.09
vt 0.968 0.09
vt 0.94 0.09
vt 0.919 0.09
vt 0.93 0.09
vt 0.964 0.09
vt 0.968 0.09
vt 0.964 0.09
vt 0.94 0.09
vt 0.968 0.09
vt 0.919 0.09
vt 0.919 0.09
vt 0.93 0.09
vt 0.93 0.09
vt 0.93 0.09
vt 0.919 0.09
vt 0.919 0.09
vt 0.925 0.051
vt 0.925 0.044
vt 0.925 0.053
vt 0.925 0.044
vt 0.925 0.05
vt 0.925 0.053
vt 0.925 0.062
vt 0.925 0.078
vt 0.925 0.064
vt 0.925 0.078
vt 0.925 0.081
vt 0.925 0.064
vt 0.925 0.049
vt 0.925 0.032
vt 0.925 0.035
vt 0.925 0.048
vt 0.925 0.032
vt 0.925 0.049
vt 0.925 0.032
vt 0.925 0.032
vt 0.925 0.049
vt 0.925 0.064
vt 0.925 0.081
vt 0.925 0.065
vt 0.925 0.081
vt 0.925 0.082
vt 0.925 0.065
vt 0.925 0.051
vt 0.925 0.039
vt 0.925 0.044
vt 0.925 0.069
vt 0.925 0.06
vt 0.925 0.063
vt 0.925 0.06
vt 0.925 0.057
vt 0.925 0.063
vt 0.925 0.057
vt 0.925 0.057
vt 0.925 0.063
vt 0.925 0.057
vt 0.925 0.057
vt 0.925 0.05
vt 0.925 0.057
vt 0.925 0.053
vt 0.925 0.05
vt 0.925 0.049
vt 0.925 0.035
vt 0.925 0.051
vt 0.925 0.035
vt 0.925 0.039
vt 0.925 0.051
vt 0.925 0.076
vt 0.925 0.062
vt 0.925 0.074
vt 0.925 0.069
vt 0.925 0.074
vt 0.925 0.06
vt 0.925 0.074
vt 0.925 0.062
vt 0.925 0.06
vt 0.481 0.5
vt 0.505 0.5
vt 0.481 0.508
vt 0.505 0.5
vt 0.505 0.508
vt 0.481 0.508
vt 0.925 0.062
vt 0.925 0.076
vt 0.925 0.078
vt 0.968 0.076
vt 0.968 0.076
vt 0.919 0.076
vt 0.968 0.076
vt 0.925 0.076
vt 0.919 0.076
vt 0.481 0.477
vt 0.505 0.477
vt 0.481 0.5
vt 0.505 0.477
vt 0.505 0.5
vt 0.481 0.5
vt 0.481 0.449
vt 0.505 0.449
vt 0.481 0.477
vt 0.505 0.449
vt 0.505 0.477
vt 0.481 0.477
vt 0.481 0.42
vt 0.505 0.42
vt 0.481 0.449
vt 0.505 0.42
vt 0.505 0.449
vt 0.481 0.449
vt 0.481 0.391
vt 0.505 0.391
vt 0.481 0.42
vt 0.505 0.391
vt 0.505 0.42
vt 0.481 0.42
vt 0.481 0.363
vt 0.505 0.363
vt 0.481 0.391
vt 0.505 0.363
vt 0.505 0.391
vt 0.481 0.391
vt 0.481 0.31
vt 0.505 0.31
vt 0.481 0.322
vt 0.505 0.31
vt 0.505 0.322
vt 0.481 0.322
vt 0.481 0.307
vt 0.505 0.307
vt 0.481 0.31
vt 0.505 0.307
vt 0.505 0.31
vt 0.481 0.31
vt 0.481 0.34
vt 0.505 0.34
vt 0.481 0.363
vt 0.505 0.34
vt 0.505 0.363
vt 0.481 0.363
vt 0.481 0.322
vt 0.505 0.322
vt 0.481 0.34
vt 0.505 0.322
vt 0.505 0.34
vt 0.481 0.34
vt 0.919 0.076
vt 0.925 0.076
vt 0.919 0.076
vt 0.925 0.081
vt 0.968 0.081
vt 0.925 0.082
vt 0.968 0.081
vt 0.968 0.082
vt 0.925 0.082
vt 0.925 0.078
vt 0.968 0.078
vt 0.925 0.081
vt 0.968 0.078
vt 0.968 0.081
vt 0.925 0.081
vt 0.925 0.076
vt 0.968 0.076
vt 0.925 0.078
vt 0.968 0.076
vt 0.968 0.078
vt 0.925 0.078
vt 0.925 0.818
vt 0.938 0.808
vt 0.993 0.871
vt 0.898 0.83
vt 0.925 0.818
vt 0.993 0.871
vt 0.868 0.833
vt 0.898 0.83
vt 0.868 0.871
vt 0.993 0.871
vt 0.938 0.808
vt 0.993 0.808
vt 0.868 0.871
vt 0.898 0.83
vt 0.993 0.871
vt 0.885 0.123
vt 0.88 0.123
vt 0.888 0.123
vt 0.88 0.123
vt 0.886 0.123
vt 0.888 0.123
vt 0.885 0.123
vt 0.888 0.123
vt 0.898 0.123
vt 0.888 0.123
vt 0.895 0.123
vt 0.898 0.123
vt 0.908 0.123
vt 0.898 0.123
vt 0.901 0.123
vt 0.898 0.123
vt 0.895 0.123
vt 0.901 0.123
vt 0.908 0.123
vt 0.908 0.123
vt 0.901 0.123
vt 0.908 0.123
vt 0.901 0.123
vt 0.901 0.123
vt 0.898 0.09
vt 0.898 0.102
vt 0.908 0.09
vt 0.898 0.102
vt 0.908 0.102
vt 0.908 0.09
vt 0.898 0.102
vt 0.898 0.123
vt 0.908 0.102
vt 0.898 0.123
vt 0.908 0.123
vt 0.908 0.102
vt 0.898 0.09
vt 0.885 0.09
vt 0.898 0.102
vt 0.885 0.09
vt 0.885 0.102
vt 0.898 0.102
vt 0.898 0.102
vt 0.885 0.102
vt 0.898 0.123
vt 0.885 0.102
vt 0.885 0.123
vt 0.898 0.123
vt 0.875 0.09
vt 0.875 0.102
vt 0.885 0.09
vt 0.875 0.102
vt 0.885 0.102
vt 0.885 0.09
vt 0.875 0.102
vt 0.88 0.123
vt 0.885 0.102
vt 0.88 0.123
vt 0.885 0.123
vt 0.885 0.102
vt 0.875 0.09
vt 0.875 0.102
vt 0.875 0.09
vt 0.875 0.102
vt 0.875 0.102
vt 0.875 0.09
vt 0.875 0.102
vt 0.88 0.123
vt 0.875 0.102
vt 0.88 0.123
vt 0.88 0.123
vt 0.875 0.102
vt 0.901 0.123
vt 0.901 0.123
vt 0.901 0.09
vt 0.901 0.123
vt 0.901 0.09
vt 0.901 0.09
vt 0.901 0.123
vt 0.895 0.123
vt 0.901 0.09
vt 0.895 0.123
vt 0.895 0.09
vt 0.901 0.09
vt 0.888 0.123
vt 0.888 0.09
vt 0.895 0.123
vt 0.888 0.09
vt 0.895 0.09
vt 0.895 0.123
vt 0.888 0.123
vt 0.886 0.123
vt 0.888 0.09
vt 0.886 0.123
vt 0.886 0.09
vt 0.888 0.09
vt 0.889 0.051
vt 0.889 0.053
vt 0.914 0.051
vt 0.889 0.053
vt 0.914 0.053
vt 0.914 0.051
vt 0.889 0.048
vt 0.889 0.049
vt 0.914 0.048
vt 0.889 0.049
vt 0.914 0.049
vt 0.914 0.048
vt 0.889 0.064
vt 0.889 0.065
vt 0.914 0.064
vt 0.889 0.065
vt 0.914 0.065
vt 0.914 0.064
vt 0.889 0.06
vt 0.889 0.062
vt 0.914 0.06
vt 0.889 0.062
vt 0.914 0.062
vt 0.914 0.06
vt 0.889 0.053
vt 0.889 0.057
vt 0.914 0.053
vt 0.889 0.057
vt 0.914 0.057
vt 0.914 0.053
vt 0.889 0.049
vt 0.889 0.051
vt 0.914 0.049
vt 0.889 0.051
vt 0.914 0.051
vt 0.914 0.049
vt 0.889 0.062
vt 0.889 0.064
vt 0.914 0.062
vt 0.889 0.064
vt 0.914 0.064
vt 0.914 0.062
vt 0.889 0.057
vt 0.889 0.06
vt 0.914 0.057
vt 0.889 0.06
vt 0.914 0.06
vt 0.914 0.057
vt 0.889 0.049
vt 0.889 0.048
vt 0.889 0.057
vt 0.889 0.065
vt 0.889 0.064
vt 0.889 0.057
vt 0.889 0.06
vt 0.889 0.057
vt 0.889 0.057
vt 0.901 0.09
vt 0.895 0.09
vt 0.886 0.09
vt 0.889 0.051
vt 0.889 0.049
vt 0.889 0.057
vt 0.886 0.123
vt 0.886 0.123
vt 0.886 0.09
vt 0.886 0.123
vt 0.886 0.09
vt 0.886 0.09
vt 0.88 0.123
vt 0.88 0.123
vt 0.886 0.123
vt 0.88 0.123
vt 0.886 0.123
vt 0.886 0.123
vt 0.908 0.102
vt 0.908 0.123
vt 0.908 0.102
vt 0.908 0.123
vt 0.908 0.123
vt 0.908 0.102
vt 0.908 0.09
vt 0.908 0.102
vt 0.908 0.09
vt 0.908 0.102
vt 0.908 0.102
vt 0.908 0.09
vt 0.889 0.057
vt 0.889 0.053
vt 0.889 0.057
vt 0.889 0.064
vt 0.889 0.062
vt 0.889 0.057
vt 0.889 0.053
vt 0.889 0.051
vt 0.889 0.057
vt 0.889 0.062
vt 0.889 0.06
vt 0.889 0.057
vt 0.886 0.09
vt 0.886 0.09
vt 0.888 0.09
vt 0.725 0.508
vt 0.725 0.57
vt 0.505 0.508
vt 0.725 0.57
vt 0.505 0.57
vt 0.505 0.508
vt 0.886 0.09
vt 0.895 0.09
vt 0.888 0.09
vt 0.901 0.09
vt 0.886 0.09
vt 0.901 0.09
vt 0.885 0.09
vt 0.898 0.09
vt 0.871 0.09
vt 0.885 0.09
vt 0.871 0.09
vt 0.875 0.09
vt 0.875 0.09
vt 0.871 0.09
vt 0.871 0.09
vt 0.898 0.09
vt 0.908 0.09
vt 0.919 0.09
vt 0.875 0.09
vt 0.875 0.09
vt 0.871 0.09
vt 0.898 0.09
vt 0.919 0.09
vt 0.871 0.09
vt 0.919 0.09
vt 0.908 0.09
vt 0.908 0.09
vt 0.908 0.09
vt 0.919 0.09
vt 0.919 0.09
vt 0.914 0.051
vt 0.914 0.053
vt 0.914 0.044
vt 0.914 0.053
vt 0.914 0.05
vt 0.914 0.044
vt 0.914 0.062
vt 0.914 0.064
vt 0.914 0.078
vt 0.914 0.064
vt 0.914 0.081
vt 0.914 0.078
vt 0.914 0.049
vt 0.914 0.035
vt 0.914 0.032
vt 0.914 0.048
vt 0.914 0.049
vt 0.914 0.032
vt 0.914 0.049
vt 0.914 0.032
vt 0.914 0.032
vt 0.914 0.064
vt 0.914 0.065
vt 0.914 0.081
vt 0.914 0.065
vt 0.914 0.082
vt 0.914 0.081
vt 0.914 0.051
vt 0.914 0.044
vt 0.914 0.039
vt 0.914 0.069
vt 0.914 0.063
vt 0.914 0.06
vt 0.914 0.06
vt 0.914 0.063
vt 0.914 0.057
vt 0.914 0.063
vt 0.914 0.057
vt 0.914 0.057
vt 0.914 0.057
vt 0.914 0.05
vt 0.914 0.057
vt 0.914 0.05
vt 0.914 0.053
vt 0.914 0.057
vt 0.914 0.049
vt 0.914 0.051
vt 0.914 0.035
vt 0.914 0.051
vt 0.914 0.039
vt 0.914 0.035
vt 0.914 0.076
vt 0.914 0.074
vt 0.914 0.062
vt 0.914 0.069
vt 0.914 0.06
vt 0.914 0.074
vt 0.914 0.06
vt 0.914 0.062
vt 0.914 0.074
vt 0.529 0.5
vt 0.529 0.508
vt 0.505 0.5
vt 0.529 0.508
vt 0.505 0.508
vt 0.505 0.5
vt 0.914 0.062
vt 0.914 0.078
vt 0.914 0.076
vt 0.871 0.076
vt 0.919 0.076
vt 0.871 0.076
vt 0.919 0.076
vt 0.914 0.076
vt 0.871 0.076
vt 0.529 0.477
vt 0.529 0.5
vt 0.505 0.477
vt 0.529 0.5
vt 0.505 0.5
vt 0.505 0.477
vt 0.529 0.449
vt 0.529 0.477
vt 0.505 0.449
vt 0.529 0.477
vt 0.505 0.477
vt 0.505 0.449
vt 0.529 0.42
vt 0.529 0.449
vt 0.505 0.42
vt 0.529 0.449
vt 0.505 0.449
vt 0.505 0.42
vt 0.529 0.391
vt 0.529 0.42
vt 0.505 0.391
vt 0.529 0.42
vt 0.505 0.42
vt 0.505 0.391
vt 0.529 0.363
vt 0.529 0.391
vt 0.505 0.363
vt 0.529 0.391
vt 0.505 0.391
vt 0.505 0.363
vt 0.529 0.31
vt 0.529 0.322
vt 0.505 0.31
vt 0.529 0.322
vt 0.505 0.322
vt 0.505 0.31
vt 0.529 0.307
vt 0.529 0.31
vt 0.505 0.307
vt 0.529 0.31
vt 0.505 0.31
vt 0.505 0.307
vt 0.529 0.34
vt 0.529 0.363
vt 0.505 0.34
vt 0.529 0.363
vt 0.505 0.363
vt 0.505 0.34
vt 0.529 0.322
vt 0.529 0.34
vt 0.505 0.322
vt 0.529 0.34
vt 0.505 0.34
vt 0.505 0.322
vt 0.919 0.076
vt 0.919 0.076
vt 0.914 0.076
vt 0.914 0.081
vt 0.914 0.082
vt 0.871 0.081
vt 0.914 0.082
vt 0.871 0.082
vt 0.871 0.081
vt 0.914 0.078
vt 0.914 0.081
vt 0.871 0.078
vt 0.914 0.081
vt 0.871 0.081
vt 0.871 0.078
vt 0.914 0.076
vt 0.914 0.078
vt 0.871 0.076
vt 0.914 0.078
vt 0.871 0.078
vt 0.871 0.076
vt 0.081 0.818
vt 0.013 0.871
vt 0.068 0.808
vt 0.108 0.83
vt 0.013 0.871
vt 0.081 0.818
vt 0.137 0.833
vt 0.137 0.871
vt 0.108 0.83
vt 0.013 0.871
vt 0.013 0.808
vt 0.068 0.808
vt 0.137 0.871
vt 0.013 0.871
vt 0.108 0.83
usemtl MB_138_official_1882
s off
f 2427/1 2428/2 2430/3
f 2428/4 2708/5 2430/6
f 2427/7 2430/8 2426/9
f 2430/10 2431/11 2426/12
f 2425/13 2426/14 2432/15
f 2426/16 2431/17 2432/18
f 2570/19 2425/20 2746/21
f 2425/22 2432/23 2746/24
f 2694/25 2434/26 2424/27
f 2434/28 2433/29 2424/30
f 2434/31 2701/32 2433/33
f 2701/34 2699/35 2433/36
f 2423/37 2692/38 2717/39
f 2692/40 2435/41 2717/42
f 2717/43 2435/44 2702/45
f 2435/46 2703/47 2702/48
f 2690/49 2436/50 2422/51
f 2436/52 2718/53 2422/54
f 2436/55 2705/56 2718/57
f 2705/58 2704/59 2718/60
f 2719/61 2421/62 2748/63
f 2421/64 2576/65 2748/66
f 2573/67 2749/68 2720/69
f 2749/70 2706/71 2720/72
f 2569/73 2714/74 2567/75
f 2714/76 2437/77 2567/78
f 2715/79 2712/80 2721/81
f 2712/82 2438/83 2721/84
f 2710/85 2439/86 2713/87
f 2439/88 2724/89 2713/90
f 2711/91 2709/92 2726/93
f 2709/94 2440/95 2726/96
f 2761/97 2455/98 2444/99
f 2455/100 2445/101 2444/102
f 2763/103 2457/104 2558/105
f 2457/106 2443/107 2558/108
f 2755/109 2578/110 2449/111
f 2578/112 2566/113 2449/114
f 2453/115 2452/116 2447/117
f 2452/118 2448/119 2447/120
f 2455/121 2454/122 2445/123
f 2454/124 2446/125 2445/126
f 2457/127 2761/128 2443/129
f 2761/130 2444/131 2443/132
f 2452/133 2755/134 2448/135
f 2755/136 2449/137 2448/138
f 2454/139 2453/140 2446/141
f 2453/142 2447/143 2446/144
f 2762/145 2586/146 2557/147
f 2756/148 2451/149 2557/150
f 2758/151 2759/152 2557/153
f 2722/154 2725/155 2572/156
f 2456/157 2762/158 2557/159
f 2429/160 2574/161 2728/162
f 2574/163 2745/164 2728/165
f 2428/166 2575/167 2708/168
f 2575/169 2707/170 2708/171
f 2716/172 2700/173 2568/174
f 2700/175 2698/176 2568/177
f 2696/178 2716/179 2571/180
f 2716/181 2568/182 2571/183
f 2759/184 2760/185 2557/186
f 2451/187 2757/188 2557/189
f 2760/190 2456/191 2557/192
f 2757/193 2758/194 2557/195
f 2729/196 2572/197 2727/198
f 2442/199 2441/200 2502/201
f 2441/202 2764/203 2502/204
f 2572/205 2725/206 2727/207
f 2722/208 2572/209 2723/210
f 2693/211 2695/212 2730/213
f 2693/214 2730/215 2691/216
f 2691/217 2730/218 2587/219
f 2695/220 2697/221 2503/222
f 2689/223 2691/224 2587/225
f 2695/226 2503/227 2730/228
f 2627/229 2697/230 2747/231
f 2697/232 2627/233 2503/234
f 2735/235 2736/236 2461/237
f 2736/238 2462/239 2461/240
f 2739/241 2740/242 2466/243
f 2740/244 2467/245 2466/246
f 2734/247 2459/248 2458/249
f 2750/250 2734/251 2588/252
f 2734/253 2458/254 2588/255
f 2740/256 2741/257 2467/258
f 2741/259 2599/260 2467/261
f 2735/262 2461/263 2460/264
f 2464/265 2463/266 2738/267
f 2738/268 2463/269 2737/270
f 2463/271 2450/272 2737/273
f 2450/274 2462/275 2737/276
f 2462/277 2736/278 2737/279
f 2734/280 2735/281 2459/282
f 2735/283 2460/284 2459/285
f 2470/286 2465/287 2739/288
f 2464/289 2738/290 2465/291
f 2738/292 2739/293 2465/294
f 2769/295 2771/296 2532/297
f 2771/298 2533/299 2532/300
f 2739/301 2466/302 2470/303
f 2732/304 2752/305 2468/306
f 2752/307 2770/308 2468/309
f 2768/310 2769/311 2531/312
f 2769/313 2532/314 2531/315
f 2767/316 2768/317 2530/318
f 2768/319 2531/320 2530/321
f 2766/322 2767/323 2524/324
f 2767/325 2530/326 2524/327
f 2765/328 2766/329 2529/330
f 2766/331 2524/332 2529/333
f 2751/334 2765/335 2528/336
f 2765/337 2529/338 2528/339
f 2753/340 2743/341 2525/342
f 2743/343 2526/344 2525/345
f 2754/346 2753/347 2677/348
f 2753/349 2525/350 2677/351
f 2742/352 2751/353 2527/354
f 2751/355 2528/356 2527/357
f 2743/358 2742/359 2526/360
f 2742/361 2527/362 2526/363
f 2752/364 2781/365 2770/366
f 2774/367 2775/368 2471/369
f 2775/370 2604/371 2471/372
f 2773/373 2774/374 2469/375
f 2774/376 2471/377 2469/378
f 2772/379 2773/380 2778/381
f 2773/382 2469/383 2778/384
f 2780/385 2731/386 2779/387
f 2776/388 2731/389 2780/390
f 2777/391 2744/392 2776/393
f 2731/394 2733/395 2779/396
f 2744/397 2731/398 2776/399
f 2478/400 2481/401 2479/402
f 2481/403 2801/404 2479/405
f 2478/406 2477/407 2481/408
f 2477/409 2482/410 2481/411
f 2476/412 2483/413 2477/414
f 2483/415 2482/416 2477/417
f 2641/418 2839/419 2476/420
f 2839/421 2483/422 2476/423
f 2787/424 2475/425 2485/426
f 2475/427 2484/428 2485/429
f 2485/430 2484/431 2794/432
f 2484/433 2792/434 2794/435
f 2474/436 2810/437 2785/438
f 2810/439 2486/440 2785/441
f 2810/442 2795/443 2486/444
f 2795/445 2796/446 2486/447
f 2783/448 2473/449 2487/450
f 2473/451 2811/452 2487/453
f 2487/454 2811/455 2798/456
f 2811/457 2797/458 2798/459
f 2647/460 2472/461 2841/462
f 2472/463 2812/464 2841/465
f 2644/466 2813/467 2842/468
f 2813/469 2799/470 2842/471
f 2640/472 2638/473 2807/474
f 2638/475 2488/476 2807/477
f 2808/478 2814/479 2805/480
f 2814/481 2489/482 2805/483
f 2803/484 2806/485 2490/486
f 2806/487 2817/488 2490/489
f 2804/490 2819/491 2802/492
f 2819/493 2491/494 2802/495
f 2853/496 2495/497 2508/498
f 2495/499 2496/500 2508/501
f 2855/502 2629/503 2510/504
f 2629/505 2494/506 2510/507
f 2847/508 2500/509 2651/510
f 2500/511 2637/512 2651/513
f 2506/514 2498/515 2505/516
f 2498/517 2499/518 2505/519
f 2508/520 2496/521 2507/522
f 2496/523 2497/524 2507/525
f 2510/526 2494/527 2853/528
f 2494/529 2495/530 2853/531
f 2505/532 2499/533 2847/534
f 2499/535 2500/536 2847/537
f 2507/538 2497/539 2506/540
f 2497/541 2498/542 2506/543
f 2854/544 2628/545 2659/546
f 2848/547 2628/548 2504/549
f 2850/550 2628/551 2851/552
f 2815/553 2643/554 2818/555
f 2509/556 2628/557 2854/558
f 2480/559 2821/560 2645/561
f 2821/562 2838/563 2645/564
f 2479/565 2801/566 2646/567
f 2801/568 2800/569 2646/570
f 2809/571 2639/572 2793/573
f 2639/574 2791/575 2793/576
f 2789/577 2642/578 2809/579
f 2642/580 2639/581 2809/582
f 2851/583 2628/584 2852/585
f 2504/586 2628/587 2849/588
f 2852/589 2628/590 2509/591
f 2849/592 2628/593 2850/594
f 2822/595 2820/596 2643/597
f 2493/598 2502/599 2492/600
f 2502/601 2764/602 2492/603
f 2643/604 2820/605 2818/606
f 2815/607 2816/608 2643/609
f 2786/610 2823/611 2788/612
f 2786/613 2784/614 2823/615
f 2784/616 2660/617 2823/618
f 2788/619 2503/620 2790/621
f 2782/622 2660/623 2784/624
f 2788/625 2823/626 2503/627
f 2627/628 2840/629 2790/630
f 2790/631 2503/632 2627/633
f 2828/634 2514/635 2829/636
f 2514/637 2515/638 2829/639
f 2832/640 2519/641 2833/642
f 2519/643 2520/644 2833/645
f 2827/646 2511/647 2512/648
f 2843/649 2661/650 2827/651
f 2661/652 2511/653 2827/654
f 2833/655 2520/656 2834/657
f 2520/658 2672/659 2834/660
f 2828/661 2513/662 2514/663
f 2517/664 2831/665 2516/666
f 2831/667 2830/668 2516/669
f 2830/670 2501/671 2516/672
f 2501/673 2830/674 2515/675
f 2830/676 2829/677 2515/678
f 2827/679 2512/680 2828/681
f 2512/682 2513/683 2828/684
f 2523/685 2832/686 2518/687
f 2517/688 2518/689 2831/690
f 2518/691 2832/692 2831/693
f 2860/694 2532/695 2862/696
f 2532/697 2533/698 2862/699
f 2832/700 2523/701 2519/702
f 2825/703 2521/704 2752/705
f 2521/706 2861/707 2752/708
f 2859/709 2531/710 2860/711
f 2531/712 2532/713 2860/714
f 2858/715 2530/716 2859/717
f 2530/718 2531/719 2859/720
f 2857/721 2524/722 2858/723
f 2524/724 2530/725 2858/726
f 2856/727 2529/728 2857/729
f 2529/730 2524/731 2857/732
f 2844/733 2528/734 2856/735
f 2528/736 2529/737 2856/738
f 2845/739 2525/740 2836/741
f 2525/742 2526/743 2836/744
f 2846/745 2677/746 2845/747
f 2677/748 2525/749 2845/750
f 2835/751 2527/752 2844/753
f 2527/754 2528/755 2844/756
f 2836/757 2526/758 2835/759
f 2526/760 2527/761 2835/762
f 2752/763 2861/764 2781/765
f 2865/766 2534/767 2866/768
f 2534/769 2688/770 2866/771
f 2864/772 2522/773 2865/774
f 2522/775 2534/776 2865/777
f 2863/778 2869/779 2864/780
f 2869/781 2522/782 2864/783
f 2871/784 2870/785 2824/786
f 2867/787 2871/788 2824/789
f 2868/790 2867/791 2837/792
f 2824/793 2870/794 2826/795
f 2837/796 2867/797 2824/798
f 2541/799 2544/800 2542/801
f 2544/802 2888/803 2542/804
f 2541/805 2540/806 2544/807
f 2540/808 2545/809 2544/810
f 2539/811 2546/812 2540/813
f 2546/814 2545/815 2540/816
f 2570/817 2746/818 2539/819
f 2746/820 2546/821 2539/822
f 2876/823 2538/824 2548/825
f 2538/826 2547/827 2548/828
f 2548/829 2547/830 2882/831
f 2547/832 2880/833 2882/834
f 2537/835 2897/836 2874/837
f 2897/838 2549/839 2874/840
f 2897/841 2883/842 2549/843
f 2883/844 2884/845 2549/846
f 2872/847 2536/848 2550/849
f 2536/850 2898/851 2550/852
f 2550/853 2898/854 2886/855
f 2898/856 2885/857 2886/858
f 2576/859 2535/860 2748/861
f 2535/862 2899/863 2748/864
f 2573/865 2900/866 2749/867
f 2900/868 2887/869 2749/870
f 2569/871 2567/872 2894/873
f 2567/874 2551/875 2894/876
f 2895/877 2901/878 2892/879
f 2901/880 2552/881 2892/882
f 2890/883 2893/884 2553/885
f 2893/886 2903/887 2553/888
f 2891/889 2905/890 2889/891
f 2905/892 2554/893 2889/894
f 2930/895 2560/896 2583/897
f 2560/898 2561/899 2583/900
f 2763/901 2558/902 2585/903
f 2558/904 2559/905 2585/906
f 2925/907 2565/908 2578/909
f 2565/910 2566/911 2578/912
f 2581/913 2563/914 2580/915
f 2563/916 2564/917 2580/918
f 2583/919 2561/920 2582/921
f 2561/922 2562/923 2582/924
f 2585/925 2559/926 2930/927
f 2559/928 2560/929 2930/930
f 2580/931 2564/932 2925/933
f 2564/934 2565/935 2925/936
f 2582/937 2562/938 2581/939
f 2562/940 2563/941 2581/942
f 2931/943 2557/944 2586/945
f 2756/946 2557/947 2579/948
f 2927/949 2557/950 2928/951
f 2902/952 2572/953 2904/954
f 2584/955 2557/956 2931/957
f 2543/958 2907/959 2574/960
f 2907/961 2745/962 2574/963
f 2542/964 2888/965 2575/966
f 2888/967 2707/968 2575/969
f 2896/970 2568/971 2881/972
f 2568/973 2698/974 2881/975
f 2878/976 2571/977 2896/978
f 2571/979 2568/980 2896/981
f 2928/982 2557/983 2929/984
f 2579/985 2557/986 2926/987
f 2929/988 2557/989 2584/990
f 2926/991 2557/992 2927/993
f 2908/994 2906/995 2572/996
f 2556/997 2649/998 2555/999
f 2649/1000 2932/1001 2555/1002
f 2572/1003 2906/1004 2904/1005
f 2902/1006 2723/1007 2572/1008
f 2875/1009 2909/1010 2877/1011
f 2875/1012 2873/1013 2909/1014
f 2873/1015 2587/1016 2909/1017
f 2877/1018 2650/1019 2879/1020
f 2689/1021 2587/1022 2873/1023
f 2877/1024 2909/1025 2650/1026
f 2627/1027 2747/1028 2879/1029
f 2879/1030 2650/1031 2627/1032
f 2914/1033 2592/1034 2915/1035
f 2592/1036 2593/1037 2915/1038
f 2918/1039 2597/1040 2919/1041
f 2597/1042 2598/1043 2919/1044
f 2913/1045 2589/1046 2590/1047
f 2750/1048 2588/1049 2913/1050
f 2588/1051 2589/1052 2913/1053
f 2919/1054 2598/1055 2741/1056
f 2598/1057 2599/1058 2741/1059
f 2914/1060 2591/1061 2592/1062
f 2595/1063 2917/1064 2594/1065
f 2917/1066 2916/1067 2594/1068
f 2916/1069 2577/1070 2594/1071
f 2577/1072 2916/1073 2593/1074
f 2916/1075 2915/1076 2593/1077
f 2913/1078 2590/1079 2914/1080
f 2590/1081 2591/1082 2914/1083
f 2602/1084 2918/1085 2596/1086
f 2595/1087 2596/1088 2917/1089
f 2596/1090 2918/1091 2917/1092
f 2937/1093 2685/1094 2939/1095
f 2685/1096 2686/1097 2939/1098
f 2918/1099 2602/1100 2597/1101
f 2911/1102 2600/1103 2923/1104
f 2600/1105 2938/1106 2923/1107
f 2936/1108 2684/1109 2937/1110
f 2684/1111 2685/1112 2937/1113
f 2935/1114 2683/1115 2936/1116
f 2683/1117 2684/1118 2936/1119
f 2934/1120 2676/1121 2935/1122
f 2676/1123 2683/1124 2935/1125
f 2933/1126 2682/1127 2934/1128
f 2682/1129 2676/1130 2934/1131
f 2922/1132 2681/1133 2933/1134
f 2681/1135 2682/1136 2933/1137
f 2924/1138 2678/1139 2921/1140
f 2678/1141 2679/1142 2921/1143
f 2754/1144 2677/1145 2924/1146
f 2677/1147 2678/1148 2924/1149
f 2920/1150 2680/1151 2922/1152
f 2680/1153 2681/1154 2922/1155
f 2921/1156 2679/1157 2920/1158
f 2679/1159 2680/1160 2920/1161
f 2923/1162 2938/1163 2947/1164
f 2942/1165 2603/1166 2775/1167
f 2603/1168 2604/1169 2775/1170
f 2941/1171 2601/1172 2942/1173
f 2601/1174 2603/1175 2942/1176
f 2940/1177 2944/1178 2941/1179
f 2944/1180 2601/1181 2941/1182
f 2946/1183 2945/1184 2910/1185
f 2943/1186 2946/1187 2910/1188
f 2777/1189 2943/1190 2744/1191
f 2910/1192 2945/1193 2912/1194
f 2744/1195 2943/1196 2910/1197
f 2611/1198 2612/1199 2614/1200
f 2612/1201 2964/1202 2614/1203
f 2611/1204 2614/1205 2610/1206
f 2614/1207 2615/1208 2610/1209
f 2609/1210 2610/1211 2616/1212
f 2610/1213 2615/1214 2616/1215
f 2641/1216 2609/1217 2839/1218
f 2609/1219 2616/1220 2839/1221
f 2952/1222 2618/1223 2608/1224
f 2618/1225 2617/1226 2608/1227
f 2618/1228 2958/1229 2617/1230
f 2958/1231 2956/1232 2617/1233
f 2607/1234 2950/1235 2973/1236
f 2950/1237 2619/1238 2973/1239
f 2973/1240 2619/1241 2959/1242
f 2619/1243 2960/1244 2959/1245
f 2948/1246 2620/1247 2606/1248
f 2620/1249 2974/1250 2606/1251
f 2620/1252 2962/1253 2974/1254
f 2962/1255 2961/1256 2974/1257
f 2647/1258 2841/1259 2605/1260
f 2841/1261 2975/1262 2605/1263
f 2644/1264 2842/1265 2976/1266
f 2842/1267 2963/1268 2976/1269
f 2640/1270 2970/1271 2638/1272
f 2970/1273 2621/1274 2638/1275
f 2971/1276 2968/1277 2977/1278
f 2968/1279 2622/1280 2977/1281
f 2966/1282 2623/1283 2969/1284
f 2623/1285 2979/1286 2969/1287
f 2967/1288 2965/1289 2981/1290
f 2965/1291 2624/1292 2981/1293
f 3005/1294 2656/1295 2631/1296
f 2656/1297 2632/1298 2631/1299
f 2855/1300 2658/1301 2629/1302
f 2658/1303 2630/1304 2629/1305
f 3000/1306 2651/1307 2636/1308
f 2651/1309 2637/1310 2636/1311
f 2654/1312 2653/1313 2634/1314
f 2653/1315 2635/1316 2634/1317
f 2656/1318 2655/1319 2632/1320
f 2655/1321 2633/1322 2632/1323
f 2658/1324 3005/1325 2630/1326
f 3005/1327 2631/1328 2630/1329
f 2653/1330 3000/1331 2635/1332
f 3000/1333 2636/1334 2635/1335
f 2655/1336 2654/1337 2633/1338
f 2654/1339 2634/1340 2633/1341
f 3006/1342 2659/1343 2628/1344
f 2848/1345 2652/1346 2628/1347
f 3002/1348 3003/1349 2628/1350
f 2978/1351 2980/1352 2643/1353
f 2657/1354 3006/1355 2628/1356
f 2613/1357 2645/1358 2983/1359
f 2645/1360 2838/1361 2983/1362
f 2612/1363 2646/1364 2964/1365
f 2646/1366 2800/1367 2964/1368
f 2972/1369 2957/1370 2639/1371
f 2957/1372 2791/1373 2639/1374
f 2954/1375 2972/1376 2642/1377
f 2972/1378 2639/1379 2642/1380
f 3003/1381 3004/1382 2628/1383
f 2652/1384 3001/1385 2628/1386
f 3004/1387 2657/1388 2628/1389
f 3001/1390 3002/1391 2628/1392
f 2984/1393 2643/1394 2982/1395
f 2626/1396 2625/1397 2649/1398
f 2625/1399 2932/1400 2649/1401
f 2643/1402 2980/1403 2982/1404
f 2978/1405 2643/1406 2816/1407
f 2951/1408 2953/1409 2985/1410
f 2951/1411 2985/1412 2949/1413
f 2949/1414 2985/1415 2660/1416
f 2953/1417 2955/1418 2650/1419
f 2782/1420 2949/1421 2660/1422
f 2953/1423 2650/1424 2985/1425
f 2627/1426 2955/1427 2840/1428
f 2955/1429 2627/1430 2650/1431
f 2990/1432 2991/1433 2665/1434
f 2991/1435 2666/1436 2665/1437
f 2994/1438 2995/1439 2670/1440
f 2995/1441 2671/1442 2670/1443
f 2989/1444 2663/1445 2662/1446
f 2843/1447 2989/1448 2661/1449
f 2989/1450 2662/1451 2661/1452
f 2995/1453 2834/1454 2671/1455
f 2834/1456 2672/1457 2671/1458
f 2990/1459 2665/1460 2664/1461
f 2668/1462 2667/1463 2993/1464
f 2993/1465 2667/1466 2992/1467
f 2667/1468 2648/1469 2992/1470
f 2648/1471 2666/1472 2992/1473
f 2666/1474 2991/1475 2992/1476
f 2989/1477 2990/1478 2663/1479
f 2990/1480 2664/1481 2663/1482
f 2675/1483 2669/1484 2994/1485
f 2668/1486 2993/1487 2669/1488
f 2993/1489 2994/1490 2669/1491
f 3011/1492 3013/1493 2685/1494
f 3013/1495 2686/1496 2685/1497
f 2994/1498 2670/1499 2675/1500
f 2987/1501 2923/1502 2673/1503
f 2923/1504 3012/1505 2673/1506
f 3010/1507 3011/1508 2684/1509
f 3011/1510 2685/1511 2684/1512
f 3009/1513 3010/1514 2683/1515
f 3010/1516 2684/1517 2683/1518
f 3008/1519 3009/1520 2676/1521
f 3009/1522 2683/1523 2676/1524
f 3007/1525 3008/1526 2682/1527
f 3008/1528 2676/1529 2682/1530
f 2998/1531 3007/1532 2681/1533
f 3007/1534 2682/1535 2681/1536
f 2999/1537 2997/1538 2678/1539
f 2997/1540 2679/1541 2678/1542
f 2846/1543 2999/1544 2677/1545
f 2999/1546 2678/1547 2677/1548
f 2996/1549 2998/1550 2680/1551
f 2998/1552 2681/1553 2680/1554
f 2997/1555 2996/1556 2679/1557
f 2996/1558 2680/1559 2679/1560
f 2923/1561 2947/1562 3012/1563
f 3016/1564 2866/1565 2687/1566
f 2866/1567 2688/1568 2687/1569
f 3015/1570 3016/1571 2674/1572
f 3016/1573 2687/1574 2674/1575
f 3014/1576 3015/1577 3018/1578
f 3015/1579 2674/1580 3018/1581
f 3020/1582 2986/1583 3019/1584
f 3017/1585 2986/1586 3020/1587
f 2868/1588 2837/1589 3017/1590
f 2986/1591 2988/1592 3019/1593
f 2837/1594 2986/1595 3017/1596
o Part.6
v -3.464 24.4 2
v -3.864 24.4 1.035
v -4 24.4 0
v -3.864 24.4 -1.035
v -3.464 24.4 -2
v -2.828 24.4 -2.828
v -2 24.4 -3.464
v -1.035 24.4 -3.864
v 0 24.4 -4
v -4.544 26.145 -0.351
v -3.437 24.199 3.132
v -3.926 25.137 -3.633
v -8.353 21.407 1.487
v -3.724 27.151 -0.745
v -8.477 21.012 -0.023
v -7.509 19.1 -2.556
v -1.571 26.666 -2.523
v -2.586 25.81 2.49
v -1.53 21.531 8.955
v -0.469 27.25 1.289
v -2.54 27.404 -0.853
v -1.601 27.1 -0.712
v -5.376 19.426 -4.533
v -0.569 26.114 -2.397
v -0.559 24.617 5.066
v -0.808 24.101 -5.7
v -2.489 24.531 -4.976
v -4.608 25.67 -1.946
v -6.411 20.265 -2.364
v -0.947 22.03 -5.849
v -1.48 25.647 3.983
v -1.152 26.756 3.735
v -3.687 26.803 -2.164
v -3.62 26.656 0.869
v -2.249 26.871 2.201
v -7.993 21.663 2.97
v -2.36 26.442 -3.817
v -1.084 22.008 6.76
v -6.576 21.147 0.022
v -4.344 24.411 1.659
v -1.644 27.559 1.79
v -1.598 20.43 8.302
v -0.601 25.465 -5.376
v -0.559 27.552 2.655
v -3.418 26.3 -3.538
v -6.623 21.879 5.738
v -3.565 25.868 1.456
v -3.888 25.278 1.727
v -2.087 24.857 4.003
v -0.572 25.577 4.837
v 0 26.127 4.786
v -1.655 17.277 -8.259
v -2.001 24.357 4.405
v -7.988 20.053 -2.985
v -0.486 25.841 -4.249
v -7.643 20.426 2.598
v -5.407 17.868 -6.474
v -6.174 19.093 -1.94
v -0.401 27.322 3.766
v -1.138 27.429 1.132
v -1.519 27.417 0.486
v -1.742 25.872 -4.777
v -3.389 27.31 0.255
v -4.909 24.243 -0.023
v -1.475 26.433 -3.673
v -1.156 26.134 -4.174
v -0.58 26.577 -0.512
v -2.885 22.412 -4.996
v -5.077 23.612 -1.837
v -2.518 27.026 -2.444
v -8.587 19.932 -0.016
v -2.326 27.535 0.509
v -2.422 18.632 -6.759
v -6.003 21.754 2.301
v -6.652 19.159 -5.696
v -4.185 20.568 7.489
v -4.431 23.019 -3.525
v -4.342 21.73 7.736
v -3.083 24.91 2.884
v -4.85 22.039 4.266
v -1.507 20.559 6.571
v -6.274 20.177 1.905
v -3.115 22.069 5.798
v -0.569 27.474 3.069
v -2.276 25.568 -4.976
v -6.172 20.675 5.523
v -2.819 25.35 2.661
v -2.124 22.042 6.371
v -1.312 20.623 4.845
v -8.788 19.134 -3.282
v -2.028 25.701 3.23
v -3.559 25.078 2.234
v -7.897 20.062 0.866
v -9.432 20.958 -0.012
v -6.596 20.719 -1.175
v -7.523 21.074 -0.027
v -1.126 26.776 -0.596
v -4.526 19.098 -5.423
v -2.393 26.311 2.345
v -2.458 27.489 -0.136
v -7.004 21.711 2.614
v -4.962 20.633 6.598
v -0.896 25.985 -4.189
v -1.253 17.698 -4.878
v -2.439 26.743 -3.206
v 0 18.478 -7.241
v -4.161 25.163 1.63
v -1.267 26.189 3.885
v -0.445 25.752 -5.152
v -1.632 24.271 -5.433
v -4.86 24.674 -1.867
v 0 26.508 -0.479
v -3.799 25.59 1.489
v -6.011 19.823 -3.499
v 0 26.045 -2.376
v -4.046 22.072 5.092
v -1.104 26.322 -2.448
v -4.828 19.197 -1.354
v 0 21.991 6.895
v -4.623 21.866 -3.541
v -1.483 17.404 -6.56
v -2.975 20.507 7.668
v 0 27.219 1.345
v -1.23 24.512 4.839
v -3.068 26.943 -2.291
v 0 25.707 -4.296
v -5.737 21.98 5.002
v -3.76 21.951 6.754
v -5.545 18.604 -3.278
v -1.639 26.893 -1.625
v -4.378 25.421 -2.816
v -6.015 19.268 -5.104
v -3.52 18.283 -3.569
v -3.51 23.919 3.132
v -3.268 17.426 -7.997
v -1.337 21.822 7.861
v -3.086 27.3 -0.83
v -4.465 18.516 -7.813
v -5.559 21.827 6.847
v -0.536 26.885 0.405
v -3.285 24.835 -4.364
v -3.074 18.339 -8.542
v 0 24.654 5.128
v -2.694 23.483 -4.98
v -1.11 27.556 2.344
v -0.868 23.044 -5.787
v -0.594 26.322 -1.451
v -1.322 27.371 0.752
v -5.659 18.8 -6.842
v -4.527 17.55 -7.902
v 0 21.984 -5.949
v -0.527 25.954 -3.334
v -6.365 21.491 1.192
v -3.112 25.893 1.865
v -4.208 24.125 -3.543
v 0 18.213 -9.178
v -2.906 26.844 1.464
v -3.619 27.232 -0.229
v -7.194 20.146 -2.676
v -1.722 21.187 10.032
v -2.757 18.45 -7.64
v -6.592 19.69 -0.048
v -8.791 19.995 -3.274
v -1.905 22.172 -5.536
v -3.635 26.155 1.193
v -0.565 25.152 4.937
v -4.651 25.905 -1.098
v -0.572 24.011 5.212
v -1.158 18.76 -6.18
v 0 20.408 8.478
v -5.501 21.941 3.319
v -4.749 18.174 -4.507
v -4.903 17.578 -8.655
v -3.566 20.517 3.541
v -0.871 27.327 1.194
v -2.166 26.145 -4.325
v -2.921 27.419 0.412
v -6.08 18.154 -5.448
v -5.684 20.42 3.368
v -8.335 20.542 -1.519
v -2.077 27.554 1.133
v -1.535 27.277 0.048
v -2.777 24.226 3.817
v -4.905 20.513 8.707
v -3.068 21.331 -5.016
v -4.704 25.253 -0.13
v -1.73 27.639 0.554
v -5.081 23.908 -0.948
v -4.906 21.446 8.711
v -1.756 25.184 4.034
v 0 27.55 2.747
v -4.638 24.463 0.869
v -2.129 27.461 2.058
v -3.58 26.545 -2.95
v -9.431 20.067 -0.014
v -1.723 17.349 -9.987
v 0 21.492 9.118
v -1.487 26.489 -3.256
v -2.004 24.014 4.479
v -7.424 21.834 4.415
v -3.965 24.265 2.397
v -2.04 27.485 -0.844
v -2.961 26.316 -3.743
v -1.653 26.815 2.999
v -3.27 20.579 5.843
v -4.854 20.059 1.281
v -4.869 23.326 -2.694
v -1.302 26.265 -3.85
v 0 25.393 -5.463
v 0 24.039 -5.785
v -6.224 17.84 -7.567
v -3.735 27.022 -1.366
v -4.829 20.535 4.59
v -1.187 25.64 -5.139
v -2.56 24.821 3.524
v -2.982 21.617 8.457
v -2.382 22.117 4.895
v -3.922 22.049 3.576
v 0 20.541 6.752
v -7.434 19.582 -4.391
v -2.564 27.257 -1.627
v -7.74 19.631 -0.754
v 0 17.233 -8.445
v -6.896 18.609 -4.051
v -3.767 22.709 -4.301
v -1.998 24.699 4.33
v -3.364 24.48 3.133
v -0.936 25.621 4.742
v -0.757 25.179 -5.6
v -3.613 26.101 -3.758
v -7.313 18.209 -6.267
v -8.976 21.632 3.343
v -1.721 20.294 10.031
v -1.687 26.623 -3.826
v -1.208 26.176 -4.578
v -2.003 27.08 -2.609
v -4.339 26.635 -2.048
v -4.361 26.388 0.346
v -6.225 18.719 -7.566
v -4.904 18.451 -8.655
v -7.314 19.083 -6.263
v -8.976 20.714 3.344
v -1.724 18.205 -9.987
v -4.407 26.979 -0.63
v -0.995 27.304 3.704
v -1.158 27.656 1.523
v -3.562 27.264 0.515
v -7.361 21.442 1.307
v -7.459 20.622 -1.36
v 0 18.296 -8.203
v -3.373 18.288 -9.455
v -5.097 18.923 -6.12
v -6.724 19.683 -3.933
v -9.343 21.36 1.67
v -8.167 19.519 -4.819
v -8.165 18.656 -4.827
v -3.368 20.376 9.492
v -8.384 21.769 4.966
v -6.465 21.9 3.862
v -4.813 21.989 5.965
v -6.313 21.606 7.708
v -2.596 21.883 7.404
v 0 21.793 8.017
v 0 18.715 -6.291
v 0 22.108 5.759
v -4.192 19.366 -4.6
v -5.064 22.183 -2.708
v -5.292 22.854 -0.917
v -4.496 21.958 2.848
v -2.811 23.987 3.839
v -5.803 20.891 -0.79
v -2.205 18.882 -5.854
v 0 25.192 5.022
v 0 22.988 -5.878
v -1.759 23.211 -5.494
v -3.552 23.806 -4.309
v -4.649 24.421 -2.718
v -4.868 24.934 -1.001
v -2.743 24.465 3.796
v -1.516 25.342 -5.362
v -1.486 26.42 -4.196
v -3.021 26.65 -3.075
v -1.847 26.829 -3.34
v -4.432 26.849 -1.218
v -3.094 27.168 -1.505
v -3.025 27.375 -0.207
v -4.246 27.094 -0.11
v -2.999 26.323 1.677
v -3.337 25.488 2.008
v -2.28 25.231 3.365
v -0.732 26.169 4.662
v -1.816 26.23 3.111
v 0 27.472 3.189
v 0 25.673 -5.244
v 0 25.855 -3.332
v 0 26.83 0.446
v -0.778 27.651 1.923
v -1.089 27.061 0.361
v -1.061 26.135 -3.398
v -1.152 26.538 -1.523
v -0.859 25.937 -4.916
v 0 26.248 -1.422
v -7.026 20.642 4.179
v -8.385 20.842 4.968
v -3.422 17.624 -6.145
v -3.372 17.427 -9.455
v 0 17.359 -6.733
v 0 17.631 -5.039
v -2.437 17.909 -4.402
v -5.021 19.668 -0.033
v -4.306 18.707 -2.582
v 0 20.286 10.205
v -4.359 20.348 2.501
v 0 20.622 5.023
v -2.532 20.598 4.341
v -1.329 25.109 4.668
v -2.991 25.829 -4.441
v -9.212 19.611 -1.672
v -9.214 20.482 -1.665
v -4.081 26.373 -2.951
v -4.331 25.742 0.922
v -3.843 24.72 2.393
v -7.511 21.745 6.465
v -9.344 20.452 1.671
v 0 25.113 -5.682
v 0 21.14 10.204
v 0 17.332 -10.158
v 0 18.195 -10.157
v -3.368 21.301 9.495
v -1.515 27.428 2.89
v -7.51 20.814 6.464
v -6.312 20.672 7.705
v -1.49 27.654 1.04
v -1.904 27.589 -0.039
v -2.824 27.412 1.239
v -2.089 27.318 -1.741
v 0 27.097 4.268
v 0 26.733 4.612
v -0.624 26.734 4.525
v -0.74 27.092 4.181
v 0 27.641 1.433
v -0.3 27.641 1.513
v -0.52 27.641 1.733
v -0.6 27.641 2.033
v -0.52 27.641 2.333
v -0.3 27.641 2.552
v 0 27.641 2.633
v 0 27.262 1.433
v -0.3 27.339 1.513
v -0.52 27.477 1.733
v -0.52 27.606 2.333
v -0.3 27.578 2.552
v 0 27.573 2.633
v -0.3 27.641 2.033
v 0 27.641 2.033
v -0.462 27.605 2.368
v 0 27.574 2.613
v -0.433 27.432 1.69
v 0 27.278 1.469
v -0.598 27.648 2.031
v 0 21.8 -5.038
v -1.302 21.8 -4.866
v -2.515 21.8 -4.364
v -3.557 21.8 -3.565
v -4.356 21.8 -2.523
v -4.859 21.8 -1.31
v -5.03 21.8 -0.008
v -4.859 21.8 1.294
v -4.356 21.8 2.507
v -3.557 21.8 3.549
v -2.515 21.8 4.348
v -1.302 21.8 4.851
v 0 21.8 5.022
v 0 22.42 -4
v -1.035 22.42 -3.864
v -2 22.42 -3.464
v -2.828 22.42 -2.828
v -3.464 22.42 -2
v -3.864 22.42 -1.035
v -4 22.42 0
v -3.864 22.42 1.035
v -3.464 22.42 2
v -2.828 22.42 2.828
v -2 22.42 3.464
v -1.035 22.42 3.864
v 0 22.42 4
v -2.828 24.4 2.828
v -2 24.4 3.464
v -1.035 24.4 3.864
v 0 24.4 4
v 0 22.4 -2.5
v -0.647 22.4 -2.415
v -1.25 22.4 -2.165
v -1.768 22.4 -1.768
v -2.165 22.4 -1.25
v -2.415 22.4 -0.647
v -2.5 22.4 0
v -2.415 22.4 0.647
v -2.165 22.4 1.25
v -1.768 22.4 1.768
v -1.25 22.4 2.165
v -0.647 22.4 2.415
v 0 22.4 2.5
v 0 22.4 -3.25
v -0.841 22.4 -3.139
v -1.625 22.4 -2.815
v -2.298 22.4 -2.298
v -2.815 22.4 -1.625
v -3.139 22.4 -0.841
v -3.25 22.4 0
v -3.139 22.4 0.841
v -2.815 22.4 1.625
v -2.298 22.4 2.298
v -1.625 22.4 2.815
v -0.841 22.4 3.139
v 0 22.4 3.25
v 0 24.4 -2.5
v -0.647 24.4 -2.415
v -1.25 24.4 -2.165
v -1.768 24.4 -1.768
v -2.165 24.4 -1.25
v -2.415 24.4 -0.647
v -2.5 24.4 0
v -2.415 24.4 0.647
v -2.165 24.4 1.25
v -1.768 24.4 1.768
v -1.25 24.4 2.165
v -0.647 24.4 2.415
v 0 24.4 2.5
v 0 24.4 0
v 0 24.4 3.25
v -0.841 24.4 3.139
v -1.625 24.4 2.815
v -2.298 24.4 2.298
v -2.815 24.4 1.625
v -3.139 24.4 0.841
v -3.25 24.4 0
v -3.139 24.4 -0.841
v -2.815 24.4 -1.625
v -2.298 24.4 -2.298
v -1.625 24.4 -2.815
v -0.841 24.4 -3.139
v 0 24.4 -3.25
v -1.564 18.237 -9.024
v -1.402 18.339 -8.067
v -1.232 18.513 -7.123
v -4.005 18.645 -6.989
v -3.533 18.829 -6.186
v 5.376 19.426 -4.533
v 6.411 20.265 -2.364
v 1.084 22.008 6.76
v 6.576 21.147 0.022
v 2.422 18.632 -6.759
v 6.003 21.754 2.301
v 4.85 22.039 4.266
v 3.115 22.069 5.798
v 2.124 22.042 6.371
v 6.596 20.719 -1.175
v 4.526 19.098 -5.423
v 0.732 22.113 5.67
v 6.011 19.823 -3.499
v 4.046 22.072 5.092
v 6.365 21.491 1.192
v 5.501 21.941 3.319
v 3.224 19.086 -5.32
v 3.922 22.049 3.576
v 1.512 22.119 5.392
v 5.497 19.681 -3.845
v 3.225 22.098 4.261
v 6.157 20.227 -2.46
v 2.205 18.882 -5.854
v 1.232 18.513 -7.123
v 3.533 18.829 -6.186
v 4.192 19.366 -4.6
v 6.242 21.331 0.638
v 2.382 22.117 4.895
v 4.527 23.66 1.688
v 3.181 21.248 -5.255
v -5.277 22.517 -1.831
v -0.732 22.113 5.67
v 5.386 21.922 -3.377
v 0.642 23.996 5.391
v 5.3 19.785 -3.545
v -1.034 21.037 -5.899
v -0.618 23.995 5.392
v 5.645 19.854 -3.38
v 2.811 23.987 3.839
v 6.438 20.691 -1.239
v 6.191 20.606 -1.487
v 6.096 22.752 -1.232
v -4.527 23.66 1.688
v -5.654 21.272 0.263
v -1.082 20.981 -6.092
v -5.138 23.175 0.026
v -4.938 19.68 -3.813
v -5.328 23.19 0.079
v -2.108 24.013 4.642
v 5.064 22.183 -2.708
v 5.906 23.291 0.3
v 5.572 23.35 0.482
v 3.957 21.578 -4.315
v -3.224 19.086 -5.32
v 5.862 22.659 -1.485
v -5.744 20.47 -1.863
v 4.937 21.903 2.754
v -5.476 22.508 -1.853
v -3.194 21.279 -5.175
v -3.601 23.943 3.34
v 3.699 23.926 3.212
v 5.057 21.864 -3.525
v 2.179 24.006 4.58
v 0.572 24.011 5.212
v 1.158 18.76 -6.18
v -4.799 21.83 -3.639
v -4.649 23.691 1.853
v 1.141 20.986 -6.073
v -4.973 21.81 2.086
v 5.889 21.408 0.797
v 5.138 23.175 0.026
v 4.67 23.841 2.408
v 1.034 21.037 -5.899
v 2.004 24.014 4.479
v 3.068 21.331 -5.016
v 4.112 21.509 -4.507
v 5.948 20.24 -2.423
v 5.828 19.838 -3.44
v 5.652 22.294 -2.421
v 6.322 21.17 0.087
v 5.258 21.786 2.141
v 5.703 21.548 1.228
v 5.972 23.161 -0.08
v 3.006 23.984 3.91
v 4.673 21.946 2.741
v 5.409 23.455 0.891
v 4.974 19.642 -3.888
v 4.76 21.746 -3.852
v 5.292 22.854 -0.917
v 4.984 23.689 1.802
v 4.396 23.841 2.425
v -1.512 22.119 5.392
v 1.216 24.016 4.966
v 1.347 24.006 5.111
v 0.006 23.989 5.468
v -2.152 21.088 -5.748
v 0.015 20.949 -6.202
v -4.109 21.532 -4.447
v -3.957 21.578 -4.315
v -5.256 22.159 -2.769
v -5.48 20.061 -2.872
v -5.49 22.858 -0.9
v -5.033 23.476 1.019
v -4.865 23.453 0.92
v -4.087 23.81 2.4
v -4.173 23.843 2.615
v -2.917 23.997 4.018
v -1.299 24.006 5.128
v -3.225 22.098 4.261
v -5.357 21.587 1.24
v 4.623 21.866 -3.541
v 2.06 21.143 -5.569
v 2.187 21.079 -5.77
v 0 24.006 5.284
v -1.216 24.016 4.966
v 3.51 23.919 3.132
v 4.087 23.81 2.4
v 4.865 23.453 0.92
v 5.277 22.517 -1.831
v 0 21.004 -6.009
v -2.06 21.143 -5.569
v 3.464 24.4 2
v 3.864 24.4 1.035
v 4 24.4 0
v 3.864 24.4 -1.035
v 3.464 24.4 -2
v 2.828 24.4 -2.828
v 2 24.4 -3.464
v 1.035 24.4 -3.864
v 4.544 26.145 -0.351
v 3.437 24.199 3.132
v 3.926 25.137 -3.633
v 8.353 21.407 1.487
v 3.724 27.151 -0.745
v 8.477 21.012 -0.023
v 7.509 19.1 -2.556
v 1.571 26.666 -2.523
v 2.586 25.81 2.49
v 1.53 21.531 8.955
v 0.469 27.25 1.289
v 2.54 27.404 -0.853
v 1.601 27.1 -0.712
v 0.569 26.114 -2.397
v 0.559 24.617 5.066
v 0.808 24.101 -5.7
v 2.489 24.531 -4.976
v 4.608 25.67 -1.946
v 0.947 22.03 -5.849
v 1.48 25.647 3.983
v 1.152 26.756 3.735
v 3.687 26.803 -2.164
v 3.62 26.656 0.869
v 2.249 26.871 2.201
v 7.993 21.663 2.97
v 2.36 26.442 -3.817
v 4.344 24.411 1.659
v 1.644 27.559 1.79
v 1.598 20.43 8.302
v 0.601 25.465 -5.376
v 0.559 27.552 2.655
v 3.418 26.3 -3.538
v 6.623 21.879 5.738
v 3.565 25.868 1.456
v 3.888 25.278 1.727
v 2.087 24.857 4.003
v 0.572 25.577 4.837
v 1.655 17.277 -8.259
v 2.001 24.357 4.405
v 7.988 20.053 -2.985
v 0.486 25.841 -4.249
v 7.643 20.426 2.598
v 5.407 17.868 -6.474
v 6.174 19.093 -1.94
v 0.401 27.322 3.766
v 1.138 27.429 1.132
v 1.519 27.417 0.486
v 1.742 25.872 -4.777
v 3.389 27.31 0.255
v 4.909 24.243 -0.023
v 1.475 26.433 -3.673
v 1.156 26.134 -4.174
v 0.58 26.577 -0.512
v 2.885 22.412 -4.996
v 5.077 23.612 -1.837
v 2.518 27.026 -2.444
v 8.587 19.932 -0.016
v 2.326 27.535 0.509
v 6.652 19.159 -5.696
v 4.185 20.568 7.489
v 4.431 23.019 -3.525
v 4.342 21.73 7.736
v 3.083 24.91 2.884
v 1.507 20.559 6.571
v 6.274 20.177 1.905
v 0.569 27.474 3.069
v 2.276 25.568 -4.976
v 6.172 20.675 5.523
v 2.819 25.35 2.661
v 1.312 20.623 4.845
v 8.788 19.134 -3.282
v 2.028 25.701 3.23
v 3.559 25.078 2.234
v 7.897 20.062 0.866
v 9.432 20.958 -0.012
v 7.523 21.074 -0.027
v 1.126 26.776 -0.596
v 2.393 26.311 2.345
v 2.458 27.489 -0.136
v 7.004 21.711 2.614
v 4.962 20.633 6.598
v 0.896 25.985 -4.189
v 1.253 17.698 -4.878
v 2.439 26.743 -3.206
v 4.161 25.163 1.63
v 1.267 26.189 3.885
v 0.445 25.752 -5.152
v 1.632 24.271 -5.433
v 4.86 24.674 -1.867
v 3.799 25.59 1.489
v 1.104 26.322 -2.448
v 4.828 19.197 -1.354
v 1.483 17.404 -6.56
v 2.975 20.507 7.668
v 1.23 24.512 4.839
v 3.068 26.943 -2.291
v 5.737 21.98 5.002
v 3.76 21.951 6.754
v 5.545 18.604 -3.278
v 1.639 26.893 -1.625
v 4.378 25.421 -2.816
v 6.015 19.268 -5.104
v 3.52 18.283 -3.569
v 3.268 17.426 -7.997
v 1.337 21.822 7.861
v 3.086 27.3 -0.83
v 4.465 18.516 -7.813
v 5.559 21.827 6.847
v 0.536 26.885 0.405
v 3.285 24.835 -4.364
v 3.074 18.339 -8.542
v 2.694 23.483 -4.98
v 1.11 27.556 2.344
v 0.868 23.044 -5.787
v 0.594 26.322 -1.451
v 1.322 27.371 0.752
v 5.659 18.8 -6.842
v 4.527 17.55 -7.902
v 0.527 25.954 -3.334
v 3.112 25.893 1.865
v 4.208 24.125 -3.543
v 2.906 26.844 1.464
v 3.619 27.232 -0.229
v 7.194 20.146 -2.676
v 1.722 21.187 10.032
v 2.757 18.45 -7.64
v 6.592 19.69 -0.048
v 8.791 19.995 -3.274
v 1.905 22.172 -5.536
v 3.635 26.155 1.193
v 0.565 25.152 4.937
v 4.651 25.905 -1.098
v 4.749 18.174 -4.507
v 4.903 17.578 -8.655
v 3.566 20.517 3.541
v 0.871 27.327 1.194
v 2.166 26.145 -4.325
v 2.921 27.419 0.412
v 6.08 18.154 -5.448
v 5.684 20.42 3.368
v 8.335 20.542 -1.519
v 2.077 27.554 1.133
v 1.535 27.277 0.048
v 2.777 24.226 3.817
v 4.905 20.513 8.707
v 4.704 25.253 -0.13
v 1.73 27.639 0.554
v 5.081 23.908 -0.948
v 4.906 21.446 8.711
v 1.756 25.184 4.034
v 4.638 24.463 0.869
v 2.129 27.461 2.058
v 3.58 26.545 -2.95
v 9.431 20.067 -0.014
v 1.723 17.349 -9.987
v 1.487 26.489 -3.256
v 7.424 21.834 4.415
v 3.965 24.265 2.397
v 2.04 27.485 -0.844
v 2.961 26.316 -3.743
v 1.653 26.815 2.999
v 3.27 20.579 5.843
v 4.854 20.059 1.281
v 4.869 23.326 -2.694
v 1.302 26.265 -3.85
v 6.224 17.84 -7.567
v 3.735 27.022 -1.366
v 4.829 20.535 4.59
v 1.187 25.64 -5.139
v 2.56 24.821 3.524
v 2.982 21.617 8.457
v 7.434 19.582 -4.391
v 2.564 27.257 -1.627
v 7.74 19.631 -0.754
v 6.896 18.609 -4.051
v 3.767 22.709 -4.301
v 1.998 24.699 4.33
v 3.364 24.48 3.133
v 0.936 25.621 4.742
v 0.757 25.179 -5.6
v 3.613 26.101 -3.758
v 7.313 18.209 -6.267
v 8.976 21.632 3.343
v 1.721 20.294 10.031
v 1.687 26.623 -3.826
v 1.208 26.176 -4.578
v 2.003 27.08 -2.609
v 4.339 26.635 -2.048
v 4.361 26.388 0.346
v 6.225 18.719 -7.566
v 4.904 18.451 -8.655
v 7.314 19.083 -6.263
v 8.976 20.714 3.344
v 1.724 18.205 -9.987
v 4.407 26.979 -0.63
v 0.995 27.304 3.704
v 1.158 27.656 1.523
v 3.562 27.264 0.515
v 7.361 21.442 1.307
v 7.459 20.622 -1.36
v 3.373 18.288 -9.455
v 5.097 18.923 -6.12
v 6.724 19.683 -3.933
v 9.343 21.36 1.67
v 8.167 19.519 -4.819
v 8.165 18.656 -4.827
v 3.368 20.376 9.492
v 8.384 21.769 4.966
v 6.465 21.9 3.862
v 4.813 21.989 5.965
v 6.313 21.606 7.708
v 2.596 21.883 7.404
v 1.759 23.211 -5.494
v 3.552 23.806 -4.309
v 4.649 24.421 -2.718
v 4.868 24.934 -1.001
v 2.743 24.465 3.796
v 1.516 25.342 -5.362
v 1.486 26.42 -4.196
v 3.021 26.65 -3.075
v 1.847 26.829 -3.34
v 4.432 26.849 -1.218
v 3.094 27.168 -1.505
v 3.025 27.375 -0.207
v 4.246 27.094 -0.11
v 2.999 26.323 1.677
v 3.337 25.488 2.008
v 2.28 25.231 3.365
v 0.732 26.169 4.662
v 1.816 26.23 3.111
v 0.778 27.651 1.923
v 1.089 27.061 0.361
v 1.061 26.135 -3.398
v 1.152 26.538 -1.523
v 0.859 25.937 -4.916
v 7.026 20.642 4.179
v 8.385 20.842 4.968
v 3.422 17.624 -6.145
v 3.372 17.427 -9.455
v 2.437 17.909 -4.402
v 5.021 19.668 -0.033
v 4.306 18.707 -2.582
v 4.359 20.348 2.501
v 2.532 20.598 4.341
v 1.329 25.109 4.668
v 2.991 25.829 -4.441
v 9.212 19.611 -1.672
v 9.214 20.482 -1.665
v 4.081 26.373 -2.951
v 4.331 25.742 0.922
v 3.843 24.72 2.393
v 7.511 21.745 6.465
v 9.344 20.452 1.671
v 3.368 21.301 9.495
v 1.515 27.428 2.89
v 7.51 20.814 6.464
v 6.312 20.672 7.705
v 1.49 27.654 1.04
v 1.904 27.589 -0.039
v 2.824 27.412 1.239
v 2.089 27.318 -1.741
v 0.624 26.734 4.525
v 0.74 27.092 4.181
v 0.3 27.641 1.513
v 0.52 27.641 1.733
v 0.6 27.641 2.033
v 0.52 27.641 2.333
v 0.3 27.641 2.552
v 0.3 27.339 1.513
v 0.52 27.477 1.733
v 0.52 27.606 2.333
v 0.3 27.578 2.552
v 0.3 27.641 2.033
v 0.462 27.605 2.368
v 0.433 27.432 1.69
v 0.598 27.648 2.031
v 1.302 21.8 -4.866
v 2.515 21.8 -4.364
v 3.557 21.8 -3.565
v 4.356 21.8 -2.523
v 4.859 21.8 -1.31
v 5.03 21.8 -0.008
v 4.859 21.8 1.294
v 4.356 21.8 2.507
v 3.557 21.8 3.549
v 2.515 21.8 4.348
v 1.302 21.8 4.851
v 1.035 22.42 -3.864
v 2 22.42 -3.464
v 2.828 22.42 -2.828
v 3.464 22.42 -2
v 3.864 22.42 -1.035
v 4 22.42 0
v 3.864 22.42 1.035
v 3.464 22.42 2
v 2.828 22.42 2.828
v 2 22.42 3.464
v 1.035 22.42 3.864
v 2.828 24.4 2.828
v 2 24.4 3.464
v 1.035 24.4 3.864
v 0.647 22.4 -2.415
v 1.25 22.4 -2.165
v 1.768 22.4 -1.768
v 2.165 22.4 -1.25
v 2.415 22.4 -0.647
v 2.5 22.4 0
v 2.415 22.4 0.647
v 2.165 22.4 1.25
v 1.768 22.4 1.768
v 1.25 22.4 2.165
v 0.647 22.4 2.415
v 0.841 22.4 -3.139
v 1.625 22.4 -2.815
v 2.298 22.4 -2.298
v 2.815 22.4 -1.625
v 3.139 22.4 -0.841
v 3.25 22.4 0
v 3.139 22.4 0.841
v 2.815 22.4 1.625
v 2.298 22.4 2.298
v 1.625 22.4 2.815
v 0.841 22.4 3.139
v 0.647 24.4 -2.415
v 1.25 24.4 -2.165
v 1.768 24.4 -1.768
v 2.165 24.4 -1.25
v 2.415 24.4 -0.647
v 2.5 24.4 0
v 2.415 24.4 0.647
v 2.165 24.4 1.25
v 1.768 24.4 1.768
v 1.25 24.4 2.165
v 0.647 24.4 2.415
v 0.841 24.4 3.139
v 1.625 24.4 2.815
v 2.298 24.4 2.298
v 2.815 24.4 1.625
v 3.139 24.4 0.841
v 3.25 24.4 0
v 3.139 24.4 -0.841
v 2.815 24.4 -1.625
v 2.298 24.4 -2.298
v 1.625 24.4 -2.815
v 0.841 24.4 -3.139
v 1.564 18.237 -9.024
v 1.402 18.339 -8.067
v 4.005 18.645 -6.989
v -3.464 24.4 2
v -3.864 24.4 1.035
v -2 24.4 3.464
v -2.828 24.4 2.828
v -3.464 24.4 -2
v -2.828 24.4 -2.828
v -4 24.4 0
v 0 24.4 4
v -1.035 24.4 3.864
v -2 24.4 -3.464
v -1.035 24.4 -3.864
v -3.864 24.4 -1.035
v 0 24.4 -4
v -2.276 25.568 -4.976
v -2.991 25.829 -4.441
v 0 20.622 5.023
v -1.312 20.623 4.845
v -2.532 20.598 4.341
v -9.212 19.611 -1.672
v -8.788 19.134 -3.282
v 0 17.631 -5.039
v -1.253 17.698 -4.878
v -2.437 17.909 -4.402
v -4.331 25.742 0.922
v -4.161 25.163 1.63
v -0.445 25.752 -5.152
v -0.859 25.937 -4.916
v -5.021 19.668 -0.033
v -4.828 19.197 -1.354
v -4.306 18.707 -2.582
v -4.623 21.866 -3.541
v -5.064 22.183 -2.708
v -3.52 18.283 -3.569
v -3.51 23.919 3.132
v -2.811 23.987 3.839
v -3.368 21.301 9.495
v -1.722 21.187 10.032
v 0 21.14 10.204
v -9.214 20.482 -1.665
v -8.791 19.995 -3.274
v 0 18.715 -6.291
v -1.158 18.76 -6.18
v -2.205 18.882 -5.854
v -4.903 17.578 -8.655
v -3.372 17.427 -9.455
v -4.359 20.348 2.501
v -3.566 20.517 3.541
v -0.598 27.648 2.031
v -0.778 27.651 1.923
v -1.49 27.654 1.04
v -1.73 27.639 0.554
v -4.906 21.446 8.711
v -6.313 21.606 7.708
v -2.824 27.412 1.239
v -2.129 27.461 2.058
v -1.723 17.349 -9.987
v 0 17.332 -10.158
v -2.004 24.014 4.479
v -1.904 27.589 -0.039
v -2.04 27.485 -0.844
v -4.854 20.059 1.281
v -3.922 22.049 3.576
v -4.496 21.958 2.848
v -2.743 24.465 3.796
v -1.998 24.699 4.33
v -3.843 24.72 2.393
v -3.364 24.48 3.133
v -0.936 25.621 4.742
v -0.732 26.169 4.662
v -1.516 25.342 -5.362
v -0.757 25.179 -5.6
v -8.165 18.656 -4.827
v -7.313 18.209 -6.267
v -8.384 21.769 4.966
v -8.976 21.632 3.343
v -3.368 20.376 9.492
v -1.721 20.294 10.031
v 0 20.286 10.205
v -1.486 26.42 -4.196
v -1.687 26.623 -3.826
v -1.847 26.829 -3.34
v -1.208 26.176 -4.578
v -4.339 26.635 -2.048
v -4.432 26.849 -1.218
v -4.246 27.094 -0.11
v -4.246 27.094 -0.11
v -4.361 26.388 0.346
v -3.373 18.288 -9.455
v -4.904 18.451 -8.655
v -8.167 19.519 -4.819
v -7.314 19.083 -6.263
v -8.385 20.842 4.968
v -8.976 20.714 3.344
v 0 18.195 -10.157
v -1.724 18.205 -9.987
v -4.407 26.979 -0.63
v -0.995 27.304 3.704
v -1.515 27.428 2.89
v -1.158 27.656 1.523
v -3.562 27.264 0.515
v 0 25.673 -5.244
v -6.312 20.672 7.705
v -7.51 20.814 6.464
v -9.343 21.36 1.67
v -1.329 25.109 4.668
v -9.432 20.958 -0.012
v -3.613 26.101 -3.758
v -4.081 26.373 -2.951
v -0.624 26.734 4.525
v -7.511 21.745 6.465
v -4.905 20.513 8.707
v -9.344 20.452 1.671
v -9.431 20.067 -0.014
v -2.003 27.08 -2.609
v -2.089 27.318 -1.741
v 0 25.113 -5.682
v -0.74 27.092 4.181
v -0.3 27.641 1.513
v 0 27.641 1.433
v -0.52 27.641 1.733
v -0.6 27.641 2.033
v -0.6 27.641 2.033
v -0.52 27.641 2.333
v -0.3 27.641 2.552
v 0 27.641 2.633
v -1.302 21.8 -4.866
v 0 21.8 -5.038
v -2.515 21.8 -4.364
v -3.557 21.8 -3.565
v -4.356 21.8 -2.523
v -4.859 21.8 -1.31
v -5.03 21.8 -0.008
v -4.859 21.8 1.294
v -4.356 21.8 2.507
v -3.557 21.8 3.549
v -2.515 21.8 4.348
v -1.302 21.8 4.851
v 0 21.8 5.022
v -1.035 22.42 -3.864
v 0 22.42 -4
v -2 22.42 -3.464
v -2.828 22.42 -2.828
v -3.464 22.42 -2
v -3.864 22.42 -1.035
v -4 22.42 0
v -3.864 22.42 1.035
v -3.464 22.42 2
v -2.828 22.42 2.828
v -2 22.42 3.464
v -1.035 22.42 3.864
v 0 22.42 4
v -0.647 22.4 -2.415
v 0 22.4 -2.5
v -1.25 22.4 -2.165
v -1.768 22.4 -1.768
v -2.165 22.4 -1.25
v -2.415 22.4 -0.647
v -2.5 22.4 0
v -2.415 22.4 0.647
v -2.165 22.4 1.25
v -1.768 22.4 1.768
v -1.25 22.4 2.165
v -0.647 22.4 2.415
v 0 22.4 2.5
v -0.841 22.4 -3.139
v 0 22.4 -3.25
v -1.625 22.4 -2.815
v -2.298 22.4 -2.298
v -2.815 22.4 -1.625
v -3.139 22.4 -0.841
v -3.25 22.4 0
v -3.139 22.4 0.841
v -2.815 22.4 1.625
v -2.298 22.4 2.298
v -1.625 22.4 2.815
v -0.841 22.4 3.139
v 0 22.4 3.25
v -1.25 24.4 -2.165
v -0.647 24.4 -2.415
v 0 24.4 2.5
v -0.647 24.4 2.415
v -1.25 24.4 2.165
v -1.768 24.4 1.768
v 0 24.4 -2.5
v -2.415 24.4 0.647
v -2.5 24.4 0
v -2.415 24.4 -0.647
v -2.165 24.4 -1.25
v -1.768 24.4 -1.768
v -2.165 24.4 1.25
v 0 24.4 3.25
v -0.841 24.4 3.139
v -1.625 24.4 2.815
v -2.298 24.4 2.298
v -2.815 24.4 1.625
v -3.139 24.4 0.841
v -3.25 24.4 0
v -3.139 24.4 -0.841
v -2.815 24.4 -1.625
v -2.298 24.4 -2.298
v -1.625 24.4 -2.815
v -0.841 24.4 -3.139
v 0 24.4 -3.25
v -6.224 17.84 -7.567
v -6.225 18.719 -7.566
v 1.512 22.119 5.392
v 0.732 22.113 5.67
v 2.205 18.882 -5.854
v 3.224 19.086 -5.32
v 3.922 22.049 3.576
v 3.225 22.098 4.261
v 0 22.108 5.759
v 5.386 21.922 -3.377
v 5.386 21.922 -3.377
v 5.645 19.854 -3.38
v 5.645 19.854 -3.38
v 4.67 23.841 2.408
v 4.67 23.841 2.408
v 4.937 21.903 2.754
v 4.937 21.903 2.754
v 5.057 21.864 -3.525
v 5.057 21.864 -3.525
v 5.3 19.785 -3.545
v 5.3 19.785 -3.545
v 5.862 22.659 -1.485
v 5.862 22.659 -1.485
v 6.191 20.606 -1.487
v 6.191 20.606 -1.487
v 6.096 22.752 -1.232
v 6.096 22.752 -1.232
v 6.438 20.691 -1.239
v 6.438 20.691 -1.239
v 5.572 23.35 0.482
v 5.572 23.35 0.482
v 5.889 21.408 0.797
v 5.889 21.408 0.797
v 5.906 23.291 0.3
v 5.906 23.291 0.3
v 6.242 21.331 0.638
v 6.242 21.331 0.638
v 4.974 19.642 -3.888
v 4.192 19.366 -4.6
v 4.527 23.66 1.688
v 4.865 23.453 0.92
v 3.181 21.248 -5.255
v 2.187 21.079 -5.77
v -0.732 22.113 5.67
v -1.512 22.119 5.392
v 1.347 24.006 5.111
v 0.642 23.996 5.391
v 0.006 23.989 5.468
v 0 21.004 -6.009
v -1.034 21.037 -5.899
v -2.06 21.143 -5.569
v -0.618 23.995 5.392
v -1.299 24.006 5.128
v 2.811 23.987 3.839
v 3.51 23.919 3.132
v 5.948 20.24 -2.423
v -4.865 23.453 0.92
v -4.527 23.66 1.688
v -4.087 23.81 2.4
v -5.357 21.587 1.24
v -5.654 21.272 0.263
v -2.152 21.088 -5.748
v -1.082 20.981 -6.092
v 0.015 20.949 -6.202
v -5.138 23.175 0.026
v -4.938 19.68 -3.813
v -5.48 20.061 -2.872
v -5.49 22.858 -0.9
v -5.328 23.19 0.079
v -5.033 23.476 1.019
v -2.108 24.013 4.642
v -2.917 23.997 4.018
v 5.277 22.517 -1.831
v 5.064 22.183 -2.708
v 4.623 21.866 -3.541
v 5.409 23.455 0.891
v 3.957 21.578 -4.315
v 4.396 23.841 2.425
v 4.396 23.841 2.425
v 4.673 21.946 2.741
v 4.673 21.946 2.741
v 5.652 22.294 -2.421
v -5.744 20.47 -1.863
v 5.258 21.786 2.141
v -5.256 22.159 -2.769
v -5.476 22.508 -1.853
v -3.194 21.279 -5.175
v -4.109 21.532 -4.447
v -4.173 23.843 2.615
v -3.601 23.943 3.34
v 3.006 23.984 3.91
v 3.699 23.926 3.212
v 4.76 21.746 -3.852
v 2.179 24.006 4.58
v 0 24.006 5.284
v 0.572 24.011 5.212
v 1.216 24.016 4.966
v -4.799 21.83 -3.639
v -4.649 23.691 1.853
v 1.141 20.986 -6.073
v -4.973 21.81 2.086
v 5.703 21.548 1.228
v 5.292 22.854 -0.917
v 5.138 23.175 0.026
v 4.984 23.689 1.802
v 2.06 21.143 -5.569
v 1.034 21.037 -5.899
v 2.004 24.014 4.479
v 4.087 23.81 2.4
v 3.068 21.331 -5.016
v 4.112 21.509 -4.507
v 5.972 23.161 -0.08
v 6.322 21.17 0.087
v -5.277 22.517 -1.831
v -5.292 22.854 -0.917
v -3.957 21.578 -4.315
v -5.803 20.891 -0.79
v -0.572 24.011 5.212
v -1.216 24.016 4.966
v -4.192 19.366 -4.6
v -3.068 21.331 -5.016
v -3.224 19.086 -5.32
v -2.382 22.117 4.895
v -3.225 22.098 4.261
v 1.158 18.76 -6.18
v 2.382 22.117 4.895
v 3.464 24.4 2
v 3.864 24.4 1.035
v 2 24.4 3.464
v 2.828 24.4 2.828
v 3.464 24.4 -2
v 2.828 24.4 -2.828
v 4 24.4 0
v 2 24.4 -3.464
v 1.035 24.4 -3.864
v 3.864 24.4 -1.035
v 1.035 24.4 3.864
v 2.276 25.568 -4.976
v 2.991 25.829 -4.441
v 1.312 20.623 4.845
v 2.532 20.598 4.341
v 9.212 19.611 -1.672
v 8.788 19.134 -3.282
v 1.253 17.698 -4.878
v 2.437 17.909 -4.402
v 4.331 25.742 0.922
v 4.161 25.163 1.63
v 0.445 25.752 -5.152
v 0.859 25.937 -4.916
v 5.021 19.668 -0.033
v 4.828 19.197 -1.354
v 4.306 18.707 -2.582
v 3.52 18.283 -3.569
v 3.368 21.301 9.495
v 1.722 21.187 10.032
v 9.214 20.482 -1.665
v 8.791 19.995 -3.274
v 4.903 17.578 -8.655
v 3.372 17.427 -9.455
v 4.359 20.348 2.501
v 3.566 20.517 3.541
v 0.598 27.648 2.031
v 0.778 27.651 1.923
v 1.49 27.654 1.04
v 1.73 27.639 0.554
v 4.906 21.446 8.711
v 6.313 21.606 7.708
v 2.824 27.412 1.239
v 2.129 27.461 2.058
v 1.723 17.349 -9.987
v 1.904 27.589 -0.039
v 2.04 27.485 -0.844
v 4.854 20.059 1.281
v 2.743 24.465 3.796
v 1.998 24.699 4.33
v 3.843 24.72 2.393
v 3.364 24.48 3.133
v 0.936 25.621 4.742
v 0.732 26.169 4.662
v 1.516 25.342 -5.362
v 0.757 25.179 -5.6
v 8.165 18.656 -4.827
v 7.313 18.209 -6.267
v 8.384 21.769 4.966
v 8.976 21.632 3.343
v 3.368 20.376 9.492
v 1.721 20.294 10.031
v 1.486 26.42 -4.196
v 1.687 26.623 -3.826
v 1.847 26.829 -3.34
v 1.208 26.176 -4.578
v 4.339 26.635 -2.048
v 4.432 26.849 -1.218
v 4.246 27.094 -0.11
v 4.246 27.094 -0.11
v 4.361 26.388 0.346
v 3.373 18.288 -9.455
v 4.904 18.451 -8.655
v 8.167 19.519 -4.819
v 7.314 19.083 -6.263
v 8.385 20.842 4.968
v 8.976 20.714 3.344
v 1.724 18.205 -9.987
v 4.407 26.979 -0.63
v 0.995 27.304 3.704
v 1.515 27.428 2.89
v 1.158 27.656 1.523
v 3.562 27.264 0.515
v 6.312 20.672 7.705
v 7.51 20.814 6.464
v 9.343 21.36 1.67
v 1.329 25.109 4.668
v 9.432 20.958 -0.012
v 3.613 26.101 -3.758
v 4.081 26.373 -2.951
v 0.624 26.734 4.525
v 7.511 21.745 6.465
v 4.905 20.513 8.707
v 9.344 20.452 1.671
v 9.431 20.067 -0.014
v 2.003 27.08 -2.609
v 2.089 27.318 -1.741
v 0.74 27.092 4.181
v 0.52 27.641 1.733
v 0.3 27.641 1.513
v 0.6 27.641 2.033
v 0.6 27.641 2.033
v 0.52 27.641 2.333
v 0.3 27.641 2.552
v 2.515 21.8 -4.364
v 1.302 21.8 -4.866
v 3.557 21.8 -3.565
v 4.356 21.8 -2.523
v 4.859 21.8 -1.31
v 5.03 21.8 -0.008
v 4.859 21.8 1.294
v 4.356 21.8 2.507
v 3.557 21.8 3.549
v 2.515 21.8 4.348
v 1.302 21.8 4.851
v 2 22.42 -3.464
v 1.035 22.42 -3.864
v 2.828 22.42 -2.828
v 3.464 22.42 -2
v 3.864 22.42 -1.035
v 4 22.42 0
v 3.864 22.42 1.035
v 3.464 22.42 2
v 2.828 22.42 2.828
v 2 22.42 3.464
v 1.035 22.42 3.864
v 1.25 22.4 -2.165
v 0.647 22.4 -2.415
v 1.768 22.4 -1.768
v 2.165 22.4 -1.25
v 2.415 22.4 -0.647
v 2.5 22.4 0
v 2.415 22.4 0.647
v 2.165 22.4 1.25
v 1.768 22.4 1.768
v 1.25 22.4 2.165
v 0.647 22.4 2.415
v 1.625 22.4 -2.815
v 0.841 22.4 -3.139
v 2.298 22.4 -2.298
v 2.815 22.4 -1.625
v 3.139 22.4 -0.841
v 3.25 22.4 0
v 3.139 22.4 0.841
v 2.815 22.4 1.625
v 2.298 22.4 2.298
v 1.625 22.4 2.815
v 0.841 22.4 3.139
v 1.25 24.4 -2.165
v 0.647 24.4 -2.415
v 0.647 24.4 2.415
v 1.25 24.4 2.165
v 1.768 24.4 1.768
v 2.415 24.4 0.647
v 2.5 24.4 0
v 2.415 24.4 -0.647
v 2.165 24.4 -1.25
v 1.768 24.4 -1.768
v 2.165 24.4 1.25
v 0.841 24.4 3.139
v 1.625 24.4 2.815
v 2.298 24.4 2.298
v 2.815 24.4 1.625
v 3.139 24.4 0.841
v 3.25 24.4 0
v 3.139 24.4 -0.841
v 2.815 24.4 -1.625
v 2.298 24.4 -2.298
v 1.625 24.4 -2.815
v 0.841 24.4 -3.139
v 6.224 17.84 -7.567
v 6.225 18.719 -7.566
usemtl MB_308
s off
f 4079 4080 3991
f 4080 3992 3991
f 4093 4092 3949
f 4092 3946 3949
f 4072 4071 3966
f 4071 3967 3966
f 4087 4086 3951
f 4086 3955 3951
f 4078 4006 4077
f 4006 3330 4077
f 4086 4084 3955
f 4084 3956 3955
f 4078 4079 4006
f 4079 3991 4006
f 4094 4093 3948
f 4093 3949 3948
f 3270 3176 3465
f 3176 3464 3465
f 3464 3176 3263
f 3176 3348 3263
f 3093 3181 3468
f 3181 3467 3468
f 3158 3162 3260
f 3162 3271 3260
f 3030 3187 3206
f 3187 3298 3206
f 3030 3206 3258
f 3206 3969 3258
f 3030 3258 3264
f 3258 4030 3264
f 3030 3264 3187
f 3264 3304 3187
f 3162 3464 3271
f 3464 3263 3271
f 3031 3221 3979
f 3221 4207 3979
f 3031 3979 3203
f 3979 3980 3203
f 3031 3203 3247
f 3203 4009 3247
f 3031 3247 3221
f 3247 3342 3221
f 3983 3982 4023
f 3982 3253 4023
f 3343 4019 4048
f 4019 3324 4048
f 3032 3161 3175
f 3161 3296 3175
f 3032 3175 3151
f 3175 3297 3151
f 3032 3151 3250
f 3151 4053 3250
f 3032 3250 3161
f 3250 3960 3161
f 3982 3981 3253
f 3981 3277 3253
f 4149 3259 3989
f 3259 4034 3989
f 3159 3066 3281
f 3066 4055 3281
f 3034 3157 3232
f 3157 3305 3232
f 3034 3232 4041
f 3232 4029 4041
f 3034 4041 3178
f 4041 4031 3178
f 3034 3178 3157
f 3178 3306 3157
f 3035 3033 3116
f 3033 3268 3116
f 3035 3116 3200
f 3116 3269 3200
f 3035 3200 4051
f 3200 3339 4051
f 3035 4051 3033
f 4051 3274 3033
f 3036 3244 3078
f 3244 3149 3078
f 3036 3078 3242
f 3078 3182 3242
f 3036 3242 3965
f 3242 3964 3965
f 3036 3965 3244
f 3965 4017 3244
f 3037 3150 3137
f 3150 3320 3137
f 3037 3137 3218
f 3137 3319 3218
f 3037 3218 3256
f 3218 4026 3256
f 3037 3256 3150
f 3256 4060 3150
f 3038 3119 3174
f 3119 3308 3174
f 3038 3174 3107
f 3174 3309 3107
f 3038 3107 3111
f 3107 3310 3111
f 3038 3111 3119
f 3111 3312 3119
f 3039 3156 3236
f 3156 3282 3236
f 3039 3236 3180
f 3236 3349 3180
f 3039 3180 3217
f 3180 3346 3217
f 3039 3217 3156
f 3217 3283 3156
f 3040 3378 3143
f 3378 3379 3143
f 3040 3143 3160
f 3143 3316 3160
f 3040 3160 3195
f 3160 3318 3195
f 3378 3040 3195
f 3195 3994 3993
f 3195 3993 3378
f 3990 4033 4001
f 4033 4040 4001
f 3041 3120 4005
f 3120 4004 4005
f 3041 4005 3241
f 4005 3356 3241
f 3041 3241 3157
f 3241 3305 3157
f 3041 3157 3120
f 3157 3306 3120
f 3042 3202 3117
f 3202 3318 3117
f 3042 3117 3150
f 3117 3320 3150
f 3042 3150 3222
f 3150 4060 3222
f 3042 3222 3202
f 3222 3354 3202
f 4001 4040 4002
f 4040 4039 4002
f 3076 3113 3102
f 3113 3182 3102
f 4157 3500 3139
f 3500 3058 3139
f 3043 3118 3152
f 3118 3272 3152
f 3043 3152 3134
f 3152 3273 3134
f 3044 3137 3167
f 3137 3320 3167
f 3044 3167 3135
f 3167 3322 3135
f 3044 3135 3172
f 3135 3315 3172
f 3044 3172 3137
f 3172 3319 3137
f 4049 3114 3344
f 3114 4058 3344
f 3989 4034 3990
f 4034 4033 3990
f 3045 3163 3186
f 3163 3293 3186
f 3045 3186 3144
f 3186 3336 3144
f 3045 3144 4266
f 3144 3583 4266
f 3045 4266 3163
f 4266 3582 3163
f 3046 3230 3166
f 3230 3294 3166
f 3046 3166 3130
f 3166 3295 3130
f 3046 3130 3249
f 3130 3300 3249
f 3046 3249 3230
f 3249 4061 3230
f 3047 3161 3959
f 3161 3960 3959
f 3047 3959 3130
f 3959 3300 3130
f 3047 3130 3164
f 3130 3295 3164
f 3047 3164 3161
f 3164 3296 3161
f 3048 3131 3187
f 3131 3298 3187
f 3048 3187 3257
f 3187 3304 3257
f 3048 3257 3151
f 3257 4053 3151
f 3048 3151 3131
f 3151 3297 3131
f 3049 3134 3179
f 3134 3273 3179
f 3049 3179 3115
f 3179 3269 3115
f 4058 3114 3338
f 3114 3984 3338
f 3050 3166 3171
f 3166 3294 3171
f 3050 3171 4198
f 3171 4197 4198
f 3050 4198 3184
f 4198 4199 3184
f 3050 3184 3166
f 3184 3295 3166
f 3352 3998 4048
f 3998 3343 4048
f 3169 3158 4150
f 3158 3260 4150
f 3467 3181 3158
f 3181 3162 3158
f 3051 3128 3111
f 3128 3312 3111
f 3051 3111 3210
f 3111 3310 3210
f 3051 3210 3248
f 3210 4050 3248
f 3051 3248 3128
f 3248 3311 3128
f 3052 3265 3224
f 3265 3350 3224
f 3052 3224 3128
f 3224 3312 3128
f 3052 3128 4054
f 3128 3311 4054
f 3053 4028 3232
f 4028 4029 3232
f 3053 3232 3145
f 3232 3305 3145
f 3053 3145 3214
f 3145 3302 3214
f 3053 3214 4028
f 3214 3340 4028
f 3054 3185 3177
f 3185 3308 3177
f 3054 3177 3267
f 3177 3999 3267
f 3054 3267 4032
f 3267 3307 4032
f 3054 4032 3185
f 4032 3341 3185
f 3055 3177 3119
f 3177 3308 3119
f 3055 3119 3224
f 3119 3312 3224
f 3055 3224 4000
f 3224 3350 4000
f 3055 4000 3177
f 4000 3999 3177
f 3981 3997 3277
f 3997 4056 3277
f 3056 3220 3121
f 3220 3279 3121
f 3056 3121 3033
f 3121 3268 3033
f 3056 3252 3220
f 3252 3278 3220
f 3057 3254 3196
f 3254 3301 3196
f 3057 3196 3223
f 3196 3337 3223
f 3057 3223 3125
f 3223 3302 3125
f 3057 3125 3254
f 3125 3303 3254
f 3058 3108 3156
f 3108 3282 3156
f 3058 3156 3139
f 3156 3283 3139
f 3141 3327 3124
f 3327 3328 3124
f 3141 3124 3325
f 3124 3968 3325
f 3059 3115 3116
f 3115 3269 3116
f 3059 3116 3173
f 3116 3268 3173
f 3984 3985 3338
f 3985 3110 3338
f 4056 3997 3352
f 3997 3998 3352
f 3060 3212 4206
f 3212 4205 4206
f 3060 4206 3221
f 4206 4207 3221
f 3060 3221 3970
f 3221 3342 3970
f 3060 3970 3212
f 3970 3969 3212
f 3061 3201 3213
f 3201 3355 3213
f 3061 3213 3165
f 3213 4043 3165
f 3061 3165 3266
f 3165 3317 3266
f 3061 3266 3201
f 3266 3353 3201
f 3062 3142 3101
f 3142 3225 3101
f 3062 3101 3190
f 3101 3239 3190
f 3985 3275 3110
f 3275 3276 3110
f 3063 4016 3234
f 4016 4015 3234
f 3063 3234 3971
f 3234 3972 3971
f 3063 3971 3229
f 3971 4046 3229
f 3063 3229 4016
f 3229 3345 4016
f 3062 3190 4022
f 3190 3332 4022
f 3062 4022 3142
f 4022 4021 3142
f 3064 3211 3376
f 3211 3377 3376
f 3165 3064 3376
f 3376 3380 3317
f 3376 3317 3165
f 3064 3165 3104
f 3165 4043 3104
f 3064 3104 3211
f 3104 3313 3211
f 4020 4049 4038
f 4049 3344 4038
f 3065 3214 3223
f 3214 3302 3223
f 3065 3223 4052
f 3223 3337 4052
f 3065 4052 3214
f 4052 3340 3214
f 3066 3147 3220
f 3147 3279 3220
f 3066 3220 4055
f 3220 3278 4055
f 3280 3147 3159
f 3147 3066 3159
f 3067 3174 3185
f 3174 3308 3185
f 3067 3185 3133
f 3185 3341 3133
f 3067 3133 3174
f 3133 3309 3174
f 3068 3112 3133
f 3112 3309 3133
f 3068 3133 3127
f 3133 3341 3127
f 3068 3127 3112
f 3127 4011 3112
f 3069 3246 3210
f 3246 4050 3210
f 3069 3210 3235
f 3210 3310 3235
f 3069 3235 3246
f 3235 3299 3246
f 3070 3071 4013
f 3071 4014 4013
f 3070 4013 3186
f 4013 3336 3186
f 3070 3186 3071
f 3186 3293 3071
f 3358 3359 3071
f 3359 4014 3071
f 3052 4054 4062
f 3072 3141 3155
f 3141 3325 3155
f 3072 3155 3216
f 3155 3326 3216
f 3072 3216 3243
f 3216 3347 3243
f 3072 3243 3141
f 3243 3327 3141
f 3073 3144 4010
f 3144 3336 4010
f 3073 4010 3203
f 4010 4009 3203
f 3073 3203 4003
f 3203 3980 4003
f 3073 4003 3144
f 4003 3583 3144
f 3074 3179 3240
f 3179 3273 3240
f 3074 3240 3183
f 3240 4035 3183
f 3074 3183 3200
f 3183 3339 3200
f 3074 3200 3179
f 3200 3269 3179
f 3075 3146 3129
f 3146 3314 3129
f 3075 3129 3123
f 3129 3321 3123
f 3075 3123 3172
f 3123 3319 3172
f 3075 3172 3146
f 3172 3315 3146
f 3076 3102 3323
f 3102 3199 3323
f 3122 3106 3225
f 3106 3233 3225
f 3333 3194 3199
f 3194 3233 3199
f 3077 3231 3170
f 3231 3193 3170
f 3078 3974 3182
f 3974 3973 3182
f 3078 3149 3974
f 3149 3975 3974
f 3079 3104 4042
f 3104 4043 4042
f 3080 3195 3168
f 3195 3318 3168
f 3080 3168 4044
f 3168 3995 4044
f 3080 4044 3195
f 4044 3994 3195
f 3081 3168 3202
f 3168 3318 3202
f 3081 3202 3996
f 3202 3354 3996
f 3081 3996 3168
f 3996 3995 3168
f 3082 3196 3255
f 3196 3301 3255
f 3082 3255 3234
f 3255 3972 3234
f 3082 3234 3105
f 3234 4015 3105
f 3082 3105 3196
f 3105 3337 3196
f 3083 3178 4045
f 3178 4031 4045
f 3083 4045 3197
f 4045 3355 3197
f 3083 3197 3178
f 3197 3306 3178
f 3084 3208 4213
f 3208 4263 4213
f 3084 4213 3212
f 4213 4205 3212
f 3084 3212 3206
f 3212 3969 3206
f 3084 3206 3208
f 3206 3298 3208
f 3085 3218 3228
f 3218 3319 3228
f 3085 3228 4025
f 3228 4024 4025
f 3085 4025 3218
f 4025 4026 3218
f 3086 3228 3123
f 3228 3319 3123
f 3086 3123 4027
f 3123 3321 4027
f 3086 4027 3228
f 4027 4024 3228
f 3087 3117 3160
f 3117 3318 3160
f 3087 3160 3132
f 3160 3316 3132
f 3087 3132 3167
f 3132 3322 3167
f 3087 3167 3117
f 3167 3320 3117
f 3088 3164 3184
f 3164 3295 3184
f 3088 3184 4269
f 3184 4199 4269
f 3088 4269 3245
f 4269 3567 3245
f 3088 3245 3164
f 3245 3296 3164
f 3089 3131 3227
f 3131 3297 3227
f 3089 3227 3499
f 3227 3977 3499
f 3089 3499 3208
f 3499 4263 3208
f 3089 3208 3131
f 3208 3298 3131
f 3090 3241 4059
f 3241 3356 4059
f 3090 4059 3125
f 4059 3303 3125
f 3090 3125 3145
f 3125 3302 3145
f 3090 3145 3241
f 3145 3305 3241
f 3091 3113 3215
f 3113 4057 3215
f 3091 3215 3242
f 3215 3964 3242
f 3091 3242 3113
f 3242 3182 3113
f 3092 3201 3207
f 3201 3353 3207
f 3092 3207 3120
f 3207 4004 3120
f 3092 3120 3197
f 3120 3306 3197
f 3092 3197 3201
f 3197 3355 3201
f 3323 4037 3076
f 4037 3262 3076
f 3198 3192 3244
f 3192 3149 3244
f 3198 3244 4018
f 3244 4017 4018
f 3192 3198 3325
f 3198 3077 3325
f 3198 4018 3077
f 4018 3231 3077
f 3170 3193 3155
f 3193 3326 3155
f 3276 3275 3251
f 3275 3261 3251
f 3466 3126 3465
f 3126 3270 3465
f 3094 3173 3121
f 3173 3268 3121
f 3094 3121 3191
f 3121 3279 3191
f 3251 3261 4149
f 3261 3259 4149
f 3095 3152 3169
f 3152 3272 3169
f 3095 3169 4036
f 3169 4150 4036
f 3095 4036 3240
f 4036 4035 3240
f 3095 3240 3152
f 3240 3273 3152
f 3096 3122 3142
f 3122 3225 3142
f 3097 3175 3245
f 3175 3296 3245
f 3097 3245 3976
f 3245 3567 3976
f 3097 3976 3227
f 3976 3977 3227
f 3097 3227 3175
f 3227 3297 3175
f 3098 3236 3148
f 3236 3282 3148
f 3098 3148 3159
f 3148 3280 3159
f 3098 3159 3209
f 3159 3281 3209
f 3098 3209 3236
f 3209 3349 3236
f 3099 3112 4012
f 3112 4011 4012
f 3099 4012 3235
f 4012 3299 3235
f 3099 3235 3107
f 3235 3310 3107
f 3099 3107 3112
f 3107 3309 3112
f 3100 3191 3147
f 3191 3279 3147
f 3100 3147 3136
f 3147 3280 3136
f 3233 3194 3225
f 3194 3335 3225
f 4019 4020 3324
f 4020 4038 3324
f 3323 3106 4037
f 3106 3351 4037
f 3106 3122 3351
f 3122 4047 3351
f 3056 3033 3252
f 3033 3274 3252
f 3101 3225 3109
f 3225 3335 3109
f 3101 3109 3239
f 3109 3961 3239
f 3102 3182 3226
f 3182 3973 3226
f 3102 3226 3199
f 3226 3333 3199
f 3103 3136 3148
f 3136 3280 3148
f 3103 3148 3108
f 3148 3282 3108
f 3192 3325 3978
f 3325 3968 3978
f 3192 3978 3149
f 3978 3975 3149
f 3096 3204 3122
f 3204 4047 3122
f 3096 3142 3204
f 3142 4021 3204
f 3115 4265 3049
f 4265 3524 3049
f 3466 3093 3987
f 3093 3988 3987
f 3988 3093 3522
f 3093 3468 3522
f 3100 3136 4007
f 3136 3577 4007
f 3100 4007 3191
f 4007 4008 3191
f 3049 3524 3134
f 3524 4215 3134
f 3103 3108 4271
f 3108 4193 4271
f 3043 3515 3118
f 3515 4268 3118
f 3118 4268 3468
f 4268 3522 3468
f 3173 4208 3059
f 4208 3512 3059
f 3134 4215 3043
f 4215 3515 3043
f 3466 3987 3126
f 3987 3986 3126
f 3136 3103 3577
f 3103 4271 3577
f 3094 3537 3173
f 3537 4208 3173
f 3059 3512 3115
f 3512 4265 3115
f 3108 3058 4193
f 3058 3500 4193
f 3094 3191 3537
f 3191 4008 3537
f 3357 3313 3079
f 3313 3104 3079
f 3359 3358 3360
f 3358 3357 3360
f 3357 3079 3360
f 3079 4042 3360
f 4068 4067 3371
f 4063 4064 3369
f 4064 3368 3369
f 4069 4068 3372
f 4068 3371 3372
f 4065 3370 4066
f 4065 4063 3370
f 4063 3369 3370
f 4070 4069 3373
f 4069 3372 3373
f 3374 3366 3375
f 3366 3367 3375
f 3362 3374 3361
f 3374 3375 3361
f 3362 3363 3374
f 3363 3364 3374
f 3365 3366 3364
f 3366 3374 3364
f 4095 4094 3954
f 4094 3948 3954
f 4088 4087 3950
f 4087 3951 3950
f 3138 4076 3330
f 4076 4077 3330
f 4096 4095 3953
f 4095 3954 3953
f 4089 4088 3957
f 4088 3950 3957
f 3331 4075 3138
f 4075 4076 3138
f 4082 4083 3962
f 4083 3334 3962
f 4090 4089 3952
f 4089 3957 3952
f 3153 4074 3331
f 4074 4075 3331
f 4081 4082 3963
f 4082 3962 3963
f 4091 4090 3947
f 4090 3952 3947
f 3329 4073 3153
f 4073 4074 3153
f 4081 3963 4080
f 3963 3992 4080
f 4092 4091 3946
f 4091 3947 3946
f 3967 4071 3329
f 4071 4073 3329
f 4084 4085 3956
f 4085 3958 3956
f 3381 3394 3382
f 3394 3395 3382
f 3382 3395 3383
f 3395 3396 3383
f 3383 3396 3384
f 3396 3397 3384
f 3384 3397 3385
f 3397 3398 3385
f 3385 3398 3386
f 3398 3399 3386
f 3386 3399 3387
f 3399 3400 3387
f 3387 3400 3388
f 3400 3401 3388
f 3388 3401 3389
f 3401 3402 3389
f 3389 3402 3390
f 3402 3403 3390
f 3390 3403 3391
f 3403 3404 3391
f 3391 3404 3392
f 3404 3405 3392
f 3392 3405 3393
f 3405 3406 3393
f 4116 4115 4103
f 4115 3416 4103
f 3409 3452 3410
f 3452 3451 3410
f 4097 4110 4098
f 4110 4111 4098
f 4105 4135 4106
f 4135 4128 4106
f 4112 3413 4113
f 3413 4100 4113
f 4118 3419 4119
f 3419 3420 4119
f 4099 4123 3414
f 4123 4134 3414
f 3417 4131 4104
f 4131 4130 4104
f 4119 3420 4120
f 3420 4107 4120
f 3422 4126 4109
f 4126 4125 4109
f 4101 4133 4102
f 4133 4132 4102
f 4116 4103 4117
f 4103 3418 4117
f 3414 4134 4101
f 4134 4133 4101
f 4115 4114 3416
f 4114 3415 3416
f 4102 4132 3417
f 4132 4131 3417
f 4104 4130 4105
f 4130 4135 4105
f 4108 4121 4107
f 4121 4120 4107
f 3423 4122 4108
f 4122 4121 4108
f 3411 4129 3412
f 4129 4124 3412
f 3412 4124 4099
f 4124 4123 4099
f 4112 4110 3413
f 4110 4097 3413
f 4106 4128 3421
f 4128 4127 3421
f 4117 3418 4118
f 3418 3419 4118
f 4100 3415 4113
f 3415 4114 4113
f 3421 4127 3422
f 4127 4126 3422
f 3448 3450 3449
f 3029 3463 3028
f 3463 3462 3028
f 3437 3450 3438
f 3447 3450 3448
f 3025 3459 3024
f 3459 3458 3024
f 3444 3450 3445
f 3028 3462 3027
f 3462 3461 3027
f 3408 4138 3409
f 4138 3452 3409
f 3021 3455 3407
f 3455 3454 3407
f 3022 3456 3021
f 3456 3455 3021
f 3442 3450 3443
f 3445 3450 3446
f 3441 3450 3442
f 3439 3450 3440
f 3446 3450 3447
f 3026 3460 3025
f 3460 3459 3025
f 3440 3450 3441
f 3438 3450 3439
f 3443 3450 3444
f 3407 3454 3408
f 3454 4138 3408
f 3024 3458 3023
f 3458 3457 3023
f 3023 3457 3022
f 3457 3456 3022
f 3027 3461 3026
f 3461 3460 3026
f 3428 4144 3427
f 4144 4145 3427
f 3436 4136 3435
f 4136 4137 3435
f 3429 4143 3428
f 4143 4144 3428
f 3430 4142 3429
f 4142 4143 3429
f 3431 4141 3430
f 4141 4142 3430
f 3432 4140 3431
f 4140 4141 3431
f 3425 4147 3424
f 4147 4148 3424
f 3433 4139 3432
f 4139 4140 3432
f 3426 4146 3425
f 4146 4147 3425
f 3434 3453 3433
f 3453 4139 3433
f 3427 4145 3426
f 4145 4146 3426
f 3435 4137 3434
f 4137 3453 3434
f 3265 3052 4062
f 3162 3181 3464
f 3181 3465 3464
f 3466 3465 3093
f 3465 3181 3093
f 3118 3468 3272
f 3468 3467 3272
f 3169 3272 3158
f 3272 3467 3158
f 4057 3113 3262
f 3113 3076 3262
f 3106 3323 3233
f 3323 3199 3233
f 3170 3155 3077
f 3155 3325 3077
f 4157 3139 4152
f 3139 3471 4152
f 3546 4161 3490
f 4161 4204 3490
f 3492 3533 3473
f 3533 4153 3473
f 4153 4154 3473
f 4154 3493 3473
f 3475 4155 3482
f 4155 4156 3482
f 3484 4229 3475
f 4229 4155 3475
f 4168 3488 4186
f 3488 3469 4186
f 3476 3496 3477
f 3496 4151 3477
f 3469 3479 4186
f 3479 3494 4186
f 3479 3493 3494
f 3493 4154 3494
f 3472 3478 4261
f 3478 4177 4261
f 3488 4168 3546
f 4168 4161 3546
f 3492 3126 3533
f 3126 3986 3533
f 3482 4156 3476
f 4156 3496 3476
f 3483 4250 3474
f 4250 4232 3474
f 3477 4151 3471
f 4151 4152 3471
f 4191 3491 4248
f 3491 4273 4248
f 3238 4238 3289
f 4238 4237 3289
f 3284 4212 4273
f 4212 4248 4273
f 4210 4211 3292
f 4211 3189 3292
f 3189 4211 3284
f 4211 4212 3284
f 4176 4174 3548
f 4174 4260 3548
f 4236 4235 3286
f 4235 4270 3286
f 4270 4235 3292
f 4235 4210 3292
f 3555 4187 4241
f 4187 4259 4241
f 3483 3472 4184
f 3472 4261 4184
f 4191 4190 3491
f 4190 3485 3491
f 3285 3480 4196
f 3480 4195 4196
f 3485 4190 4187
f 4190 4259 4187
f 3487 4194 3480
f 4194 4195 3480
f 4218 4217 3578
f 4217 4209 3578
f 4237 4247 3289
f 4247 4249 3289
f 4209 4217 3291
f 4217 4216 3291
f 4233 4246 3569
f 4246 4214 3569
f 4249 4247 3578
f 4247 4218 3578
f 3549 4253 4164
f 4253 4162 4164
f 4214 4246 3286
f 4246 4236 3286
f 3487 4274 4194
f 4274 4242 4194
f 3508 4172 4175
f 4172 4170 4175
f 4242 4274 4239
f 4274 3489 4239
f 3469 3488 3481
f 3488 3546 3481
f 3550 4224 3549
f 4224 4253 3549
f 4233 3569 4234
f 3569 4231 4234
f 4166 4169 4241
f 4169 3555 4241
f 3545 4230 4173
f 4230 4171 4173
f 4234 4231 4216
f 4231 3291 4216
f 3285 4196 4192
f 4196 4200 4192
f 3560 4192 4201
f 4192 4200 4201
f 4226 4240 4228
f 4240 3486 4228
f 3490 4204 4177
f 4204 3509 4177
f 3486 4240 3489
f 4240 4239 3489
f 3548 4260 4185
f 4260 4182 4185
f 4230 3545 4158
f 3545 4160 4158
f 3550 4180 4224
f 4180 4178 4224
f 4220 4272 4219
f 4272 3237 4219
f 4219 3237 4201
f 3237 3560 4201
f 4220 4238 4272
f 4238 3238 4272
f 3559 3553 4163
f 3553 3525 4163
f 4183 4179 3495
f 4179 4181 3495
f 4159 3506 4167
f 3506 3503 4167
f 4225 3544 4258
f 3544 3498 4258
f 4222 3547 3530
f 3547 3501 3530
f 3534 3140 3566
f 3140 4264 3566
f 3516 3514 3570
f 3514 3288 3570
f 4254 4258 3581
f 4258 3498 3581
f 3505 3188 3576
f 3188 4267 3576
f 3505 3563 3188
f 3563 4243 3188
f 3520 4252 3554
f 4252 4189 3554
f 3570 3288 3526
f 3288 4262 3526
f 4252 3520 3551
f 3520 3519 3551
f 4184 3538 3483
f 3538 4250 3483
f 4223 3556 4225
f 3556 3544 4225
f 3527 3205 3564
f 3205 3589 3564
f 3588 3565 3504
f 3565 3513 3504
f 3576 4267 3517
f 4267 3219 3517
f 4251 3510 4221
f 3510 3523 4221
f 4223 4222 3556
f 4222 3530 3556
f 3470 3490 3478
f 3490 4177 3478
f 3481 3546 3470
f 3546 3490 3470
f 3547 4222 3523
f 4222 4221 3523
f 3566 4264 3527
f 4264 3205 3527
f 3575 3290 3528
f 3290 3154 3528
f 3502 3562 4244
f 3562 4245 4244
f 3564 3589 3513
f 3589 3504 3513
f 4255 4254 3536
f 4254 3581 3536
f 4188 3558 4189
f 3558 3554 4189
f 3568 3287 3534
f 3287 3140 3534
f 4243 3563 4244
f 3563 3502 4244
f 3528 3154 3574
f 3154 3573 3574
f 3574 3573 3535
f 3573 3511 3535
f 3526 4262 3568
f 4262 3287 3568
f 3551 3510 4252
f 3510 4251 4252
f 3535 3511 3571
f 3511 3572 3571
f 4203 3529 4257
f 3529 4227 4257
f 3571 3572 3516
f 3572 3514 3516
f 4202 3552 4203
f 3552 3529 4203
f 4256 3531 4202
f 3531 3552 4202
f 3517 3219 3575
f 3219 3290 3575
f 4245 3562 4256
f 3562 3531 4256
f 3536 3565 4255
f 3565 3588 4255
f 4227 3540 4188
f 3540 3558 4188
f 3484 3474 4165
f 3474 4232 4165
f 4257 4227 4188
f 4165 4229 3484
f 4385 4308 4386
f 4308 4309 4386
f 4397 4278 4396
f 4278 4275 4396
f 4072 3966 4379
f 3966 3680 4379
f 4391 4280 4389
f 4280 4282 4389
f 4384 4383 4321
f 4383 3838 4321
f 4389 4282 4390
f 4282 4283 4390
f 4384 4321 4385
f 4321 4308 4385
f 4398 4277 4397
f 4277 4278 4397
f 3270 3944 3176
f 3944 3943 3176
f 3943 3791 3176
f 3791 3348 3176
f 3473 3493 3723
f 3493 3945 3723
f 3704 3788 3708
f 3788 3798 3708
f 3598 3743 3729
f 3743 3813 3729
f 3598 3786 3743
f 3786 4294 3743
f 3598 3792 3786
f 3792 4342 3786
f 3598 3729 3792
f 3729 3819 3792
f 3708 3798 3943
f 3798 3791 3943
f 3599 3584 3755
f 3584 3585 3755
f 3599 3741 3584
f 3741 3507 3584
f 3599 3775 3741
f 3775 4322 3741
f 3599 3755 3775
f 3755 3848 3775
f 3983 4023 4303
f 4023 3781 4303
f 3849 4358 4332
f 4358 3834 4332
f 3600 3718 3707
f 3718 3811 3707
f 3600 3698 3718
f 3698 3812 3718
f 3600 3778 3698
f 3778 4363 3698
f 3600 3707 3778
f 3707 4287 3778
f 4303 3781 4302
f 3781 3804 4302
f 4444 4306 3787
f 4306 4346 3787
f 3705 3808 3630
f 3808 4365 3630
f 3602 3764 3703
f 3764 3820 3703
f 3602 4352 3764
f 4352 4341 3764
f 3602 3720 4352
f 3720 4343 4352
f 3602 3703 3720
f 3703 3821 3720
f 3603 3673 3601
f 3673 3796 3601
f 3603 3738 3673
f 3738 3797 3673
f 3603 4361 3738
f 4361 3845 3738
f 3603 3601 4361
f 3601 3801 4361
f 3604 3641 3772
f 3641 3696 3772
f 3604 3771 3641
f 3771 3724 3641
f 3604 4291 3771
f 4291 4290 3771
f 3604 3772 4291
f 3772 4330 4291
f 3605 3688 3697
f 3688 3831 3697
f 3605 3753 3688
f 3753 3830 3688
f 3605 3784 3753
f 3784 4338 3753
f 3605 3697 3784
f 3697 4370 3784
f 3606 3717 3675
f 3717 3823 3675
f 3606 3666 3717
f 3666 3824 3717
f 3606 3669 3666
f 3669 3825 3666
f 3606 3675 3669
f 3675 3827 3669
f 3607 3768 3702
f 3768 3809 3702
f 3607 3722 3768
f 3722 3851 3768
f 3607 3217 3722
f 3217 3346 3722
f 3607 3702 3217
f 3702 3283 3217
f 3608 3143 3872
f 3143 3379 3872
f 3608 3706 3143
f 3706 3316 3143
f 3608 3733 3706
f 3733 3829 3706
f 3733 3608 3872
f 3872 4310 4311
f 3872 4311 3733
f 4307 4318 4345
f 4318 4351 4345
f 3609 4320 3676
f 4320 4319 3676
f 3609 3770 4320
f 3770 3858 4320
f 3609 3703 3770
f 3703 3820 3770
f 3609 3676 3703
f 3676 3821 3703
f 3610 3674 3740
f 3674 3829 3740
f 3610 3697 3674
f 3697 3831 3674
f 3610 3756 3697
f 3756 4370 3697
f 3610 3740 3756
f 3740 3856 3756
f 4318 4002 4351
f 4002 4039 4351
f 3639 3662 3671
f 3662 3724 3671
f 3469 3699 3479
f 3699 3799 3479
f 3469 3481 3699
f 3481 3800 3699
f 3611 3712 3688
f 3712 3831 3688
f 3611 3135 3712
f 3135 3322 3712
f 3611 3716 3135
f 3716 3315 3135
f 3611 3688 3716
f 3688 3830 3716
f 4359 3850 3672
f 3850 4368 3672
f 4306 4307 4346
f 4307 4345 4346
f 3612 3728 3163
f 3728 3293 3163
f 3612 3692 3728
f 3692 3842 3728
f 3612 3532 3692
f 3532 3561 3692
f 3612 3163 3532
f 3163 3582 3532
f 3613 3711 3230
f 3711 3294 3230
f 3613 3685 3711
f 3685 3810 3711
f 3613 3777 3685
f 3777 3815 3685
f 3613 3230 3777
f 3230 4061 3777
f 3614 4286 3707
f 4286 4287 3707
f 3614 3685 4286
f 3685 3815 4286
f 3614 3709 3685
f 3709 3810 3685
f 3614 3707 3709
f 3707 3811 3709
f 3615 3729 3686
f 3729 3813 3686
f 3615 3785 3729
f 3785 3819 3729
f 3615 3698 3785
f 3698 4363 3785
f 3615 3686 3698
f 3686 3812 3698
f 3470 3721 3481
f 3721 3800 3481
f 3470 3478 3721
f 3478 3797 3721
f 4368 3844 3672
f 3844 4304 3672
f 3616 3171 3711
f 3171 3294 3711
f 3616 3541 3171
f 3541 4197 3171
f 3616 3726 3541
f 3726 3580 3541
f 3616 3711 3726
f 3711 3810 3726
f 3854 4358 4315
f 4358 3849 4315
f 3714 4445 3704
f 4445 3788 3704
f 3945 3704 3723
f 3704 3708 3723
f 3617 3669 3683
f 3669 3827 3683
f 3617 3747 3669
f 3747 3825 3669
f 3617 3776 3747
f 3776 4360 3747
f 3617 3683 3776
f 3683 4327 3776
f 3618 3758 3793
f 3758 3852 3793
f 3618 3683 3758
f 3683 3827 3758
f 3618 4364 3683
f 4364 4327 3683
f 3619 3764 4340
f 3764 4341 4340
f 3619 3693 3764
f 3693 3820 3764
f 3619 3750 3693
f 3750 3817 3693
f 3619 4340 3750
f 4340 3846 3750
f 3620 3719 3727
f 3719 3823 3727
f 3620 3795 3719
f 3795 4316 3719
f 3620 4344 3795
f 4344 3822 3795
f 3620 3727 4344
f 3727 3847 4344
f 3621 3675 3719
f 3675 3823 3719
f 3621 3758 3675
f 3758 3827 3675
f 3621 4317 3758
f 4317 3852 3758
f 3621 3719 4317
f 3719 4316 4317
f 4302 3804 4314
f 3804 4366 4314
f 3622 3677 3754
f 3677 3806 3754
f 3622 3601 3677
f 3601 3796 3677
f 3622 3754 3780
f 3754 3805 3780
f 3623 3734 3782
f 3734 3816 3782
f 3623 3757 3734
f 3757 3843 3734
f 3623 3681 3757
f 3681 3817 3757
f 3623 3782 3681
f 3782 3818 3681
f 3471 3702 3477
f 3702 3809 3477
f 3471 3139 3702
f 3139 3283 3702
f 3690 4292 3327
f 4292 3328 3327
f 3690 3835 4292
f 3835 4293 4292
f 3472 3673 3478
f 3673 3797 3478
f 3472 3483 3673
f 3483 3796 3673
f 4304 3844 4305
f 3844 3668 4305
f 4366 3854 4314
f 3854 4315 4314
f 3624 3497 3748
f 3497 3586 3748
f 3624 3755 3497
f 3755 3585 3497
f 3624 4295 3755
f 4295 3848 3755
f 3624 3748 4295
f 3748 4294 4295
f 3625 3749 3739
f 3749 3857 3739
f 3625 3710 3749
f 3710 4354 3749
f 3625 3794 3710
f 3794 3828 3710
f 3625 3739 3794
f 3739 3855 3794
f 3626 3661 3691
f 3661 3759 3691
f 3626 3190 3661
f 3190 3239 3661
f 4305 3668 3802
f 3668 3803 3802
f 3627 3766 4329
f 3766 4328 4329
f 3627 4296 3766
f 4296 4297 3766
f 3627 3229 4296
f 3229 4046 4296
f 3627 4329 3229
f 4329 3345 3229
f 3626 4335 3190
f 4335 3332 3190
f 3626 3691 4335
f 3691 4334 4335
f 3628 3871 3211
f 3871 3377 3211
f 3871 3628 3710
f 3710 3828 3873
f 3710 3873 3871
f 3628 3663 3710
f 3663 4354 3710
f 3628 3211 3663
f 3211 3313 3663
f 4333 4350 4359
f 4350 3850 4359
f 3629 3757 3750
f 3757 3817 3750
f 3629 4362 3757
f 4362 3843 3757
f 3629 3750 4362
f 3750 3846 4362
f 3630 3754 3694
f 3754 3806 3694
f 3630 4365 3754
f 4365 3805 3754
f 3807 3705 3694
f 3705 3630 3694
f 3631 3727 3717
f 3727 3823 3717
f 3631 3687 3727
f 3687 3847 3727
f 3631 3717 3687
f 3717 3824 3687
f 3632 3687 3670
f 3687 3824 3670
f 3632 3682 3687
f 3682 3847 3687
f 3632 3670 3682
f 3670 4324 3682
f 3633 3747 3774
f 3747 4360 3774
f 3633 3767 3747
f 3767 3825 3747
f 3633 3774 3767
f 3774 3814 3767
f 3634 4326 3071
f 4326 3826 3071
f 3634 3728 4326
f 3728 3842 4326
f 3634 3071 3728
f 3071 3293 3728
f 3358 3071 3859
f 3071 3826 3859
f 3618 4371 4364
f 3635 3701 3690
f 3701 3835 3690
f 3635 3752 3701
f 3752 3836 3701
f 3635 3243 3752
f 3243 3347 3752
f 3635 3690 3243
f 3690 3327 3243
f 3636 4323 3692
f 4323 3842 3692
f 3636 3741 4323
f 3741 4322 4323
f 3636 3542 3741
f 3542 3507 3741
f 3636 3692 3542
f 3692 3561 3542
f 3637 3769 3721
f 3769 3800 3721
f 3637 3725 3769
f 3725 4347 3769
f 3637 3738 3725
f 3738 3845 3725
f 3637 3721 3738
f 3721 3797 3738
f 3638 3684 3146
f 3684 3314 3146
f 3638 3679 3684
f 3679 3832 3684
f 3638 3716 3679
f 3716 3830 3679
f 3638 3146 3716
f 3146 3315 3716
f 3639 3833 3662
f 3833 3737 3662
f 3678 3759 3665
f 3759 3765 3665
f 3840 3737 3732
f 3737 3765 3732
f 3640 3715 3763
f 3715 3731 3763
f 3641 3724 4299
f 3724 4298 4299
f 3641 4299 3696
f 4299 4300 3696
f 3642 4353 3663
f 4353 4354 3663
f 3643 3713 3733
f 3713 3829 3733
f 3643 4355 3713
f 4355 4312 3713
f 3643 3733 4355
f 3733 4311 4355
f 3644 3740 3713
f 3740 3829 3713
f 3644 4313 3740
f 4313 3856 3740
f 3644 3713 4313
f 3713 4312 4313
f 3645 3783 3734
f 3783 3816 3734
f 3645 3766 3783
f 3766 4297 3783
f 3645 3664 3766
f 3664 4328 3766
f 3645 3734 3664
f 3734 3843 3664
f 3646 4356 3720
f 4356 4343 3720
f 3646 3735 4356
f 3735 3857 4356
f 3646 3720 3735
f 3720 3821 3735
f 3647 3539 3745
f 3539 3557 3745
f 3647 3748 3539
f 3748 3586 3539
f 3647 3743 3748
f 3743 4294 3748
f 3647 3745 3743
f 3745 3813 3743
f 3648 3762 3753
f 3762 3830 3753
f 3648 4337 3762
f 4337 4336 3762
f 3648 3753 4337
f 3753 4338 4337
f 3649 3679 3762
f 3679 3830 3762
f 3649 4339 3679
f 4339 3832 3679
f 3649 3762 4339
f 3762 4336 4339
f 3650 3706 3674
f 3706 3829 3674
f 3650 3132 3706
f 3132 3316 3706
f 3650 3712 3132
f 3712 3322 3132
f 3650 3674 3712
f 3674 3831 3712
f 3651 3726 3709
f 3726 3810 3709
f 3651 3543 3726
f 3543 3580 3726
f 3651 3773 3543
f 3773 3521 3543
f 3651 3709 3773
f 3709 3811 3773
f 3652 3761 3686
f 3761 3812 3686
f 3652 3587 3761
f 3587 3518 3761
f 3652 3745 3587
f 3745 3557 3587
f 3652 3686 3745
f 3686 3813 3745
f 3653 4369 3770
f 4369 3858 3770
f 3653 3681 4369
f 3681 3818 4369
f 3653 3693 3681
f 3693 3817 3681
f 3653 3770 3693
f 3770 3820 3693
f 3654 3751 3671
f 3751 4367 3671
f 3654 3771 3751
f 3771 4290 3751
f 3654 3671 3771
f 3671 3724 3771
f 3655 3744 3739
f 3744 3855 3739
f 3655 3676 3744
f 3676 4319 3744
f 3655 3735 3676
f 3735 3821 3676
f 3655 3739 3735
f 3739 3857 3735
f 3833 3639 4349
f 3639 3790 4349
f 3736 3772 3730
f 3772 3696 3730
f 3736 4331 3772
f 4331 4330 3772
f 3730 3835 3736
f 3835 3640 3736
f 3736 3640 4331
f 3640 3763 4331
f 3715 3701 3731
f 3701 3836 3731
f 3803 3779 3802
f 3779 3789 3802
f 3492 3944 3126
f 3944 3270 3126
f 3474 3677 3483
f 3677 3796 3483
f 3474 3484 3677
f 3484 3806 3677
f 3779 4444 3789
f 4444 3787 3789
f 3656 3714 3699
f 3714 3799 3699
f 3656 4348 3714
f 4348 4445 3714
f 3656 3769 4348
f 3769 4347 4348
f 3656 3699 3769
f 3699 3800 3769
f 3657 3691 3678
f 3691 3759 3678
f 3658 3773 3718
f 3773 3811 3718
f 3658 3579 3773
f 3579 3521 3773
f 3658 3761 3579
f 3761 3518 3579
f 3658 3718 3761
f 3718 3812 3761
f 3659 3695 3768
f 3695 3809 3768
f 3659 3705 3695
f 3705 3807 3695
f 3659 3746 3705
f 3746 3808 3705
f 3659 3768 3746
f 3768 3851 3746
f 3660 4325 3670
f 4325 4324 3670
f 3660 3767 4325
f 3767 3814 4325
f 3660 3666 3767
f 3666 3825 3767
f 3660 3670 3666
f 3670 3824 3666
f 3475 3694 3484
f 3694 3806 3484
f 3475 3482 3694
f 3482 3807 3694
f 3765 3759 3732
f 3759 3841 3732
f 4332 3834 4333
f 3834 4350 4333
f 3833 4349 3665
f 4349 3853 3665
f 3665 3853 3678
f 3853 4357 3678
f 3622 3780 3601
f 3780 3801 3601
f 3661 3667 3759
f 3667 3841 3759
f 3661 3239 3667
f 3239 3961 3667
f 3662 3760 3724
f 3760 4298 3724
f 3662 3737 3760
f 3737 3840 3760
f 3476 3695 3482
f 3695 3807 3482
f 3476 3477 3695
f 3477 3809 3695
f 3730 4301 3835
f 4301 4293 3835
f 3730 3696 4301
f 3696 4300 4301
f 3657 3678 3742
f 3678 4357 3742
f 3657 3742 3691
f 3742 4334 3691
f 3357 3642 3313
f 3642 3663 3313
f 3859 3860 3358
f 3860 3357 3358
f 3357 3860 3642
f 3860 4353 3642
f 4376 3868 4375
f 4373 3866 4064
f 3866 3368 4064
f 4377 3869 4376
f 3869 3868 4376
f 4372 4374 3867
f 4372 3867 4373
f 3867 3866 4373
f 4070 3373 4377
f 3373 3869 4377
f 3870 3375 3865
f 3375 3367 3865
f 3861 3361 3870
f 3361 3375 3870
f 3861 3870 3862
f 3870 3863 3862
f 3864 3863 3865
f 3863 3870 3865
f 4399 4285 4398
f 4285 4277 4398
f 4392 4279 4391
f 4279 4280 4391
f 3689 3838 4382
f 3838 4383 4382
f 4096 3953 4399
f 3953 4285 4399
f 4393 4284 4392
f 4284 4279 4392
f 3839 3689 4381
f 3689 4382 4381
f 4388 4288 4083
f 4288 3334 4083
f 4394 4281 4393
f 4281 4284 4393
f 3700 3839 4380
f 3839 4381 4380
f 4387 4289 4388
f 4289 4288 4388
f 4395 4276 4394
f 4276 4281 4394
f 3837 3700 4378
f 3700 4380 4378
f 4387 4386 4289
f 4386 4309 4289
f 4396 4275 4395
f 4275 4276 4395
f 3680 3837 4379
f 3837 4378 4379
f 4390 4283 4085
f 4283 3958 4085
f 3381 3874 3394
f 3874 3885 3394
f 3874 3875 3885
f 3875 3886 3885
f 3875 3876 3886
f 3876 3887 3886
f 3876 3877 3887
f 3877 3888 3887
f 3877 3878 3888
f 3878 3889 3888
f 3878 3879 3889
f 3879 3890 3889
f 3879 3880 3890
f 3880 3891 3890
f 3880 3881 3891
f 3881 3892 3891
f 3881 3882 3892
f 3882 3893 3892
f 3882 3883 3893
f 3883 3894 3893
f 3883 3884 3894
f 3884 3895 3894
f 3884 3393 3895
f 3393 3406 3895
f 4416 4405 4415
f 4405 3903 4415
f 3898 3410 3932
f 3410 3451 3932
f 3899 4098 4412
f 4098 4111 4412
f 4407 4408 4432
f 4408 4426 4432
f 4411 4413 3900
f 4413 4402 3900
f 4418 4419 3906
f 4419 3907 3906
f 4400 3901 4422
f 3901 4431 4422
f 3904 4406 4428
f 4406 4427 4428
f 4419 4420 3907
f 4420 4409 3907
f 3909 4109 4424
f 4109 4125 4424
f 4403 4404 4430
f 4404 4429 4430
f 4416 4417 4405
f 4417 3905 4405
f 3901 4403 4431
f 4403 4430 4431
f 4415 3903 4414
f 3903 3902 4414
f 4404 3904 4429
f 3904 4428 4429
f 4406 4407 4427
f 4407 4432 4427
f 4410 4409 4421
f 4409 4420 4421
f 3423 4410 4122
f 4410 4421 4122
f 3411 4401 4129
f 4401 4423 4129
f 4401 4400 4423
f 4400 4422 4423
f 4411 3900 4412
f 3900 3899 4412
f 4408 3908 4426
f 3908 4425 4426
f 4417 4418 3905
f 4418 3906 3905
f 4402 4413 3902
f 4413 4414 3902
f 3908 3909 4425
f 3909 4424 4425
f 3931 3449 3450
f 3029 3597 3463
f 3597 3942 3463
f 3437 3921 3450
f 3930 3931 3450
f 3594 3593 3939
f 3593 3938 3939
f 3927 3928 3450
f 3597 3596 3942
f 3596 3941 3942
f 3897 3898 4434
f 3898 3932 4434
f 3590 3896 3935
f 3896 3934 3935
f 3591 3590 3936
f 3590 3935 3936
f 3925 3926 3450
f 3928 3929 3450
f 3924 3925 3450
f 3922 3923 3450
f 3929 3930 3450
f 3595 3594 3940
f 3594 3939 3940
f 3923 3924 3450
f 3921 3922 3450
f 3926 3927 3450
f 3896 3897 3934
f 3897 4434 3934
f 3593 3592 3938
f 3592 3937 3938
f 3592 3591 3937
f 3591 3936 3937
f 3596 3595 3941
f 3595 3940 3941
f 3913 3912 4440
f 3912 4441 4440
f 3436 3920 4136
f 3920 4433 4136
f 3914 3913 4439
f 3913 4440 4439
f 3915 3914 4438
f 3914 4439 4438
f 3916 3915 4437
f 3915 4438 4437
f 3917 3916 4436
f 3916 4437 4436
f 3910 3424 4443
f 3424 4148 4443
f 3918 3917 4435
f 3917 4436 4435
f 3911 3910 4442
f 3910 4443 4442
f 3919 3918 3933
f 3918 4435 3933
f 3912 3911 4441
f 3911 4442 4441
f 3920 3919 4433
f 3919 3933 4433
f 3793 4371 3618
f 3708 3943 3723
f 3943 3944 3723
f 3492 3473 3944
f 3473 3723 3944
f 3479 3799 3493
f 3799 3945 3493
f 3714 3704 3799
f 3704 3945 3799
f 4367 3790 3671
f 3790 3639 3671
f 3665 3765 3833
f 3765 3737 3833
f 3715 3640 3701
f 3640 3835 3701
o Part.7
v 4.817 11.2 3
v 6.4 2.4 3
v 4.923 10.62 0.765
v 5.004 10.168 1.414
v 5.117 9.535 1.848
v 5.243 8.8 2
v 5.382 8.053 1.848
v 5.499 7.404 1.414
v 5.574 6.977 0.765
v 6.496 7.149 0.765
v 6.417 7.576 1.414
v 6.308 8.216 1.848
v 6.172 8.969 2
v 6.039 9.722 1.848
v 5.926 10.362 1.414
v 5.847 10.789 0.765
v 6.765 6.232 3
v 5.782 11.748 3
v 6.678 6.717 0.956
v 7.7 0.02 3
v 7.7 1 3
v 6.579 7.25 1.767
v 6.443 8.049 2.309
v 6.272 8.99 2.499
v 6.106 9.931 2.309
v 5.965 10.73 1.767
v 5.867 11.264 0.956
v 6.577 6.696 0.956
v 6.478 7.229 1.767
v 6.342 8.028 2.309
v 6.171 8.969 2.499
v 6.005 9.91 2.309
v 5.864 10.709 1.767
v 5.766 11.243 0.956
v 6.698 1 3.96
v 4.782 11.749 3.96
v 5.762 6.231 3.96
v 4.598 12.78 3
v 6.698 0.02 3.96
v 7.398 0.02 3.96
v 7.7 0.02 3.66
v 6.4 0.02 3
v 7.513 0.02 3.937
v 7.611 0.02 3.872
v 7.677 0.02 3.775
v 7.7 1 3.66
v 7.398 1 3.96
v 7.677 1 3.775
v 7.611 1 3.872
v 7.513 1 3.937
v 5.482 11.749 3.96
v 5.783 11.748 3.66
v 5.597 11.749 3.937
v 5.695 11.749 3.872
v 5.761 11.749 3.775
v 6.765 6.231 3.66
v 6.462 6.231 3.96
v 6.741 6.231 3.775
v 6.676 6.231 3.872
v 6.578 6.231 3.937
v 5.652 12.485 3
v 5.3 12.78 3
v 5.609 12.598 3
v 5.527 12.693 3
v 5.419 12.758 3
v 4.598 12.78 3.66
v 4.651 12.48 3.96
v 4.602 12.757 3.775
v 4.613 12.692 3.872
v 4.631 12.595 3.937
v 4.4 0.15 3
v 3.6 0.15 3
v 4.4 0.15 2.4
v 3.6 0.15 2.4
v 4.4 11.2 3
v 3.6 11.2 3
v 4.4 11.2 2.4
v 3.6 11.2 2.4
v 3 0.15 3
v 0.9 1.2 0.4
v 1.667 1.2 0.4
v 0.9 0.15 1.2
v 2.816 0.15 2.449
v 2.543 0.15 1.947
v 2.146 0.15 1.537
v 2.201 0.15 3
v 1.352 0.15 1.852
v 2.081 0.15 2.636
v 1.902 0.15 2.308
v 1.643 0.15 2.04
v 1.151 0.15 1.724
v 1.002 0.15 1.579
v 0.917 0.15 1.383
v 1.863 0.15 1.354
v 1.758 0.15 1.268
v 1.685 0.165 1.131
v 1.667 0.199 1.003
v 3 11.2 3
v 0.9 5 0.4
v 1.668 5 0.4
v 0.9 11.2 1.2
v 2.816 11.2 2.449
v 2.543 11.2 1.947
v 2.146 11.2 1.537
v 2.201 11.2 3
v 1.352 11.2 1.852
v 2.081 11.2 2.636
v 1.902 11.2 2.308
v 1.643 11.2 2.04
v 1.151 11.2 1.724
v 1.002 11.2 1.579
v 0.917 11.2 1.383
v 1.863 11.2 1.354
v 1.758 11.2 1.268
v 1.685 11.2 1.131
v 1.667 11.2 1.003
v 0.9 5.153 0.37
v 1.668 5.153 0.37
v 0.9 5.283 0.283
v 1.668 5.283 0.283
v 0.9 5.37 0.153
v 1.668 5.37 0.153
v 0.9 0.286 0.896
v 0.9 0.491 0.649
v 0.9 0.829 0.466
v 1.667 0.316 0.8
v 1.667 0.521 0.573
v 1.667 0.858 0.439
v 5.391 11.989 3.96
v 5.209 12.226 3.96
v 4.956 12.388 3.96
v 5.219 12.78 3.254
v 5.077 12.78 3.451
v 4.86 12.78 3.591
v 5.668 12.388 3.254
v 5.697 12.226 3.462
v 5.74 11.989 3.598
v 5.544 11.989 3.912
v 5.644 11.989 3.836
v 5.711 11.989 3.729
v 5.193 12.757 3.531
v 5.33 12.692 3.623
v 5.433 12.595 3.694
v 5.507 12.485 3.744
v 5.621 12.388 3.637
v 5.544 12.388 3.772
v 5.432 12.388 3.859
v 5.655 12.226 3.673
v 5.591 12.226 3.802
v 5.479 12.226 3.881
v 5.319 12.757 3.349
v 5.433 12.692 3.463
v 5.531 12.595 3.551
v 5.594 12.485 3.612
v 5.041 12.757 3.675
v 5.193 12.692 3.747
v 5.311 12.595 3.801
v 5.394 12.485 3.84
v 5.602 12.598 3.251
v 5.504 12.693 3.251
v 5.378 12.758 3.254
v 5.652 12.485 3.25
v 5.669 12.388 3.451
v 5.352 12.757 3.305
v 5.488 12.693 3.364
v 5.589 12.596 3.408
v 5.644 12.485 3.438
v 4.952 12.481 3.944
v 4.938 12.595 3.91
v 4.922 12.692 3.844
v 4.896 12.757 3.731
v 5.158 12.483 3.906
v 5.119 12.595 3.867
v 5.06 12.692 3.802
v 4.963 12.757 3.702
v 5.181 12.388 3.935
v 1.697 12.78 1.697
v 0.918 12.78 2.217
v 2.217 12.78 0.918
v 2.217 18.6 0.918
v 1.697 18.6 1.697
v 0.918 18.6 2.217
v -4.817 11.2 3
v -6.4 2.4 3
v -4.923 10.62 0.765
v -5.004 10.168 1.414
v -5.117 9.535 1.848
v -5.243 8.8 2
v -5.382 8.053 1.848
v -5.499 7.404 1.414
v -5.574 6.977 0.765
v 0 0.02 3
v 0 0.02 3.96
v 0 1 3.96
v 0 6.231 3.96
v 0 11.749 3.96
v 0 12.78 3
v 0 11.2 3
v -6.496 7.149 0.765
v -6.417 7.576 1.414
v -6.308 8.216 1.848
v -6.172 8.969 2
v -6.039 9.722 1.848
v -5.926 10.362 1.414
v -5.847 10.789 0.765
v -6.765 6.232 3
v -5.782 11.748 3
v -6.678 6.717 0.956
v -7.7 0.02 3
v -7.7 1 3
v -6.579 7.25 1.767
v -6.443 8.049 2.309
v -6.272 8.99 2.499
v -6.106 9.931 2.309
v -5.965 10.73 1.767
v -5.867 11.264 0.956
v -6.577 6.696 0.956
v -6.478 7.229 1.767
v -6.342 8.028 2.309
v -6.171 8.969 2.499
v -6.005 9.91 2.309
v -5.864 10.709 1.767
v -5.766 11.243 0.956
v -6.698 1 3.96
v -4.782 11.749 3.96
v -5.762 6.231 3.96
v -4.598 12.78 3
v -6.698 0.02 3.96
v 0 12.78 3.66
v 0 12.48 3.96
v 0 12.757 3.775
v 0 12.692 3.872
v 0 12.595 3.937
v -7.398 0.02 3.96
v -7.7 0.02 3.66
v -6.4 0.02 3
v -7.513 0.02 3.937
v -7.611 0.02 3.872
v -7.677 0.02 3.775
v -7.7 1 3.66
v -7.398 1 3.96
v -7.677 1 3.775
v -7.611 1 3.872
v -7.513 1 3.937
v -5.482 11.749 3.96
v -5.783 11.748 3.66
v -5.597 11.749 3.937
v -5.695 11.749 3.872
v -5.761 11.749 3.775
v -6.765 6.231 3.66
v -6.462 6.231 3.96
v -6.741 6.231 3.775
v -6.676 6.231 3.872
v -6.578 6.231 3.937
v -5.652 12.485 3
v -5.3 12.78 3
v -5.609 12.598 3
v -5.527 12.693 3
v -5.419 12.758 3
v -4.598 12.78 3.66
v -4.651 12.48 3.96
v -4.602 12.757 3.775
v -4.613 12.692 3.872
v -4.631 12.595 3.937
v -4.4 0.15 3
v -3.6 0.15 3
v -4.4 0.15 2.4
v -3.6 0.15 2.4
v -4.4 11.2 3
v -3.6 11.2 3
v -4.4 11.2 2.4
v -3.6 11.2 2.4
v 0 2.4 3
v -3 0.15 3
v -0.9 1.2 0.4
v -1.667 1.2 0.4
v -0.9 0.15 1.2
v -2.816 0.15 2.449
v -2.543 0.15 1.947
v -2.146 0.15 1.537
v -2.201 0.15 3
v -1.352 0.15 1.852
v -2.081 0.15 2.636
v -1.902 0.15 2.308
v -1.643 0.15 2.04
v -1.151 0.15 1.724
v -1.002 0.15 1.579
v -0.917 0.15 1.383
v -1.863 0.15 1.354
v -1.758 0.15 1.268
v -1.685 0.165 1.131
v -1.667 0.199 1.003
v -3 11.2 3
v -0.9 5 0.4
v -1.668 5 0.4
v -0.9 11.2 1.2
v -2.816 11.2 2.449
v -2.543 11.2 1.947
v -2.146 11.2 1.537
v -2.201 11.2 3
v -1.352 11.2 1.852
v -2.081 11.2 2.636
v -1.902 11.2 2.308
v -1.643 11.2 2.04
v -1.151 11.2 1.724
v -1.002 11.2 1.579
v -0.917 11.2 1.383
v -1.863 11.2 1.354
v -1.758 11.2 1.268
v -1.685 11.2 1.131
v -1.667 11.2 1.003
v -0.9 5.153 0.37
v -1.668 5.153 0.37
v -0.9 5.283 0.283
v -1.668 5.283 0.283
v -0.9 5.37 0.153
v -1.668 5.37 0.153
v -0.9 0.286 0.896
v -0.9 0.491 0.649
v -0.9 0.829 0.466
v -1.667 0.316 0.8
v -1.667 0.521 0.573
v -1.667 0.858 0.439
v -5.391 11.989 3.96
v -5.209 12.226 3.96
v -4.956 12.388 3.96
v -5.219 12.78 3.254
v -5.077 12.78 3.451
v -4.86 12.78 3.591
v -5.668 12.388 3.254
v -5.697 12.226 3.462
v -5.74 11.989 3.598
v -5.544 11.989 3.912
v -5.644 11.989 3.836
v -5.711 11.989 3.729
v -5.193 12.757 3.531
v -5.33 12.692 3.623
v -5.433 12.595 3.694
v -5.507 12.485 3.744
v -5.621 12.388 3.637
v -5.544 12.388 3.772
v -5.432 12.388 3.859
v -5.655 12.226 3.673
v -5.591 12.226 3.802
v -5.479 12.226 3.881
v -5.319 12.757 3.349
v -5.433 12.692 3.463
v -5.531 12.595 3.551
v -5.594 12.485 3.612
v -5.041 12.757 3.675
v -5.193 12.692 3.747
v -5.311 12.595 3.801
v -5.394 12.485 3.84
v -5.602 12.598 3.251
v -5.504 12.693 3.251
v -5.378 12.758 3.254
v -5.652 12.485 3.25
v -5.669 12.388 3.451
v -5.352 12.757 3.305
v -5.488 12.693 3.364
v -5.589 12.596 3.408
v -5.644 12.485 3.438
v -4.952 12.481 3.944
v -4.938 12.595 3.91
v -4.922 12.692 3.844
v -4.896 12.757 3.731
v -5.158 12.483 3.906
v -5.119 12.595 3.867
v -5.06 12.692 3.802
v -4.963 12.757 3.702
v -5.181 12.388 3.935
v -1.697 12.78 1.697
v -0.918 12.78 2.217
v 0 12.78 2.4
v -2.217 12.78 0.918
v -2.217 18.6 0.918
v -1.697 18.6 1.697
v 0 18.6 2.4
v -0.918 18.6 2.217
v 4.817 11.2 -3
v 6.4 2.4 -3
v 4.923 10.62 -0.765
v 5.004 10.168 -1.414
v 5.117 9.535 -1.848
v 5.243 8.8 -2
v 5.382 8.053 -1.848
v 5.499 7.404 -1.414
v 5.574 6.977 -0.765
v 6.496 7.149 -0.765
v 6.417 7.576 -1.414
v 6.308 8.216 -1.848
v 6.172 8.969 -2
v 6.039 9.722 -1.848
v 5.926 10.362 -1.414
v 5.847 10.789 -0.765
v 6.765 6.232 -3
v 5.782 11.748 -3
v 6.678 6.717 -0.956
v 7.7 0.02 -3
v 7.7 1 -3
v 6.579 7.25 -1.767
v 6.443 8.049 -2.309
v 6.272 8.99 -2.499
v 6.106 9.931 -2.309
v 5.965 10.73 -1.767
v 5.867 11.264 -0.956
v 6.577 6.696 -0.956
v 6.478 7.229 -1.767
v 6.342 8.028 -2.309
v 6.171 8.969 -2.499
v 6.005 9.91 -2.309
v 5.864 10.709 -1.767
v 5.766 11.243 -0.956
v 6.698 1 -3.96
v 4.782 11.749 -3.96
v 5.762 6.231 -3.96
v 4.598 12.78 -3
v 6.698 0.02 -3.96
v 7.398 0.02 -3.96
v 7.7 0.02 -3.66
v 6.4 0.02 -3
v 7.513 0.02 -3.937
v 7.611 0.02 -3.872
v 7.677 0.02 -3.775
v 7.7 1 -3.66
v 7.398 1 -3.96
v 7.677 1 -3.775
v 7.611 1 -3.872
v 7.513 1 -3.937
v 5.482 11.749 -3.96
v 5.783 11.748 -3.66
v 5.597 11.749 -3.937
v 5.695 11.749 -3.872
v 5.761 11.749 -3.775
v 6.765 6.231 -3.66
v 6.462 6.231 -3.96
v 6.741 6.231 -3.775
v 6.676 6.231 -3.872
v 6.578 6.231 -3.937
v 5.652 12.485 -3
v 5.3 12.78 -3
v 5.609 12.598 -3
v 5.527 12.693 -3
v 5.419 12.758 -3
v 4.598 12.78 -3.66
v 4.651 12.48 -3.96
v 4.602 12.757 -3.775
v 4.613 12.692 -3.872
v 4.631 12.595 -3.937
v 4.4 0.15 -3
v 3.6 0.15 -3
v 4.4 0.15 -2.4
v 3.6 0.15 -2.4
v 4.4 11.2 -3
v 3.6 11.2 -3
v 4.4 11.2 -2.4
v 3.6 11.2 -2.4
v 3 0.15 -3
v 0.9 1.2 -0.4
v 1.667 1.2 -0.4
v 0.9 0.15 -1.2
v 2.816 0.15 -2.449
v 2.543 0.15 -1.947
v 2.146 0.15 -1.537
v 2.201 0.15 -3
v 1.352 0.15 -1.852
v 2.081 0.15 -2.636
v 1.902 0.15 -2.308
v 1.643 0.15 -2.04
v 1.151 0.15 -1.724
v 1.002 0.15 -1.579
v 0.917 0.15 -1.383
v 1.863 0.15 -1.354
v 1.758 0.15 -1.268
v 1.685 0.165 -1.131
v 1.667 0.199 -1.003
v 3 11.2 -3
v 0.9 5 -0.4
v 1.668 5 -0.4
v 0.9 11.2 -1.2
v 2.816 11.2 -2.449
v 2.543 11.2 -1.947
v 2.146 11.2 -1.537
v 2.201 11.2 -3
v 1.352 11.2 -1.852
v 2.081 11.2 -2.636
v 1.902 11.2 -2.308
v 1.643 11.2 -2.04
v 1.151 11.2 -1.724
v 1.002 11.2 -1.579
v 0.917 11.2 -1.383
v 1.863 11.2 -1.354
v 1.758 11.2 -1.268
v 1.685 11.2 -1.131
v 1.667 11.2 -1.003
v 0.9 5.153 -0.37
v 1.668 5.153 -0.37
v 0.9 5.283 -0.283
v 1.668 5.283 -0.283
v 0.9 5.37 -0.153
v 1.668 5.37 -0.153
v 0.9 0.286 -0.896
v 0.9 0.491 -0.649
v 0.9 0.829 -0.466
v 1.667 0.316 -0.8
v 1.667 0.521 -0.573
v 1.667 0.858 -0.439
v 5.391 11.989 -3.96
v 5.209 12.226 -3.96
v 4.956 12.388 -3.96
v 5.219 12.78 -3.254
v 5.077 12.78 -3.451
v 4.86 12.78 -3.591
v 5.668 12.388 -3.254
v 5.697 12.226 -3.462
v 5.74 11.989 -3.598
v 5.544 11.989 -3.912
v 5.644 11.989 -3.836
v 5.711 11.989 -3.729
v 5.193 12.757 -3.531
v 5.33 12.692 -3.623
v 5.433 12.595 -3.694
v 5.507 12.485 -3.744
v 5.621 12.388 -3.637
v 5.544 12.388 -3.772
v 5.432 12.388 -3.859
v 5.655 12.226 -3.673
v 5.591 12.226 -3.802
v 5.479 12.226 -3.881
v 5.319 12.757 -3.349
v 5.433 12.692 -3.463
v 5.531 12.595 -3.551
v 5.594 12.485 -3.612
v 5.041 12.757 -3.675
v 5.193 12.692 -3.747
v 5.311 12.595 -3.801
v 5.394 12.485 -3.84
v 5.602 12.598 -3.251
v 5.504 12.693 -3.251
v 5.378 12.758 -3.254
v 5.652 12.485 -3.25
v 5.669 12.388 -3.451
v 5.352 12.757 -3.305
v 5.488 12.693 -3.364
v 5.589 12.596 -3.408
v 5.644 12.485 -3.438
v 4.952 12.481 -3.944
v 4.938 12.595 -3.91
v 4.922 12.692 -3.844
v 4.896 12.757 -3.731
v 5.158 12.483 -3.906
v 5.119 12.595 -3.867
v 5.06 12.692 -3.802
v 4.963 12.757 -3.702
v 5.181 12.388 -3.935
v 6.715 6.529 0
v 4.896 10.77 0
v 5.594 6.833 0
v 6.526 6.999 0
v 5.821 10.939 0
v 7.7 0.02 0
v 7.7 1 0
v 6.4 2.4 0
v 6.4 0.02 0
v 6.765 6.232 0
v 5.782 11.748 0
v 4.817 11.2 0
v 5.834 11.451 0
v 6.614 6.508 0
v 5.733 11.43 0
v 4.598 12.78 0
v 5.652 12.485 0
v 5.3 12.78 0
v 5.609 12.598 0
v 5.527 12.693 0
v 5.419 12.758 0
v 0.9 5.4 0
v 1.668 5.4 0
v 0.9 11.2 0
v 1.668 11.2 0
v 1.697 12.78 -1.697
v 0.918 12.78 -2.217
v 2.217 12.78 -0.918
v 2.217 18.6 -0.918
v 1.697 18.6 -1.697
v 0.918 18.6 -2.217
v 2.4 12.78 0
v 2.4 18.6 0
v -4.817 11.2 -3
v -6.4 2.4 -3
v -4.923 10.62 -0.765
v -5.004 10.168 -1.414
v -5.117 9.535 -1.848
v -5.243 8.8 -2
v -5.382 8.053 -1.848
v -5.499 7.404 -1.414
v -5.574 6.977 -0.765
v 0 0.02 -3
v 0 0.02 -3.96
v 0 1 -3.96
v 0 6.231 -3.96
v 0 11.749 -3.96
v 0 12.78 -3
v 0 11.2 -3
v -6.496 7.149 -0.765
v -6.417 7.576 -1.414
v -6.308 8.216 -1.848
v -6.172 8.969 -2
v -6.039 9.722 -1.848
v -5.926 10.362 -1.414
v -5.847 10.789 -0.765
v -6.765 6.232 -3
v -5.782 11.748 -3
v -6.678 6.717 -0.956
v -7.7 0.02 -3
v -7.7 1 -3
v -6.579 7.25 -1.767
v -6.443 8.049 -2.309
v -6.272 8.99 -2.499
v -6.106 9.931 -2.309
v -5.965 10.73 -1.767
v -5.867 11.264 -0.956
v -6.577 6.696 -0.956
v -6.478 7.229 -1.767
v -6.342 8.028 -2.309
v -6.171 8.969 -2.499
v -6.005 9.91 -2.309
v -5.864 10.709 -1.767
v -5.766 11.243 -0.956
v -6.698 1 -3.96
v -4.782 11.749 -3.96
v -5.762 6.231 -3.96
v -4.598 12.78 -3
v -6.698 0.02 -3.96
v 0 12.78 -3.66
v 0 12.48 -3.96
v 0 12.757 -3.775
v 0 12.692 -3.872
v 0 12.595 -3.937
v -7.398 0.02 -3.96
v -7.7 0.02 -3.66
v -6.4 0.02 -3
v -7.513 0.02 -3.937
v -7.611 0.02 -3.872
v -7.677 0.02 -3.775
v -7.7 1 -3.66
v -7.398 1 -3.96
v -7.677 1 -3.775
v -7.611 1 -3.872
v -7.513 1 -3.937
v -5.482 11.749 -3.96
v -5.783 11.748 -3.66
v -5.597 11.749 -3.937
v -5.695 11.749 -3.872
v -5.761 11.749 -3.775
v -6.765 6.231 -3.66
v -6.462 6.231 -3.96
v -6.741 6.231 -3.775
v -6.676 6.231 -3.872
v -6.578 6.231 -3.937
v -5.652 12.485 -3
v -5.3 12.78 -3
v -5.609 12.598 -3
v -5.527 12.693 -3
v -5.419 12.758 -3
v -4.598 12.78 -3.66
v -4.651 12.48 -3.96
v -4.602 12.757 -3.775
v -4.613 12.692 -3.872
v -4.631 12.595 -3.937
v -4.4 0.15 -3
v -3.6 0.15 -3
v -4.4 0.15 -2.4
v -3.6 0.15 -2.4
v -4.4 11.2 -3
v -3.6 11.2 -3
v -4.4 11.2 -2.4
v -3.6 11.2 -2.4
v 0 2.4 -3
v -3 0.15 -3
v -0.9 1.2 -0.4
v -1.667 1.2 -0.4
v -0.9 0.15 -1.2
v -2.816 0.15 -2.449
v -2.543 0.15 -1.947
v -2.146 0.15 -1.537
v -2.201 0.15 -3
v -1.352 0.15 -1.852
v -2.081 0.15 -2.636
v -1.902 0.15 -2.308
v -1.643 0.15 -2.04
v -1.151 0.15 -1.724
v -1.002 0.15 -1.579
v -0.917 0.15 -1.383
v -1.863 0.15 -1.354
v -1.758 0.15 -1.268
v -1.685 0.165 -1.131
v -1.667 0.199 -1.003
v -3 11.2 -3
v -0.9 5 -0.4
v -1.668 5 -0.4
v -0.9 11.2 -1.2
v -2.816 11.2 -2.449
v -2.543 11.2 -1.947
v -2.146 11.2 -1.537
v -2.201 11.2 -3
v -1.352 11.2 -1.852
v -2.081 11.2 -2.636
v -1.902 11.2 -2.308
v -1.643 11.2 -2.04
v -1.151 11.2 -1.724
v -1.002 11.2 -1.579
v -0.917 11.2 -1.383
v -1.863 11.2 -1.354
v -1.758 11.2 -1.268
v -1.685 11.2 -1.131
v -1.667 11.2 -1.003
v -0.9 5.153 -0.37
v -1.668 5.153 -0.37
v -0.9 5.283 -0.283
v -1.668 5.283 -0.283
v -0.9 5.37 -0.153
v -1.668 5.37 -0.153
v -0.9 0.286 -0.896
v -0.9 0.491 -0.649
v -0.9 0.829 -0.466
v -1.667 0.316 -0.8
v -1.667 0.521 -0.573
v -1.667 0.858 -0.439
v -5.391 11.989 -3.96
v -5.209 12.226 -3.96
v -4.956 12.388 -3.96
v -5.219 12.78 -3.254
v -5.077 12.78 -3.451
v -4.86 12.78 -3.591
v -5.668 12.388 -3.254
v -5.697 12.226 -3.462
v -5.74 11.989 -3.598
v -5.544 11.989 -3.912
v -5.644 11.989 -3.836
v -5.711 11.989 -3.729
v -5.193 12.757 -3.531
v -5.33 12.692 -3.623
v -5.433 12.595 -3.694
v -5.507 12.485 -3.744
v -5.621 12.388 -3.637
v -5.544 12.388 -3.772
v -5.432 12.388 -3.859
v -5.655 12.226 -3.673
v -5.591 12.226 -3.802
v -5.479 12.226 -3.881
v -5.319 12.757 -3.349
v -5.433 12.692 -3.463
v -5.531 12.595 -3.551
v -5.594 12.485 -3.612
v -5.041 12.757 -3.675
v -5.193 12.692 -3.747
v -5.311 12.595 -3.801
v -5.394 12.485 -3.84
v -5.602 12.598 -3.251
v -5.504 12.693 -3.251
v -5.378 12.758 -3.254
v -5.652 12.485 -3.25
v -5.669 12.388 -3.451
v -5.352 12.757 -3.305
v -5.488 12.693 -3.364
v -5.589 12.596 -3.408
v -5.644 12.485 -3.438
v -4.952 12.481 -3.944
v -4.938 12.595 -3.91
v -4.922 12.692 -3.844
v -4.896 12.757 -3.731
v -5.158 12.483 -3.906
v -5.119 12.595 -3.867
v -5.06 12.692 -3.802
v -4.963 12.757 -3.702
v -5.181 12.388 -3.935
v -6.715 6.529 0
v -4.896 10.77 0
v -5.594 6.833 0
v -6.526 6.999 0
v -5.821 10.939 0
v -7.7 0.02 0
v -7.7 1 0
v -6.4 2.4 0
v -6.4 0.02 0
v -6.765 6.232 0
v -5.782 11.748 0
v -4.817 11.2 0
v 0 11.2 0
v -5.834 11.451 0
v -6.614 6.508 0
v -5.733 11.43 0
v -4.598 12.78 0
v -5.652 12.485 0
v -5.3 12.78 0
v -5.609 12.598 0
v -5.527 12.693 0
v -5.419 12.758 0
v -0.9 5.4 0
v -1.668 5.4 0
v -0.9 11.2 0
v -1.668 11.2 0
v -1.697 12.78 -1.697
v -0.918 12.78 -2.217
v 0 12.78 -2.4
v -2.217 12.78 -0.918
v -2.217 18.6 -0.918
v -1.697 18.6 -1.697
v 0 18.6 -2.4
v -0.918 18.6 -2.217
v -2.4 12.78 0
v -2.4 18.6 0
v 0 18.6 0
v 0 12.78 0
v 4.896 10.77 0
v 4.923 10.62 0.765
v 5.004 10.168 1.414
v 5.117 9.535 1.848
v 5.243 8.8 2
v 5.382 8.053 1.848
v 5.499 7.404 1.414
v 5.574 6.977 0.765
v 5.594 6.833 0
v 6.526 6.999 0
v 6.496 7.149 0.765
v 6.417 7.576 1.414
v 6.308 8.216 1.848
v 6.172 8.969 2
v 6.039 9.722 1.848
v 5.926 10.362 1.414
v 5.847 10.789 0.765
v 5.821 10.939 0
v 5.867 11.264 0.956
v 5.834 11.451 0
v 5.965 10.73 1.767
v 6.106 9.931 2.309
v 6.272 8.99 2.499
v 6.443 8.049 2.309
v 6.579 7.25 1.767
v 7.7 0.02 3
v 7.7 0.02 0
v 7.7 1 3
v 7.7 1 0
v 6.678 6.717 0.956
v 4.817 11.2 3
v 4.817 11.2 3
v 4.817 11.2 0
v 6.715 6.529 0
v 6.4 2.4 3
v 6.4 2.4 3
v 6.4 2.4 0
v 0 11.2 3
v 5.766 11.243 0.956
v 5.733 11.43 0
v 5.864 10.709 1.767
v 6.005 9.91 2.309
v 6.171 8.969 2.499
v 6.342 8.028 2.309
v 6.478 7.229 1.767
v 6.577 6.696 0.956
v 6.614 6.508 0
v 0 0.02 3.96
v 6.698 0.02 3.96
v 7.398 0.02 3.96
v 7.398 0.02 3.96
v 7.513 0.02 3.937
v 7.611 0.02 3.872
v 7.677 0.02 3.775
v 7.7 0.02 3.66
v 7.7 0.02 3.66
v 7.398 1 3.96
v 7.677 1 3.775
v 7.7 1 3.66
v 7.7 1 3.66
v 7.7 1 3.66
v 6.462 6.231 3.96
v 6.765 6.231 3.66
v 5.783 11.748 3.66
v 5.482 11.749 3.96
v 5.3 12.78 3
v 5.3 12.78 0
v 5.652 12.485 0
v 5.652 12.485 3
v 4.651 12.48 3.96
v 0 12.48 3.96
v 0 12.78 3.66
v 4.598 12.78 3.66
v 4.4 0.15 2.4
v 4.4 0.15 2.4
v 4.4 0.15 3
v 3.6 0.15 3
v 3.6 0.15 2.4
v 3.6 0.15 2.4
v 4.4 11.2 2.4
v 3.6 11.2 2.4
v 1.667 0.858 0.439
v 1.667 1.2 0.4
v 3 0.15 3
v 2.816 0.15 2.449
v 2.543 0.15 1.947
v 2.146 0.15 1.537
v 2.201 0.15 3
v 2.081 0.15 2.636
v 1.902 0.15 2.308
v 1.643 0.15 2.04
v 1.352 0.15 1.852
v 1.151 0.15 1.724
v 1.002 0.15 1.579
v 0.917 0.15 1.383
v 0.9 0.15 1.2
v 1.863 0.15 1.354
v 1.758 0.15 1.268
v 1.685 0.165 1.131
v 1.667 0.199 1.003
v 1.667 0.521 0.573
v 0.9 5 0.4
v 0.9 1.2 0.4
v 1.667 0.316 0.8
v 0.9 5.153 0.37
v 1.668 5 0.4
v 1.668 5.153 0.37
v 0.9 5.283 0.283
v 1.668 5.283 0.283
v 0.9 5.37 0.153
v 1.668 5.37 0.153
v 0.9 5.4 0
v 1.668 5.4 0
v 0.9 0.286 0.896
v 0.9 0.491 0.649
v 0.9 0.829 0.466
v 5.391 11.989 3.96
v 5.209 12.226 3.96
v 4.956 12.388 3.96
v 5.077 12.78 3.451
v 4.86 12.78 3.591
v 5.219 12.78 3.254
v 5.697 12.226 3.462
v 5.74 11.989 3.598
v 5.668 12.388 3.254
v 6.4 0.02 0
v 6.4 0.02 3
v 6.4 0.02 3
v 0 0.02 3
v 2.4 18.6 0
v 2.217 18.6 0.918
v 1.697 18.6 1.697
v 0 18.6 2.4
v 0.918 18.6 2.217
v -4.896 10.77 0
v -4.923 10.62 0.765
v -5.004 10.168 1.414
v -5.117 9.535 1.848
v -5.243 8.8 2
v -5.382 8.053 1.848
v -5.499 7.404 1.414
v -5.574 6.977 0.765
v -5.594 6.833 0
v -6.526 6.999 0
v -6.496 7.149 0.765
v -6.417 7.576 1.414
v -6.308 8.216 1.848
v -6.172 8.969 2
v -6.039 9.722 1.848
v -5.926 10.362 1.414
v -5.847 10.789 0.765
v -5.821 10.939 0
v -5.867 11.264 0.956
v -5.834 11.451 0
v -5.965 10.73 1.767
v -6.106 9.931 2.309
v -6.272 8.99 2.499
v -6.443 8.049 2.309
v -6.579 7.25 1.767
v -7.7 0.02 3
v -7.7 0.02 0
v -7.7 1 3
v -7.7 1 0
v -6.678 6.717 0.956
v -4.817 11.2 3
v -4.817 11.2 3
v -4.817 11.2 0
v -6.715 6.529 0
v -6.4 2.4 3
v -6.4 2.4 3
v -6.4 2.4 0
v -5.766 11.243 0.956
v -5.733 11.43 0
v -5.864 10.709 1.767
v -6.005 9.91 2.309
v -6.171 8.969 2.499
v -6.342 8.028 2.309
v -6.478 7.229 1.767
v -6.577 6.696 0.956
v -6.614 6.508 0
v -6.698 0.02 3.96
v -7.398 0.02 3.96
v -7.398 0.02 3.96
v -7.513 0.02 3.937
v -7.611 0.02 3.872
v -7.677 0.02 3.775
v -7.7 0.02 3.66
v -7.7 0.02 3.66
v -7.398 1 3.96
v -7.677 1 3.775
v -7.7 1 3.66
v -7.7 1 3.66
v -7.7 1 3.66
v -6.462 6.231 3.96
v -6.765 6.231 3.66
v -5.783 11.748 3.66
v -5.482 11.749 3.96
v -5.3 12.78 3
v -5.3 12.78 0
v -5.652 12.485 0
v -5.652 12.485 3
v -4.651 12.48 3.96
v -4.598 12.78 3.66
v -4.4 0.15 2.4
v -4.4 0.15 2.4
v -4.4 0.15 3
v -3.6 0.15 3
v -3.6 0.15 2.4
v -3.6 0.15 2.4
v -4.4 11.2 2.4
v -3.6 11.2 2.4
v -1.667 0.858 0.439
v -1.667 1.2 0.4
v -3 0.15 3
v -2.816 0.15 2.449
v -2.543 0.15 1.947
v -2.146 0.15 1.537
v -2.201 0.15 3
v -2.081 0.15 2.636
v -1.902 0.15 2.308
v -1.643 0.15 2.04
v -1.352 0.15 1.852
v -1.151 0.15 1.724
v -1.002 0.15 1.579
v -0.917 0.15 1.383
v -0.9 0.15 1.2
v -1.863 0.15 1.354
v -1.758 0.15 1.268
v -1.685 0.165 1.131
v -1.667 0.199 1.003
v -1.667 0.521 0.573
v -0.9 5 0.4
v -0.9 1.2 0.4
v -1.667 0.316 0.8
v -0.9 5.153 0.37
v -1.668 5 0.4
v -1.668 5.153 0.37
v -0.9 5.283 0.283
v -1.668 5.283 0.283
v -0.9 5.37 0.153
v -1.668 5.37 0.153
v -0.9 5.4 0
v -1.668 5.4 0
v -0.9 0.286 0.896
v -0.9 0.491 0.649
v -0.9 0.829 0.466
v -5.391 11.989 3.96
v -5.209 12.226 3.96
v -4.956 12.388 3.96
v -5.077 12.78 3.451
v -4.86 12.78 3.591
v -5.219 12.78 3.254
v -5.697 12.226 3.462
v -5.74 11.989 3.598
v -5.668 12.388 3.254
v -6.4 0.02 0
v -6.4 0.02 3
v -6.4 0.02 3
v -2.4 18.6 0
v -2.217 18.6 0.918
v -1.697 18.6 1.697
v -0.918 18.6 2.217
v 4.923 10.62 -0.765
v 5.004 10.168 -1.414
v 5.117 9.535 -1.848
v 5.243 8.8 -2
v 5.382 8.053 -1.848
v 5.499 7.404 -1.414
v 5.574 6.977 -0.765
v 6.496 7.149 -0.765
v 6.417 7.576 -1.414
v 6.308 8.216 -1.848
v 6.172 8.969 -2
v 6.039 9.722 -1.848
v 5.926 10.362 -1.414
v 5.847 10.789 -0.765
v 5.867 11.264 -0.956
v 5.965 10.73 -1.767
v 6.106 9.931 -2.309
v 6.272 8.99 -2.499
v 6.443 8.049 -2.309
v 6.579 7.25 -1.767
v 7.7 0.02 -3
v 7.7 1 -3
v 6.678 6.717 -0.956
v 4.817 11.2 -3
v 4.817 11.2 -3
v 6.4 2.4 -3
v 6.4 2.4 -3
v 0 11.2 -3
v 5.766 11.243 -0.956
v 5.864 10.709 -1.767
v 6.005 9.91 -2.309
v 6.171 8.969 -2.499
v 6.342 8.028 -2.309
v 6.478 7.229 -1.767
v 6.577 6.696 -0.956
v 0 0.02 -3.96
v 6.698 0.02 -3.96
v 7.398 0.02 -3.96
v 7.398 0.02 -3.96
v 7.513 0.02 -3.937
v 7.611 0.02 -3.872
v 7.677 0.02 -3.775
v 7.7 0.02 -3.66
v 7.7 0.02 -3.66
v 7.398 1 -3.96
v 7.677 1 -3.775
v 7.7 1 -3.66
v 7.7 1 -3.66
v 7.7 1 -3.66
v 6.462 6.231 -3.96
v 6.765 6.231 -3.66
v 5.783 11.748 -3.66
v 5.482 11.749 -3.96
v 5.3 12.78 -3
v 5.652 12.485 -3
v 4.651 12.48 -3.96
v 0 12.48 -3.96
v 0 12.78 -3.66
v 4.598 12.78 -3.66
v 4.4 0.15 -2.4
v 4.4 0.15 -2.4
v 4.4 0.15 -3
v 3.6 0.15 -3
v 3.6 0.15 -2.4
v 3.6 0.15 -2.4
v 4.4 11.2 -2.4
v 3.6 11.2 -2.4
v 1.667 0.858 -0.439
v 1.667 1.2 -0.4
v 3 0.15 -3
v 2.816 0.15 -2.449
v 2.543 0.15 -1.947
v 2.146 0.15 -1.537
v 2.201 0.15 -3
v 2.081 0.15 -2.636
v 1.902 0.15 -2.308
v 1.643 0.15 -2.04
v 1.352 0.15 -1.852
v 1.151 0.15 -1.724
v 1.002 0.15 -1.579
v 0.917 0.15 -1.383
v 0.9 0.15 -1.2
v 1.863 0.15 -1.354
v 1.758 0.15 -1.268
v 1.685 0.165 -1.131
v 1.667 0.199 -1.003
v 1.667 0.521 -0.573
v 0.9 5 -0.4
v 0.9 1.2 -0.4
v 1.667 0.316 -0.8
v 0.9 5.153 -0.37
v 1.668 5 -0.4
v 1.668 5.153 -0.37
v 0.9 5.283 -0.283
v 1.668 5.283 -0.283
v 0.9 5.37 -0.153
v 1.668 5.37 -0.153
v 0.9 0.286 -0.896
v 0.9 0.491 -0.649
v 0.9 0.829 -0.466
v 5.391 11.989 -3.96
v 5.209 12.226 -3.96
v 4.956 12.388 -3.96
v 5.077 12.78 -3.451
v 4.86 12.78 -3.591
v 5.219 12.78 -3.254
v 5.697 12.226 -3.462
v 5.74 11.989 -3.598
v 5.668 12.388 -3.254
v 6.4 0.02 -3
v 6.4 0.02 -3
v 0 0.02 -3
v 2.217 18.6 -0.918
v 1.697 18.6 -1.697
v 0 18.6 -2.4
v 0.918 18.6 -2.217
v -4.923 10.62 -0.765
v -5.004 10.168 -1.414
v -5.117 9.535 -1.848
v -5.243 8.8 -2
v -5.382 8.053 -1.848
v -5.499 7.404 -1.414
v -5.574 6.977 -0.765
v -6.496 7.149 -0.765
v -6.417 7.576 -1.414
v -6.308 8.216 -1.848
v -6.172 8.969 -2
v -6.039 9.722 -1.848
v -5.926 10.362 -1.414
v -5.847 10.789 -0.765
v -5.867 11.264 -0.956
v -5.965 10.73 -1.767
v -6.106 9.931 -2.309
v -6.272 8.99 -2.499
v -6.443 8.049 -2.309
v -6.579 7.25 -1.767
v -7.7 0.02 -3
v -7.7 1 -3
v -6.678 6.717 -0.956
v -4.817 11.2 -3
v -4.817 11.2 -3
v -6.4 2.4 -3
v -6.4 2.4 -3
v -5.766 11.243 -0.956
v -5.864 10.709 -1.767
v -6.005 9.91 -2.309
v -6.171 8.969 -2.499
v -6.342 8.028 -2.309
v -6.478 7.229 -1.767
v -6.577 6.696 -0.956
v -6.698 0.02 -3.96
v -7.398 0.02 -3.96
v -7.398 0.02 -3.96
v -7.513 0.02 -3.937
v -7.611 0.02 -3.872
v -7.677 0.02 -3.775
v -7.7 0.02 -3.66
v -7.7 0.02 -3.66
v -7.398 1 -3.96
v -7.677 1 -3.775
v -7.7 1 -3.66
v -7.7 1 -3.66
v -7.7 1 -3.66
v -6.462 6.231 -3.96
v -6.765 6.231 -3.66
v -5.783 11.748 -3.66
v -5.482 11.749 -3.96
v -5.3 12.78 -3
v -5.652 12.485 -3
v -4.651 12.48 -3.96
v -4.598 12.78 -3.66
v -4.4 0.15 -2.4
v -4.4 0.15 -2.4
v -4.4 0.15 -3
v -3.6 0.15 -3
v -3.6 0.15 -2.4
v -3.6 0.15 -2.4
v -4.4 11.2 -2.4
v -3.6 11.2 -2.4
v -1.667 0.858 -0.439
v -1.667 1.2 -0.4
v -3 0.15 -3
v -2.816 0.15 -2.449
v -2.543 0.15 -1.947
v -2.146 0.15 -1.537
v -2.201 0.15 -3
v -2.081 0.15 -2.636
v -1.902 0.15 -2.308
v -1.643 0.15 -2.04
v -1.352 0.15 -1.852
v -1.151 0.15 -1.724
v -1.002 0.15 -1.579
v -0.917 0.15 -1.383
v -0.9 0.15 -1.2
v -1.863 0.15 -1.354
v -1.758 0.15 -1.268
v -1.685 0.165 -1.131
v -1.667 0.199 -1.003
v -1.667 0.521 -0.573
v -0.9 5 -0.4
v -0.9 1.2 -0.4
v -1.667 0.316 -0.8
v -0.9 5.153 -0.37
v -1.668 5 -0.4
v -1.668 5.153 -0.37
v -0.9 5.283 -0.283
v -1.668 5.283 -0.283
v -0.9 5.37 -0.153
v -1.668 5.37 -0.153
v -0.9 0.286 -0.896
v -0.9 0.491 -0.649
v -0.9 0.829 -0.466
v -5.391 11.989 -3.96
v -5.209 12.226 -3.96
v -4.956 12.388 -3.96
v -5.077 12.78 -3.451
v -4.86 12.78 -3.591
v -5.219 12.78 -3.254
v -5.697 12.226 -3.462
v -5.74 11.989 -3.598
v -5.668 12.388 -3.254
v -6.4 0.02 -3
v -6.4 0.02 -3
v -2.217 18.6 -0.918
v -1.697 18.6 -1.697
v -0.918 18.6 -2.217
vt 0 0
vt 0 0
vt 0 0
vt 0 0
vt 0 0
vt 0 0
vt 0 0
vt 0 0
vt 0 0
vt 0 0
vt 0 0
vt 0 0
vt 0.708 0.567
vt 0.498 0.567
vt 0.708 0.537
vt 0.498 0.567
vt 0.498 0.537
vt 0.708 0.537
vt 0.679 0.731
vt 0.701 0.731
vt 0.648 0.904
vt 0.701 0.731
vt 0.67 0.904
vt 0.648 0.904
vt 0 0
vt 0 0
vt 0 0
vt 0 0
vt 0 0
vt 0 0
vt 0 0
vt 0 0
vt 0 0
vt 0 0
vt 0 0
vt 0 0
vt 0 0
vt 0 0
vt 0 0
vt 0 0
vt 0 0
vt 0 0
vt 0 0
vt 0 0
vt 0 0
vt 0 0
vt 0 0
vt 0 0
vt 0 0
vt 0 0
vt 0 0
vt 0 0
vt 0 0
vt 0 0
vt 0 0
vt 0 0
vt 0 0
vt 0 0
vt 0 0
vt 0 0
vt 0 0
vt 0 0
vt 0 0
vt 0 0
vt 0 0
vt 0 0
vt 0 0
vt 0 0
vt 0 0
vt 0 0
vt 0 0
vt 0 0
vt 0 0
vt 0 0
vt 0 0
vt 0 0
vt 0 0
vt 0 0
vt 0 0
vt 0 0
vt 0 0
vt 0 0
vt 0 0
vt 0 0
vt 0 0
vt 0 0
vt 0 0
vt 0 0
vt 0 0
vt 0 0
vt 0 0
vt 0 0
vt 0 0
vt 0.708 0.567
vt 0.708 0.537
vt 0.73 0.567
vt 0.708 0.537
vt 0.73 0.537
vt 0.73 0.567
vt 0 0
vt 0 0
vt 0 0
vt 0 0
vt 0 0
vt 0 0
vt 0.679 0.731
vt 0.708 0.567
vt 0.701 0.731
vt 0.708 0.567
vt 0.73 0.567
vt 0.701 0.731
vt 0 0
vt 0 0
vt 0 0
vt 0 0
vt 0 0
vt 0 0
vt 0 0
vt 0 0
vt 0 0
vt 0 0
vt 0 0
vt 0 0
vt 0 0
vt 0 0
vt 0 0
vt 0 0
vt 0 0
vt 0 0
vt 0 0
vt 0 0
vt 0 0
vt 0 0
vt 0 0
vt 0 0
vt 0 0
vt 0 0
vt 0 0
vt 0 0
vt 0 0
vt 0 0
vt 0 0
vt 0 0
vt 0 0
vt 0 0
vt 0 0
vt 0 0
vt 0 0
vt 0 0
vt 0 0
vt 0 0
vt 0 0
vt 0 0
vt 0 0
vt 0 0
vt 0 0
vt 0 0
vt 0 0
vt 0 0
vt 0 0
vt 0 0
vt 0 0
vt 0 0
vt 0 0
vt 0 0
vt 0 0
vt 0 0
vt 0 0
vt 0 0
vt 0 0
vt 0 0
vt 0 0
vt 0 0
vt 0 0
vt 0 0
vt 0 0
vt 0 0
vt 0 0
vt 0 0
vt 0 0
vt 0 0
vt 0 0
vt 0 0
vt 0 0
vt 0 0
vt 0 0
vt 0 0
vt 0 0
vt 0 0
vt 0 0
vt 0 0
vt 0 0
vt 0 0
vt 0 0
vt 0 0
vt 0 0
vt 0 0
vt 0 0
vt 0 0
vt 0 0
vt 0 0
vt 0 0
vt 0 0
vt 0 0
vt 0 0
vt 0 0
vt 0 0
vt 0 0
vt 0 0
vt 0 0
vt 0 0
vt 0 0
vt 0 0
vt 0 0
vt 0 0
vt 0 0
vt 0 0
vt 0 0
vt 0 0
vt 0 0
vt 0 0
vt 0 0
vt 0 0
vt 0 0
vt 0 0
vt 0 0
vt 0 0
vt 0 0
vt 0 0
vt 0 0
vt 0 0
vt 0 0
vt 0 0
vt 0 0
vt 0 0
vt 0 0
vt 0 0
vt 0 0
vt 0 0
vt 0 0
vt 0 0
vt 0 0
vt 0 0
vt 0 0
vt 0 0
vt 0 0
vt 0 0
vt 0 0
vt 0 0
vt 0 0
vt 0 0
vt 0 0
vt 0 0
vt 0 0
vt 0 0
vt 0 0
vt 0 0
vt 0 0
vt 0 0
vt 0 0
vt 0 0
vt 0 0
vt 0 0
vt 0 0
vt 0 0
vt 0 0
vt 0 0
vt 0 0
vt 0 0
vt 0 0
vt 0 0
vt 0 0
vt 0 0
vt 0 0
vt 0 0
vt 0 0
vt 0 0
vt 0 0
vt 0 0
vt 0 0
vt 0 0
vt 0 0
vt 0 0
vt 0 0
vt 0 0
vt 0 0
vt 0 0
vt 0 0
vt 0 0
vt 0 0
vt 0 0
vt 0 0
vt 0 0
vt 0 0
vt 0 0
vt 0 0
vt 0 0
vt 0 0
vt 0 0
vt 0 0
vt 0 0
vt 0 0
vt 0 0
vt 0 0
vt 0 0
vt 0 0
vt 0 0
vt 0 0
vt 0 0
vt 0 0
vt 0 0
vt 0 0
vt 0 0
vt 0 0
vt 0 0
vt 0.498 0.731
vt 0.679 0.731
vt 0.498 0.904
vt 0.679 0.731
vt 0.648 0.904
vt 0.498 0.904
vt 0.708 0.567
vt 0.679 0.731
vt 0.498 0.567
vt 0.679 0.731
vt 0.498 0.731
vt 0.498 0.567
vt 0 0
vt 0 0
vt 0 0
vt 0 0
vt 0 0
vt 0 0
vt 0 0
vt 0 0
vt 0 0
vt 0 0
vt 0 0
vt 0 0
vt 0 0
vt 0 0
vt 0 0
vt 0 0
vt 0 0
vt 0 0
vt 0 0
vt 0 0
vt 0 0
vt 0.661 0.919
vt 0.648 0.904
vt 0.667 0.912
vt 0 0
vt 0 0
vt 0 0
vt 0 0
vt 0 0
vt 0 0
vt 0.661 0.919
vt 0.653 0.924
vt 0.648 0.904
vt 0 0
vt 0 0
vt 0 0
vt 0 0
vt 0 0
vt 0 0
vt 0.648 0.904
vt 0.653 0.924
vt 0.644 0.927
vt 0 0
vt 0 0
vt 0 0
vt 0 0
vt 0 0
vt 0 0
vt 0 0
vt 0 0
vt 0 0
vt 0 0
vt 0 0
vt 0 0
vt 0 0
vt 0 0
vt 0 0
vt 0 0
vt 0 0
vt 0 0
vt 0 0
vt 0 0
vt 0 0
vt 0 0
vt 0 0
vt 0 0
vt 0 0
vt 0 0
vt 0 0
vt 0 0
vt 0 0
vt 0 0
vt 0 0
vt 0 0
vt 0 0
vt 0 0
vt 0 0
vt 0 0
vt 0 0
vt 0 0
vt 0 0
vt 0 0
vt 0 0
vt 0 0
vt 0 0
vt 0 0
vt 0 0
vt 0 0
vt 0 0
vt 0 0
vt 0 0
vt 0 0
vt 0 0
vt 0 0
vt 0 0
vt 0 0
vt 0 0
vt 0 0
vt 0 0
vt 0 0
vt 0 0
vt 0 0
vt 0 0
vt 0 0
vt 0 0
vt 0 0
vt 0 0
vt 0 0
vt 0 0
vt 0 0
vt 0 0
vt 0 0
vt 0 0
vt 0 0
vt 0 0
vt 0 0
vt 0 0
vt 0 0
vt 0 0
vt 0 0
vt 0 0
vt 0 0
vt 0 0
vt 0 0
vt 0 0
vt 0 0
vt 0 0
vt 0 0
vt 0 0
vt 0 0
vt 0 0
vt 0 0
vt 0 0
vt 0 0
vt 0 0
vt 0 0
vt 0 0
vt 0 0
vt 0 0
vt 0 0
vt 0 0
vt 0 0
vt 0 0
vt 0 0
vt 0 0
vt 0 0
vt 0 0
vt 0 0
vt 0 0
vt 0 0
vt 0.667 0.912
vt 0.648 0.904
vt 0.67 0.904
vt 0 0
vt 0 0
vt 0 0
vt 0 0
vt 0 0
vt 0 0
vt 0 0
vt 0 0
vt 0 0
vt 0 0
vt 0 0
vt 0 0
vt 0 0
vt 0 0
vt 0 0
vt 0 0
vt 0 0
vt 0 0
vt 0 0
vt 0 0
vt 0 0
vt 0 0
vt 0 0
vt 0 0
vt 0.498 0.904
vt 0.648 0.904
vt 0.498 0.927
vt 0.648 0.904
vt 0.644 0.927
vt 0.498 0.927
vt 0 0
vt 0 0
vt 0 0
vt 0 0
vt 0 0
vt 0 0
vt 0 0
vt 0 0
vt 0 0
vt 0 0
vt 0 0
vt 0 0
vt 0 0
vt 0 0
vt 0 0
vt 0 0
vt 0 0
vt 0 0
vt 0 0
vt 0 0
vt 0 0
vt 0 0
vt 0 0
vt 0 0
vt 0 0
vt 0 0
vt 0 0
vt 0 0
vt 0 0
vt 0 0
vt 0 0
vt 0 0
vt 0 0
vt 0 0
vt 0 0
vt 0 0
vt 0 0
vt 0 0
vt 0 0
vt 0 0
vt 0 0
vt 0 0
vt 0 0
vt 0 0
vt 0 0
vt 0 0
vt 0 0
vt 0 0
vt 0 0
vt 0 0
vt 0 0
vt 0 0
vt 0 0
vt 0 0
vt 0 0
vt 0 0
vt 0 0
vt 0 0
vt 0 0
vt 0 0
vt 0 0
vt 0 0
vt 0 0
vt 0 0
vt 0 0
vt 0 0
vt 0 0
vt 0 0
vt 0 0
vt 0 0
vt 0 0
vt 0 0
vt 0 0
vt 0 0
vt 0 0
vt 0 0
vt 0 0
vt 0 0
vt 0 0
vt 0 0
vt 0 0
vt 0 0
vt 0 0
vt 0 0
vt 0 0
vt 0 0
vt 0 0
vt 0 0
vt 0 0
vt 0 0
vt 0 0
vt 0 0
vt 0 0
vt 0 0
vt 0 0
vt 0 0
vt 0 0
vt 0 0
vt 0 0
vt 0 0
vt 0 0
vt 0 0
vt 0 0
vt 0 0
vt 0 0
vt 0 0
vt 0 0
vt 0 0
vt 0 0
vt 0 0
vt 0 0
vt 0 0
vt 0 0
vt 0 0
vt 0 0
vt 0 0
vt 0 0
vt 0 0
vt 0 0
vt 0 0
vt 0 0
vt 0 0
vt 0 0
vt 0 0
vt 0 0
vt 0 0
vt 0 0
vt 0 0
vt 0 0
vt 0 0
vt 0 0
vt 0 0
vt 0 0
vt 0 0
vt 0 0
vt 0 0
vt 0 0
vt 0 0
vt 0 0
vt 0 0
vt 0 0
vt 0 0
vt 0 0
vt 0 0
vt 0 0
vt 0 0
vt 0 0
vt 0 0
vt 0 0
vt 0 0
vt 0 0
vt 0 0
vt 0 0
vt 0 0
vt 0 0
vt 0 0
vt 0 0
vt 0 0
vt 0 0
vt 0 0
vt 0 0
vt 0 0
vt 0 0
vt 0 0
vt 0 0
vt 0 0
vt 0 0
vt 0 0
vt 0 0
vt 0 0
vt 0 0
vt 0 0
vt 0 0
vt 0 0
vt 0 0
vt 0 0
vt 0 0
vt 0 0
vt 0 0
vt 0 0
vt 0 0
vt 0 0
vt 0 0
vt 0 0
vt 0 0
vt 0 0
vt 0 0
vt 0 0
vt 0 0
vt 0 0
vt 0 0
vt 0 0
vt 0 0
vt 0 0
vt 0 0
vt 0 0
vt 0 0
vt 0 0
vt 0 0
vt 0 0
vt 0 0
vt 0 0
vt 0 0
vt 0 0
vt 0 0
vt 0 0
vt 0 0
vt 0 0
vt 0 0
vt 0 0
vt 0 0
vt 0 0
vt 0 0
vt 0 0
vt 0 0
vt 0 0
vt 0 0
vt 0 0
vt 0 0
vt 0 0
vt 0 0
vt 0 0
vt 0 0
vt 0 0
vt 0 0
vt 0 0
vt 0 0
vt 0 0
vt 0 0
vt 0 0
vt 0 0
vt 0 0
vt 0 0
vt 0 0
vt 0 0
vt 0 0
vt 0 0
vt 0 0
vt 0 0
vt 0 0
vt 0 0
vt 0 0
vt 0 0
vt 0 0
vt 0 0
vt 0 0
vt 0 0
vt 0 0
vt 0 0
vt 0 0
vt 0 0
vt 0 0
vt 0 0
vt 0 0
vt 0 0
vt 0 0
vt 0 0
vt 0 0
vt 0 0
vt 0 0
vt 0 0
vt 0 0
vt 0 0
vt 0 0
vt 0 0
vt 0 0
vt 0 0
vt 0 0
vt 0 0
vt 0 0
vt 0 0
vt 0 0
vt 0 0
vt 0 0
vt 0 0
vt 0 0
vt 0 0
vt 0 0
vt 0 0
vt 0 0
vt 0 0
vt 0 0
vt 0 0
vt 0 0
vt 0 0
vt 0 0
vt 0 0
vt 0 0
vt 0 0
vt 0 0
vt 0 0
vt 0 0
vt 0 0
vt 0 0
vt 0 0
vt 0 0
vt 0 0
vt 0 0
vt 0 0
vt 0 0
vt 0 0
vt 0 0
vt 0 0
vt 0 0
vt 0 0
vt 0 0
vt 0 0
vt 0 0
vt 0 0
vt 0 0
vt 0 0
vt 0 0
vt 0 0
vt 0 0
vt 0 0
vt 0 0
vt 0 0
vt 0 0
vt 0 0
vt 0 0
vt 0 0
vt 0 0
vt 0 0
vt 0 0
vt 0 0
vt 0 0
vt 0 0
vt 0 0
vt 0 0
vt 0 0
vt 0 0
vt 0 0
vt 0 0
vt 0 0
vt 0 0
vt 0 0
vt 0 0
vt 0 0
vt 0 0
vt 0 0
vt 0 0
vt 0 0
vt 0 0
vt 0 0
vt 0 0
vt 0 0
vt 0 0
vt 0 0
vt 0 0
vt 0 0
vt 0 0
vt 0 0
vt 0 0
vt 0 0
vt 0 0
vt 0 0
vt 0 0
vt 0 0
vt 0 0
vt 0 0
vt 0 0
vt 0 0
vt 0 0
vt 0 0
vt 0 0
vt 0 0
vt 0 0
vt 0 0
vt 0 0
vt 0 0
vt 0 0
vt 0 0
vt 0 0
vt 0 0
vt 0 0
vt 0 0
vt 0 0
vt 0 0
vt 0 0
vt 0 0
vt 0 0
vt 0 0
vt 0 0
vt 0 0
vt 0 0
vt 0 0
vt 0 0
vt 0 0
vt 0 0
vt 0 0
vt 0 0
vt 0 0
vt 0 0
vt 0 0
vt 0 0
vt 0 0
vt 0 0
vt 0 0
vt 0 0
vt 0 0
vt 0 0
vt 0 0
vt 0 0
vt 0 0
vt 0 0
vt 0 0
vt 0 0
vt 0 0
vt 0 0
vt 0 0
vt 0 0
vt 0 0
vt 0 0
vt 0 0
vt 0 0
vt 0 0
vt 0 0
vt 0 0
vt 0 0
vt 0 0
vt 0 0
vt 0 0
vt 0 0
vt 0 0
vt 0 0
vt 0 0
vt 0 0
vt 0 0
vt 0 0
vt 0 0
vt 0 0
vt 0 0
vt 0 0
vt 0 0
vt 0 0
vt 0 0
vt 0 0
vt 0 0
vt 0 0
vt 0 0
vt 0 0
vt 0 0
vt 0 0
vt 0 0
vt 0 0
vt 0 0
vt 0 0
vt 0 0
vt 0 0
vt 0 0
vt 0 0
vt 0 0
vt 0 0
vt 0 0
vt 0 0
vt 0 0
vt 0 0
vt 0 0
vt 0 0
vt 0 0
vt 0 0
vt 0 0
vt 0 0
vt 0 0
vt 0 0
vt 0 0
vt 0 0
vt 0 0
vt 0 0
vt 0 0
vt 0 0
vt 0 0
vt 0 0
vt 0 0
vt 0 0
vt 0 0
vt 0 0
vt 0 0
vt 0 0
vt 0 0
vt 0 0
vt 0 0
vt 0 0
vt 0 0
vt 0 0
vt 0 0
vt 0 0
vt 0 0
vt 0 0
vt 0 0
vt 0 0
vt 0 0
vt 0 0
vt 0 0
vt 0 0
vt 0 0
vt 0 0
vt 0 0
vt 0 0
vt 0 0
vt 0 0
vt 0 0
vt 0 0
vt 0 0
vt 0 0
vt 0 0
vt 0 0
vt 0 0
vt 0 0
vt 0 0
vt 0 0
vt 0 0
vt 0 0
vt 0 0
vt 0 0
vt 0 0
vt 0 0
vt 0 0
vt 0 0
vt 0 0
vt 0 0
vt 0 0
vt 0 0
vt 0 0
vt 0 0
vt 0 0
vt 0 0
vt 0 0
vt 0 0
vt 0 0
vt 0 0
vt 0 0
vt 0 0
vt 0 0
vt 0 0
vt 0 0
vt 0 0
vt 0 0
vt 0 0
vt 0 0
vt 0 0
vt 0 0
vt 0 0
vt 0 0
vt 0 0
vt 0 0
vt 0 0
vt 0 0
vt 0 0
vt 0 0
vt 0 0
vt 0 0
vt 0 0
vt 0 0
vt 0 0
vt 0 0
vt 0 0
vt 0 0
vt 0 0
vt 0 0
vt 0 0
vt 0 0
vt 0 0
vt 0 0
vt 0 0
vt 0 0
vt 0 0
vt 0 0
vt 0 0
vt 0 0
vt 0 0
vt 0 0
vt 0 0
vt 0 0
vt 0 0
vt 0 0
vt 0 0
vt 0 0
vt 0 0
vt 0 0
vt 0 0
vt 0 0
vt 0 0
vt 0 0
vt 0 0
vt 0.908 0.469
vt 0.908 0.379
vt 0.922 0.469
vt 0.908 0.379
vt 0.922 0.379
vt 0.922 0.469
vt 0.893 0.469
vt 0.893 0.379
vt 0.908 0.469
vt 0.893 0.379
vt 0.908 0.379
vt 0.908 0.469
vt 0.879 0.469
vt 0.879 0.379
vt 0.893 0.469
vt 0.879 0.379
vt 0.893 0.379
vt 0.893 0.469
vt 0.864 0.379
vt 0.879 0.379
vt 0.864 0.469
vt 0.879 0.379
vt 0.879 0.469
vt 0.864 0.469
vt 0 0
vt 0 0
vt 0 0
vt 0 0
vt 0 0
vt 0 0
vt 0 0
vt 0 0
vt 0 0
vt 0 0
vt 0 0
vt 0 0
vt 0 0
vt 0 0
vt 0 0
vt 0 0
vt 0 0
vt 0 0
vt 0.288 0.567
vt 0.288 0.537
vt 0.498 0.567
vt 0.288 0.537
vt 0.498 0.537
vt 0.498 0.567
vt 0.317 0.731
vt 0.348 0.904
vt 0.295 0.731
vt 0.348 0.904
vt 0.326 0.904
vt 0.295 0.731
vt 0 0
vt 0 0
vt 0 0
vt 0 0
vt 0 0
vt 0 0
vt 0 0
vt 0 0
vt 0 0
vt 0 0
vt 0 0
vt 0 0
vt 0 0
vt 0 0
vt 0 0
vt 0 0
vt 0 0
vt 0 0
vt 0 0
vt 0 0
vt 0 0
vt 0 0
vt 0 0
vt 0 0
vt 0 0
vt 0 0
vt 0 0
vt 0 0
vt 0 0
vt 0 0
vt 0 0
vt 0 0
vt 0 0
vt 0 0
vt 0 0
vt 0 0
vt 0 0
vt 0 0
vt 0 0
vt 0 0
vt 0 0
vt 0 0
vt 0 0
vt 0 0
vt 0 0
vt 0 0
vt 0 0
vt 0 0
vt 0 0
vt 0 0
vt 0 0
vt 0 0
vt 0 0
vt 0 0
vt 0 0
vt 0 0
vt 0 0
vt 0 0
vt 0 0
vt 0 0
vt 0 0
vt 0 0
vt 0 0
vt 0 0
vt 0 0
vt 0 0
vt 0 0
vt 0 0
vt 0 0
vt 0.288 0.567
vt 0.266 0.567
vt 0.288 0.537
vt 0.266 0.567
vt 0.266 0.537
vt 0.288 0.537
vt 0 0
vt 0 0
vt 0 0
vt 0 0
vt 0 0
vt 0 0
vt 0.317 0.731
vt 0.295 0.731
vt 0.288 0.567
vt 0.295 0.731
vt 0.266 0.567
vt 0.288 0.567
vt 0 0
vt 0 0
vt 0 0
vt 0 0
vt 0 0
vt 0 0
vt 0 0
vt 0 0
vt 0 0
vt 0 0
vt 0 0
vt 0 0
vt 0 0
vt 0 0
vt 0 0
vt 0 0
vt 0 0
vt 0 0
vt 0 0
vt 0 0
vt 0 0
vt 0 0
vt 0 0
vt 0 0
vt 0 0
vt 0 0
vt 0 0
vt 0 0
vt 0 0
vt 0 0
vt 0 0
vt 0 0
vt 0 0
vt 0 0
vt 0 0
vt 0 0
vt 0 0
vt 0 0
vt 0 0
vt 0 0
vt 0 0
vt 0 0
vt 0 0
vt 0 0
vt 0 0
vt 0 0
vt 0 0
vt 0 0
vt 0 0
vt 0 0
vt 0 0
vt 0 0
vt 0 0
vt 0 0
vt 0 0
vt 0 0
vt 0 0
vt 0 0
vt 0 0
vt 0 0
vt 0 0
vt 0 0
vt 0 0
vt 0 0
vt 0 0
vt 0 0
vt 0 0
vt 0 0
vt 0 0
vt 0 0
vt 0 0
vt 0 0
vt 0 0
vt 0 0
vt 0 0
vt 0 0
vt 0 0
vt 0 0
vt 0 0
vt 0 0
vt 0 0
vt 0 0
vt 0 0
vt 0 0
vt 0 0
vt 0 0
vt 0 0
vt 0 0
vt 0 0
vt 0 0
vt 0 0
vt 0 0
vt 0 0
vt 0 0
vt 0 0
vt 0 0
vt 0 0
vt 0 0
vt 0 0
vt 0 0
vt 0 0
vt 0 0
vt 0 0
vt 0 0
vt 0 0
vt 0 0
vt 0 0
vt 0 0
vt 0 0
vt 0 0
vt 0 0
vt 0 0
vt 0 0
vt 0 0
vt 0 0
vt 0 0
vt 0 0
vt 0 0
vt 0 0
vt 0 0
vt 0 0
vt 0 0
vt 0 0
vt 0 0
vt 0 0
vt 0 0
vt 0 0
vt 0 0
vt 0 0
vt 0 0
vt 0 0
vt 0 0
vt 0 0
vt 0 0
vt 0 0
vt 0 0
vt 0 0
vt 0 0
vt 0 0
vt 0 0
vt 0 0
vt 0 0
vt 0 0
vt 0 0
vt 0 0
vt 0 0
vt 0 0
vt 0 0
vt 0 0
vt 0 0
vt 0 0
vt 0 0
vt 0 0
vt 0 0
vt 0 0
vt 0 0
vt 0 0
vt 0 0
vt 0 0
vt 0 0
vt 0 0
vt 0 0
vt 0 0
vt 0 0
vt 0 0
vt 0 0
vt 0 0
vt 0 0
vt 0 0
vt 0 0
vt 0 0
vt 0 0
vt 0 0
vt 0 0
vt 0 0
vt 0 0
vt 0 0
vt 0 0
vt 0 0
vt 0 0
vt 0 0
vt 0 0
vt 0 0
vt 0 0
vt 0 0
vt 0 0
vt 0 0
vt 0 0
vt 0 0
vt 0 0
vt 0 0
vt 0 0
vt 0 0
vt 0 0
vt 0 0
vt 0 0
vt 0 0
vt 0 0
vt 0 0
vt 0 0
vt 0 0
vt 0 0
vt 0 0
vt 0 0
vt 0.498 0.731
vt 0.498 0.904
vt 0.317 0.731
vt 0.498 0.904
vt 0.348 0.904
vt 0.317 0.731
vt 0.288 0.567
vt 0.498 0.567
vt 0.317 0.731
vt 0.498 0.567
vt 0.498 0.731
vt 0.317 0.731
vt 0 0
vt 0 0
vt 0 0
vt 0 0
vt 0 0
vt 0 0
vt 0 0
vt 0 0
vt 0 0
vt 0 0
vt 0 0
vt 0 0
vt 0 0
vt 0 0
vt 0 0
vt 0 0
vt 0 0
vt 0 0
vt 0 0
vt 0 0
vt 0 0
vt 0.335 0.919
vt 0.329 0.912
vt 0.348 0.904
vt 0 0
vt 0 0
vt 0 0
vt 0 0
vt 0 0
vt 0 0
vt 0.335 0.919
vt 0.348 0.904
vt 0.343 0.924
vt 0 0
vt 0 0
vt 0 0
vt 0 0
vt 0 0
vt 0 0
vt 0.348 0.904
vt 0.352 0.927
vt 0.343 0.924
vt 0 0
vt 0 0
vt 0 0
vt 0 0
vt 0 0
vt 0 0
vt 0 0
vt 0 0
vt 0 0
vt 0 0
vt 0 0
vt 0 0
vt 0 0
vt 0 0
vt 0 0
vt 0 0
vt 0 0
vt 0 0
vt 0 0
vt 0 0
vt 0 0
vt 0 0
vt 0 0
vt 0 0
vt 0 0
vt 0 0
vt 0 0
vt 0 0
vt 0 0
vt 0 0
vt 0 0
vt 0 0
vt 0 0
vt 0 0
vt 0 0
vt 0 0
vt 0 0
vt 0 0
vt 0 0
vt 0 0
vt 0 0
vt 0 0
vt 0 0
vt 0 0
vt 0 0
vt 0 0
vt 0 0
vt 0 0
vt 0 0
vt 0 0
vt 0 0
vt 0 0
vt 0 0
vt 0 0
vt 0 0
vt 0 0
vt 0 0
vt 0 0
vt 0 0
vt 0 0
vt 0 0
vt 0 0
vt 0 0
vt 0 0
vt 0 0
vt 0 0
vt 0 0
vt 0 0
vt 0 0
vt 0 0
vt 0 0
vt 0 0
vt 0 0
vt 0 0
vt 0 0
vt 0 0
vt 0 0
vt 0 0
vt 0 0
vt 0 0
vt 0 0
vt 0 0
vt 0 0
vt 0 0
vt 0 0
vt 0 0
vt 0 0
vt 0 0
vt 0 0
vt 0 0
vt 0 0
vt 0 0
vt 0 0
vt 0 0
vt 0 0
vt 0 0
vt 0 0
vt 0 0
vt 0 0
vt 0 0
vt 0 0
vt 0 0
vt 0 0
vt 0 0
vt 0 0
vt 0 0
vt 0 0
vt 0 0
vt 0.329 0.912
vt 0.326 0.904
vt 0.348 0.904
vt 0 0
vt 0 0
vt 0 0
vt 0 0
vt 0 0
vt 0 0
vt 0 0
vt 0 0
vt 0 0
vt 0 0
vt 0 0
vt 0 0
vt 0 0
vt 0 0
vt 0 0
vt 0 0
vt 0 0
vt 0 0
vt 0 0
vt 0 0
vt 0 0
vt 0 0
vt 0 0
vt 0 0
vt 0.498 0.904
vt 0.498 0.927
vt 0.348 0.904
vt 0.498 0.927
vt 0.352 0.927
vt 0.348 0.904
vt 0 0
vt 0 0
vt 0 0
vt 0 0
vt 0 0
vt 0 0
vt 0 0
vt 0 0
vt 0 0
vt 0 0
vt 0 0
vt 0 0
vt 0 0
vt 0 0
vt 0 0
vt 0 0
vt 0 0
vt 0 0
vt 0 0
vt 0 0
vt 0 0
vt 0 0
vt 0 0
vt 0 0
vt 0 0
vt 0 0
vt 0 0
vt 0 0
vt 0 0
vt 0 0
vt 0 0
vt 0 0
vt 0 0
vt 0 0
vt 0 0
vt 0 0
vt 0 0
vt 0 0
vt 0 0
vt 0 0
vt 0 0
vt 0 0
vt 0 0
vt 0 0
vt 0 0
vt 0 0
vt 0 0
vt 0 0
vt 0 0
vt 0 0
vt 0 0
vt 0 0
vt 0 0
vt 0 0
vt 0 0
vt 0 0
vt 0 0
vt 0 0
vt 0 0
vt 0 0
vt 0 0
vt 0 0
vt 0 0
vt 0 0
vt 0 0
vt 0 0
vt 0 0
vt 0 0
vt 0 0
vt 0 0
vt 0 0
vt 0 0
vt 0 0
vt 0 0
vt 0 0
vt 0 0
vt 0 0
vt 0 0
vt 0 0
vt 0 0
vt 0 0
vt 0 0
vt 0 0
vt 0 0
vt 0 0
vt 0 0
vt 0 0
vt 0 0
vt 0 0
vt 0 0
vt 0 0
vt 0 0
vt 0 0
vt 0 0
vt 0 0
vt 0 0
vt 0 0
vt 0 0
vt 0 0
vt 0 0
vt 0 0
vt 0 0
vt 0 0
vt 0 0
vt 0 0
vt 0 0
vt 0 0
vt 0 0
vt 0 0
vt 0 0
vt 0 0
vt 0 0
vt 0 0
vt 0 0
vt 0 0
vt 0 0
vt 0 0
vt 0 0
vt 0 0
vt 0 0
vt 0 0
vt 0 0
vt 0 0
vt 0 0
vt 0 0
vt 0 0
vt 0 0
vt 0 0
vt 0 0
vt 0 0
vt 0 0
vt 0 0
vt 0 0
vt 0 0
vt 0 0
vt 0 0
vt 0 0
vt 0 0
vt 0 0
vt 0 0
vt 0 0
vt 0 0
vt 0 0
vt 0 0
vt 0 0
vt 0 0
vt 0 0
vt 0 0
vt 0 0
vt 0 0
vt 0 0
vt 0 0
vt 0 0
vt 0 0
vt 0 0
vt 0 0
vt 0 0
vt 0 0
vt 0 0
vt 0 0
vt 0 0
vt 0 0
vt 0 0
vt 0 0
vt 0 0
vt 0 0
vt 0 0
vt 0 0
vt 0 0
vt 0 0
vt 0 0
vt 0 0
vt 0 0
vt 0 0
vt 0 0
vt 0 0
vt 0 0
vt 0 0
vt 0 0
vt 0 0
vt 0 0
vt 0 0
vt 0 0
vt 0 0
vt 0 0
vt 0 0
vt 0 0
vt 0 0
vt 0 0
vt 0 0
vt 0 0
vt 0 0
vt 0 0
vt 0 0
vt 0 0
vt 0 0
vt 0 0
vt 0 0
vt 0 0
vt 0 0
vt 0 0
vt 0 0
vt 0 0
vt 0 0
vt 0 0
vt 0 0
vt 0 0
vt 0 0
vt 0 0
vt 0 0
vt 0 0
vt 0 0
vt 0 0
vt 0 0
vt 0 0
vt 0 0
vt 0 0
vt 0 0
vt 0 0
vt 0 0
vt 0 0
vt 0 0
vt 0 0
vt 0 0
vt 0 0
vt 0 0
vt 0 0
vt 0 0
vt 0 0
vt 0 0
vt 0 0
vt 0 0
vt 0 0
vt 0 0
vt 0 0
vt 0 0
vt 0 0
vt 0 0
vt 0 0
vt 0 0
vt 0 0
vt 0 0
vt 0 0
vt 0 0
vt 0 0
vt 0 0
vt 0 0
vt 0 0
vt 0 0
vt 0 0
vt 0 0
vt 0 0
vt 0 0
vt 0 0
vt 0 0
vt 0 0
vt 0 0
vt 0 0
vt 0 0
vt 0 0
vt 0 0
vt 0 0
vt 0 0
vt 0 0
vt 0 0
vt 0 0
vt 0 0
vt 0 0
vt 0 0
vt 0 0
vt 0 0
vt 0 0
vt 0 0
vt 0 0
vt 0 0
vt 0 0
vt 0 0
vt 0 0
vt 0 0
vt 0 0
vt 0 0
vt 0 0
vt 0 0
vt 0 0
vt 0 0
vt 0 0
vt 0 0
vt 0 0
vt 0 0
vt 0 0
vt 0 0
vt 0 0
vt 0 0
vt 0 0
vt 0 0
vt 0 0
vt 0 0
vt 0 0
vt 0 0
vt 0 0
vt 0 0
vt 0 0
vt 0 0
vt 0 0
vt 0 0
vt 0 0
vt 0 0
vt 0 0
vt 0 0
vt 0 0
vt 0 0
vt 0 0
vt 0 0
vt 0 0
vt 0 0
vt 0 0
vt 0 0
vt 0 0
vt 0 0
vt 0 0
vt 0 0
vt 0 0
vt 0 0
vt 0 0
vt 0 0
vt 0 0
vt 0 0
vt 0 0
vt 0 0
vt 0 0
vt 0 0
vt 0 0
vt 0 0
vt 0 0
vt 0 0
vt 0 0
vt 0 0
vt 0 0
vt 0 0
vt 0 0
vt 0 0
vt 0 0
vt 0 0
vt 0 0
vt 0 0
vt 0 0
vt 0 0
vt 0 0
vt 0 0
vt 0 0
vt 0 0
vt 0 0
vt 0 0
vt 0 0
vt 0 0
vt 0 0
vt 0 0
vt 0 0
vt 0 0
vt 0 0
vt 0 0
vt 0 0
vt 0 0
vt 0 0
vt 0 0
vt 0 0
vt 0 0
vt 0 0
vt 0 0
vt 0 0
vt 0 0
vt 0 0
vt 0 0
vt 0 0
vt 0 0
vt 0 0
vt 0 0
vt 0 0
vt 0 0
vt 0 0
vt 0 0
vt 0 0
vt 0 0
vt 0 0
vt 0 0
vt 0 0
vt 0 0
vt 0 0
vt 0 0
vt 0 0
vt 0 0
vt 0 0
vt 0 0
vt 0 0
vt 0 0
vt 0 0
vt 0 0
vt 0 0
vt 0 0
vt 0 0
vt 0 0
vt 0 0
vt 0 0
vt 0 0
vt 0 0
vt 0 0
vt 0 0
vt 0 0
vt 0 0
vt 0 0
vt 0 0
vt 0 0
vt 0 0
vt 0 0
vt 0 0
vt 0 0
vt 0 0
vt 0 0
vt 0 0
vt 0 0
vt 0 0
vt 0 0
vt 0 0
vt 0 0
vt 0 0
vt 0 0
vt 0 0
vt 0 0
vt 0 0
vt 0 0
vt 0 0
vt 0 0
vt 0 0
vt 0 0
vt 0 0
vt 0 0
vt 0 0
vt 0 0
vt 0 0
vt 0 0
vt 0 0
vt 0 0
vt 0 0
vt 0 0
vt 0 0
vt 0 0
vt 0 0
vt 0 0
vt 0 0
vt 0 0
vt 0 0
vt 0 0
vt 0 0
vt 0 0
vt 0 0
vt 0 0
vt 0 0
vt 0 0
vt 0 0
vt 0 0
vt 0 0
vt 0 0
vt 0 0
vt 0 0
vt 0 0
vt 0 0
vt 0 0
vt 0 0
vt 0 0
vt 0 0
vt 0 0
vt 0 0
vt 0 0
vt 0 0
vt 0 0
vt 0 0
vt 0 0
vt 0 0
vt 0 0
vt 0 0
vt 0 0
vt 0 0
vt 0 0
vt 0 0
vt 0 0
vt 0 0
vt 0 0
vt 0 0
vt 0 0
vt 0 0
vt 0 0
vt 0 0
vt 0 0
vt 0 0
vt 0 0
vt 0 0
vt 0 0
vt 0 0
vt 0 0
vt 0 0
vt 0 0
vt 0 0
vt 0 0
vt 0 0
vt 0 0
vt 0 0
vt 0 0
vt 0 0
vt 0 0
vt 0 0
vt 0 0
vt 0 0
vt 0 0
vt 0 0
vt 0 0
vt 0 0
vt 0 0
vt 0 0
vt 0 0
vt 0 0
vt 0 0
vt 0 0
vt 0 0
vt 0 0
vt 0 0
vt 0 0
vt 0 0
vt 0 0
vt 0 0
vt 0 0
vt 0 0
vt 0 0
vt 0 0
vt 0 0
vt 0 0
vt 0 0
vt 0 0
vt 0 0
vt 0 0
vt 0 0
vt 0 0
vt 0 0
vt 0 0
vt 0 0
vt 0 0
vt 0 0
vt 0 0
vt 0 0
vt 0 0
vt 0 0
vt 0 0
vt 0 0
vt 0 0
vt 0 0
vt 0 0
vt 0 0
vt 0 0
vt 0 0
vt 0 0
vt 0 0
vt 0 0
vt 0 0
vt 0 0
vt 0 0
vt 0 0
vt 0 0
vt 0 0
vt 0 0
vt 0 0
vt 0 0
vt 0 0
vt 0 0
vt 0 0
vt 0 0
vt 0 0
vt 0 0
vt 0 0
vt 0 0
vt 0 0
vt 0 0
vt 0 0
vt 0 0
vt 0 0
vt 0 0
vt 0 0
vt 0.821 0.469
vt 0.806 0.469
vt 0.821 0.379
vt 0.806 0.469
vt 0.806 0.379
vt 0.821 0.379
vt 0.835 0.469
vt 0.821 0.469
vt 0.835 0.379
vt 0.821 0.469
vt 0.821 0.379
vt 0.835 0.379
vt 0.85 0.469
vt 0.835 0.469
vt 0.85 0.379
vt 0.835 0.469
vt 0.835 0.379
vt 0.85 0.379
vt 0.864 0.379
vt 0.864 0.469
vt 0.85 0.379
vt 0.864 0.469
vt 0.85 0.469
vt 0.85 0.379
vt 0 0
vt 0 0
vt 0 0
vt 0 0
vt 0 0
vt 0 0
vt 0 0
vt 0 0
vt 0 0
vt 0 0
vt 0 0
vt 0 0
vt 0 0
vt 0 0
vt 0 0
vt 0 0
vt 0 0
vt 0 0
vt 0.288 0.103
vt 0.288 0.073
vt 0.498 0.103
vt 0.288 0.073
vt 0.498 0.073
vt 0.498 0.103
vt 0.317 0.267
vt 0.348 0.44
vt 0.295 0.267
vt 0.348 0.44
vt 0.326 0.44
vt 0.295 0.267
vt 0 0
vt 0 0
vt 0 0
vt 0 0
vt 0 0
vt 0 0
vt 0 0
vt 0 0
vt 0 0
vt 0 0
vt 0 0
vt 0 0
vt 0 0
vt 0 0
vt 0 0
vt 0 0
vt 0 0
vt 0 0
vt 0 0
vt 0 0
vt 0 0
vt 0 0
vt 0 0
vt 0 0
vt 0 0
vt 0 0
vt 0 0
vt 0 0
vt 0 0
vt 0 0
vt 0 0
vt 0 0
vt 0 0
vt 0 0
vt 0 0
vt 0 0
vt 0 0
vt 0 0
vt 0 0
vt 0 0
vt 0 0
vt 0 0
vt 0 0
vt 0 0
vt 0 0
vt 0 0
vt 0 0
vt 0 0
vt 0 0
vt 0 0
vt 0 0
vt 0 0
vt 0 0
vt 0 0
vt 0 0
vt 0 0
vt 0 0
vt 0 0
vt 0 0
vt 0 0
vt 0 0
vt 0 0
vt 0 0
vt 0 0
vt 0 0
vt 0 0
vt 0 0
vt 0 0
vt 0 0
vt 0.288 0.103
vt 0.266 0.103
vt 0.288 0.073
vt 0.266 0.103
vt 0.266 0.073
vt 0.288 0.073
vt 0 0
vt 0 0
vt 0 0
vt 0 0
vt 0 0
vt 0 0
vt 0.317 0.267
vt 0.295 0.267
vt 0.288 0.103
vt 0.295 0.267
vt 0.266 0.103
vt 0.288 0.103
vt 0 0
vt 0 0
vt 0 0
vt 0 0
vt 0 0
vt 0 0
vt 0 0
vt 0 0
vt 0 0
vt 0 0
vt 0 0
vt 0 0
vt 0 0
vt 0 0
vt 0 0
vt 0 0
vt 0 0
vt 0 0
vt 0 0
vt 0 0
vt 0 0
vt 0 0
vt 0 0
vt 0 0
vt 0 0
vt 0 0
vt 0 0
vt 0 0
vt 0 0
vt 0 0
vt 0 0
vt 0 0
vt 0 0
vt 0 0
vt 0 0
vt 0 0
vt 0 0
vt 0 0
vt 0 0
vt 0 0
vt 0 0
vt 0 0
vt 0 0
vt 0 0
vt 0 0
vt 0 0
vt 0 0
vt 0 0
vt 0 0
vt 0 0
vt 0 0
vt 0 0
vt 0 0
vt 0 0
vt 0 0
vt 0 0
vt 0 0
vt 0 0
vt 0 0
vt 0 0
vt 0 0
vt 0 0
vt 0 0
vt 0 0
vt 0 0
vt 0 0
vt 0 0
vt 0 0
vt 0 0
vt 0 0
vt 0 0
vt 0 0
vt 0 0
vt 0 0
vt 0 0
vt 0 0
vt 0 0
vt 0 0
vt 0 0
vt 0 0
vt 0 0
vt 0 0
vt 0 0
vt 0 0
vt 0 0
vt 0 0
vt 0 0
vt 0 0
vt 0 0
vt 0 0
vt 0 0
vt 0 0
vt 0 0
vt 0 0
vt 0 0
vt 0 0
vt 0 0
vt 0 0
vt 0 0
vt 0 0
vt 0 0
vt 0 0
vt 0 0
vt 0 0
vt 0 0
vt 0 0
vt 0 0
vt 0 0
vt 0 0
vt 0 0
vt 0 0
vt 0 0
vt 0 0
vt 0 0
vt 0 0
vt 0 0
vt 0 0
vt 0 0
vt 0 0
vt 0 0
vt 0 0
vt 0 0
vt 0 0
vt 0 0
vt 0 0
vt 0 0
vt 0 0
vt 0 0
vt 0 0
vt 0 0
vt 0 0
vt 0 0
vt 0 0
vt 0 0
vt 0 0
vt 0 0
vt 0 0
vt 0 0
vt 0 0
vt 0 0
vt 0 0
vt 0 0
vt 0 0
vt 0 0
vt 0 0
vt 0 0
vt 0 0
vt 0 0
vt 0 0
vt 0 0
vt 0 0
vt 0 0
vt 0 0
vt 0 0
vt 0 0
vt 0 0
vt 0 0
vt 0 0
vt 0 0
vt 0 0
vt 0 0
vt 0 0
vt 0 0
vt 0 0
vt 0 0
vt 0 0
vt 0 0
vt 0 0
vt 0 0
vt 0 0
vt 0 0
vt 0 0
vt 0 0
vt 0 0
vt 0 0
vt 0 0
vt 0 0
vt 0 0
vt 0 0
vt 0 0
vt 0 0
vt 0 0
vt 0 0
vt 0 0
vt 0 0
vt 0 0
vt 0 0
vt 0 0
vt 0 0
vt 0 0
vt 0 0
vt 0 0
vt 0 0
vt 0 0
vt 0 0
vt 0 0
vt 0 0
vt 0 0
vt 0 0
vt 0 0
vt 0 0
vt 0 0
vt 0 0
vt 0 0
vt 0.498 0.267
vt 0.498 0.44
vt 0.317 0.267
vt 0.498 0.44
vt 0.348 0.44
vt 0.317 0.267
vt 0.288 0.103
vt 0.498 0.103
vt 0.317 0.267
vt 0.498 0.103
vt 0.498 0.267
vt 0.317 0.267
vt 0 0
vt 0 0
vt 0 0
vt 0 0
vt 0 0
vt 0 0
vt 0 0
vt 0 0
vt 0 0
vt 0 0
vt 0 0
vt 0 0
vt 0 0
vt 0 0
vt 0 0
vt 0 0
vt 0 0
vt 0 0
vt 0 0
vt 0 0
vt 0 0
vt 0.335 0.455
vt 0.329 0.448
vt 0.348 0.44
vt 0 0
vt 0 0
vt 0 0
vt 0 0
vt 0 0
vt 0 0
vt 0.335 0.455
vt 0.348 0.44
vt 0.343 0.46
vt 0 0
vt 0 0
vt 0 0
vt 0 0
vt 0 0
vt 0 0
vt 0.348 0.44
vt 0.352 0.463
vt 0.343 0.46
vt 0 0
vt 0 0
vt 0 0
vt 0 0
vt 0 0
vt 0 0
vt 0 0
vt 0 0
vt 0 0
vt 0 0
vt 0 0
vt 0 0
vt 0 0
vt 0 0
vt 0 0
vt 0 0
vt 0 0
vt 0 0
vt 0 0
vt 0 0
vt 0 0
vt 0 0
vt 0 0
vt 0 0
vt 0 0
vt 0 0
vt 0 0
vt 0 0
vt 0 0
vt 0 0
vt 0 0
vt 0 0
vt 0 0
vt 0 0
vt 0 0
vt 0 0
vt 0 0
vt 0 0
vt 0 0
vt 0 0
vt 0 0
vt 0 0
vt 0 0
vt 0 0
vt 0 0
vt 0 0
vt 0 0
vt 0 0
vt 0 0
vt 0 0
vt 0 0
vt 0 0
vt 0 0
vt 0 0
vt 0 0
vt 0 0
vt 0 0
vt 0 0
vt 0 0
vt 0 0
vt 0 0
vt 0 0
vt 0 0
vt 0 0
vt 0 0
vt 0 0
vt 0 0
vt 0 0
vt 0 0
vt 0 0
vt 0 0
vt 0 0
vt 0 0
vt 0 0
vt 0 0
vt 0 0
vt 0 0
vt 0 0
vt 0 0
vt 0 0
vt 0 0
vt 0 0
vt 0 0
vt 0 0
vt 0 0
vt 0 0
vt 0 0
vt 0 0
vt 0 0
vt 0 0
vt 0 0
vt 0 0
vt 0 0
vt 0 0
vt 0 0
vt 0 0
vt 0 0
vt 0 0
vt 0 0
vt 0 0
vt 0 0
vt 0 0
vt 0 0
vt 0 0
vt 0 0
vt 0 0
vt 0 0
vt 0 0
vt 0.329 0.448
vt 0.326 0.44
vt 0.348 0.44
vt 0 0
vt 0 0
vt 0 0
vt 0 0
vt 0 0
vt 0 0
vt 0 0
vt 0 0
vt 0 0
vt 0 0
vt 0 0
vt 0 0
vt 0 0
vt 0 0
vt 0 0
vt 0 0
vt 0 0
vt 0 0
vt 0 0
vt 0 0
vt 0 0
vt 0 0
vt 0 0
vt 0 0
vt 0.498 0.44
vt 0.498 0.463
vt 0.348 0.44
vt 0.498 0.463
vt 0.352 0.463
vt 0.348 0.44
vt 0 0
vt 0 0
vt 0 0
vt 0 0
vt 0 0
vt 0 0
vt 0 0
vt 0 0
vt 0 0
vt 0 0
vt 0 0
vt 0 0
vt 0 0
vt 0 0
vt 0 0
vt 0 0
vt 0 0
vt 0 0
vt 0 0
vt 0 0
vt 0 0
vt 0 0
vt 0 0
vt 0 0
vt 0 0
vt 0 0
vt 0 0
vt 0 0
vt 0 0
vt 0 0
vt 0 0
vt 0 0
vt 0 0
vt 0 0
vt 0 0
vt 0 0
vt 0 0
vt 0 0
vt 0 0
vt 0 0
vt 0 0
vt 0 0
vt 0 0
vt 0 0
vt 0 0
vt 0 0
vt 0 0
vt 0 0
vt 0 0
vt 0 0
vt 0 0
vt 0 0
vt 0 0
vt 0 0
vt 0 0
vt 0 0
vt 0 0
vt 0 0
vt 0 0
vt 0 0
vt 0 0
vt 0 0
vt 0 0
vt 0 0
vt 0 0
vt 0 0
vt 0 0
vt 0 0
vt 0 0
vt 0 0
vt 0 0
vt 0 0
vt 0 0
vt 0 0
vt 0 0
vt 0 0
vt 0 0
vt 0 0
vt 0 0
vt 0 0
vt 0 0
vt 0 0
vt 0 0
vt 0 0
vt 0 0
vt 0 0
vt 0 0
vt 0 0
vt 0 0
vt 0 0
vt 0 0
vt 0 0
vt 0 0
vt 0 0
vt 0 0
vt 0 0
vt 0 0
vt 0 0
vt 0 0
vt 0 0
vt 0 0
vt 0 0
vt 0 0
vt 0 0
vt 0 0
vt 0 0
vt 0 0
vt 0 0
vt 0 0
vt 0 0
vt 0 0
vt 0 0
vt 0 0
vt 0 0
vt 0 0
vt 0 0
vt 0 0
vt 0 0
vt 0 0
vt 0 0
vt 0 0
vt 0 0
vt 0 0
vt 0 0
vt 0 0
vt 0 0
vt 0 0
vt 0 0
vt 0 0
vt 0 0
vt 0 0
vt 0 0
vt 0 0
vt 0 0
vt 0 0
vt 0 0
vt 0 0
vt 0 0
vt 0 0
vt 0 0
vt 0 0
vt 0 0
vt 0 0
vt 0 0
vt 0 0
vt 0 0
vt 0 0
vt 0 0
vt 0 0
vt 0 0
vt 0 0
vt 0 0
vt 0 0
vt 0 0
vt 0 0
vt 0 0
vt 0 0
vt 0 0
vt 0 0
vt 0 0
vt 0 0
vt 0 0
vt 0 0
vt 0 0
vt 0 0
vt 0 0
vt 0 0
vt 0 0
vt 0 0
vt 0 0
vt 0 0
vt 0 0
vt 0 0
vt 0 0
vt 0 0
vt 0 0
vt 0 0
vt 0 0
vt 0 0
vt 0 0
vt 0 0
vt 0 0
vt 0 0
vt 0 0
vt 0 0
vt 0 0
vt 0 0
vt 0 0
vt 0 0
vt 0 0
vt 0 0
vt 0 0
vt 0 0
vt 0 0
vt 0 0
vt 0 0
vt 0 0
vt 0 0
vt 0 0
vt 0 0
vt 0 0
vt 0 0
vt 0 0
vt 0 0
vt 0 0
vt 0 0
vt 0 0
vt 0 0
vt 0 0
vt 0 0
vt 0 0
vt 0 0
vt 0 0
vt 0 0
vt 0 0
vt 0 0
vt 0 0
vt 0 0
vt 0 0
vt 0 0
vt 0 0
vt 0 0
vt 0 0
vt 0 0
vt 0 0
vt 0 0
vt 0 0
vt 0 0
vt 0 0
vt 0 0
vt 0 0
vt 0 0
vt 0 0
vt 0 0
vt 0 0
vt 0 0
vt 0 0
vt 0 0
vt 0 0
vt 0 0
vt 0 0
vt 0 0
vt 0 0
vt 0 0
vt 0 0
vt 0 0
vt 0 0
vt 0 0
vt 0 0
vt 0 0
vt 0 0
vt 0 0
vt 0 0
vt 0 0
vt 0 0
vt 0 0
vt 0 0
vt 0 0
vt 0 0
vt 0 0
vt 0 0
vt 0 0
vt 0 0
vt 0 0
vt 0 0
vt 0 0
vt 0 0
vt 0 0
vt 0 0
vt 0 0
vt 0 0
vt 0 0
vt 0 0
vt 0 0
vt 0 0
vt 0 0
vt 0 0
vt 0 0
vt 0 0
vt 0 0
vt 0 0
vt 0 0
vt 0 0
vt 0 0
vt 0 0
vt 0 0
vt 0 0
vt 0 0
vt 0 0
vt 0 0
vt 0 0
vt 0 0
vt 0 0
vt 0 0
vt 0 0
vt 0 0
vt 0 0
vt 0 0
vt 0 0
vt 0 0
vt 0 0
vt 0 0
vt 0 0
vt 0 0
vt 0 0
vt 0 0
vt 0 0
vt 0 0
vt 0 0
vt 0 0
vt 0 0
vt 0 0
vt 0 0
vt 0 0
vt 0 0
vt 0 0
vt 0 0
vt 0 0
vt 0 0
vt 0 0
vt 0 0
vt 0 0
vt 0 0
vt 0 0
vt 0 0
vt 0 0
vt 0 0
vt 0 0
vt 0 0
vt 0 0
vt 0 0
vt 0 0
vt 0 0
vt 0 0
vt 0 0
vt 0 0
vt 0 0
vt 0 0
vt 0 0
vt 0 0
vt 0 0
vt 0 0
vt 0 0
vt 0 0
vt 0 0
vt 0 0
vt 0 0
vt 0 0
vt 0 0
vt 0 0
vt 0 0
vt 0 0
vt 0 0
vt 0 0
vt 0 0
vt 0 0
vt 0 0
vt 0 0
vt 0 0
vt 0 0
vt 0 0
vt 0 0
vt 0 0
vt 0 0
vt 0 0
vt 0 0
vt 0 0
vt 0 0
vt 0 0
vt 0 0
vt 0 0
vt 0 0
vt 0 0
vt 0 0
vt 0 0
vt 0 0
vt 0 0
vt 0 0
vt 0 0
vt 0 0
vt 0 0
vt 0 0
vt 0 0
vt 0 0
vt 0 0
vt 0 0
vt 0 0
vt 0 0
vt 0 0
vt 0 0
vt 0 0
vt 0 0
vt 0 0
vt 0 0
vt 0 0
vt 0 0
vt 0 0
vt 0 0
vt 0 0
vt 0 0
vt 0 0
vt 0 0
vt 0 0
vt 0 0
vt 0 0
vt 0 0
vt 0 0
vt 0 0
vt 0 0
vt 0 0
vt 0 0
vt 0 0
vt 0 0
vt 0 0
vt 0 0
vt 0 0
vt 0 0
vt 0 0
vt 0 0
vt 0 0
vt 0 0
vt 0 0
vt 0 0
vt 0 0
vt 0 0
vt 0 0
vt 0 0
vt 0 0
vt 0 0
vt 0 0
vt 0 0
vt 0 0
vt 0 0
vt 0 0
vt 0 0
vt 0 0
vt 0 0
vt 0 0
vt 0 0
vt 0 0
vt 0 0
vt 0 0
vt 0 0
vt 0 0
vt 0 0
vt 0 0
vt 0 0
vt 0 0
vt 0 0
vt 0 0
vt 0 0
vt 0 0
vt 0 0
vt 0 0
vt 0 0
vt 0 0
vt 0 0
vt 0 0
vt 0 0
vt 0 0
vt 0 0
vt 0 0
vt 0 0
vt 0 0
vt 0 0
vt 0 0
vt 0 0
vt 0 0
vt 0 0
vt 0 0
vt 0 0
vt 0 0
vt 0 0
vt 0 0
vt 0 0
vt 0 0
vt 0 0
vt 0 0
vt 0 0
vt 0 0
vt 0 0
vt 0 0
vt 0 0
vt 0 0
vt 0 0
vt 0 0
vt 0 0
vt 0 0
vt 0 0
vt 0 0
vt 0 0
vt 0 0
vt 0 0
vt 0 0
vt 0 0
vt 0 0
vt 0 0
vt 0 0
vt 0 0
vt 0 0
vt 0 0
vt 0 0
vt 0 0
vt 0 0
vt 0 0
vt 0 0
vt 0 0
vt 0 0
vt 0 0
vt 0 0
vt 0 0
vt 0 0
vt 0 0
vt 0 0
vt 0 0
vt 0 0
vt 0 0
vt 0 0
vt 0 0
vt 0 0
vt 0 0
vt 0 0
vt 0 0
vt 0 0
vt 0 0
vt 0 0
vt 0 0
vt 0 0
vt 0 0
vt 0 0
vt 0 0
vt 0 0
vt 0 0
vt 0 0
vt 0 0
vt 0 0
vt 0 0
vt 0 0
vt 0 0
vt 0 0
vt 0 0
vt 0 0
vt 0 0
vt 0 0
vt 0 0
vt 0 0
vt 0 0
vt 0 0
vt 0 0
vt 0 0
vt 0 0
vt 0 0
vt 0 0
vt 0 0
vt 0 0
vt 0 0
vt 0 0
vt 0 0
vt 0 0
vt 0 0
vt 0 0
vt 0 0
vt 0 0
vt 0 0
vt 0 0
vt 0 0
vt 0 0
vt 0 0
vt 0 0
vt 0 0
vt 0 0
vt 0 0
vt 0 0
vt 0 0
vt 0 0
vt 0 0
vt 0 0
vt 0 0
vt 0 0
vt 0 0
vt 0 0
vt 0 0
vt 0 0
vt 0 0
vt 0 0
vt 0.937 0.469
vt 0.922 0.469
vt 0.937 0.379
vt 0.922 0.469
vt 0.922 0.379
vt 0.937 0.379
vt 0.951 0.469
vt 0.937 0.469
vt 0.951 0.379
vt 0.937 0.469
vt 0.937 0.379
vt 0.951 0.379
vt 0.965 0.469
vt 0.951 0.469
vt 0.965 0.379
vt 0.951 0.469
vt 0.951 0.379
vt 0.965 0.379
vt 0.98 0.379
vt 0.98 0.469
vt 0.965 0.379
vt 0.98 0.469
vt 0.965 0.469
vt 0.965 0.379
vt 0 0
vt 0 0
vt 0 0
vt 0 0
vt 0 0
vt 0 0
vt 0 0
vt 0 0
vt 0 0
vt 0 0
vt 0 0
vt 0 0
vt 0 0
vt 0 0
vt 0 0
vt 0 0
vt 0 0
vt 0 0
vt 0.708 0.103
vt 0.498 0.103
vt 0.708 0.073
vt 0.498 0.103
vt 0.498 0.073
vt 0.708 0.073
vt 0.679 0.267
vt 0.701 0.267
vt 0.648 0.44
vt 0.701 0.267
vt 0.67 0.44
vt 0.648 0.44
vt 0 0
vt 0 0
vt 0 0
vt 0 0
vt 0 0
vt 0 0
vt 0 0
vt 0 0
vt 0 0
vt 0 0
vt 0 0
vt 0 0
vt 0 0
vt 0 0
vt 0 0
vt 0 0
vt 0 0
vt 0 0
vt 0 0
vt 0 0
vt 0 0
vt 0 0
vt 0 0
vt 0 0
vt 0 0
vt 0 0
vt 0 0
vt 0 0
vt 0 0
vt 0 0
vt 0 0
vt 0 0
vt 0 0
vt 0 0
vt 0 0
vt 0 0
vt 0 0
vt 0 0
vt 0 0
vt 0 0
vt 0 0
vt 0 0
vt 0 0
vt 0 0
vt 0 0
vt 0 0
vt 0 0
vt 0 0
vt 0 0
vt 0 0
vt 0 0
vt 0 0
vt 0 0
vt 0 0
vt 0 0
vt 0 0
vt 0 0
vt 0 0
vt 0 0
vt 0 0
vt 0 0
vt 0 0
vt 0 0
vt 0 0
vt 0 0
vt 0 0
vt 0 0
vt 0 0
vt 0 0
vt 0.708 0.103
vt 0.708 0.073
vt 0.73 0.103
vt 0.708 0.073
vt 0.73 0.073
vt 0.73 0.103
vt 0 0
vt 0 0
vt 0 0
vt 0 0
vt 0 0
vt 0 0
vt 0.679 0.267
vt 0.708 0.103
vt 0.701 0.267
vt 0.708 0.103
vt 0.73 0.103
vt 0.701 0.267
vt 0 0
vt 0 0
vt 0 0
vt 0 0
vt 0 0
vt 0 0
vt 0 0
vt 0 0
vt 0 0
vt 0 0
vt 0 0
vt 0 0
vt 0 0
vt 0 0
vt 0 0
vt 0 0
vt 0 0
vt 0 0
vt 0 0
vt 0 0
vt 0 0
vt 0 0
vt 0 0
vt 0 0
vt 0 0
vt 0 0
vt 0 0
vt 0 0
vt 0 0
vt 0 0
vt 0 0
vt 0 0
vt 0 0
vt 0 0
vt 0 0
vt 0 0
vt 0 0
vt 0 0
vt 0 0
vt 0 0
vt 0 0
vt 0 0
vt 0 0
vt 0 0
vt 0 0
vt 0 0
vt 0 0
vt 0 0
vt 0 0
vt 0 0
vt 0 0
vt 0 0
vt 0 0
vt 0 0
vt 0 0
vt 0 0
vt 0 0
vt 0 0
vt 0 0
vt 0 0
vt 0 0
vt 0 0
vt 0 0
vt 0 0
vt 0 0
vt 0 0
vt 0 0
vt 0 0
vt 0 0
vt 0 0
vt 0 0
vt 0 0
vt 0 0
vt 0 0
vt 0 0
vt 0 0
vt 0 0
vt 0 0
vt 0 0
vt 0 0
vt 0 0
vt 0 0
vt 0 0
vt 0 0
vt 0 0
vt 0 0
vt 0 0
vt 0 0
vt 0 0
vt 0 0
vt 0 0
vt 0 0
vt 0 0
vt 0 0
vt 0 0
vt 0 0
vt 0 0
vt 0 0
vt 0 0
vt 0 0
vt 0 0
vt 0 0
vt 0 0
vt 0 0
vt 0 0
vt 0 0
vt 0 0
vt 0 0
vt 0 0
vt 0 0
vt 0 0
vt 0 0
vt 0 0
vt 0 0
vt 0 0
vt 0 0
vt 0 0
vt 0 0
vt 0 0
vt 0 0
vt 0 0
vt 0 0
vt 0 0
vt 0 0
vt 0 0
vt 0 0
vt 0 0
vt 0 0
vt 0 0
vt 0 0
vt 0 0
vt 0 0
vt 0 0
vt 0 0
vt 0 0
vt 0 0
vt 0 0
vt 0 0
vt 0 0
vt 0 0
vt 0 0
vt 0 0
vt 0 0
vt 0 0
vt 0 0
vt 0 0
vt 0 0
vt 0 0
vt 0 0
vt 0 0
vt 0 0
vt 0 0
vt 0 0
vt 0 0
vt 0 0
vt 0 0
vt 0 0
vt 0 0
vt 0 0
vt 0 0
vt 0 0
vt 0 0
vt 0 0
vt 0 0
vt 0 0
vt 0 0
vt 0 0
vt 0 0
vt 0 0
vt 0 0
vt 0 0
vt 0 0
vt 0 0
vt 0 0
vt 0 0
vt 0 0
vt 0 0
vt 0 0
vt 0 0
vt 0 0
vt 0 0
vt 0 0
vt 0 0
vt 0 0
vt 0 0
vt 0 0
vt 0 0
vt 0 0
vt 0 0
vt 0 0
vt 0 0
vt 0 0
vt 0 0
vt 0 0
vt 0 0
vt 0 0
vt 0 0
vt 0 0
vt 0 0
vt 0 0
vt 0 0
vt 0 0
vt 0 0
vt 0 0
vt 0.498 0.267
vt 0.679 0.267
vt 0.498 0.44
vt 0.679 0.267
vt 0.648 0.44
vt 0.498 0.44
vt 0.708 0.103
vt 0.679 0.267
vt 0.498 0.103
vt 0.679 0.267
vt 0.498 0.267
vt 0.498 0.103
vt 0 0
vt 0 0
vt 0 0
vt 0 0
vt 0 0
vt 0 0
vt 0 0
vt 0 0
vt 0 0
vt 0 0
vt 0 0
vt 0 0
vt 0 0
vt 0 0
vt 0 0
vt 0 0
vt 0 0
vt 0 0
vt 0 0
vt 0 0
vt 0 0
vt 0.661 0.455
vt 0.648 0.44
vt 0.667 0.448
vt 0 0
vt 0 0
vt 0 0
vt 0 0
vt 0 0
vt 0 0
vt 0.661 0.455
vt 0.653 0.46
vt 0.648 0.44
vt 0 0
vt 0 0
vt 0 0
vt 0 0
vt 0 0
vt 0 0
vt 0.648 0.44
vt 0.653 0.46
vt 0.644 0.463
vt 0 0
vt 0 0
vt 0 0
vt 0 0
vt 0 0
vt 0 0
vt 0 0
vt 0 0
vt 0 0
vt 0 0
vt 0 0
vt 0 0
vt 0 0
vt 0 0
vt 0 0
vt 0 0
vt 0 0
vt 0 0
vt 0 0
vt 0 0
vt 0 0
vt 0 0
vt 0 0
vt 0 0
vt 0 0
vt 0 0
vt 0 0
vt 0 0
vt 0 0
vt 0 0
vt 0 0
vt 0 0
vt 0 0
vt 0 0
vt 0 0
vt 0 0
vt 0 0
vt 0 0
vt 0 0
vt 0 0
vt 0 0
vt 0 0
vt 0 0
vt 0 0
vt 0 0
vt 0 0
vt 0 0
vt 0 0
vt 0 0
vt 0 0
vt 0 0
vt 0 0
vt 0 0
vt 0 0
vt 0 0
vt 0 0
vt 0 0
vt 0 0
vt 0 0
vt 0 0
vt 0 0
vt 0 0
vt 0 0
vt 0 0
vt 0 0
vt 0 0
vt 0 0
vt 0 0
vt 0 0
vt 0 0
vt 0 0
vt 0 0
vt 0 0
vt 0 0
vt 0 0
vt 0 0
vt 0 0
vt 0 0
vt 0 0
vt 0 0
vt 0 0
vt 0 0
vt 0 0
vt 0 0
vt 0 0
vt 0 0
vt 0 0
vt 0 0
vt 0 0
vt 0 0
vt 0 0
vt 0 0
vt 0 0
vt 0 0
vt 0 0
vt 0 0
vt 0 0
vt 0 0
vt 0 0
vt 0 0
vt 0 0
vt 0 0
vt 0 0
vt 0 0
vt 0 0
vt 0 0
vt 0 0
vt 0 0
vt 0.667 0.448
vt 0.648 0.44
vt 0.67 0.44
vt 0 0
vt 0 0
vt 0 0
vt 0 0
vt 0 0
vt 0 0
vt 0 0
vt 0 0
vt 0 0
vt 0 0
vt 0 0
vt 0 0
vt 0 0
vt 0 0
vt 0 0
vt 0 0
vt 0 0
vt 0 0
vt 0 0
vt 0 0
vt 0 0
vt 0 0
vt 0 0
vt 0 0
vt 0.498 0.44
vt 0.648 0.44
vt 0.498 0.463
vt 0.648 0.44
vt 0.644 0.463
vt 0.498 0.463
vt 0 0
vt 0 0
vt 0 0
vt 0 0
vt 0 0
vt 0 0
vt 0 0
vt 0 0
vt 0 0
vt 0 0
vt 0 0
vt 0 0
vt 0 0
vt 0 0
vt 0 0
vt 0 0
vt 0 0
vt 0 0
vt 0 0
vt 0 0
vt 0 0
vt 0 0
vt 0 0
vt 0 0
vt 0 0
vt 0 0
vt 0 0
vt 0 0
vt 0 0
vt 0 0
vt 0 0
vt 0 0
vt 0 0
vt 0 0
vt 0 0
vt 0 0
vt 0 0
vt 0 0
vt 0 0
vt 0 0
vt 0 0
vt 0 0
vt 0 0
vt 0 0
vt 0 0
vt 0 0
vt 0 0
vt 0 0
vt 0 0
vt 0 0
vt 0 0
vt 0 0
vt 0 0
vt 0 0
vt 0 0
vt 0 0
vt 0 0
vt 0 0
vt 0 0
vt 0 0
vt 0 0
vt 0 0
vt 0 0
vt 0 0
vt 0 0
vt 0 0
vt 0 0
vt 0 0
vt 0 0
vt 0 0
vt 0 0
vt 0 0
vt 0 0
vt 0 0
vt 0 0
vt 0 0
vt 0 0
vt 0 0
vt 0 0
vt 0 0
vt 0 0
vt 0 0
vt 0 0
vt 0 0
vt 0 0
vt 0 0
vt 0 0
vt 0 0
vt 0 0
vt 0 0
vt 0 0
vt 0 0
vt 0 0
vt 0 0
vt 0 0
vt 0 0
vt 0 0
vt 0 0
vt 0 0
vt 0 0
vt 0 0
vt 0 0
vt 0 0
vt 0 0
vt 0 0
vt 0 0
vt 0 0
vt 0 0
vt 0 0
vt 0 0
vt 0 0
vt 0 0
vt 0 0
vt 0 0
vt 0 0
vt 0 0
vt 0 0
vt 0 0
vt 0 0
vt 0 0
vt 0 0
vt 0 0
vt 0 0
vt 0 0
vt 0 0
vt 0 0
vt 0 0
vt 0 0
vt 0 0
vt 0 0
vt 0 0
vt 0 0
vt 0 0
vt 0 0
vt 0 0
vt 0 0
vt 0 0
vt 0 0
vt 0 0
vt 0 0
vt 0 0
vt 0 0
vt 0 0
vt 0 0
vt 0 0
vt 0 0
vt 0 0
vt 0 0
vt 0 0
vt 0 0
vt 0 0
vt 0 0
vt 0 0
vt 0 0
vt 0 0
vt 0 0
vt 0 0
vt 0 0
vt 0 0
vt 0 0
vt 0 0
vt 0 0
vt 0 0
vt 0 0
vt 0 0
vt 0 0
vt 0 0
vt 0 0
vt 0 0
vt 0 0
vt 0 0
vt 0 0
vt 0 0
vt 0 0
vt 0 0
vt 0 0
vt 0 0
vt 0 0
vt 0 0
vt 0 0
vt 0 0
vt 0 0
vt 0 0
vt 0 0
vt 0 0
vt 0 0
vt 0 0
vt 0 0
vt 0 0
vt 0 0
vt 0 0
vt 0 0
vt 0 0
vt 0 0
vt 0 0
vt 0 0
vt 0 0
vt 0 0
vt 0 0
vt 0 0
vt 0 0
vt 0 0
vt 0 0
vt 0 0
vt 0 0
vt 0 0
vt 0 0
vt 0 0
vt 0 0
vt 0 0
vt 0 0
vt 0 0
vt 0 0
vt 0 0
vt 0 0
vt 0 0
vt 0 0
vt 0 0
vt 0 0
vt 0 0
vt 0 0
vt 0 0
vt 0 0
vt 0 0
vt 0 0
vt 0 0
vt 0 0
vt 0 0
vt 0 0
vt 0 0
vt 0 0
vt 0 0
vt 0 0
vt 0 0
vt 0 0
vt 0 0
vt 0 0
vt 0 0
vt 0 0
vt 0 0
vt 0 0
vt 0 0
vt 0 0
vt 0 0
vt 0 0
vt 0 0
vt 0 0
vt 0 0
vt 0 0
vt 0 0
vt 0 0
vt 0 0
vt 0 0
vt 0 0
vt 0 0
vt 0 0
vt 0 0
vt 0 0
vt 0 0
vt 0 0
vt 0 0
vt 0 0
vt 0 0
vt 0 0
vt 0 0
vt 0 0
vt 0 0
vt 0 0
vt 0 0
vt 0 0
vt 0 0
vt 0 0
vt 0 0
vt 0 0
vt 0 0
vt 0 0
vt 0 0
vt 0 0
vt 0 0
vt 0 0
vt 0 0
vt 0 0
vt 0 0
vt 0 0
vt 0 0
vt 0 0
vt 0 0
vt 0 0
vt 0 0
vt 0 0
vt 0 0
vt 0 0
vt 0 0
vt 0 0
vt 0 0
vt 0 0
vt 0 0
vt 0 0
vt 0 0
vt 0 0
vt 0 0
vt 0 0
vt 0 0
vt 0 0
vt 0 0
vt 0 0
vt 0 0
vt 0 0
vt 0 0
vt 0 0
vt 0 0
vt 0 0
vt 0 0
vt 0 0
vt 0 0
vt 0 0
vt 0 0
vt 0 0
vt 0 0
vt 0 0
vt 0 0
vt 0 0
vt 0 0
vt 0 0
vt 0 0
vt 0 0
vt 0 0
vt 0 0
vt 0 0
vt 0 0
vt 0 0
vt 0 0
vt 0 0
vt 0 0
vt 0 0
vt 0 0
vt 0 0
vt 0 0
vt 0 0
vt 0 0
vt 0 0
vt 0 0
vt 0 0
vt 0 0
vt 0 0
vt 0 0
vt 0 0
vt 0 0
vt 0 0
vt 0 0
vt 0 0
vt 0 0
vt 0 0
vt 0 0
vt 0 0
vt 0 0
vt 0 0
vt 0 0
vt 0 0
vt 0 0
vt 0 0
vt 0 0
vt 0 0
vt 0 0
vt 0 0
vt 0 0
vt 0 0
vt 0 0
vt 0 0
vt 0 0
vt 0 0
vt 0 0
vt 0 0
vt 0 0
vt 0 0
vt 0 0
vt 0 0
vt 0 0
vt 0 0
vt 0 0
vt 0 0
vt 0 0
vt 0 0
vt 0 0
vt 0 0
vt 0 0
vt 0 0
vt 0 0
vt 0 0
vt 0 0
vt 0 0
vt 0 0
vt 0 0
vt 0 0
vt 0 0
vt 0 0
vt 0 0
vt 0 0
vt 0 0
vt 0 0
vt 0 0
vt 0 0
vt 0 0
vt 0 0
vt 0 0
vt 0 0
vt 0 0
vt 0 0
vt 0 0
vt 0 0
vt 0 0
vt 0 0
vt 0 0
vt 0 0
vt 0 0
vt 0 0
vt 0 0
vt 0 0
vt 0 0
vt 0 0
vt 0 0
vt 0 0
vt 0 0
vt 0 0
vt 0 0
vt 0 0
vt 0 0
vt 0 0
vt 0 0
vt 0 0
vt 0 0
vt 0 0
vt 0 0
vt 0 0
vt 0 0
vt 0 0
vt 0 0
vt 0 0
vt 0 0
vt 0 0
vt 0 0
vt 0 0
vt 0 0
vt 0 0
vt 0 0
vt 0 0
vt 0 0
vt 0 0
vt 0 0
vt 0 0
vt 0 0
vt 0 0
vt 0 0
vt 0 0
vt 0 0
vt 0 0
vt 0 0
vt 0 0
vt 0 0
vt 0 0
vt 0 0
vt 0 0
vt 0 0
vt 0 0
vt 0 0
vt 0 0
vt 0 0
vt 0 0
vt 0 0
vt 0 0
vt 0 0
vt 0 0
vt 0 0
vt 0 0
vt 0 0
vt 0 0
vt 0 0
vt 0 0
vt 0 0
vt 0 0
vt 0 0
vt 0 0
vt 0 0
vt 0 0
vt 0 0
vt 0 0
vt 0 0
vt 0 0
vt 0 0
vt 0 0
vt 0 0
vt 0 0
vt 0 0
vt 0 0
vt 0 0
vt 0 0
vt 0 0
vt 0 0
vt 0 0
vt 0 0
vt 0 0
vt 0 0
vt 0 0
vt 0 0
vt 0 0
vt 0 0
vt 0 0
vt 0 0
vt 0 0
vt 0 0
vt 0 0
vt 0 0
vt 0 0
vt 0 0
vt 0 0
vt 0 0
vt 0 0
vt 0 0
vt 0 0
vt 0 0
vt 0 0
vt 0 0
vt 0 0
vt 0 0
vt 0 0
vt 0 0
vt 0 0
vt 0 0
vt 0 0
vt 0 0
vt 0 0
vt 0 0
vt 0 0
vt 0 0
vt 0 0
vt 0 0
vt 0 0
vt 0 0
vt 0 0
vt 0 0
vt 0 0
vt 0 0
vt 0 0
vt 0 0
vt 0 0
vt 0 0
vt 0 0
vt 0 0
vt 0 0
vt 0 0
vt 0 0
vt 0 0
vt 0 0
vt 0 0
vt 0 0
vt 0 0
vt 0 0
vt 0 0
vt 0 0
vt 0 0
vt 0 0
vt 0 0
vt 0 0
vt 0 0
vt 0 0
vt 0 0
vt 0 0
vt 0 0
vt 0 0
vt 0 0
vt 0 0
vt 0 0
vt 0 0
vt 0 0
vt 0 0
vt 0 0
vt 0 0
vt 0 0
vt 0 0
vt 0 0
vt 0 0
vt 0 0
vt 0 0
vt 0 0
vt 0 0
vt 0.792 0.469
vt 0.792 0.379
vt 0.806 0.469
vt 0.792 0.379
vt 0.806 0.379
vt 0.806 0.469
vt 0.778 0.469
vt 0.778 0.379
vt 0.792 0.469
vt 0.778 0.379
vt 0.792 0.379
vt 0.792 0.469
vt 0.763 0.469
vt 0.763 0.379
vt 0.778 0.469
vt 0.763 0.379
vt 0.778 0.379
vt 0.778 0.469
vt 0.749 0.379
vt 0.763 0.379
vt 0.749 0.469
vt 0.763 0.379
vt 0.763 0.469
vt 0.749 0.469
vt 0 0
vt 0 0
vt 0 0
vt 0 0
vt 0 0
vt 0 0
usemtl MB_308_official_6402
s off
f 4497/1597 4501/1598 4463/1599
f 4501/1600 4462/1601 4463/1602
f 4501/1603 5321/1604 4462/1605
f 5321/1606 4466/1607 4462/1608
f 4480/1609 4639/1610 5309/1611
f 4639/1612 5308/1613 5309/1614
f 4482/1615 5322/1616 4481/1617
f 5322/1618 4496/1619 4481/1620
f 5269/1621 5268/1622 5270/1623
f 5268/1624 5271/1625 5270/1626
f 5268/1627 5267/1628 5271/1629
f 5267/1630 5272/1631 5271/1632
f 5266/1633 5273/1634 5267/1635
f 5273/1636 5272/1637 5267/1638
f 5265/1639 5274/1640 5266/1641
f 5274/1642 5273/1643 5266/1644
f 5264/1645 5275/1646 5265/1647
f 5275/1648 5274/1649 5265/1650
f 5264/1651 5263/1652 5275/1653
f 5263/1654 5276/1655 5275/1656
f 5262/1657 5277/1658 5263/1659
f 5277/1660 5276/1661 5263/1662
f 5261/1663 5278/1664 5262/1665
f 5278/1666 5277/1667 5262/1668
f 4465/1669 5387/1670 5287/1671
f 5387/1672 5009/1673 5287/1674
f 5306/1675 5290/1676 5307/1677
f 5290/1678 5294/1679 5307/1680
f 5310/1681 4484/1682 5387/1683
f 4462/1684 4466/1685 5010/1686
f 4466/1687 5289/1688 5010/1689
f 4480/1690 5309/1691 5317/1692
f 5309/1693 5311/1694 5317/1695
f 5305/1696 5285/1697 5306/1698
f 5285/1699 5290/1700 5306/1701
f 4482/1702 4480/1703 5322/1704
f 4480/1705 5317/1706 5322/1707
f 5304/1708 5284/1709 5305/1710
f 5284/1711 5285/1712 5305/1713
f 5016/1714 4483/1715 5327/1716
f 4483/1717 4507/1718 5327/1719
f 5303/1720 5283/1721 5304/1722
f 5283/1723 5284/1724 5304/1725
f 5302/1726 5282/1727 5303/1728
f 5282/1729 5283/1730 5303/1731
f 5301/1732 5281/1733 5302/1734
f 5281/1735 5282/1736 5302/1737
f 5299/1738 5279/1739 5301/1740
f 5279/1741 5281/1742 5301/1743
f 5288/1744 5286/1745 5007/1746
f 5286/1747 5006/1748 5007/1749
f 5002/1750 5291/1751 5293/1752
f 5015/1753 5280/1754 5299/1755
f 5280/1756 5279/1757 5299/1758
f 5003/1759 5295/1760 4454/1761
f 5296/1762 5388/1763 4718/1764
f 5388/1765 4637/1766 4718/1767
f 4453/1768 4454/1769 5295/1770
f 4452/1771 4453/1772 5295/1773
f 5235/1774 5012/1775 5298/1776
f 5012/1777 5292/1778 5298/1779
f 4452/1780 5295/1781 4451/1782
f 4487/1783 4447/1784 5386/1785
f 4447/1786 5297/1787 5386/1788
f 5291/1789 4448/1790 4449/1791
f 5291/1792 4449/1793 4450/1794
f 5291/1795 5002/1796 4448/1797
f 5291/1798 4450/1799 4451/1800
f 4643/1801 4446/1802 4718/1803
f 4446/1804 5296/1805 4718/1806
f 4451/1807 5295/1808 5291/1809
f 5005/1810 5300/1811 4461/1812
f 5300/1813 4479/1814 4461/1815
f 4461/1816 4479/1817 4460/1818
f 4479/1819 4478/1820 4460/1821
f 4460/1822 4478/1823 4459/1824
f 4478/1825 4477/1826 4459/1827
f 4459/1828 4477/1829 4458/1830
f 4477/1831 4476/1832 4458/1833
f 4458/1834 4476/1835 4457/1836
f 4476/1837 4475/1838 4457/1839
f 4457/1840 4475/1841 4456/1842
f 4475/1843 4474/1844 4456/1845
f 4456/1846 4474/1847 4455/1848
f 4474/1849 4473/1850 4455/1851
f 4455/1852 4473/1853 5004/1854
f 4473/1855 5014/1856 5004/1857
f 5010/1858 4464/1859 4462/1860
f 4464/1861 4467/1862 4462/1863
f 4467/1864 4468/1865 4462/1866
f 4468/1867 4469/1868 4462/1869
f 4469/1870 4463/1871 4462/1872
f 5001/1873 4464/1874 5010/1875
f 4470/1876 4463/1877 4469/1878
f 4471/1879 4463/1880 4470/1881
f 4472/1882 4463/1883 4471/1884
f 4463/1885 4472/1886 5011/1887
f 5011/1888 4472/1889 5013/1890
f 4638/1891 5389/1892 4484/1893
f 5389/1894 5387/1895 4484/1896
f 5003/1897 5008/1898 5295/1899
f 5286/1900 5288/1901 5316/1902
f 5288/1903 5320/1904 5316/1905
f 4511/1906 4483/1907 4674/1908
f 4483/1909 4642/1910 4674/1911
f 4640/1912 4482/1913 4641/1914
f 4482/1915 4481/1916 4641/1917
f 4480/1918 4482/1919 4639/1920
f 4482/1921 4640/1922 4639/1923
f 5387/1924 4465/1925 5315/1926
f 4506/1927 4463/1928 5017/1929
f 4463/1930 5011/1931 5017/1932
f 5310/1933 5387/1934 5312/1935
f 5312/1936 5387/1937 5313/1938
f 5313/1939 5387/1940 5314/1941
f 5314/1942 5387/1943 5315/1944
f 5378/1945 4481/1946 5377/1947
f 4497/1948 4463/1949 5384/1950
f 4463/1951 5385/1952 5383/1953
f 5378/1954 5379/1955 4481/1956
f 4483/1957 5380/1958 5382/1959
f 4511/1960 5381/1961 4483/1962
f 4481/1963 5379/1964 4512/1965
f 4485/1966 4488/1967 4492/1968
f 4488/1969 4495/1970 4492/1971
f 4488/1972 4489/1973 4495/1974
f 4489/1975 4494/1976 4495/1977
f 4489/1978 4490/1979 4494/1980
f 4490/1981 5318/1982 4494/1983
f 4490/1984 4486/1985 5318/1986
f 4486/1987 5319/1988 5318/1989
f 4506/1990 5385/1991 4463/1992
f 4492/1993 4495/1994 4502/1995
f 4495/1996 4505/1997 4502/1998
f 4495/1999 4494/2000 4505/2001
f 4494/2002 4504/2003 4505/2004
f 4494/2005 4493/2006 4504/2007
f 4493/2008 4503/2009 4504/2010
f 4493/2011 4491/2012 4503/2013
f 4491/2014 5323/2015 4503/2016
f 5324/2017 4500/2018 5323/2019
f 4500/2020 4503/2021 5323/2022
f 4500/2023 4499/2024 4503/2025
f 4499/2026 4504/2027 4503/2028
f 4499/2029 4498/2030 4504/2031
f 4498/2032 4505/2033 4504/2034
f 4498/2035 5325/2036 4505/2037
f 5325/2038 4502/2039 4505/2040
f 4507/2041 4483/2042 5382/2043
f 4463/2044 5383/2045 5384/2046
f 5326/2047 4510/2048 5018/2049
f 4510/2050 5021/2051 5018/2052
f 4510/2053 4509/2054 5021/2055
f 4509/2056 5020/2057 5021/2058
f 4509/2059 4508/2060 5020/2061
f 4508/2062 5019/2063 5020/2064
f 4508/2065 5329/2066 5019/2067
f 5329/2068 5328/2069 5019/2070
f 4483/2071 5381/2072 5380/2073
f 5377/2074 4481/2075 4496/2076
f 5330/2077 4515/2078 5331/2079
f 4515/2080 4678/2081 5331/2082
f 4515/2083 4514/2084 4678/2085
f 4514/2086 4677/2087 4678/2088
f 4514/2089 4513/2090 4677/2091
f 4513/2092 4676/2093 4677/2094
f 4513/2095 5333/2096 4676/2097
f 5333/2098 5332/2099 4676/2100
f 4641/2101 4481/2102 4675/2103
f 4481/2104 4512/2105 4675/2106
f 5336/2107 5337/2108 5334/2109
f 5337/2110 5338/2111 5334/2112
f 5335/2113 5339/2114 4522/2115
f 5339/2116 4523/2117 4522/2118
f 4519/2119 4517/2120 5341/2121
f 4517/2122 4521/2123 5341/2124
f 4516/2125 4518/2126 4520/2127
f 4518/2128 5340/2129 4520/2130
f 5345/2131 5344/2132 5349/2133
f 5344/2134 5348/2135 5349/2136
f 5346/2137 5345/2138 5350/2139
f 5345/2140 5349/2141 5350/2142
f 5347/2143 5346/2144 5351/2145
f 5346/2146 5350/2147 5351/2148
f 5352/2149 5357/2150 5351/2151
f 5357/2152 5347/2153 5351/2154
f 5360/2155 5355/2156 4527/2157
f 5354/2158 5359/2159 5353/2160
f 5359/2161 5358/2162 5353/2163
f 5353/2164 5358/2165 5352/2166
f 5358/2167 5357/2168 5352/2169
f 5360/2170 5359/2171 5355/2172
f 5359/2173 5354/2174 5355/2175
f 5376/2176 5342/2177 5375/2178
f 5342/2179 5361/2180 5375/2181
f 5375/2182 5361/2183 5374/2184
f 5361/2185 5364/2186 5374/2187
f 4540/2188 4559/2189 4539/2190
f 4559/2191 4558/2192 4539/2193
f 4534/2194 4553/2195 4535/2196
f 4553/2197 4554/2198 4535/2199
f 4531/2200 4550/2201 4533/2202
f 4550/2203 4552/2204 4533/2205
f 4537/2206 4556/2207 4538/2208
f 4556/2209 4557/2210 4538/2211
f 4525/2212 5343/2213 5376/2214
f 5343/2215 5342/2216 5376/2217
f 4530/2218 4549/2219 4529/2220
f 4549/2221 4548/2222 4529/2223
f 4532/2224 4551/2225 4536/2226
f 4551/2227 4555/2228 4536/2229
f 4528/2230 4547/2231 4524/2232
f 4547/2233 4543/2234 4524/2235
f 4541/2236 4560/2237 4540/2238
f 4560/2239 4559/2240 4540/2241
f 5356/2242 4546/2243 5363/2244
f 4546/2245 5362/2246 5363/2247
f 4539/2248 4558/2249 4530/2250
f 4558/2251 4549/2252 4530/2253
f 4535/2254 4554/2255 4532/2256
f 4554/2257 4551/2258 4532/2259
f 4533/2260 4552/2261 4534/2262
f 4552/2263 4553/2264 4534/2265
f 4538/2266 4557/2267 5356/2268
f 4557/2269 4546/2270 5356/2271
f 4536/2272 4555/2273 4537/2274
f 4555/2275 4556/2276 4537/2277
f 4542/2278 4561/2279 4541/2280
f 4561/2281 4560/2282 4541/2283
f 4529/2284 4548/2285 4528/2286
f 4548/2287 4547/2288 4528/2289
f 4544/2290 5365/2291 5366/2292
f 5365/2293 5367/2294 5366/2295
f 5365/2296 5368/2297 5367/2298
f 5368/2299 5369/2300 5367/2301
f 5368/2302 5370/2303 5369/2304
f 5370/2305 5371/2306 5369/2307
f 5370/2308 5372/2309 5371/2310
f 5372/2311 5373/2312 5371/2313
f 4561/2314 4567/2315 5023/2316
f 4561/2317 4565/2318 4567/2319
f 4561/2320 4563/2321 4565/2322
f 4561/2323 4545/2324 4563/2325
f 4546/2326 4562/2327 5362/2328
f 4546/2329 4564/2330 4562/2331
f 4546/2332 4566/2333 4564/2334
f 4546/2335 5022/2336 4566/2337
f 5022/2338 4546/2339 5024/2340
f 4561/2341 5023/2342 5025/2343
f 5360/2344 4527/2345 5364/2346
f 4527/2347 5374/2348 5364/2349
f 4569/2350 4568/2351 4570/2352
f 5363/2353 4570/2354 5356/2355
f 4570/2356 4568/2357 5356/2358
f 4544/2359 5366/2360 4525/2361
f 5366/2362 5343/2363 4525/2364
f 4545/2365 4561/2366 4526/2367
f 4561/2368 4542/2369 4526/2370
f 4573/2371 4526/2372 4571/2373
f 4526/2374 4542/2375 4571/2376
f 4572/2377 4573/2378 4571/2379
f 5324/2380 4582/2381 4500/2382
f 4582/2383 4585/2384 4500/2385
f 4500/2386 4585/2387 4499/2388
f 4585/2389 4584/2390 4499/2391
f 4499/2392 4584/2393 4498/2394
f 4584/2395 4583/2396 4498/2397
f 4498/2398 4583/2399 5325/2400
f 4583/2401 4574/2402 5325/2403
f 4575/2404 4574/2405 4595/2406
f 4574/2407 4583/2408 4595/2409
f 4583/2410 4584/2411 4595/2412
f 4584/2413 4594/2414 4595/2415
f 4584/2416 4585/2417 4594/2418
f 4585/2419 4593/2420 4594/2421
f 4581/2422 4593/2423 4582/2424
f 4593/2425 4585/2426 4582/2427
f 4576/2428 4575/2429 4621/2430
f 4592/2431 4595/2432 4591/2433
f 4595/2434 4594/2435 4591/2436
f 4591/2437 4594/2438 4590/2439
f 4594/2440 4593/2441 4590/2442
f 4590/2443 4608/2444 4599/2445
f 4608/2446 4612/2447 4599/2448
f 4588/2449 4589/2450 4598/2451
f 4589/2452 4599/2453 4598/2454
f 4587/2455 4588/2456 4597/2457
f 4588/2458 4598/2459 4597/2460
f 4586/2461 4587/2462 4596/2463
f 4587/2464 4597/2465 4596/2466
f 4578/2467 4586/2468 4577/2469
f 4586/2470 4596/2471 4577/2472
f 4590/2473 4599/2474 4591/2475
f 4599/2476 4589/2477 4591/2478
f 4588/2479 4602/2480 4589/2481
f 4602/2482 4603/2483 4589/2484
f 4587/2485 4601/2486 4588/2487
f 4601/2488 4602/2489 4588/2490
f 4586/2491 4600/2492 4587/2493
f 4600/2494 4601/2495 4587/2496
f 4592/2497 4591/2498 4603/2499
f 4591/2500 4589/2501 4603/2502
f 4578/2503 4579/2504 4586/2505
f 4579/2506 4600/2507 4586/2508
f 4509/2509 4605/2510 4508/2511
f 4605/2512 4604/2513 4508/2514
f 4510/2515 4606/2516 4509/2517
f 4606/2518 4605/2519 4509/2520
f 4580/2521 5329/2522 4607/2523
f 4510/2524 5326/2525 4606/2526
f 5326/2527 4577/2528 4606/2529
f 4577/2530 4609/2531 4606/2532
f 4610/2533 4605/2534 4609/2535
f 4605/2536 4606/2537 4609/2538
f 4611/2539 4604/2540 4610/2541
f 4604/2542 4605/2543 4610/2544
f 4611/2545 4612/2546 4604/2547
f 4612/2548 4607/2549 4604/2550
f 4508/2551 4604/2552 5329/2553
f 4604/2554 4607/2555 5329/2556
f 4608/2557 4580/2558 4612/2559
f 4580/2560 4607/2561 4612/2562
f 4598/2563 4599/2564 4611/2565
f 4599/2566 4612/2567 4611/2568
f 4598/2569 4611/2570 4597/2571
f 4611/2572 4610/2573 4597/2574
f 4597/2575 4610/2576 4596/2577
f 4610/2578 4609/2579 4596/2580
f 4590/2581 4593/2582 4608/2583
f 4593/2584 4581/2585 4608/2586
f 4581/2587 4580/2588 4608/2589
f 4617/2590 4603/2591 4618/2592
f 4603/2593 4602/2594 4618/2595
f 4618/2596 4602/2597 4619/2598
f 4602/2599 4601/2600 4619/2601
f 4619/2602 4601/2603 4620/2604
f 4601/2605 4600/2606 4620/2607
f 4514/2608 4615/2609 4513/2610
f 4615/2611 4616/2612 4513/2613
f 4515/2614 4614/2615 4514/2616
f 4614/2617 4615/2618 4514/2619
f 5330/2620 4613/2621 4515/2622
f 4613/2623 4614/2624 4515/2625
f 4513/2626 4616/2627 5333/2628
f 4616/2629 4579/2630 5333/2631
f 4576/2632 4613/2633 5330/2634
f 4596/2635 4609/2636 4577/2637
f 4615/2638 4619/2639 4616/2640
f 4619/2641 4620/2642 4616/2643
f 4614/2644 4618/2645 4615/2646
f 4618/2647 4619/2648 4615/2649
f 4613/2650 4617/2651 4614/2652
f 4617/2653 4618/2654 4614/2655
f 4592/2656 4621/2657 4595/2658
f 4621/2659 4575/2660 4595/2661
f 4576/2662 4621/2663 4613/2664
f 4621/2665 4617/2666 4613/2667
f 4592/2668 4603/2669 4621/2670
f 4603/2671 4617/2672 4621/2673
f 4616/2674 4620/2675 4579/2676
f 4600/2677 4579/2678 4620/2679
f 5391/2680 5259/2681 5392/2682
f 5259/2683 5393/2684 5394/2685
f 5259/2686 5394/2687 5392/2688
f 5259/2689 5391/2690 5390/2691
f 4625/2692 4624/2693 5033/2694
f 4624/2695 5032/2696 5033/2697
f 4626/2698 4622/2699 4625/2700
f 4622/2701 4624/2702 4625/2703
f 4627/2704 4623/2705 4626/2706
f 4623/2707 4622/2708 4626/2709
f 4819/2710 4623/2711 4823/2712
f 4623/2713 4627/2714 4823/2715
f 4642/2716 4483/2717 5260/2718
f 4483/2719 5016/2720 5260/2721
f 4691/2722 4652/2723 4695/2724
f 4652/2725 4651/2726 4695/2727
f 4695/2728 4651/2729 5453/2730
f 4651/2731 4655/2732 5453/2733
f 4669/2734 5441/2735 4639/2736
f 5441/2737 5308/2738 4639/2739
f 4671/2740 4670/2741 5454/2742
f 4670/2743 4690/2744 5454/2745
f 5403/2746 5404/2747 5402/2748
f 5404/2749 5405/2750 5402/2751
f 5402/2752 5405/2753 5401/2754
f 5405/2755 5406/2756 5401/2757
f 5400/2758 5401/2759 5407/2760
f 5401/2761 5406/2762 5407/2763
f 5399/2764 5400/2765 5408/2766
f 5400/2767 5407/2768 5408/2769
f 5398/2770 5399/2771 5409/2772
f 5399/2773 5408/2774 5409/2775
f 5398/2776 5409/2777 5397/2778
f 5409/2779 5410/2780 5397/2781
f 5396/2782 5397/2783 5411/2784
f 5397/2785 5410/2786 5411/2787
f 5395/2788 5396/2789 5412/2790
f 5396/2791 5411/2792 5412/2793
f 4654/2794 5421/2795 5517/2796
f 5421/2797 5231/2798 5517/2799
f 5439/2800 5440/2801 5424/2802
f 5440/2803 5428/2804 5424/2805
f 5442/2806 5517/2807 4673/2808
f 4651/2809 5232/2810 4655/2811
f 5232/2812 5423/2813 4655/2814
f 4669/2815 5449/2816 5441/2817
f 5449/2818 5443/2819 5441/2820
f 5438/2821 5439/2822 5419/2823
f 5439/2824 5424/2825 5419/2826
f 4671/2827 5454/2828 4669/2829
f 5454/2830 5449/2831 4669/2832
f 5437/2833 5438/2834 5418/2835
f 5438/2836 5419/2837 5418/2838
f 5239/2839 5459/2840 4672/2841
f 5459/2842 4701/2843 4672/2844
f 5436/2845 5437/2846 5417/2847
f 5437/2848 5418/2849 5417/2850
f 5435/2851 5436/2852 5416/2853
f 5436/2854 5417/2855 5416/2856
f 5434/2857 5435/2858 5415/2859
f 5435/2860 5416/2861 5415/2862
f 5432/2863 5434/2864 5413/2865
f 5434/2866 5415/2867 5413/2868
f 5422/2869 5229/2870 5420/2871
f 5229/2872 5228/2873 5420/2874
f 5224/2875 5427/2876 5425/2877
f 5238/2878 5432/2879 5414/2880
f 5432/2881 5413/2882 5414/2883
f 5225/2884 4636/2885 5429/2886
f 5430/2887 4718/2888 5518/2889
f 4718/2890 4637/2891 5518/2892
f 4635/2893 5429/2894 4636/2895
f 4634/2896 5429/2897 4635/2898
f 5235/2899 5298/2900 5234/2901
f 5298/2902 5426/2903 5234/2904
f 4634/2905 4633/2906 5429/2907
f 4681/2908 5516/2909 4629/2910
f 5516/2911 5431/2912 4629/2913
f 5425/2914 4631/2915 4630/2916
f 5425/2917 4632/2918 4631/2919
f 5425/2920 4630/2921 5224/2922
f 5425/2923 4633/2924 4632/2925
f 5430/2926 4628/2927 4718/2928
f 4628/2929 4643/2930 4718/2931
f 4633/2932 5425/2933 5429/2934
f 5227/2935 4650/2936 5433/2937
f 4650/2938 4668/2939 5433/2940
f 4650/2941 4649/2942 4668/2943
f 4649/2944 4667/2945 4668/2946
f 4649/2947 4648/2948 4667/2949
f 4648/2950 4666/2951 4667/2952
f 4648/2953 4647/2954 4666/2955
f 4647/2956 4665/2957 4666/2958
f 4647/2959 4646/2960 4665/2961
f 4646/2962 4664/2963 4665/2964
f 4646/2965 4645/2966 4664/2967
f 4645/2968 4663/2969 4664/2970
f 4645/2971 4644/2972 4663/2973
f 4644/2974 4662/2975 4663/2976
f 4644/2977 5226/2978 4662/2979
f 5226/2980 5237/2981 4662/2982
f 5232/2983 4651/2984 4653/2985
f 4653/2986 4651/2987 4656/2988
f 4656/2989 4651/2990 4657/2991
f 4657/2992 4651/2993 4658/2994
f 4658/2995 4651/2996 4652/2997
f 5223/2998 5232/2999 4653/3000
f 4659/3001 4658/3002 4652/3003
f 4660/3004 4659/3005 4652/3006
f 4661/3007 4660/3008 4652/3009
f 4652/3010 5233/3011 4661/3012
f 5233/3013 5236/3014 4661/3015
f 4638/3016 4673/3017 5389/3018
f 4673/3019 5517/3020 5389/3021
f 5225/3022 5429/3023 5230/3024
f 5420/3025 5448/3026 5422/3027
f 5448/3028 5452/3029 5422/3030
f 4705/3031 4674/3032 4672/3033
f 4674/3034 4642/3035 4672/3036
f 4640/3037 4641/3038 4671/3039
f 4641/3040 4670/3041 4671/3042
f 4669/3043 4639/3044 4671/3045
f 4639/3046 4640/3047 4671/3048
f 5517/3049 5447/3050 4654/3051
f 4700/3052 5240/3053 4652/3054
f 5240/3055 5233/3056 4652/3057
f 5442/3058 5444/3059 5517/3060
f 5444/3061 5445/3062 5517/3063
f 5445/3064 5446/3065 5517/3066
f 5446/3067 5447/3068 5517/3069
f 5508/3070 5507/3071 4670/3072
f 4691/3073 5514/3074 4652/3075
f 4652/3076 5513/3077 5515/3078
f 5508/3079 4670/3080 5509/3081
f 4672/3082 5512/3083 5510/3084
f 4705/3085 4672/3086 5511/3087
f 4670/3088 4706/3089 5509/3090
f 4679/3091 4686/3092 4682/3093
f 4686/3094 4689/3095 4682/3096
f 4682/3097 4689/3098 4683/3099
f 4689/3100 4688/3101 4683/3102
f 4683/3103 4688/3104 4684/3105
f 4688/3106 5450/3107 4684/3108
f 4684/3109 5450/3110 4680/3111
f 5450/3112 5451/3113 4680/3114
f 4700/3115 4652/3116 5515/3117
f 4686/3118 4696/3119 4689/3120
f 4696/3121 4699/3122 4689/3123
f 4689/3124 4699/3125 4688/3126
f 4699/3127 4698/3128 4688/3129
f 4688/3130 4698/3131 4687/3132
f 4698/3133 4697/3134 4687/3135
f 4687/3136 4697/3137 4685/3138
f 4697/3139 5455/3140 4685/3141
f 5456/3142 5455/3143 4694/3144
f 5455/3145 4697/3146 4694/3147
f 4694/3148 4697/3149 4693/3150
f 4697/3151 4698/3152 4693/3153
f 4693/3154 4698/3155 4692/3156
f 4698/3157 4699/3158 4692/3159
f 4692/3160 4699/3161 5457/3162
f 4699/3163 4696/3164 5457/3165
f 4701/3166 5512/3167 4672/3168
f 4652/3169 5514/3170 5513/3171
f 5458/3172 5241/3173 4704/3174
f 5241/3175 5244/3176 4704/3177
f 4704/3178 5244/3179 4703/3180
f 5244/3181 5243/3182 4703/3183
f 4703/3184 5243/3185 4702/3186
f 5243/3187 5242/3188 4702/3189
f 4702/3190 5242/3191 5461/3192
f 5242/3193 5460/3194 5461/3195
f 4672/3196 5510/3197 5511/3198
f 5507/3199 4690/3200 4670/3201
f 5462/3202 5331/3203 4709/3204
f 5331/3205 4678/3206 4709/3207
f 4709/3208 4678/3209 4708/3210
f 4678/3211 4677/3212 4708/3213
f 4708/3214 4677/3215 4707/3216
f 4677/3217 4676/3218 4707/3219
f 4707/3220 4676/3221 5463/3222
f 4676/3223 5332/3224 5463/3225
f 4641/3226 4675/3227 4670/3228
f 4675/3229 4706/3230 4670/3231
f 5466/3232 5464/3233 5467/3234
f 5464/3235 5468/3236 5467/3237
f 5465/3238 4716/3239 5469/3240
f 4716/3241 4717/3242 5469/3243
f 4713/3244 5471/3245 4711/3246
f 5471/3247 4715/3248 4711/3249
f 4710/3250 4714/3251 4712/3252
f 4714/3253 5470/3254 4712/3255
f 5475/3256 5479/3257 5474/3258
f 5479/3259 5478/3260 5474/3261
f 5476/3262 5480/3263 5475/3264
f 5480/3265 5479/3266 5475/3267
f 5477/3268 5481/3269 5476/3270
f 5481/3271 5480/3272 5476/3273
f 5482/3274 5481/3275 5487/3276
f 5481/3277 5477/3278 5487/3279
f 5490/3280 4722/3281 5485/3282
f 5484/3283 5483/3284 5489/3285
f 5483/3286 5488/3287 5489/3288
f 5483/3289 5482/3290 5488/3291
f 5482/3292 5487/3293 5488/3294
f 5490/3295 5485/3296 5489/3297
f 5485/3298 5484/3299 5489/3300
f 5506/3301 5505/3302 5472/3303
f 5505/3304 5491/3305 5472/3306
f 5505/3307 5504/3308 5491/3309
f 5504/3310 5494/3311 5491/3312
f 4735/3313 4734/3314 4754/3315
f 4734/3316 4753/3317 4754/3318
f 4729/3319 4730/3320 4748/3321
f 4730/3322 4749/3323 4748/3324
f 4726/3325 4728/3326 4745/3327
f 4728/3328 4747/3329 4745/3330
f 4732/3331 4733/3332 4751/3333
f 4733/3334 4752/3335 4751/3336
f 4720/3337 5506/3338 5473/3339
f 5506/3340 5472/3341 5473/3342
f 4725/3343 4724/3344 4744/3345
f 4724/3346 4743/3347 4744/3348
f 4727/3349 4731/3350 4746/3351
f 4731/3352 4750/3353 4746/3354
f 4723/3355 4719/3356 4742/3357
f 4719/3358 4738/3359 4742/3360
f 4736/3361 4735/3362 4755/3363
f 4735/3364 4754/3365 4755/3366
f 5486/3367 5493/3368 4741/3369
f 5493/3370 5492/3371 4741/3372
f 4734/3373 4725/3374 4753/3375
f 4725/3376 4744/3377 4753/3378
f 4730/3379 4727/3380 4749/3381
f 4727/3382 4746/3383 4749/3384
f 4728/3385 4729/3386 4747/3387
f 4729/3388 4748/3389 4747/3390
f 4733/3391 5486/3392 4752/3393
f 5486/3394 4741/3395 4752/3396
f 4731/3397 4732/3398 4750/3399
f 4732/3400 4751/3401 4750/3402
f 4737/3403 4736/3404 4756/3405
f 4736/3406 4755/3407 4756/3408
f 4724/3409 4723/3410 4743/3411
f 4723/3412 4742/3413 4743/3414
f 4739/3415 5496/3416 5495/3417
f 5496/3418 5497/3419 5495/3420
f 5495/3421 5497/3422 5498/3423
f 5497/3424 5499/3425 5498/3426
f 5498/3427 5499/3428 5500/3429
f 5499/3430 5501/3431 5500/3432
f 5500/3433 5501/3434 5502/3435
f 5501/3436 5503/3437 5502/3438
f 4756/3439 5246/3440 4762/3441
f 4756/3442 4762/3443 4760/3444
f 4756/3445 4760/3446 4758/3447
f 4756/3448 4758/3449 4740/3450
f 4741/3451 5492/3452 4757/3453
f 4741/3454 4757/3455 4759/3456
f 4741/3457 4759/3458 4761/3459
f 4741/3460 4761/3461 5245/3462
f 5245/3463 5247/3464 4741/3465
f 4756/3466 5248/3467 5246/3468
f 5490/3469 5494/3470 4722/3471
f 5494/3472 5504/3473 4722/3474
f 4764/3475 4765/3476 4763/3477
f 5493/3478 5486/3479 4765/3480
f 5486/3481 4763/3482 4765/3483
f 4739/3484 4720/3485 5496/3486
f 4720/3487 5473/3488 5496/3489
f 4740/3490 4721/3491 4756/3492
f 4721/3493 4737/3494 4756/3495
f 4768/3496 4766/3497 4721/3498
f 4766/3499 4737/3500 4721/3501
f 4767/3502 4766/3503 4768/3504
f 5456/3505 4694/3506 4777/3507
f 4694/3508 4780/3509 4777/3510
f 4694/3511 4693/3512 4780/3513
f 4693/3514 4779/3515 4780/3516
f 4693/3517 4692/3518 4779/3519
f 4692/3520 4778/3521 4779/3522
f 4692/3523 5457/3524 4778/3525
f 5457/3526 4769/3527 4778/3528
f 4770/3529 4790/3530 4769/3531
f 4790/3532 4778/3533 4769/3534
f 4778/3535 4790/3536 4779/3537
f 4790/3538 4789/3539 4779/3540
f 4779/3541 4789/3542 4780/3543
f 4789/3544 4788/3545 4780/3546
f 4776/3547 4777/3548 4788/3549
f 4777/3550 4780/3551 4788/3552
f 4771/3553 4816/3554 4770/3555
f 4787/3556 4786/3557 4790/3558
f 4786/3559 4789/3560 4790/3561
f 4786/3562 4785/3563 4789/3564
f 4785/3565 4788/3566 4789/3567
f 4785/3568 4794/3569 4803/3570
f 4794/3571 4807/3572 4803/3573
f 4783/3574 4793/3575 4784/3576
f 4793/3577 4794/3578 4784/3579
f 4782/3580 4792/3581 4783/3582
f 4792/3583 4793/3584 4783/3585
f 4781/3586 4791/3587 4782/3588
f 4791/3589 4792/3590 4782/3591
f 4773/3592 4772/3593 4781/3594
f 4772/3595 4791/3596 4781/3597
f 4785/3598 4786/3599 4794/3600
f 4786/3601 4784/3602 4794/3603
f 4783/3604 4784/3605 4797/3606
f 4784/3607 4798/3608 4797/3609
f 4782/3610 4783/3611 4796/3612
f 4783/3613 4797/3614 4796/3615
f 4781/3616 4782/3617 4795/3618
f 4782/3619 4796/3620 4795/3621
f 4787/3622 4798/3623 4786/3624
f 4798/3625 4784/3626 4786/3627
f 4773/3628 4781/3629 4774/3630
f 4781/3631 4795/3632 4774/3633
f 4703/3634 4702/3635 4800/3636
f 4702/3637 4799/3638 4800/3639
f 4704/3640 4703/3641 4801/3642
f 4703/3643 4800/3644 4801/3645
f 4775/3646 4802/3647 5461/3648
f 4704/3649 4801/3650 5458/3651
f 4801/3652 4772/3653 5458/3654
f 4772/3655 4801/3656 4804/3657
f 4805/3658 4804/3659 4800/3660
f 4804/3661 4801/3662 4800/3663
f 4806/3664 4805/3665 4799/3666
f 4805/3667 4800/3668 4799/3669
f 4806/3670 4799/3671 4807/3672
f 4799/3673 4802/3674 4807/3675
f 4702/3676 5461/3677 4799/3678
f 5461/3679 4802/3680 4799/3681
f 4803/3682 4807/3683 4775/3684
f 4807/3685 4802/3686 4775/3687
f 4793/3688 4806/3689 4794/3690
f 4806/3691 4807/3692 4794/3693
f 4793/3694 4792/3695 4806/3696
f 4792/3697 4805/3698 4806/3699
f 4792/3700 4791/3701 4805/3702
f 4791/3703 4804/3704 4805/3705
f 4785/3706 4803/3707 4788/3708
f 4803/3709 4776/3710 4788/3711
f 4776/3712 4803/3713 4775/3714
f 4812/3715 4813/3716 4798/3717
f 4813/3718 4797/3719 4798/3720
f 4813/3721 4814/3722 4797/3723
f 4814/3724 4796/3725 4797/3726
f 4814/3727 4815/3728 4796/3729
f 4815/3730 4795/3731 4796/3732
f 4708/3733 4707/3734 4810/3735
f 4707/3736 4811/3737 4810/3738
f 4709/3739 4708/3740 4809/3741
f 4708/3742 4810/3743 4809/3744
f 5462/3745 4709/3746 4808/3747
f 4709/3748 4809/3749 4808/3750
f 4707/3751 5463/3752 4811/3753
f 5463/3754 4774/3755 4811/3756
f 4771/3757 5462/3758 4808/3759
f 4791/3760 4772/3761 4804/3762
f 4810/3763 4811/3764 4814/3765
f 4811/3766 4815/3767 4814/3768
f 4809/3769 4810/3770 4813/3771
f 4810/3772 4814/3773 4813/3774
f 4808/3775 4809/3776 4812/3777
f 4809/3778 4813/3779 4812/3780
f 4787/3781 4790/3782 4816/3783
f 4790/3784 4770/3785 4816/3786
f 4771/3787 4808/3788 4816/3789
f 4808/3790 4812/3791 4816/3792
f 4787/3793 4816/3794 4798/3795
f 4816/3796 4812/3797 4798/3798
f 4811/3799 4774/3800 4815/3801
f 4795/3802 4815/3803 4774/3804
f 5520/3805 5521/3806 5259/3807
f 5259/3808 5522/3809 5393/3810
f 5259/3811 5521/3812 5522/3813
f 5259/3814 5519/3815 5520/3816
f 4821/3817 5258/3818 4820/3819
f 5258/3820 5257/3821 4820/3822
f 4822/3823 4821/3824 4817/3825
f 4821/3826 4820/3827 4817/3828
f 4824/3829 4822/3830 4818/3831
f 4822/3832 4817/3833 4818/3834
f 4819/3835 4823/3836 4818/3837
f 4823/3838 4824/3839 4818/3840
f 4642/3841 5260/3842 4672/3843
f 5260/3844 5239/3845 4672/3846
f 4876/3847 4842/3848 4880/3849
f 4842/3850 4841/3851 4880/3852
f 4880/3853 4841/3854 5571/3855
f 4841/3856 4845/3857 5571/3858
f 4859/3859 5559/3860 5045/3861
f 5559/3862 5558/3863 5045/3864
f 4861/3865 4860/3866 5572/3867
f 4860/3868 4875/3869 5572/3870
f 5269/3871 5270/3872 5529/3873
f 5270/3874 5530/3875 5529/3876
f 5529/3877 5530/3878 5528/3879
f 5530/3880 5531/3881 5528/3882
f 5527/3883 5528/3884 5532/3885
f 5528/3886 5531/3887 5532/3888
f 5526/3889 5527/3890 5533/3891
f 5527/3892 5532/3893 5533/3894
f 5525/3895 5526/3896 5534/3897
f 5526/3898 5533/3899 5534/3900
f 5525/3901 5534/3902 5524/3903
f 5534/3904 5535/3905 5524/3906
f 5523/3907 5524/3908 5536/3909
f 5524/3910 5535/3911 5536/3912
f 5261/3913 5523/3914 5278/3915
f 5523/3916 5536/3917 5278/3918
f 4844/3919 5287/3920 5632/3921
f 5287/3922 5009/3923 5632/3924
f 5557/3925 5307/3926 5545/3927
f 5307/3928 5294/3929 5545/3930
f 5560/3931 5632/3932 4863/3933
f 4841/3934 5010/3935 4845/3936
f 5010/3937 5289/3938 4845/3939
f 4859/3940 5567/3941 5559/3942
f 5567/3943 5561/3944 5559/3945
f 5556/3946 5557/3947 5542/3948
f 5557/3949 5545/3950 5542/3951
f 4861/3952 5572/3953 4859/3954
f 5572/3955 5567/3956 4859/3957
f 5555/3958 5556/3959 5541/3960
f 5556/3961 5542/3962 5541/3963
f 5016/3964 5327/3965 4862/3966
f 5327/3967 4886/3968 4862/3969
f 5554/3970 5555/3971 5540/3972
f 5555/3973 5541/3974 5540/3975
f 5553/3976 5554/3977 5539/3978
f 5554/3979 5540/3980 5539/3981
f 5552/3982 5553/3983 5538/3984
f 5553/3985 5539/3986 5538/3987
f 5551/3988 5552/3989 5537/3990
f 5552/3991 5538/3992 5537/3993
f 5544/3994 5007/3995 5543/3996
f 5007/3997 5006/3998 5543/3999
f 5002/4000 5293/4001 5546/4002
f 5015/4003 5551/4004 5280/4005
f 5551/4006 5537/4007 5280/4008
f 5003/4009 4833/4010 5548/4011
f 5549/4012 5124/4013 5633/4014
f 5124/4015 5043/4016 5633/4017
f 4832/4018 5548/4019 4833/4020
f 4831/4021 5548/4022 4832/4023
f 5235/4024 5550/4025 5012/4026
f 5550/4027 5547/4028 5012/4029
f 4831/4030 4830/4031 5548/4032
f 4866/4033 5386/4034 4826/4035
f 5386/4036 5297/4037 4826/4038
f 5546/4039 4828/4040 4827/4041
f 5546/4042 4829/4043 4828/4044
f 5546/4045 4827/4046 5002/4047
f 5546/4048 4830/4049 4829/4050
f 5549/4051 4825/4052 5124/4053
f 4825/4054 5049/4055 5124/4056
f 4830/4057 5546/4058 5548/4059
f 5005/4060 4840/4061 5300/4062
f 4840/4063 4858/4064 5300/4065
f 4840/4066 4839/4067 4858/4068
f 4839/4069 4857/4070 4858/4071
f 4839/4072 4838/4073 4857/4074
f 4838/4075 4856/4076 4857/4077
f 4838/4078 4837/4079 4856/4080
f 4837/4081 4855/4082 4856/4083
f 4837/4084 4836/4085 4855/4086
f 4836/4087 4854/4088 4855/4089
f 4836/4090 4835/4091 4854/4092
f 4835/4093 4853/4094 4854/4095
f 4835/4096 4834/4097 4853/4098
f 4834/4099 4852/4100 4853/4101
f 4834/4102 5004/4103 4852/4104
f 5004/4105 5014/4106 4852/4107
f 5010/4108 4841/4109 4843/4110
f 4843/4111 4841/4112 4846/4113
f 4846/4114 4841/4115 4847/4116
f 4847/4117 4841/4118 4848/4119
f 4848/4120 4841/4121 4842/4122
f 5001/4123 5010/4124 4843/4125
f 4849/4126 4848/4127 4842/4128
f 4850/4129 4849/4130 4842/4131
f 4851/4132 4850/4133 4842/4134
f 4842/4135 5011/4136 4851/4137
f 5011/4138 5013/4139 4851/4140
f 5044/4141 4863/4142 5634/4143
f 4863/4144 5632/4145 5634/4146
f 5003/4147 5548/4148 5008/4149
f 5543/4150 5566/4151 5544/4152
f 5566/4153 5570/4154 5544/4155
f 4890/4156 5080/4157 4862/4158
f 5080/4159 5048/4160 4862/4161
f 5046/4162 5047/4163 4861/4164
f 5047/4165 4860/4166 4861/4167
f 4859/4168 5045/4169 4861/4170
f 5045/4171 5046/4172 4861/4173
f 5632/4174 5565/4175 4844/4176
f 4885/4177 5017/4178 4842/4179
f 5017/4180 5011/4181 4842/4182
f 5560/4183 5562/4184 5632/4185
f 5562/4186 5563/4187 5632/4188
f 5563/4189 5564/4190 5632/4191
f 5564/4192 5565/4193 5632/4194
f 5624/4195 5623/4196 4860/4197
f 4876/4198 5630/4199 4842/4200
f 4842/4201 5629/4202 5631/4203
f 5624/4204 4860/4205 5625/4206
f 4862/4207 5628/4208 5626/4209
f 4890/4210 4862/4211 5627/4212
f 4860/4213 4891/4214 5625/4215
f 4864/4216 4871/4217 4867/4218
f 4871/4219 4874/4220 4867/4221
f 4867/4222 4874/4223 4868/4224
f 4874/4225 4873/4226 4868/4227
f 4868/4228 4873/4229 4869/4230
f 4873/4231 5568/4232 4869/4233
f 4869/4234 5568/4235 4865/4236
f 5568/4237 5569/4238 4865/4239
f 4885/4240 4842/4241 5631/4242
f 4871/4243 4881/4244 4874/4245
f 4881/4246 4884/4247 4874/4248
f 4874/4249 4884/4250 4873/4251
f 4884/4252 4883/4253 4873/4254
f 4873/4255 4883/4256 4872/4257
f 4883/4258 4882/4259 4872/4260
f 4872/4261 4882/4262 4870/4263
f 4882/4264 5573/4265 4870/4266
f 5574/4267 5573/4268 4879/4269
f 5573/4270 4882/4271 4879/4272
f 4879/4273 4882/4274 4878/4275
f 4882/4276 4883/4277 4878/4278
f 4878/4279 4883/4280 4877/4281
f 4883/4282 4884/4283 4877/4284
f 4877/4285 4884/4286 5575/4287
f 4884/4288 4881/4289 5575/4290
f 4886/4291 5628/4292 4862/4293
f 4842/4294 5630/4295 5629/4296
f 5576/4297 5018/4298 4889/4299
f 5018/4300 5021/4301 4889/4302
f 4889/4303 5021/4304 4888/4305
f 5021/4306 5020/4307 4888/4308
f 4888/4309 5020/4310 4887/4311
f 5020/4312 5019/4313 4887/4314
f 4887/4315 5019/4316 5577/4317
f 5019/4318 5328/4319 5577/4320
f 4862/4321 5626/4322 5627/4323
f 5623/4324 4875/4325 4860/4326
f 5578/4327 5579/4328 4894/4329
f 5579/4330 5084/4331 4894/4332
f 4894/4333 5084/4334 4893/4335
f 5084/4336 5083/4337 4893/4338
f 4893/4339 5083/4340 4892/4341
f 5083/4342 5082/4343 4892/4344
f 4892/4345 5082/4346 5581/4347
f 5082/4348 5580/4349 5581/4350
f 5047/4351 5081/4352 4860/4353
f 5081/4354 4891/4355 4860/4356
f 5584/4357 5582/4358 5585/4359
f 5582/4360 5586/4361 5585/4362
f 5583/4363 4901/4364 5587/4365
f 4901/4366 4902/4367 5587/4368
f 4898/4369 5589/4370 4896/4371
f 5589/4372 4900/4373 4896/4374
f 4895/4375 4899/4376 4897/4377
f 4899/4378 5588/4379 4897/4380
f 5593/4381 5597/4382 5592/4383
f 5597/4384 5596/4385 5592/4386
f 5594/4387 5598/4388 5593/4389
f 5598/4390 5597/4391 5593/4392
f 5595/4393 5599/4394 5594/4395
f 5599/4396 5598/4397 5594/4398
f 5600/4399 5599/4400 5605/4401
f 5599/4402 5595/4403 5605/4404
f 5608/4405 4906/4406 5603/4407
f 5602/4408 5601/4409 5607/4410
f 5601/4411 5606/4412 5607/4413
f 5601/4414 5600/4415 5606/4416
f 5600/4417 5605/4418 5606/4419
f 5608/4420 5603/4421 5607/4422
f 5603/4423 5602/4424 5607/4425
f 5622/4426 5621/4427 5590/4428
f 5621/4429 5609/4430 5590/4431
f 5621/4432 5620/4433 5609/4434
f 5620/4435 5612/4436 5609/4437
f 4919/4438 4918/4439 4938/4440
f 4918/4441 4937/4442 4938/4443
f 4913/4444 4914/4445 4932/4446
f 4914/4447 4933/4448 4932/4449
f 4910/4450 4912/4451 4929/4452
f 4912/4453 4931/4454 4929/4455
f 4916/4456 4917/4457 4935/4458
f 4917/4459 4936/4460 4935/4461
f 4904/4462 5622/4463 5591/4464
f 5622/4465 5590/4466 5591/4467
f 4909/4468 4908/4469 4928/4470
f 4908/4471 4927/4472 4928/4473
f 4911/4474 4915/4475 4930/4476
f 4915/4477 4934/4478 4930/4479
f 4907/4480 4903/4481 4926/4482
f 4903/4483 4922/4484 4926/4485
f 4920/4486 4919/4487 4939/4488
f 4919/4489 4938/4490 4939/4491
f 5604/4492 5611/4493 4925/4494
f 5611/4495 5610/4496 4925/4497
f 4918/4498 4909/4499 4937/4500
f 4909/4501 4928/4502 4937/4503
f 4914/4504 4911/4505 4933/4506
f 4911/4507 4930/4508 4933/4509
f 4912/4510 4913/4511 4931/4512
f 4913/4513 4932/4514 4931/4515
f 4917/4516 5604/4517 4936/4518
f 5604/4519 4925/4520 4936/4521
f 4915/4522 4916/4523 4934/4524
f 4916/4525 4935/4526 4934/4527
f 4921/4528 4920/4529 4940/4530
f 4920/4531 4939/4532 4940/4533
f 4908/4534 4907/4535 4927/4536
f 4907/4537 4926/4538 4927/4539
f 4923/4540 5614/4541 5613/4542
f 5614/4543 5615/4544 5613/4545
f 5613/4546 5615/4547 5616/4548
f 5615/4549 5617/4550 5616/4551
f 5616/4552 5617/4553 5618/4554
f 5617/4555 5619/4556 5618/4557
f 5618/4558 5619/4559 5372/4560
f 5619/4561 5373/4562 5372/4563
f 4940/4564 5023/4565 4946/4566
f 4940/4567 4946/4568 4944/4569
f 4940/4570 4944/4571 4942/4572
f 4940/4573 4942/4574 4924/4575
f 4925/4576 5610/4577 4941/4578
f 4925/4579 4941/4580 4943/4581
f 4925/4582 4943/4583 4945/4584
f 4925/4585 4945/4586 5022/4587
f 5022/4588 5024/4589 4925/4590
f 4940/4591 5025/4592 5023/4593
f 5608/4594 5612/4595 4906/4596
f 5612/4597 5620/4598 4906/4599
f 4948/4600 4949/4601 4947/4602
f 5611/4603 5604/4604 4949/4605
f 5604/4606 4947/4607 4949/4608
f 4923/4609 4904/4610 5614/4611
f 4904/4612 5591/4613 5614/4614
f 4924/4615 4905/4616 4940/4617
f 4905/4618 4921/4619 4940/4620
f 4952/4621 4950/4622 4905/4623
f 4950/4624 4921/4625 4905/4626
f 4951/4627 4950/4628 4952/4629
f 5574/4630 4879/4631 4961/4632
f 4879/4633 4964/4634 4961/4635
f 4879/4636 4878/4637 4964/4638
f 4878/4639 4963/4640 4964/4641
f 4878/4642 4877/4643 4963/4644
f 4877/4645 4962/4646 4963/4647
f 4877/4648 5575/4649 4962/4650
f 5575/4651 4953/4652 4962/4653
f 4954/4654 4974/4655 4953/4656
f 4974/4657 4962/4658 4953/4659
f 4962/4660 4974/4661 4963/4662
f 4974/4663 4973/4664 4963/4665
f 4963/4666 4973/4667 4964/4668
f 4973/4669 4972/4670 4964/4671
f 4960/4672 4961/4673 4972/4674
f 4961/4675 4964/4676 4972/4677
f 4955/4678 5000/4679 4954/4680
f 4971/4681 4970/4682 4974/4683
f 4970/4684 4973/4685 4974/4686
f 4970/4687 4969/4688 4973/4689
f 4969/4690 4972/4691 4973/4692
f 4969/4693 4978/4694 4987/4695
f 4978/4696 4991/4697 4987/4698
f 4967/4699 4977/4700 4968/4701
f 4977/4702 4978/4703 4968/4704
f 4966/4705 4976/4706 4967/4707
f 4976/4708 4977/4709 4967/4710
f 4965/4711 4975/4712 4966/4713
f 4975/4714 4976/4715 4966/4716
f 4957/4717 4956/4718 4965/4719
f 4956/4720 4975/4721 4965/4722
f 4969/4723 4970/4724 4978/4725
f 4970/4726 4968/4727 4978/4728
f 4967/4729 4968/4730 4981/4731
f 4968/4732 4982/4733 4981/4734
f 4966/4735 4967/4736 4980/4737
f 4967/4738 4981/4739 4980/4740
f 4965/4741 4966/4742 4979/4743
f 4966/4744 4980/4745 4979/4746
f 4971/4747 4982/4748 4970/4749
f 4982/4750 4968/4751 4970/4752
f 4957/4753 4965/4754 4958/4755
f 4965/4756 4979/4757 4958/4758
f 4888/4759 4887/4760 4984/4761
f 4887/4762 4983/4763 4984/4764
f 4889/4765 4888/4766 4985/4767
f 4888/4768 4984/4769 4985/4770
f 4959/4771 4986/4772 5577/4773
f 4889/4774 4985/4775 5576/4776
f 4985/4777 4956/4778 5576/4779
f 4956/4780 4985/4781 4988/4782
f 4989/4783 4988/4784 4984/4785
f 4988/4786 4985/4787 4984/4788
f 4990/4789 4989/4790 4983/4791
f 4989/4792 4984/4793 4983/4794
f 4990/4795 4983/4796 4991/4797
f 4983/4798 4986/4799 4991/4800
f 4887/4801 5577/4802 4983/4803
f 5577/4804 4986/4805 4983/4806
f 4987/4807 4991/4808 4959/4809
f 4991/4810 4986/4811 4959/4812
f 4977/4813 4990/4814 4978/4815
f 4990/4816 4991/4817 4978/4818
f 4977/4819 4976/4820 4990/4821
f 4976/4822 4989/4823 4990/4824
f 4976/4825 4975/4826 4989/4827
f 4975/4828 4988/4829 4989/4830
f 4969/4831 4987/4832 4972/4833
f 4987/4834 4960/4835 4972/4836
f 4960/4837 4987/4838 4959/4839
f 4996/4840 4997/4841 4982/4842
f 4997/4843 4981/4844 4982/4845
f 4997/4846 4998/4847 4981/4848
f 4998/4849 4980/4850 4981/4851
f 4998/4852 4999/4853 4980/4854
f 4999/4855 4979/4856 4980/4857
f 4893/4858 4892/4859 4994/4860
f 4892/4861 4995/4862 4994/4863
f 4894/4864 4893/4865 4993/4866
f 4893/4867 4994/4868 4993/4869
f 5578/4870 4894/4871 4992/4872
f 4894/4873 4993/4874 4992/4875
f 4892/4876 5581/4877 4995/4878
f 5581/4879 4958/4880 4995/4881
f 4955/4882 5578/4883 4992/4884
f 4975/4885 4956/4886 4988/4887
f 4994/4888 4995/4889 4998/4890
f 4995/4891 4999/4892 4998/4893
f 4993/4894 4994/4895 4997/4896
f 4994/4897 4998/4898 4997/4899
f 4992/4900 4993/4901 4996/4902
f 4993/4903 4997/4904 4996/4905
f 4971/4906 4974/4907 5000/4908
f 4974/4909 4954/4910 5000/4911
f 4955/4912 4992/4913 5000/4914
f 4992/4915 4996/4916 5000/4917
f 4971/4918 5000/4919 4982/4920
f 5000/4921 4996/4922 4982/4923
f 4995/4924 4958/4925 4999/4926
f 4979/4927 4999/4928 4958/4929
f 5635/4930 5636/4931 5259/4932
f 5259/4933 5638/4934 5637/4935
f 5259/4936 5636/4937 5638/4938
f 5259/4939 5390/4940 5635/4941
f 5029/4942 5033/4943 5028/4944
f 5033/4945 5032/4946 5028/4947
f 5030/4948 5029/4949 5026/4950
f 5029/4951 5028/4952 5026/4953
f 5031/4954 5030/4955 5027/4956
f 5030/4957 5026/4958 5027/4959
f 5251/4960 5255/4961 5027/4962
f 5255/4963 5031/4964 5027/4965
f 5048/4966 5260/4967 4862/4968
f 5260/4969 5016/4970 4862/4971
f 5097/4972 5101/4973 5058/4974
f 5101/4975 5057/4976 5058/4977
f 5101/4978 5685/4979 5057/4980
f 5685/4981 5061/4982 5057/4983
f 5075/4984 5045/4985 5673/4986
f 5045/4987 5558/4988 5673/4989
f 5077/4990 5686/4991 5076/4992
f 5686/4993 5096/4994 5076/4995
f 5403/4996 5645/4997 5404/4998
f 5645/4999 5646/5000 5404/5001
f 5645/5002 5644/5003 5646/5004
f 5644/5005 5647/5006 5646/5007
f 5643/5008 5648/5009 5644/5010
f 5648/5011 5647/5012 5644/5013
f 5642/5014 5649/5015 5643/5016
f 5649/5017 5648/5018 5643/5019
f 5641/5020 5650/5021 5642/5022
f 5650/5023 5649/5024 5642/5025
f 5641/5026 5640/5027 5650/5028
f 5640/5029 5651/5030 5650/5031
f 5639/5032 5652/5033 5640/5034
f 5652/5035 5651/5036 5640/5037
f 5395/5038 5412/5039 5639/5040
f 5412/5041 5652/5042 5639/5043
f 5060/5044 5744/5045 5421/5046
f 5744/5047 5231/5048 5421/5049
f 5672/5050 5661/5051 5440/5052
f 5661/5053 5428/5054 5440/5055
f 5674/5056 5079/5057 5744/5058
f 5057/5059 5061/5060 5232/5061
f 5061/5062 5423/5063 5232/5064
f 5075/5065 5673/5066 5681/5067
f 5673/5068 5675/5069 5681/5070
f 5671/5071 5658/5072 5672/5073
f 5658/5074 5661/5075 5672/5076
f 5077/5077 5075/5078 5686/5079
f 5075/5080 5681/5081 5686/5082
f 5670/5083 5657/5084 5671/5085
f 5657/5086 5658/5087 5671/5088
f 5239/5089 5078/5090 5459/5091
f 5078/5092 5107/5093 5459/5094
f 5669/5095 5656/5096 5670/5097
f 5656/5098 5657/5099 5670/5100
f 5668/5101 5655/5102 5669/5103
f 5655/5104 5656/5105 5669/5106
f 5667/5107 5654/5108 5668/5109
f 5654/5110 5655/5111 5668/5112
f 5666/5113 5653/5114 5667/5115
f 5653/5116 5654/5117 5667/5118
f 5660/5119 5659/5120 5229/5121
f 5659/5122 5228/5123 5229/5124
f 5224/5125 5662/5126 5427/5127
f 5238/5128 5414/5129 5666/5130
f 5414/5131 5653/5132 5666/5133
f 5225/5134 5664/5135 5042/5136
f 5665/5137 5745/5138 5124/5139
f 5745/5140 5043/5141 5124/5142
f 5041/5143 5042/5144 5664/5145
f 5040/5146 5041/5147 5664/5148
f 5235/5149 5234/5150 5550/5151
f 5234/5152 5663/5153 5550/5154
f 5040/5155 5664/5156 5039/5157
f 5087/5158 5035/5159 5516/5160
f 5035/5161 5431/5162 5516/5163
f 5662/5164 5036/5165 5037/5166
f 5662/5167 5037/5168 5038/5169
f 5662/5170 5224/5171 5036/5172
f 5662/5173 5038/5174 5039/5175
f 5665/5176 5124/5177 5034/5178
f 5124/5179 5049/5180 5034/5181
f 5039/5182 5664/5183 5662/5184
f 5227/5185 5433/5186 5056/5187
f 5433/5188 5074/5189 5056/5190
f 5056/5191 5074/5192 5055/5193
f 5074/5194 5073/5195 5055/5196
f 5055/5197 5073/5198 5054/5199
f 5073/5200 5072/5201 5054/5202
f 5054/5203 5072/5204 5053/5205
f 5072/5206 5071/5207 5053/5208
f 5053/5209 5071/5210 5052/5211
f 5071/5212 5070/5213 5052/5214
f 5052/5215 5070/5216 5051/5217
f 5070/5218 5069/5219 5051/5220
f 5051/5221 5069/5222 5050/5223
f 5069/5224 5068/5225 5050/5226
f 5050/5227 5068/5228 5226/5229
f 5068/5230 5237/5231 5226/5232
f 5232/5233 5059/5234 5057/5235
f 5059/5236 5062/5237 5057/5238
f 5062/5239 5063/5240 5057/5241
f 5063/5242 5064/5243 5057/5244
f 5064/5245 5058/5246 5057/5247
f 5223/5248 5059/5249 5232/5250
f 5065/5251 5058/5252 5064/5253
f 5066/5254 5058/5255 5065/5256
f 5067/5257 5058/5258 5066/5259
f 5058/5260 5067/5261 5233/5262
f 5233/5263 5067/5264 5236/5265
f 5044/5266 5634/5267 5079/5268
f 5634/5269 5744/5270 5079/5271
f 5225/5272 5230/5273 5664/5274
f 5659/5275 5660/5276 5680/5277
f 5660/5278 5684/5279 5680/5280
f 5111/5281 5078/5282 5080/5283
f 5078/5284 5048/5285 5080/5286
f 5046/5287 5077/5288 5047/5289
f 5077/5290 5076/5291 5047/5292
f 5075/5293 5077/5294 5045/5295
f 5077/5296 5046/5297 5045/5298
f 5744/5299 5060/5300 5679/5301
f 5106/5302 5058/5303 5240/5304
f 5058/5305 5233/5306 5240/5307
f 5674/5308 5744/5309 5676/5310
f 5676/5311 5744/5312 5677/5313
f 5677/5314 5744/5315 5678/5316
f 5678/5317 5744/5318 5679/5319
f 5736/5320 5076/5321 5735/5322
f 5097/5323 5058/5324 5742/5325
f 5058/5326 5743/5327 5741/5328
f 5736/5329 5737/5330 5076/5331
f 5078/5332 5738/5333 5740/5334
f 5111/5335 5739/5336 5078/5337
f 5076/5338 5737/5339 5112/5340
f 5085/5341 5088/5342 5092/5343
f 5088/5344 5095/5345 5092/5346
f 5088/5347 5089/5348 5095/5349
f 5089/5350 5094/5351 5095/5352
f 5089/5353 5090/5354 5094/5355
f 5090/5356 5682/5357 5094/5358
f 5090/5359 5086/5360 5682/5361
f 5086/5362 5683/5363 5682/5364
f 5106/5365 5743/5366 5058/5367
f 5092/5368 5095/5369 5102/5370
f 5095/5371 5105/5372 5102/5373
f 5095/5374 5094/5375 5105/5376
f 5094/5377 5104/5378 5105/5379
f 5094/5380 5093/5381 5104/5382
f 5093/5383 5103/5384 5104/5385
f 5093/5386 5091/5387 5103/5388
f 5091/5389 5687/5390 5103/5391
f 5688/5392 5100/5393 5687/5394
f 5100/5395 5103/5396 5687/5397
f 5100/5398 5099/5399 5103/5400
f 5099/5401 5104/5402 5103/5403
f 5099/5404 5098/5405 5104/5406
f 5098/5407 5105/5408 5104/5409
f 5098/5410 5689/5411 5105/5412
f 5689/5413 5102/5414 5105/5415
f 5107/5416 5078/5417 5740/5418
f 5058/5419 5741/5420 5742/5421
f 5690/5422 5110/5423 5241/5424
f 5110/5425 5244/5426 5241/5427
f 5110/5428 5109/5429 5244/5430
f 5109/5431 5243/5432 5244/5433
f 5109/5434 5108/5435 5243/5436
f 5108/5437 5242/5438 5243/5439
f 5108/5440 5691/5441 5242/5442
f 5691/5443 5460/5444 5242/5445
f 5078/5446 5739/5447 5738/5448
f 5735/5449 5076/5450 5096/5451
f 5692/5452 5115/5453 5579/5454
f 5115/5455 5084/5456 5579/5457
f 5115/5458 5114/5459 5084/5460
f 5114/5461 5083/5462 5084/5463
f 5114/5464 5113/5465 5083/5466
f 5113/5467 5082/5468 5083/5469
f 5113/5470 5693/5471 5082/5472
f 5693/5473 5580/5474 5082/5475
f 5047/5476 5076/5477 5081/5478
f 5076/5479 5112/5480 5081/5481
f 5696/5482 5697/5483 5694/5484
f 5697/5485 5698/5486 5694/5487
f 5695/5488 5699/5489 5122/5490
f 5699/5491 5123/5492 5122/5493
f 5119/5494 5117/5495 5701/5496
f 5117/5497 5121/5498 5701/5499
f 5116/5500 5118/5501 5120/5502
f 5118/5503 5700/5504 5120/5505
f 5705/5506 5704/5507 5709/5508
f 5704/5509 5708/5510 5709/5511
f 5706/5512 5705/5513 5710/5514
f 5705/5515 5709/5516 5710/5517
f 5707/5518 5706/5519 5711/5520
f 5706/5521 5710/5522 5711/5523
f 5712/5524 5717/5525 5711/5526
f 5717/5527 5707/5528 5711/5529
f 5720/5530 5715/5531 5128/5532
f 5714/5533 5719/5534 5713/5535
f 5719/5536 5718/5537 5713/5538
f 5713/5539 5718/5540 5712/5541
f 5718/5542 5717/5543 5712/5544
f 5720/5545 5719/5546 5715/5547
f 5719/5548 5714/5549 5715/5550
f 5734/5551 5702/5552 5733/5553
f 5702/5554 5721/5555 5733/5556
f 5733/5557 5721/5558 5732/5559
f 5721/5560 5724/5561 5732/5562
f 5141/5563 5160/5564 5140/5565
f 5160/5566 5159/5567 5140/5568
f 5135/5569 5154/5570 5136/5571
f 5154/5572 5155/5573 5136/5574
f 5132/5575 5151/5576 5134/5577
f 5151/5578 5153/5579 5134/5580
f 5138/5581 5157/5582 5139/5583
f 5157/5584 5158/5585 5139/5586
f 5126/5587 5703/5588 5734/5589
f 5703/5590 5702/5591 5734/5592
f 5131/5593 5150/5594 5130/5595
f 5150/5596 5149/5597 5130/5598
f 5133/5599 5152/5600 5137/5601
f 5152/5602 5156/5603 5137/5604
f 5129/5605 5148/5606 5125/5607
f 5148/5608 5144/5609 5125/5610
f 5142/5611 5161/5612 5141/5613
f 5161/5614 5160/5615 5141/5616
f 5716/5617 5147/5618 5723/5619
f 5147/5620 5722/5621 5723/5622
f 5140/5623 5159/5624 5131/5625
f 5159/5626 5150/5627 5131/5628
f 5136/5629 5155/5630 5133/5631
f 5155/5632 5152/5633 5133/5634
f 5134/5635 5153/5636 5135/5637
f 5153/5638 5154/5639 5135/5640
f 5139/5641 5158/5642 5716/5643
f 5158/5644 5147/5645 5716/5646
f 5137/5647 5156/5648 5138/5649
f 5156/5650 5157/5651 5138/5652
f 5143/5653 5162/5654 5142/5655
f 5162/5656 5161/5657 5142/5658
f 5130/5659 5149/5660 5129/5661
f 5149/5662 5148/5663 5129/5664
f 5145/5665 5725/5666 5726/5667
f 5725/5668 5727/5669 5726/5670
f 5725/5671 5728/5672 5727/5673
f 5728/5674 5729/5675 5727/5676
f 5728/5677 5730/5678 5729/5679
f 5730/5680 5731/5681 5729/5682
f 5730/5683 5502/5684 5731/5685
f 5502/5686 5503/5687 5731/5688
f 5162/5689 5168/5690 5246/5691
f 5162/5692 5166/5693 5168/5694
f 5162/5695 5164/5696 5166/5697
f 5162/5698 5146/5699 5164/5700
f 5147/5701 5163/5702 5722/5703
f 5147/5704 5165/5705 5163/5706
f 5147/5707 5167/5708 5165/5709
f 5147/5710 5245/5711 5167/5712
f 5245/5713 5147/5714 5247/5715
f 5162/5716 5246/5717 5248/5718
f 5720/5719 5128/5720 5724/5721
f 5128/5722 5732/5723 5724/5724
f 5170/5725 5169/5726 5171/5727
f 5723/5728 5171/5729 5716/5730
f 5171/5731 5169/5732 5716/5733
f 5145/5734 5726/5735 5126/5736
f 5726/5737 5703/5738 5126/5739
f 5146/5740 5162/5741 5127/5742
f 5162/5743 5143/5744 5127/5745
f 5174/5746 5127/5747 5172/5748
f 5127/5749 5143/5750 5172/5751
f 5173/5752 5174/5753 5172/5754
f 5688/5755 5183/5756 5100/5757
f 5183/5758 5186/5759 5100/5760
f 5100/5761 5186/5762 5099/5763
f 5186/5764 5185/5765 5099/5766
f 5099/5767 5185/5768 5098/5769
f 5185/5770 5184/5771 5098/5772
f 5098/5773 5184/5774 5689/5775
f 5184/5776 5175/5777 5689/5778
f 5176/5779 5175/5780 5196/5781
f 5175/5782 5184/5783 5196/5784
f 5184/5785 5185/5786 5196/5787
f 5185/5788 5195/5789 5196/5790
f 5185/5791 5186/5792 5195/5793
f 5186/5794 5194/5795 5195/5796
f 5182/5797 5194/5798 5183/5799
f 5194/5800 5186/5801 5183/5802
f 5177/5803 5176/5804 5222/5805
f 5193/5806 5196/5807 5192/5808
f 5196/5809 5195/5810 5192/5811
f 5192/5812 5195/5813 5191/5814
f 5195/5815 5194/5816 5191/5817
f 5191/5818 5209/5819 5200/5820
f 5209/5821 5213/5822 5200/5823
f 5189/5824 5190/5825 5199/5826
f 5190/5827 5200/5828 5199/5829
f 5188/5830 5189/5831 5198/5832
f 5189/5833 5199/5834 5198/5835
f 5187/5836 5188/5837 5197/5838
f 5188/5839 5198/5840 5197/5841
f 5179/5842 5187/5843 5178/5844
f 5187/5845 5197/5846 5178/5847
f 5191/5848 5200/5849 5192/5850
f 5200/5851 5190/5852 5192/5853
f 5189/5854 5203/5855 5190/5856
f 5203/5857 5204/5858 5190/5859
f 5188/5860 5202/5861 5189/5862
f 5202/5863 5203/5864 5189/5865
f 5187/5866 5201/5867 5188/5868
f 5201/5869 5202/5870 5188/5871
f 5193/5872 5192/5873 5204/5874
f 5192/5875 5190/5876 5204/5877
f 5179/5878 5180/5879 5187/5880
f 5180/5881 5201/5882 5187/5883
f 5109/5884 5206/5885 5108/5886
f 5206/5887 5205/5888 5108/5889
f 5110/5890 5207/5891 5109/5892
f 5207/5893 5206/5894 5109/5895
f 5181/5896 5691/5897 5208/5898
f 5110/5899 5690/5900 5207/5901
f 5690/5902 5178/5903 5207/5904
f 5178/5905 5210/5906 5207/5907
f 5211/5908 5206/5909 5210/5910
f 5206/5911 5207/5912 5210/5913
f 5212/5914 5205/5915 5211/5916
f 5205/5917 5206/5918 5211/5919
f 5212/5920 5213/5921 5205/5922
f 5213/5923 5208/5924 5205/5925
f 5108/5926 5205/5927 5691/5928
f 5205/5929 5208/5930 5691/5931
f 5209/5932 5181/5933 5213/5934
f 5181/5935 5208/5936 5213/5937
f 5199/5938 5200/5939 5212/5940
f 5200/5941 5213/5942 5212/5943
f 5199/5944 5212/5945 5198/5946
f 5212/5947 5211/5948 5198/5949
f 5198/5950 5211/5951 5197/5952
f 5211/5953 5210/5954 5197/5955
f 5191/5956 5194/5957 5209/5958
f 5194/5959 5182/5960 5209/5961
f 5182/5962 5181/5963 5209/5964
f 5218/5965 5204/5966 5219/5967
f 5204/5968 5203/5969 5219/5970
f 5219/5971 5203/5972 5220/5973
f 5203/5974 5202/5975 5220/5976
f 5220/5977 5202/5978 5221/5979
f 5202/5980 5201/5981 5221/5982
f 5114/5983 5216/5984 5113/5985
f 5216/5986 5217/5987 5113/5988
f 5115/5989 5215/5990 5114/5991
f 5215/5992 5216/5993 5114/5994
f 5692/5995 5214/5996 5115/5997
f 5214/5998 5215/5999 5115/6000
f 5113/6001 5217/6002 5693/6003
f 5217/6004 5180/6005 5693/6006
f 5177/6007 5214/6008 5692/6009
f 5197/6010 5210/6011 5178/6012
f 5216/6013 5220/6014 5217/6015
f 5220/6016 5221/6017 5217/6018
f 5215/6019 5219/6020 5216/6021
f 5219/6022 5220/6023 5216/6024
f 5214/6025 5218/6026 5215/6027
f 5218/6028 5219/6029 5215/6030
f 5193/6031 5222/6032 5196/6033
f 5222/6034 5176/6035 5196/6036
f 5177/6037 5222/6038 5214/6039
f 5222/6040 5218/6041 5214/6042
f 5193/6043 5204/6044 5222/6045
f 5204/6046 5218/6047 5222/6048
f 5217/6049 5221/6050 5180/6051
f 5201/6052 5180/6053 5221/6054
f 5746/6055 5259/6056 5747/6057
f 5259/6058 5637/6059 5748/6060
f 5259/6061 5748/6062 5747/6063
f 5259/6064 5746/6065 5519/6066
f 5253/6067 5252/6068 5258/6069
f 5252/6070 5257/6071 5258/6072
f 5254/6073 5249/6074 5253/6075
f 5249/6076 5252/6077 5253/6078
f 5256/6079 5250/6080 5254/6081
f 5250/6082 5249/6083 5254/6084
f 5251/6085 5250/6086 5255/6087
f 5250/6088 5256/6089 5255/6090
f 5048/6091 5078/6092 5260/6093
f 5078/6094 5239/6095 5260/6096
o Part.8
v -1.697 12.78 1.697
v -0.918 12.78 2.217
v -2.217 12.78 0.918
v -2.217 18.6 0.918
v -1.697 18.6 1.697
v -0.918 18.6 2.217
v -4.817 11.2 3
v -6.4 2.4 3
v -4.923 10.62 0.765
v -5.004 10.168 1.414
v -5.117 9.535 1.848
v -5.243 8.8 2
v -5.382 8.053 1.848
v -5.499 7.404 1.414
v -5.574 6.977 0.765
v -6.496 7.149 0.765
v -6.417 7.576 1.414
v -6.308 8.216 1.848
v -6.172 8.969 2
v -6.039 9.722 1.848
v -5.926 10.362 1.414
v -5.847 10.789 0.765
v -6.765 6.232 3
v -5.782 11.748 3
v -6.4 0.02 3
v -6.678 6.717 0.956
v -7.7 0.02 3
v -7.7 1 3
v -6.579 7.25 1.767
v -6.443 8.049 2.309
v -6.272 8.99 2.499
v -6.106 9.931 2.309
v -5.965 10.73 1.767
v -5.867 11.264 0.956
v -6.577 6.696 0.956
v -6.478 7.229 1.767
v -6.342 8.028 2.309
v -6.171 8.969 2.499
v -6.005 9.91 2.309
v -5.864 10.709 1.767
v -5.766 11.243 0.956
v -6.698 1 3.96
v -4.782 11.749 3.96
v -5.762 6.231 3.96
v -4.598 12.78 3
v -6.698 0.02 3.96
v -7.398 0.02 3.96
v -7.7 0.02 3.66
v -7.466 0.02 3.769
v -7.513 0.02 3.937
v -7.611 0.02 3.872
v -7.677 0.02 3.775
v -7.7 1 3.66
v -7.398 1 3.96
v -7.677 1 3.775
v -7.611 1 3.872
v -7.513 1 3.937
v -5.482 11.749 3.96
v -5.783 11.748 3.66
v -5.597 11.749 3.937
v -5.695 11.749 3.872
v -5.761 11.749 3.775
v -6.765 6.231 3.66
v -6.462 6.231 3.96
v -6.741 6.231 3.775
v -6.676 6.231 3.872
v -6.578 6.231 3.937
v -5.652 12.485 3
v -5.3 12.78 3
v -5.609 12.598 3
v -5.527 12.693 3
v -5.419 12.758 3
v -4.598 12.78 3.66
v -4.651 12.48 3.96
v -4.602 12.757 3.775
v -4.613 12.692 3.872
v -4.631 12.595 3.937
v -4.4 0.15 3
v -3.6 0.15 3
v -4.4 0.15 2.4
v -3.6 0.15 2.4
v -4.4 11.2 3
v -3.6 11.2 3
v -4.4 11.2 2.4
v -3.6 11.2 2.4
v -3 0.15 3
v -0.9 1.2 0.4
v -1.667 1.2 0.4
v -0.9 0.15 1.2
v -2.816 0.15 2.449
v -2.543 0.15 1.947
v -2.146 0.15 1.537
v -2.201 0.15 3
v -1.352 0.15 1.852
v -2.081 0.15 2.636
v -1.902 0.15 2.308
v -1.643 0.15 2.04
v -1.151 0.15 1.724
v -1.002 0.15 1.579
v -0.917 0.15 1.383
v -1.863 0.15 1.354
v -1.758 0.15 1.268
v -1.685 0.165 1.131
v -1.667 0.199 1.003
v -3 11.2 3
v -0.9 5 0.4
v -1.668 5 0.4
v -0.9 11.2 1.2
v -2.816 11.2 2.449
v -2.543 11.2 1.947
v -2.146 11.2 1.537
v -2.201 11.2 3
v -1.352 11.2 1.852
v -2.081 11.2 2.636
v -1.902 11.2 2.308
v -1.643 11.2 2.04
v -1.151 11.2 1.724
v -1.002 11.2 1.579
v -0.917 11.2 1.383
v -1.863 11.2 1.354
v -1.758 11.2 1.268
v -1.685 11.2 1.131
v -1.667 11.2 1.003
v -0.9 5.153 0.37
v -1.668 5.153 0.37
v -0.9 5.283 0.283
v -1.668 5.283 0.283
v -0.9 5.37 0.153
v -1.668 5.37 0.153
v -0.9 0.286 0.896
v -0.9 0.491 0.649
v -0.9 0.829 0.466
v -1.667 0.316 0.8
v -1.667 0.521 0.573
v -1.667 0.858 0.439
v -5.391 11.989 3.96
v -5.209 12.226 3.96
v -4.956 12.388 3.96
v -5.219 12.78 3.254
v -5.077 12.78 3.451
v -4.86 12.78 3.591
v -5.668 12.388 3.254
v -5.697 12.226 3.462
v -5.74 11.989 3.598
v -5.544 11.989 3.912
v -5.644 11.989 3.836
v -5.711 11.989 3.729
v -5.193 12.757 3.531
v -5.33 12.692 3.623
v -5.433 12.595 3.694
v -5.507 12.485 3.744
v -5.621 12.388 3.637
v -5.544 12.388 3.772
v -5.432 12.388 3.859
v -5.655 12.226 3.673
v -5.591 12.226 3.802
v -5.479 12.226 3.881
v -5.319 12.757 3.349
v -5.433 12.692 3.463
v -5.531 12.595 3.551
v -5.594 12.485 3.612
v -5.041 12.757 3.675
v -5.193 12.692 3.747
v -5.311 12.595 3.801
v -5.394 12.485 3.84
v -5.602 12.598 3.251
v -5.504 12.693 3.251
v -5.378 12.758 3.254
v -5.652 12.485 3.25
v -5.669 12.388 3.451
v -5.352 12.757 3.305
v -5.488 12.693 3.364
v -5.589 12.596 3.408
v -5.644 12.485 3.438
v -4.952 12.481 3.944
v -4.938 12.595 3.91
v -4.922 12.692 3.844
v -4.896 12.757 3.731
v -5.158 12.483 3.906
v -5.119 12.595 3.867
v -5.06 12.692 3.802
v -4.963 12.757 3.702
v -5.181 12.388 3.935
v 1.697 12.78 1.697
v 0.918 12.78 2.217
v 0 12.78 2.4
v 2.217 12.78 0.918
v 2.217 18.6 0.918
v 1.697 18.6 1.697
v 0 18.6 2.4
v 0.918 18.6 2.217
v 4.817 11.2 3
v 6.4 2.4 3
v 4.923 10.62 0.765
v 5.004 10.168 1.414
v 5.117 9.535 1.848
v 5.243 8.8 2
v 5.382 8.053 1.848
v 5.499 7.404 1.414
v 5.574 6.977 0.765
v 0 0.02 3
v 0 0.02 3.96
v 0 1 3.96
v 0 6.231 3.96
v 0 11.749 3.96
v 0 12.78 3
v 0 11.2 3
v 6.496 7.149 0.765
v 6.417 7.576 1.414
v 6.308 8.216 1.848
v 6.172 8.969 2
v 6.039 9.722 1.848
v 5.926 10.362 1.414
v 5.847 10.789 0.765
v 6.765 6.232 3
v 5.782 11.748 3
v 6.4 0.02 3
v 6.678 6.717 0.956
v 7.7 0.02 3
v 7.7 1 3
v 6.579 7.25 1.767
v 6.443 8.049 2.309
v 6.272 8.99 2.499
v 6.106 9.931 2.309
v 5.965 10.73 1.767
v 5.867 11.264 0.956
v 6.577 6.696 0.956
v 6.478 7.229 1.767
v 6.342 8.028 2.309
v 6.171 8.969 2.499
v 6.005 9.91 2.309
v 5.864 10.709 1.767
v 5.766 11.243 0.956
v 6.698 1 3.96
v 4.782 11.749 3.96
v 5.762 6.231 3.96
v 4.598 12.78 3
v 6.698 0.02 3.96
v 0 12.78 3.66
v 0 12.48 3.96
v 0 12.757 3.775
v 0 12.692 3.872
v 0 12.595 3.937
v 7.398 0.02 3.96
v 7.7 0.02 3.66
v 7.466 0.02 3.769
v 7.513 0.02 3.937
v 7.611 0.02 3.872
v 7.677 0.02 3.775
v 7.7 1 3.66
v 7.398 1 3.96
v 7.677 1 3.775
v 7.611 1 3.872
v 7.513 1 3.937
v 5.482 11.749 3.96
v 5.783 11.748 3.66
v 5.597 11.749 3.937
v 5.695 11.749 3.872
v 5.761 11.749 3.775
v 6.765 6.231 3.66
v 6.462 6.231 3.96
v 6.741 6.231 3.775
v 6.676 6.231 3.872
v 6.578 6.231 3.937
v 5.652 12.485 3
v 5.3 12.78 3
v 5.609 12.598 3
v 5.527 12.693 3
v 5.419 12.758 3
v 4.598 12.78 3.66
v 4.651 12.48 3.96
v 4.602 12.757 3.775
v 4.613 12.692 3.872
v 4.631 12.595 3.937
v 4.4 0.15 3
v 3.6 0.15 3
v 4.4 0.15 2.4
v 3.6 0.15 2.4
v 4.4 11.2 3
v 3.6 11.2 3
v 4.4 11.2 2.4
v 3.6 11.2 2.4
v 0 2.4 3
v 3 0.15 3
v 0.9 1.2 0.4
v 1.667 1.2 0.4
v 0.9 0.15 1.2
v 2.816 0.15 2.449
v 2.543 0.15 1.947
v 2.146 0.15 1.537
v 2.201 0.15 3
v 1.352 0.15 1.852
v 2.081 0.15 2.636
v 1.902 0.15 2.308
v 1.643 0.15 2.04
v 1.151 0.15 1.724
v 1.002 0.15 1.579
v 0.917 0.15 1.383
v 1.863 0.15 1.354
v 1.758 0.15 1.268
v 1.685 0.165 1.131
v 1.667 0.199 1.003
v 3 11.2 3
v 0.9 5 0.4
v 1.668 5 0.4
v 0.9 11.2 1.2
v 2.816 11.2 2.449
v 2.543 11.2 1.947
v 2.146 11.2 1.537
v 2.201 11.2 3
v 1.352 11.2 1.852
v 2.081 11.2 2.636
v 1.902 11.2 2.308
v 1.643 11.2 2.04
v 1.151 11.2 1.724
v 1.002 11.2 1.579
v 0.917 11.2 1.383
v 1.863 11.2 1.354
v 1.758 11.2 1.268
v 1.685 11.2 1.131
v 1.667 11.2 1.003
v 0.9 5.153 0.37
v 1.668 5.153 0.37
v 0.9 5.283 0.283
v 1.668 5.283 0.283
v 0.9 5.37 0.153
v 1.668 5.37 0.153
v 0.9 0.286 0.896
v 0.9 0.491 0.649
v 0.9 0.829 0.466
v 1.667 0.316 0.8
v 1.667 0.521 0.573
v 1.667 0.858 0.439
v 5.391 11.989 3.96
v 5.209 12.226 3.96
v 4.956 12.388 3.96
v 5.219 12.78 3.254
v 5.077 12.78 3.451
v 4.86 12.78 3.591
v 5.668 12.388 3.254
v 5.697 12.226 3.462
v 5.74 11.989 3.598
v 5.544 11.989 3.912
v 5.644 11.989 3.836
v 5.711 11.989 3.729
v 5.193 12.757 3.531
v 5.33 12.692 3.623
v 5.433 12.595 3.694
v 5.507 12.485 3.744
v 5.621 12.388 3.637
v 5.544 12.388 3.772
v 5.432 12.388 3.859
v 5.655 12.226 3.673
v 5.591 12.226 3.802
v 5.479 12.226 3.881
v 5.319 12.757 3.349
v 5.433 12.692 3.463
v 5.531 12.595 3.551
v 5.594 12.485 3.612
v 5.041 12.757 3.675
v 5.193 12.692 3.747
v 5.311 12.595 3.801
v 5.394 12.485 3.84
v 5.602 12.598 3.251
v 5.504 12.693 3.251
v 5.378 12.758 3.254
v 5.652 12.485 3.25
v 5.669 12.388 3.451
v 5.352 12.757 3.305
v 5.488 12.693 3.364
v 5.589 12.596 3.408
v 5.644 12.485 3.438
v 4.952 12.481 3.944
v 4.938 12.595 3.91
v 4.922 12.692 3.844
v 4.896 12.757 3.731
v 5.158 12.483 3.906
v 5.119 12.595 3.867
v 5.06 12.692 3.802
v 4.963 12.757 3.702
v 5.181 12.388 3.935
v -1.697 12.78 -1.697
v -0.918 12.78 -2.217
v -2.217 12.78 -0.918
v -2.4 12.78 0
v -2.4 18.6 0
v -2.217 18.6 -0.918
v -1.697 18.6 -1.697
v -0.918 18.6 -2.217
v -6.715 6.529 0
v -4.817 11.2 -3
v -6.4 2.4 -3
v -4.896 10.77 0
v -4.923 10.62 -0.765
v -5.004 10.168 -1.414
v -5.117 9.535 -1.848
v -5.243 8.8 -2
v -5.382 8.053 -1.848
v -5.499 7.404 -1.414
v -5.574 6.977 -0.765
v -5.594 6.833 0
v -6.526 6.999 0
v -6.496 7.149 -0.765
v -6.417 7.576 -1.414
v -6.308 8.216 -1.848
v -6.172 8.969 -2
v -6.039 9.722 -1.848
v -5.926 10.362 -1.414
v -5.847 10.789 -0.765
v -5.821 10.939 0
v -6.765 6.232 -3
v -5.782 11.748 -3
v -6.4 0.02 -3
v -6.678 6.717 -0.956
v -7.7 0.02 -3
v -7.7 1 -3
v -7.7 0.02 0
v -7.7 1 0
v -6.4 2.4 0
v -6.4 0.02 0
v -6.765 6.232 0
v -5.782 11.748 0
v -4.817 11.2 0
v -6.579 7.25 -1.767
v -6.443 8.049 -2.309
v -6.272 8.99 -2.499
v -6.106 9.931 -2.309
v -5.965 10.73 -1.767
v -5.867 11.264 -0.956
v -5.834 11.451 0
v -6.614 6.508 0
v -6.577 6.696 -0.956
v -6.478 7.229 -1.767
v -6.342 8.028 -2.309
v -6.171 8.969 -2.499
v -6.005 9.91 -2.309
v -5.864 10.709 -1.767
v -5.766 11.243 -0.956
v -5.733 11.43 0
v -6.698 1 -3.96
v -4.782 11.749 -3.96
v -5.762 6.231 -3.96
v -4.598 12.78 -3
v -6.698 0.02 -3.96
v -4.598 12.78 0
v -7.398 0.02 -3.96
v -7.7 0.02 -3.66
v -7.466 0.02 -3.769
v -7.513 0.02 -3.937
v -7.611 0.02 -3.872
v -7.677 0.02 -3.775
v -7.7 1 -3.66
v -7.398 1 -3.96
v -7.677 1 -3.775
v -7.611 1 -3.872
v -7.513 1 -3.937
v -5.482 11.749 -3.96
v -5.783 11.748 -3.66
v -5.597 11.749 -3.937
v -5.695 11.749 -3.872
v -5.761 11.749 -3.775
v -6.765 6.231 -3.66
v -6.462 6.231 -3.96
v -6.741 6.231 -3.775
v -6.676 6.231 -3.872
v -6.578 6.231 -3.937
v -5.652 12.485 -3
v -5.3 12.78 -3
v -5.609 12.598 -3
v -5.527 12.693 -3
v -5.419 12.758 -3
v -5.652 12.485 0
v -5.3 12.78 0
v -5.609 12.598 0
v -5.527 12.693 0
v -5.419 12.758 0
v -4.598 12.78 -3.66
v -4.651 12.48 -3.96
v -4.602 12.757 -3.775
v -4.613 12.692 -3.872
v -4.631 12.595 -3.937
v -4.4 0.15 -3
v -3.6 0.15 -3
v -4.4 0.15 -2.4
v -3.6 0.15 -2.4
v -4.4 11.2 -3
v -3.6 11.2 -3
v -4.4 11.2 -2.4
v -3.6 11.2 -2.4
v -3 0.15 -3
v -0.9 1.2 -0.4
v -1.667 1.2 -0.4
v -0.9 0.15 -1.2
v -2.816 0.15 -2.449
v -2.543 0.15 -1.947
v -2.146 0.15 -1.537
v -2.201 0.15 -3
v -1.352 0.15 -1.852
v -2.081 0.15 -2.636
v -1.902 0.15 -2.308
v -1.643 0.15 -2.04
v -1.151 0.15 -1.724
v -1.002 0.15 -1.579
v -0.917 0.15 -1.383
v -1.863 0.15 -1.354
v -1.758 0.15 -1.268
v -1.685 0.165 -1.131
v -1.667 0.199 -1.003
v -3 11.2 -3
v -0.9 5 -0.4
v -1.668 5 -0.4
v -0.9 11.2 -1.2
v -2.816 11.2 -2.449
v -2.543 11.2 -1.947
v -2.146 11.2 -1.537
v -2.201 11.2 -3
v -1.352 11.2 -1.852
v -2.081 11.2 -2.636
v -1.902 11.2 -2.308
v -1.643 11.2 -2.04
v -1.151 11.2 -1.724
v -1.002 11.2 -1.579
v -0.917 11.2 -1.383
v -1.863 11.2 -1.354
v -1.758 11.2 -1.268
v -1.685 11.2 -1.131
v -1.667 11.2 -1.003
v -0.9 5.153 -0.37
v -1.668 5.153 -0.37
v -0.9 5.283 -0.283
v -1.668 5.283 -0.283
v -0.9 5.37 -0.153
v -1.668 5.37 -0.153
v -0.9 5.4 0
v -1.668 5.4 0
v -0.9 11.2 0
v -1.668 11.2 0
v -0.9 0.286 -0.896
v -0.9 0.491 -0.649
v -0.9 0.829 -0.466
v -1.667 0.316 -0.8
v -1.667 0.521 -0.573
v -1.667 0.858 -0.439
v -5.391 11.989 -3.96
v -5.209 12.226 -3.96
v -4.956 12.388 -3.96
v -5.219 12.78 -3.254
v -5.077 12.78 -3.451
v -4.86 12.78 -3.591
v -5.668 12.388 -3.254
v -5.697 12.226 -3.462
v -5.74 11.989 -3.598
v -5.544 11.989 -3.912
v -5.644 11.989 -3.836
v -5.711 11.989 -3.729
v -5.193 12.757 -3.531
v -5.33 12.692 -3.623
v -5.433 12.595 -3.694
v -5.507 12.485 -3.744
v -5.621 12.388 -3.637
v -5.544 12.388 -3.772
v -5.432 12.388 -3.859
v -5.655 12.226 -3.673
v -5.591 12.226 -3.802
v -5.479 12.226 -3.881
v -5.319 12.757 -3.349
v -5.433 12.692 -3.463
v -5.531 12.595 -3.551
v -5.594 12.485 -3.612
v -5.041 12.757 -3.675
v -5.193 12.692 -3.747
v -5.311 12.595 -3.801
v -5.394 12.485 -3.84
v -5.602 12.598 -3.251
v -5.504 12.693 -3.251
v -5.378 12.758 -3.254
v -5.652 12.485 -3.25
v -5.669 12.388 -3.451
v -5.352 12.757 -3.305
v -5.488 12.693 -3.364
v -5.589 12.596 -3.408
v -5.644 12.485 -3.438
v -4.952 12.481 -3.944
v -4.938 12.595 -3.91
v -4.922 12.692 -3.844
v -4.896 12.757 -3.731
v -5.158 12.483 -3.906
v -5.119 12.595 -3.867
v -5.06 12.692 -3.802
v -4.963 12.757 -3.702
v -5.181 12.388 -3.935
v 1.697 12.78 -1.697
v 0.918 12.78 -2.217
v 0 12.78 -2.4
v 2.217 12.78 -0.918
v 2.4 12.78 0
v 2.4 18.6 0
v 2.217 18.6 -0.918
v 1.697 18.6 -1.697
v 0 18.6 -2.4
v 0.918 18.6 -2.217
v 6.715 6.529 0
v 0 18.6 0
v 4.817 11.2 -3
v 6.4 2.4 -3
v 4.896 10.77 0
v 4.923 10.62 -0.765
v 5.004 10.168 -1.414
v 5.117 9.535 -1.848
v 5.243 8.8 -2
v 5.382 8.053 -1.848
v 5.499 7.404 -1.414
v 5.574 6.977 -0.765
v 5.594 6.833 0
v 0 0.02 -3
v 0 0.02 -3.96
v 0 1 -3.96
v 0 6.231 -3.96
v 0 11.749 -3.96
v 0 12.78 -3
v 0 11.2 -3
v 6.526 6.999 0
v 6.496 7.149 -0.765
v 6.417 7.576 -1.414
v 6.308 8.216 -1.848
v 6.172 8.969 -2
v 6.039 9.722 -1.848
v 5.926 10.362 -1.414
v 5.847 10.789 -0.765
v 5.821 10.939 0
v 6.765 6.232 -3
v 5.782 11.748 -3
v 6.4 0.02 -3
v 6.678 6.717 -0.956
v 7.7 0.02 -3
v 7.7 1 -3
v 7.7 0.02 0
v 7.7 1 0
v 6.4 2.4 0
v 6.4 0.02 0
v 6.765 6.232 0
v 5.782 11.748 0
v 4.817 11.2 0
v 0 11.2 0
v 6.579 7.25 -1.767
v 6.443 8.049 -2.309
v 6.272 8.99 -2.499
v 6.106 9.931 -2.309
v 5.965 10.73 -1.767
v 5.867 11.264 -0.956
v 5.834 11.451 0
v 6.614 6.508 0
v 6.577 6.696 -0.956
v 6.478 7.229 -1.767
v 6.342 8.028 -2.309
v 6.171 8.969 -2.499
v 6.005 9.91 -2.309
v 5.864 10.709 -1.767
v 5.766 11.243 -0.956
v 5.733 11.43 0
v 6.698 1 -3.96
v 4.782 11.749 -3.96
v 5.762 6.231 -3.96
v 4.598 12.78 -3
v 6.698 0.02 -3.96
v 4.598 12.78 0
v 0 12.78 -3.66
v 0 12.48 -3.96
v 0 12.757 -3.775
v 0 12.692 -3.872
v 0 12.595 -3.937
v 7.398 0.02 -3.96
v 7.7 0.02 -3.66
v 7.466 0.02 -3.769
v 7.513 0.02 -3.937
v 7.611 0.02 -3.872
v 7.677 0.02 -3.775
v 7.7 1 -3.66
v 7.398 1 -3.96
v 7.677 1 -3.775
v 7.611 1 -3.872
v 7.513 1 -3.937
v 5.482 11.749 -3.96
v 5.783 11.748 -3.66
v 5.597 11.749 -3.937
v 5.695 11.749 -3.872
v 5.761 11.749 -3.775
v 6.765 6.231 -3.66
v 6.462 6.231 -3.96
v 6.741 6.231 -3.775
v 6.676 6.231 -3.872
v 6.578 6.231 -3.937
v 5.652 12.485 -3
v 5.3 12.78 -3
v 5.609 12.598 -3
v 5.527 12.693 -3
v 5.419 12.758 -3
v 5.652 12.485 0
v 5.3 12.78 0
v 5.609 12.598 0
v 5.527 12.693 0
v 5.419 12.758 0
v 4.598 12.78 -3.66
v 4.651 12.48 -3.96
v 4.602 12.757 -3.775
v 4.613 12.692 -3.872
v 4.631 12.595 -3.937
v 4.4 0.15 -3
v 3.6 0.15 -3
v 4.4 0.15 -2.4
v 3.6 0.15 -2.4
v 4.4 11.2 -3
v 3.6 11.2 -3
v 4.4 11.2 -2.4
v 3.6 11.2 -2.4
v 0 2.4 -3
v 3 0.15 -3
v 0.9 1.2 -0.4
v 1.667 1.2 -0.4
v 0.9 0.15 -1.2
v 2.816 0.15 -2.449
v 2.543 0.15 -1.947
v 2.146 0.15 -1.537
v 2.201 0.15 -3
v 1.352 0.15 -1.852
v 2.081 0.15 -2.636
v 1.902 0.15 -2.308
v 1.643 0.15 -2.04
v 1.151 0.15 -1.724
v 1.002 0.15 -1.579
v 0.917 0.15 -1.383
v 1.863 0.15 -1.354
v 1.758 0.15 -1.268
v 1.685 0.165 -1.131
v 1.667 0.199 -1.003
v 3 11.2 -3
v 0.9 5 -0.4
v 1.668 5 -0.4
v 0.9 11.2 -1.2
v 2.816 11.2 -2.449
v 2.543 11.2 -1.947
v 2.146 11.2 -1.537
v 2.201 11.2 -3
v 1.352 11.2 -1.852
v 2.081 11.2 -2.636
v 1.902 11.2 -2.308
v 1.643 11.2 -2.04
v 1.151 11.2 -1.724
v 1.002 11.2 -1.579
v 0.917 11.2 -1.383
v 1.863 11.2 -1.354
v 1.758 11.2 -1.268
v 1.685 11.2 -1.131
v 1.667 11.2 -1.003
v 0.9 5.153 -0.37
v 1.668 5.153 -0.37
v 0.9 5.283 -0.283
v 1.668 5.283 -0.283
v 0.9 5.37 -0.153
v 1.668 5.37 -0.153
v 0.9 5.4 0
v 1.668 5.4 0
v 0.9 11.2 0
v 1.668 11.2 0
v 0.9 0.286 -0.896
v 0.9 0.491 -0.649
v 0.9 0.829 -0.466
v 1.667 0.316 -0.8
v 1.667 0.521 -0.573
v 1.667 0.858 -0.439
v 5.391 11.989 -3.96
v 5.209 12.226 -3.96
v 4.956 12.388 -3.96
v 5.219 12.78 -3.254
v 5.077 12.78 -3.451
v 4.86 12.78 -3.591
v 5.668 12.388 -3.254
v 5.697 12.226 -3.462
v 5.74 11.989 -3.598
v 5.544 11.989 -3.912
v 5.644 11.989 -3.836
v 5.711 11.989 -3.729
v 5.193 12.757 -3.531
v 5.33 12.692 -3.623
v 5.433 12.595 -3.694
v 5.507 12.485 -3.744
v 5.621 12.388 -3.637
v 5.544 12.388 -3.772
v 5.432 12.388 -3.859
v 5.655 12.226 -3.673
v 5.591 12.226 -3.802
v 5.479 12.226 -3.881
v 5.319 12.757 -3.349
v 5.433 12.692 -3.463
v 5.531 12.595 -3.551
v 5.594 12.485 -3.612
v 5.041 12.757 -3.675
v 5.193 12.692 -3.747
v 5.311 12.595 -3.801
v 5.394 12.485 -3.84
v 5.602 12.598 -3.251
v 5.504 12.693 -3.251
v 5.378 12.758 -3.254
v 5.652 12.485 -3.25
v 5.669 12.388 -3.451
v 5.352 12.757 -3.305
v 5.488 12.693 -3.364
v 5.589 12.596 -3.408
v 5.644 12.485 -3.438
v 4.952 12.481 -3.944
v 4.938 12.595 -3.91
v 4.922 12.692 -3.844
v 4.896 12.757 -3.731
v 5.158 12.483 -3.906
v 5.119 12.595 -3.867
v 5.06 12.692 -3.802
v 4.963 12.757 -3.702
v 5.181 12.388 -3.935
v -2.4 18.6 0
v -2.217 18.6 0.918
v -1.697 18.6 1.697
v -1.697 12.78 1.697
v -0.918 12.78 2.217
v 0 12.78 2.4
v 0 18.6 2.4
v -0.918 18.6 2.217
v -2.217 12.78 0.918
v -2.4 12.78 0
v -4.896 10.77 0
v -4.923 10.62 0.765
v -5.004 10.168 1.414
v -5.117 9.535 1.848
v -5.243 8.8 2
v -5.382 8.053 1.848
v -5.499 7.404 1.414
v -5.574 6.977 0.765
v -5.594 6.833 0
v -6.526 6.999 0
v -6.496 7.149 0.765
v -6.417 7.576 1.414
v -6.308 8.216 1.848
v -6.172 8.969 2
v -6.039 9.722 1.848
v -5.926 10.362 1.414
v -5.847 10.789 0.765
v -5.821 10.939 0
v -6.4 0.02 0
v -6.4 0.02 3
v -6.4 0.02 3
v -5.867 11.264 0.956
v -5.834 11.451 0
v -5.965 10.73 1.767
v -6.106 9.931 2.309
v -6.272 8.99 2.499
v -6.443 8.049 2.309
v -6.579 7.25 1.767
v -7.7 0.02 3
v -7.7 0.02 0
v -7.7 1 3
v -7.7 1 0
v -6.678 6.717 0.956
v -4.817 11.2 3
v -4.817 11.2 3
v -4.817 11.2 0
v -6.715 6.529 0
v -6.4 2.4 3
v -6.4 2.4 3
v -6.4 2.4 0
v 0 11.2 3
v -5.766 11.243 0.956
v -5.733 11.43 0
v -5.864 10.709 1.767
v -6.005 9.91 2.309
v -6.171 8.969 2.499
v -6.342 8.028 2.309
v -6.478 7.229 1.767
v -6.577 6.696 0.956
v -6.614 6.508 0
v 0 0.02 3
v 0 0.02 3.96
v -6.698 0.02 3.96
v -7.398 0.02 3.96
v -7.398 0.02 3.96
v -7.513 0.02 3.937
v -7.611 0.02 3.872
v -7.677 0.02 3.775
v -7.7 0.02 3.66
v -7.7 0.02 3.66
v -7.398 1 3.96
v -7.677 1 3.775
v -7.7 1 3.66
v -7.7 1 3.66
v -7.7 1 3.66
v -6.462 6.231 3.96
v -6.765 6.231 3.66
v -5.783 11.748 3.66
v -5.482 11.749 3.96
v -5.3 12.78 3
v -5.3 12.78 0
v -5.652 12.485 0
v -5.652 12.485 3
v -4.651 12.48 3.96
v 0 12.48 3.96
v 0 12.78 3.66
v -4.598 12.78 3.66
v -4.4 0.15 2.4
v -4.4 0.15 2.4
v -4.4 0.15 3
v -3.6 0.15 3
v -3.6 0.15 2.4
v -3.6 0.15 2.4
v -4.4 11.2 2.4
v -3.6 11.2 2.4
v -1.667 0.858 0.439
v -1.667 1.2 0.4
v -3 0.15 3
v -2.816 0.15 2.449
v -2.543 0.15 1.947
v -2.146 0.15 1.537
v -2.201 0.15 3
v -2.081 0.15 2.636
v -1.902 0.15 2.308
v -1.643 0.15 2.04
v -1.352 0.15 1.852
v -1.151 0.15 1.724
v -1.002 0.15 1.579
v -0.917 0.15 1.383
v -0.9 0.15 1.2
v -1.863 0.15 1.354
v -1.758 0.15 1.268
v -1.685 0.165 1.131
v -1.667 0.199 1.003
v -1.667 0.521 0.573
v -0.9 5 0.4
v -0.9 1.2 0.4
v -1.667 0.316 0.8
v -0.9 5.153 0.37
v -1.668 5 0.4
v -1.668 5.153 0.37
v -0.9 5.283 0.283
v -1.668 5.283 0.283
v -0.9 5.37 0.153
v -1.668 5.37 0.153
v -0.9 5.4 0
v -1.668 5.4 0
v -0.9 0.286 0.896
v -0.9 0.491 0.649
v -0.9 0.829 0.466
v -5.391 11.989 3.96
v -5.209 12.226 3.96
v -4.956 12.388 3.96
v -5.077 12.78 3.451
v -4.86 12.78 3.591
v -5.219 12.78 3.254
v -5.697 12.226 3.462
v -5.74 11.989 3.598
v -5.668 12.388 3.254
v 2.4 18.6 0
v 2.217 18.6 0.918
v 1.697 18.6 1.697
v 1.697 12.78 1.697
v 0.918 12.78 2.217
v 0.918 18.6 2.217
v 2.217 12.78 0.918
v 2.4 12.78 0
v 4.896 10.77 0
v 4.923 10.62 0.765
v 5.004 10.168 1.414
v 5.117 9.535 1.848
v 5.243 8.8 2
v 5.382 8.053 1.848
v 5.499 7.404 1.414
v 5.574 6.977 0.765
v 5.594 6.833 0
v 6.526 6.999 0
v 6.496 7.149 0.765
v 6.417 7.576 1.414
v 6.308 8.216 1.848
v 6.172 8.969 2
v 6.039 9.722 1.848
v 5.926 10.362 1.414
v 5.847 10.789 0.765
v 5.821 10.939 0
v 6.4 0.02 0
v 6.4 0.02 3
v 6.4 0.02 3
v 5.867 11.264 0.956
v 5.834 11.451 0
v 5.965 10.73 1.767
v 6.106 9.931 2.309
v 6.272 8.99 2.499
v 6.443 8.049 2.309
v 6.579 7.25 1.767
v 7.7 0.02 3
v 7.7 0.02 0
v 7.7 1 3
v 7.7 1 0
v 6.678 6.717 0.956
v 4.817 11.2 3
v 4.817 11.2 3
v 4.817 11.2 0
v 6.715 6.529 0
v 6.4 2.4 3
v 6.4 2.4 3
v 6.4 2.4 0
v 5.766 11.243 0.956
v 5.733 11.43 0
v 5.864 10.709 1.767
v 6.005 9.91 2.309
v 6.171 8.969 2.499
v 6.342 8.028 2.309
v 6.478 7.229 1.767
v 6.577 6.696 0.956
v 6.614 6.508 0
v 6.698 0.02 3.96
v 7.398 0.02 3.96
v 7.398 0.02 3.96
v 7.513 0.02 3.937
v 7.611 0.02 3.872
v 7.677 0.02 3.775
v 7.7 0.02 3.66
v 7.7 0.02 3.66
v 7.398 1 3.96
v 7.677 1 3.775
v 7.7 1 3.66
v 7.7 1 3.66
v 7.7 1 3.66
v 6.462 6.231 3.96
v 6.765 6.231 3.66
v 5.783 11.748 3.66
v 5.482 11.749 3.96
v 5.3 12.78 3
v 5.3 12.78 0
v 5.652 12.485 0
v 5.652 12.485 3
v 4.651 12.48 3.96
v 4.598 12.78 3.66
v 4.4 0.15 2.4
v 4.4 0.15 2.4
v 4.4 0.15 3
v 3.6 0.15 3
v 3.6 0.15 2.4
v 3.6 0.15 2.4
v 4.4 11.2 2.4
v 3.6 11.2 2.4
v 1.667 0.858 0.439
v 1.667 1.2 0.4
v 3 0.15 3
v 2.816 0.15 2.449
v 2.543 0.15 1.947
v 2.146 0.15 1.537
v 2.201 0.15 3
v 2.081 0.15 2.636
v 1.902 0.15 2.308
v 1.643 0.15 2.04
v 1.352 0.15 1.852
v 1.151 0.15 1.724
v 1.002 0.15 1.579
v 0.917 0.15 1.383
v 0.9 0.15 1.2
v 1.863 0.15 1.354
v 1.758 0.15 1.268
v 1.685 0.165 1.131
v 1.667 0.199 1.003
v 1.667 0.521 0.573
v 0.9 5 0.4
v 0.9 1.2 0.4
v 1.667 0.316 0.8
v 0.9 5.153 0.37
v 1.668 5 0.4
v 1.668 5.153 0.37
v 0.9 5.283 0.283
v 1.668 5.283 0.283
v 0.9 5.37 0.153
v 1.668 5.37 0.153
v 0.9 5.4 0
v 1.668 5.4 0
v 0.9 0.286 0.896
v 0.9 0.491 0.649
v 0.9 0.829 0.466
v 5.391 11.989 3.96
v 5.209 12.226 3.96
v 4.956 12.388 3.96
v 5.077 12.78 3.451
v 4.86 12.78 3.591
v 5.219 12.78 3.254
v 5.697 12.226 3.462
v 5.74 11.989 3.598
v 5.668 12.388 3.254
v -2.217 18.6 -0.918
v -1.697 18.6 -1.697
v -1.697 12.78 -1.697
v -0.918 12.78 -2.217
v 0 12.78 -2.4
v 0 18.6 -2.4
v -0.918 18.6 -2.217
v -2.217 12.78 -0.918
v -4.923 10.62 -0.765
v -5.004 10.168 -1.414
v -5.117 9.535 -1.848
v -5.243 8.8 -2
v -5.382 8.053 -1.848
v -5.499 7.404 -1.414
v -5.574 6.977 -0.765
v -6.496 7.149 -0.765
v -6.417 7.576 -1.414
v -6.308 8.216 -1.848
v -6.172 8.969 -2
v -6.039 9.722 -1.848
v -5.926 10.362 -1.414
v -5.847 10.789 -0.765
v -6.4 0.02 -3
v -6.4 0.02 -3
v -5.867 11.264 -0.956
v -5.965 10.73 -1.767
v -6.106 9.931 -2.309
v -6.272 8.99 -2.499
v -6.443 8.049 -2.309
v -6.579 7.25 -1.767
v -7.7 0.02 -3
v -7.7 1 -3
v -6.678 6.717 -0.956
v -4.817 11.2 -3
v -4.817 11.2 -3
v -6.4 2.4 -3
v -6.4 2.4 -3
v 0 11.2 -3
v -5.766 11.243 -0.956
v -5.864 10.709 -1.767
v -6.005 9.91 -2.309
v -6.171 8.969 -2.499
v -6.342 8.028 -2.309
v -6.478 7.229 -1.767
v -6.577 6.696 -0.956
v 0 0.02 -3
v 0 0.02 -3.96
v -6.698 0.02 -3.96
v -7.398 0.02 -3.96
v -7.398 0.02 -3.96
v -7.513 0.02 -3.937
v -7.611 0.02 -3.872
v -7.677 0.02 -3.775
v -7.7 0.02 -3.66
v -7.7 0.02 -3.66
v -7.398 1 -3.96
v -7.677 1 -3.775
v -7.7 1 -3.66
v -7.7 1 -3.66
v -7.7 1 -3.66
v -6.462 6.231 -3.96
v -6.765 6.231 -3.66
v -5.783 11.748 -3.66
v -5.482 11.749 -3.96
v -5.3 12.78 -3
v -5.652 12.485 -3
v -4.651 12.48 -3.96
v 0 12.48 -3.96
v 0 12.78 -3.66
v -4.598 12.78 -3.66
v -4.4 0.15 -2.4
v -4.4 0.15 -2.4
v -4.4 0.15 -3
v -3.6 0.15 -3
v -3.6 0.15 -2.4
v -3.6 0.15 -2.4
v -4.4 11.2 -2.4
v -3.6 11.2 -2.4
v -1.667 0.858 -0.439
v -1.667 1.2 -0.4
v -3 0.15 -3
v -2.816 0.15 -2.449
v -2.543 0.15 -1.947
v -2.146 0.15 -1.537
v -2.201 0.15 -3
v -2.081 0.15 -2.636
v -1.902 0.15 -2.308
v -1.643 0.15 -2.04
v -1.352 0.15 -1.852
v -1.151 0.15 -1.724
v -1.002 0.15 -1.579
v -0.917 0.15 -1.383
v -0.9 0.15 -1.2
v -1.863 0.15 -1.354
v -1.758 0.15 -1.268
v -1.685 0.165 -1.131
v -1.667 0.199 -1.003
v -1.667 0.521 -0.573
v -0.9 5 -0.4
v -0.9 1.2 -0.4
v -1.667 0.316 -0.8
v -0.9 5.153 -0.37
v -1.668 5 -0.4
v -1.668 5.153 -0.37
v -0.9 5.283 -0.283
v -1.668 5.283 -0.283
v -0.9 5.37 -0.153
v -1.668 5.37 -0.153
v -0.9 0.286 -0.896
v -0.9 0.491 -0.649
v -0.9 0.829 -0.466
v -5.391 11.989 -3.96
v -5.209 12.226 -3.96
v -4.956 12.388 -3.96
v -5.077 12.78 -3.451
v -4.86 12.78 -3.591
v -5.219 12.78 -3.254
v -5.697 12.226 -3.462
v -5.74 11.989 -3.598
v -5.668 12.388 -3.254
v 2.217 18.6 -0.918
v 1.697 18.6 -1.697
v 1.697 12.78 -1.697
v 0.918 12.78 -2.217
v 0.918 18.6 -2.217
v 2.217 12.78 -0.918
v 4.923 10.62 -0.765
v 5.004 10.168 -1.414
v 5.117 9.535 -1.848
v 5.243 8.8 -2
v 5.382 8.053 -1.848
v 5.499 7.404 -1.414
v 5.574 6.977 -0.765
v 6.496 7.149 -0.765
v 6.417 7.576 -1.414
v 6.308 8.216 -1.848
v 6.172 8.969 -2
v 6.039 9.722 -1.848
v 5.926 10.362 -1.414
v 5.847 10.789 -0.765
v 6.4 0.02 -3
v 6.4 0.02 -3
v 5.867 11.264 -0.956
v 5.965 10.73 -1.767
v 6.106 9.931 -2.309
v 6.272 8.99 -2.499
v 6.443 8.049 -2.309
v 6.579 7.25 -1.767
v 7.7 0.02 -3
v 7.7 1 -3
v 6.678 6.717 -0.956
v 4.817 11.2 -3
v 4.817 11.2 -3
v 6.4 2.4 -3
v 6.4 2.4 -3
v 5.766 11.243 -0.956
v 5.864 10.709 -1.767
v 6.005 9.91 -2.309
v 6.171 8.969 -2.499
v 6.342 8.028 -2.309
v 6.478 7.229 -1.767
v 6.577 6.696 -0.956
v 6.698 0.02 -3.96
v 7.398 0.02 -3.96
v 7.398 0.02 -3.96
v 7.513 0.02 -3.937
v 7.611 0.02 -3.872
v 7.677 0.02 -3.775
v 7.7 0.02 -3.66
v 7.7 0.02 -3.66
v 7.398 1 -3.96
v 7.677 1 -3.775
v 7.7 1 -3.66
v 7.7 1 -3.66
v 7.7 1 -3.66
v 6.462 6.231 -3.96
v 6.765 6.231 -3.66
v 5.783 11.748 -3.66
v 5.482 11.749 -3.96
v 5.3 12.78 -3
v 5.652 12.485 -3
v 4.651 12.48 -3.96
v 4.598 12.78 -3.66
v 4.4 0.15 -2.4
v 4.4 0.15 -2.4
v 4.4 0.15 -3
v 3.6 0.15 -3
v 3.6 0.15 -2.4
v 3.6 0.15 -2.4
v 4.4 11.2 -2.4
v 3.6 11.2 -2.4
v 1.667 0.858 -0.439
v 1.667 1.2 -0.4
v 3 0.15 -3
v 2.816 0.15 -2.449
v 2.543 0.15 -1.947
v 2.146 0.15 -1.537
v 2.201 0.15 -3
v 2.081 0.15 -2.636
v 1.902 0.15 -2.308
v 1.643 0.15 -2.04
v 1.352 0.15 -1.852
v 1.151 0.15 -1.724
v 1.002 0.15 -1.579
v 0.917 0.15 -1.383
v 0.9 0.15 -1.2
v 1.863 0.15 -1.354
v 1.758 0.15 -1.268
v 1.685 0.165 -1.131
v 1.667 0.199 -1.003
v 1.667 0.521 -0.573
v 0.9 5 -0.4
v 0.9 1.2 -0.4
v 1.667 0.316 -0.8
v 0.9 5.153 -0.37
v 1.668 5 -0.4
v 1.668 5.153 -0.37
v 0.9 5.283 -0.283
v 1.668 5.283 -0.283
v 0.9 5.37 -0.153
v 1.668 5.37 -0.153
v 0.9 0.286 -0.896
v 0.9 0.491 -0.649
v 0.9 0.829 -0.466
v 5.391 11.989 -3.96
v 5.209 12.226 -3.96
v 4.956 12.388 -3.96
v 5.077 12.78 -3.451
v 4.86 12.78 -3.591
v 5.219 12.78 -3.254
v 5.697 12.226 -3.462
v 5.74 11.989 -3.598
v 5.668 12.388 -3.254
vt 0.95 0.065
vt 0.951 0.065
vt 0.954 0.065
vt 0.954 0.065
vt 0.952 0.065
vt 0.954 0.065
vt 0.954 0.065
vt 0.951 0.065
vt 0.952 0.065
vt 0.954 0.065
vt 0.95 0.065
vt 0.95 0.065
vt 0.822 0.469
vt 0.807 0.469
vt 0.822 0.38
vt 0.807 0.469
vt 0.807 0.38
vt 0.822 0.38
vt 0.822 0.38
vt 0.836 0.38
vt 0.822 0.469
vt 0.836 0.38
vt 0.836 0.469
vt 0.822 0.469
vt 0.836 0.38
vt 0.851 0.38
vt 0.836 0.469
vt 0.851 0.38
vt 0.851 0.469
vt 0.836 0.469
vt 0.865 0.38
vt 0.865 0.469
vt 0.851 0.38
vt 0.865 0.469
vt 0.851 0.469
vt 0.851 0.38
vt 0.248 0.906
vt 0.228 0.906
vt 0.248 0.732
vt 0.228 0.906
vt 0.228 0.732
vt 0.248 0.732
vt 0.248 0.732
vt 0.228 0.732
vt 0.248 0.568
vt 0.228 0.732
vt 0.228 0.568
vt 0.248 0.568
vt 0.289 0.568
vt 0.289 0.537
vt 0.499 0.568
vt 0.289 0.537
vt 0.499 0.537
vt 0.499 0.568
vt 0.318 0.732
vt 0.349 0.905
vt 0.296 0.732
vt 0.349 0.905
vt 0.327 0.905
vt 0.296 0.732
vt 0.944 0.044
vt 0.942 0.044
vt 0.944 0.044
vt 0.942 0.044
vt 0.942 0.044
vt 0.944 0.044
vt 0.944 0.044
vt 0.942 0.044
vt 0.944 0.045
vt 0.942 0.044
vt 0.943 0.045
vt 0.944 0.045
vt 0.944 0.046
vt 0.944 0.045
vt 0.943 0.046
vt 0.944 0.045
vt 0.943 0.045
vt 0.943 0.046
vt 0.945 0.047
vt 0.944 0.046
vt 0.943 0.048
vt 0.944 0.046
vt 0.943 0.046
vt 0.943 0.048
vt 0.945 0.049
vt 0.945 0.047
vt 0.943 0.049
vt 0.945 0.047
vt 0.943 0.048
vt 0.943 0.049
vt 0.945 0.049
vt 0.943 0.049
vt 0.945 0.05
vt 0.943 0.049
vt 0.943 0.05
vt 0.945 0.05
vt 0.945 0.05
vt 0.945 0.05
vt 0.944 0.051
vt 0.945 0.05
vt 0.943 0.05
vt 0.944 0.051
vt 0.945 0.051
vt 0.945 0.05
vt 0.944 0.051
vt 0.945 0.05
vt 0.944 0.051
vt 0.944 0.051
vt 0.94 0.032
vt 0.94 0.032
vt 0.943 0.032
vt 0.94 0.032
vt 0.943 0.032
vt 0.943 0.032
vt 0.942 0.043
vt 0.942 0.043
vt 0.942 0.044
vt 0.942 0.043
vt 0.942 0.043
vt 0.942 0.044
vt 0.941 0.032
vt 0.941 0.032
vt 0.942 0.032
vt 0.941 0.032
vt 0.943 0.032
vt 0.942 0.032
vt 0.228 0.732
vt 0.133 0.732
vt 0.228 0.568
vt 0.133 0.732
vt 0.133 0.568
vt 0.228 0.568
vt 0.289 0.568
vt 0.267 0.568
vt 0.289 0.537
vt 0.267 0.568
vt 0.267 0.537
vt 0.289 0.537
vt 0.942 0.044
vt 0.942 0.043
vt 0.942 0.044
vt 0.942 0.043
vt 0.942 0.044
vt 0.942 0.044
vt 0.318 0.732
vt 0.296 0.732
vt 0.289 0.568
vt 0.296 0.732
vt 0.267 0.568
vt 0.289 0.568
vt 0.943 0.046
vt 0.942 0.044
vt 0.943 0.046
vt 0.942 0.044
vt 0.942 0.044
vt 0.943 0.046
vt 0.946 0.054
vt 0.945 0.054
vt 0.946 0.054
vt 0.945 0.054
vt 0.945 0.054
vt 0.946 0.054
vt 0.943 0.048
vt 0.943 0.046
vt 0.943 0.048
vt 0.943 0.046
vt 0.943 0.046
vt 0.943 0.048
vt 0.943 0.049
vt 0.943 0.048
vt 0.943 0.049
vt 0.943 0.048
vt 0.943 0.048
vt 0.943 0.049
vt 0.944 0.051
vt 0.943 0.049
vt 0.943 0.051
vt 0.943 0.049
vt 0.943 0.049
vt 0.943 0.051
vt 0.944 0.052
vt 0.944 0.051
vt 0.944 0.052
vt 0.944 0.051
vt 0.943 0.051
vt 0.944 0.052
vt 0.228 0.568
vt 0.133 0.568
vt 0.228 0.537
vt 0.133 0.568
vt 0.133 0.537
vt 0.228 0.537
vt 0.945 0.051
vt 0.945 0.052
vt 0.945 0.052
vt 0.944 0.052
vt 0.944 0.052
vt 0.944 0.052
vt 0.944 0.052
vt 0.944 0.052
vt 0.944 0.052
vt 0.944 0.044
vt 0.944 0.044
vt 0.943 0.036
vt 0.943 0.036
vt 0.954 0.036
vt 0.943 0.032
vt 0.954 0.036
vt 0.954 0.032
vt 0.943 0.032
vt 0.944 0.045
vt 0.943 0.036
vt 0.944 0.044
vt 0.944 0.046
vt 0.943 0.036
vt 0.944 0.045
vt 0.954 0.052
vt 0.954 0.052
vt 0.945 0.052
vt 0.954 0.052
vt 0.945 0.052
vt 0.945 0.052
vt 0.944 0.046
vt 0.945 0.047
vt 0.943 0.036
vt 0.943 0.032
vt 0.943 0.032
vt 0.943 0.036
vt 0.943 0.032
vt 0.943 0.036
vt 0.943 0.036
vt 0.945 0.052
vt 0.945 0.05
vt 0.945 0.05
vt 0.945 0.052
vt 0.945 0.049
vt 0.945 0.05
vt 0.945 0.052
vt 0.945 0.05
vt 0.945 0.051
vt 0.945 0.052
vt 0.945 0.047
vt 0.945 0.049
vt 0.943 0.036
vt 0.945 0.052
vt 0.954 0.036
vt 0.945 0.052
vt 0.954 0.052
vt 0.954 0.036
vt 0.945 0.047
vt 0.945 0.052
vt 0.943 0.036
vt 0.944 0.051
vt 0.944 0.051
vt 0.944 0.052
vt 0.944 0.051
vt 0.944 0.052
vt 0.944 0.052
vt 0.944 0.051
vt 0.943 0.05
vt 0.944 0.052
vt 0.943 0.05
vt 0.944 0.051
vt 0.944 0.052
vt 0.943 0.05
vt 0.943 0.049
vt 0.944 0.051
vt 0.943 0.049
vt 0.943 0.049
vt 0.944 0.051
vt 0.943 0.049
vt 0.943 0.048
vt 0.943 0.049
vt 0.943 0.048
vt 0.943 0.048
vt 0.943 0.049
vt 0.943 0.048
vt 0.943 0.046
vt 0.943 0.048
vt 0.943 0.046
vt 0.943 0.046
vt 0.943 0.048
vt 0.943 0.046
vt 0.943 0.045
vt 0.943 0.046
vt 0.943 0.045
vt 0.942 0.044
vt 0.943 0.046
vt 0.943 0.045
vt 0.942 0.044
vt 0.942 0.044
vt 0.942 0.044
vt 0.942 0.043
vt 0.942 0.044
vt 0.942 0.044
vt 0.942 0.044
vt 0.942 0.043
vt 0.942 0.044
vt 0.942 0.043
vt 0.942 0.043
vt 0.133 0.732
vt 0.228 0.732
vt 0.163 0.748
vt 0.163 0.748
vt 0.228 0.732
vt 0.189 0.764
vt 0.189 0.764
vt 0.228 0.732
vt 0.206 0.789
vt 0.206 0.789
vt 0.228 0.732
vt 0.212 0.819
vt 0.212 0.819
vt 0.228 0.732
vt 0.228 0.906
vt 0.133 0.742
vt 0.133 0.732
vt 0.163 0.748
vt 0.206 0.849
vt 0.212 0.819
vt 0.228 0.906
vt 0.189 0.874
vt 0.206 0.849
vt 0.228 0.906
vt 0.163 0.891
vt 0.189 0.874
vt 0.228 0.906
vt 0.228 0.906
vt 0.133 0.906
vt 0.163 0.891
vt 0.133 0.906
vt 0.133 0.896
vt 0.163 0.891
vt 0.954 0.032
vt 0.942 0.032
vt 0.954 0.032
vt 0.942 0.032
vt 0.943 0.032
vt 0.954 0.032
vt 0.944 0.044
vt 0.943 0.036
vt 0.943 0.036
vt 0.228 0.537
vt 0.248 0.537
vt 0.228 0.568
vt 0.248 0.537
vt 0.248 0.568
vt 0.228 0.568
vt 0.946 0.054
vt 0.954 0.054
vt 0.946 0.054
vt 0.954 0.054
vt 0.954 0.054
vt 0.946 0.054
vt 0.499 0.732
vt 0.499 0.905
vt 0.318 0.732
vt 0.499 0.905
vt 0.349 0.905
vt 0.318 0.732
vt 0.289 0.568
vt 0.499 0.568
vt 0.318 0.732
vt 0.499 0.568
vt 0.499 0.732
vt 0.318 0.732
vt 0.941 0.032
vt 0.94 0.032
vt 0.943 0.032
vt 0.94 0.032
vt 0.94 0.032
vt 0.943 0.032
vt 0.228 0.929
vt 0.133 0.929
vt 0.228 0.906
vt 0.133 0.929
vt 0.133 0.906
vt 0.228 0.906
vt 0.95 0.054
vt 0.95 0.054
vt 0.946 0.054
vt 0.95 0.054
vt 0.946 0.054
vt 0.946 0.054
vt 0.951 0.054
vt 0.95 0.054
vt 0.946 0.054
vt 0.952 0.054
vt 0.951 0.054
vt 0.946 0.054
vt 0.946 0.054
vt 0.954 0.054
vt 0.952 0.054
vt 0.954 0.054
vt 0.954 0.054
vt 0.952 0.054
vt 0.941 0.032
vt 0.941 0.032
vt 0.941 0.032
vt 0.941 0.032
vt 0.94 0.032
vt 0.941 0.032
vt 0.94 0.032
vt 0.94 0.032
vt 0.941 0.032
vt 0.94 0.032
vt 0.94 0.032
vt 0.941 0.032
vt 0.335 0.92
vt 0.33 0.912
vt 0.349 0.905
vt 0.248 0.906
vt 0.246 0.913
vt 0.228 0.906
vt 0.228 0.906
vt 0.242 0.921
vt 0.236 0.926
vt 0.335 0.92
vt 0.349 0.905
vt 0.343 0.925
vt 0.946 0.054
vt 0.945 0.054
vt 0.945 0.054
vt 0.946 0.054
vt 0.946 0.054
vt 0.945 0.054
vt 0.349 0.905
vt 0.353 0.928
vt 0.343 0.925
vt 0.941 0.032
vt 0.941 0.033
vt 0.941 0.032
vt 0.941 0.033
vt 0.941 0.033
vt 0.941 0.032
vt 0.941 0.032
vt 0.941 0.033
vt 0.94 0.032
vt 0.941 0.033
vt 0.94 0.033
vt 0.94 0.032
vt 0.94 0.032
vt 0.94 0.033
vt 0.94 0.032
vt 0.94 0.033
vt 0.94 0.033
vt 0.94 0.032
vt 0.94 0.032
vt 0.94 0.033
vt 0.94 0.032
vt 0.94 0.033
vt 0.94 0.033
vt 0.94 0.032
vt 0.228 0.929
vt 0.228 0.906
vt 0.236 0.926
vt 0.941 0.033
vt 0.942 0.043
vt 0.941 0.033
vt 0.942 0.043
vt 0.942 0.043
vt 0.941 0.033
vt 0.941 0.033
vt 0.942 0.043
vt 0.94 0.033
vt 0.942 0.043
vt 0.942 0.043
vt 0.94 0.033
vt 0.94 0.033
vt 0.942 0.043
vt 0.94 0.033
vt 0.942 0.043
vt 0.942 0.043
vt 0.94 0.033
vt 0.94 0.033
vt 0.942 0.043
vt 0.94 0.033
vt 0.942 0.043
vt 0.942 0.043
vt 0.94 0.033
vt 0.944 0.053
vt 0.942 0.043
vt 0.944 0.053
vt 0.942 0.043
vt 0.942 0.043
vt 0.944 0.053
vt 0.944 0.053
vt 0.942 0.043
vt 0.944 0.053
vt 0.942 0.043
vt 0.942 0.043
vt 0.944 0.053
vt 0.944 0.053
vt 0.942 0.043
vt 0.944 0.053
vt 0.942 0.043
vt 0.942 0.043
vt 0.944 0.053
vt 0.944 0.053
vt 0.942 0.043
vt 0.944 0.053
vt 0.942 0.043
vt 0.942 0.043
vt 0.944 0.053
vt 0.945 0.054
vt 0.945 0.054
vt 0.946 0.054
vt 0.228 0.906
vt 0.246 0.913
vt 0.242 0.921
vt 0.945 0.054
vt 0.945 0.054
vt 0.944 0.054
vt 0.945 0.054
vt 0.944 0.054
vt 0.944 0.054
vt 0.944 0.054
vt 0.944 0.054
vt 0.944 0.054
vt 0.944 0.054
vt 0.944 0.054
vt 0.944 0.054
vt 0.944 0.054
vt 0.944 0.054
vt 0.944 0.054
vt 0.944 0.054
vt 0.944 0.054
vt 0.944 0.054
vt 0.944 0.054
vt 0.944 0.054
vt 0.944 0.054
vt 0.944 0.054
vt 0.944 0.054
vt 0.944 0.054
vt 0.946 0.054
vt 0.945 0.054
vt 0.945 0.054
vt 0.33 0.912
vt 0.327 0.905
vt 0.349 0.905
vt 0.946 0.054
vt 0.954 0.054
vt 0.946 0.054
vt 0.954 0.054
vt 0.954 0.054
vt 0.946 0.054
vt 0.946 0.054
vt 0.954 0.054
vt 0.946 0.054
vt 0.954 0.054
vt 0.954 0.054
vt 0.946 0.054
vt 0.946 0.054
vt 0.954 0.054
vt 0.946 0.054
vt 0.954 0.054
vt 0.954 0.054
vt 0.946 0.054
vt 0.946 0.054
vt 0.954 0.054
vt 0.946 0.054
vt 0.954 0.054
vt 0.954 0.054
vt 0.946 0.054
vt 0.499 0.905
vt 0.499 0.928
vt 0.349 0.905
vt 0.499 0.928
vt 0.353 0.928
vt 0.349 0.905
vt 0.946 0.032
vt 0.946 0.032
vt 0.948 0.032
vt 0.946 0.032
vt 0.948 0.032
vt 0.948 0.032
vt 0.946 0.032
vt 0.946 0.052
vt 0.948 0.032
vt 0.946 0.052
vt 0.948 0.052
vt 0.948 0.032
vt 0.948 0.032
vt 0.948 0.052
vt 0.948 0.032
vt 0.948 0.052
vt 0.948 0.052
vt 0.948 0.032
vt 0.946 0.032
vt 0.946 0.052
vt 0.946 0.032
vt 0.946 0.052
vt 0.946 0.052
vt 0.946 0.032
vt 0.949 0.032
vt 0.95 0.032
vt 0.949 0.032
vt 0.95 0.032
vt 0.95 0.032
vt 0.949 0.032
vt 0.949 0.032
vt 0.951 0.032
vt 0.949 0.032
vt 0.951 0.032
vt 0.95 0.032
vt 0.949 0.032
vt 0.95 0.032
vt 0.951 0.032
vt 0.949 0.032
vt 0.951 0.032
vt 0.951 0.032
vt 0.949 0.032
vt 0.952 0.032
vt 0.951 0.032
vt 0.951 0.032
vt 0.951 0.032
vt 0.95 0.032
vt 0.951 0.032
vt 0.951 0.032
vt 0.952 0.032
vt 0.952 0.032
vt 0.952 0.032
vt 0.952 0.032
vt 0.951 0.032
vt 0.952 0.032
vt 0.951 0.032
vt 0.951 0.032
vt 0.952 0.032
vt 0.952 0.032
vt 0.951 0.032
vt 0.952 0.032
vt 0.951 0.032
vt 0.951 0.032
vt 0.951 0.032
vt 0.952 0.032
vt 0.951 0.032
vt 0.952 0.032
vt 0.952 0.032
vt 0.951 0.032
vt 0.952 0.033
vt 0.952 0.032
vt 0.951 0.033
vt 0.952 0.032
vt 0.951 0.032
vt 0.951 0.033
vt 0.952 0.032
vt 0.952 0.032
vt 0.951 0.032
vt 0.952 0.032
vt 0.951 0.032
vt 0.951 0.032
vt 0.951 0.032
vt 0.951 0.032
vt 0.951 0.052
vt 0.951 0.032
vt 0.951 0.052
vt 0.951 0.052
vt 0.951 0.032
vt 0.951 0.032
vt 0.951 0.052
vt 0.951 0.032
vt 0.951 0.052
vt 0.951 0.052
vt 0.95 0.032
vt 0.95 0.032
vt 0.95 0.052
vt 0.95 0.032
vt 0.95 0.052
vt 0.95 0.052
vt 0.952 0.032
vt 0.952 0.032
vt 0.952 0.052
vt 0.952 0.032
vt 0.952 0.052
vt 0.952 0.052
vt 0.952 0.034
vt 0.952 0.033
vt 0.951 0.034
vt 0.952 0.033
vt 0.951 0.033
vt 0.951 0.034
vt 0.95 0.032
vt 0.949 0.032
vt 0.95 0.052
vt 0.949 0.032
vt 0.949 0.052
vt 0.95 0.052
vt 0.952 0.032
vt 0.952 0.032
vt 0.952 0.052
vt 0.952 0.032
vt 0.952 0.052
vt 0.952 0.052
vt 0.949 0.032
vt 0.949 0.032
vt 0.949 0.052
vt 0.949 0.032
vt 0.949 0.052
vt 0.949 0.052
vt 0.951 0.032
vt 0.951 0.032
vt 0.951 0.052
vt 0.951 0.032
vt 0.951 0.052
vt 0.951 0.052
vt 0.952 0.032
vt 0.952 0.034
vt 0.952 0.052
vt 0.952 0.034
vt 0.952 0.04
vt 0.952 0.052
vt 0.951 0.032
vt 0.95 0.032
vt 0.951 0.052
vt 0.95 0.032
vt 0.95 0.052
vt 0.951 0.052
vt 0.951 0.032
vt 0.952 0.032
vt 0.951 0.052
vt 0.952 0.032
vt 0.952 0.052
vt 0.951 0.052
vt 0.95 0.032
vt 0.951 0.032
vt 0.95 0.052
vt 0.951 0.032
vt 0.951 0.052
vt 0.95 0.052
vt 0.952 0.032
vt 0.952 0.032
vt 0.952 0.052
vt 0.952 0.032
vt 0.952 0.052
vt 0.952 0.052
vt 0.952 0.032
vt 0.952 0.032
vt 0.952 0.052
vt 0.952 0.032
vt 0.952 0.052
vt 0.952 0.052
vt 0.951 0.032
vt 0.951 0.032
vt 0.951 0.052
vt 0.951 0.032
vt 0.951 0.052
vt 0.951 0.052
vt 0.949 0.032
vt 0.949 0.032
vt 0.949 0.052
vt 0.949 0.032
vt 0.949 0.052
vt 0.949 0.052
vt 0.952 0.04
vt 0.951 0.04
vt 0.952 0.041
vt 0.951 0.04
vt 0.951 0.041
vt 0.952 0.041
vt 0.952 0.041
vt 0.951 0.041
vt 0.952 0.041
vt 0.951 0.041
vt 0.951 0.041
vt 0.952 0.041
vt 0.952 0.041
vt 0.951 0.041
vt 0.952 0.041
vt 0.951 0.041
vt 0.951 0.041
vt 0.952 0.041
vt 0.952 0.041
vt 0.951 0.041
vt 0.952 0.041
vt 0.951 0.041
vt 0.951 0.041
vt 0.952 0.041
vt 0.951 0.052
vt 0.951 0.041
vt 0.951 0.041
vt 0.951 0.052
vt 0.951 0.041
vt 0.951 0.041
vt 0.951 0.052
vt 0.951 0.041
vt 0.951 0.041
vt 0.951 0.052
vt 0.951 0.041
vt 0.951 0.04
vt 0.952 0.052
vt 0.952 0.04
vt 0.952 0.041
vt 0.952 0.052
vt 0.952 0.041
vt 0.952 0.041
vt 0.952 0.052
vt 0.952 0.041
vt 0.952 0.041
vt 0.952 0.052
vt 0.952 0.041
vt 0.952 0.041
vt 0.952 0.041
vt 0.952 0.052
vt 0.952 0.052
vt 0.951 0.052
vt 0.951 0.052
vt 0.951 0.041
vt 0.951 0.032
vt 0.951 0.032
vt 0.952 0.032
vt 0.951 0.032
vt 0.952 0.032
vt 0.952 0.032
vt 0.952 0.032
vt 0.952 0.033
vt 0.952 0.032
vt 0.952 0.034
vt 0.952 0.032
vt 0.952 0.033
vt 0.952 0.032
vt 0.952 0.032
vt 0.952 0.033
vt 0.952 0.04
vt 0.952 0.034
vt 0.951 0.04
vt 0.952 0.034
vt 0.951 0.034
vt 0.951 0.04
vt 0.951 0.04
vt 0.951 0.034
vt 0.951 0.052
vt 0.951 0.034
vt 0.951 0.032
vt 0.951 0.052
vt 0.951 0.033
vt 0.951 0.032
vt 0.951 0.034
vt 0.951 0.032
vt 0.951 0.032
vt 0.951 0.034
vt 0.951 0.032
vt 0.951 0.032
vt 0.951 0.033
vt 0.944 0.053
vt 0.944 0.053
vt 0.944 0.053
vt 0.944 0.053
vt 0.944 0.053
vt 0.944 0.053
vt 0.944 0.053
vt 0.944 0.053
vt 0.944 0.053
vt 0.944 0.053
vt 0.944 0.053
vt 0.944 0.053
vt 0.944 0.053
vt 0.944 0.053
vt 0.944 0.053
vt 0.944 0.053
vt 0.944 0.053
vt 0.944 0.053
vt 0.944 0.053
vt 0.944 0.053
vt 0.944 0.053
vt 0.944 0.053
vt 0.944 0.053
vt 0.944 0.053
vt 0.945 0.053
vt 0.944 0.053
vt 0.944 0.053
vt 0.944 0.053
vt 0.944 0.053
vt 0.944 0.053
vt 0.944 0.053
vt 0.944 0.053
vt 0.944 0.053
vt 0.944 0.053
vt 0.944 0.053
vt 0.944 0.053
vt 0.944 0.053
vt 0.944 0.053
vt 0.944 0.053
vt 0.944 0.053
vt 0.944 0.053
vt 0.944 0.053
vt 0.944 0.053
vt 0.944 0.053
vt 0.944 0.053
vt 0.944 0.053
vt 0.944 0.053
vt 0.944 0.053
vt 0.945 0.054
vt 0.945 0.054
vt 0.945 0.053
vt 0.944 0.054
vt 0.944 0.054
vt 0.944 0.053
vt 0.944 0.054
vt 0.944 0.053
vt 0.944 0.053
vt 0.944 0.054
vt 0.944 0.054
vt 0.944 0.053
vt 0.944 0.054
vt 0.944 0.053
vt 0.944 0.053
vt 0.944 0.054
vt 0.944 0.054
vt 0.944 0.054
vt 0.944 0.054
vt 0.944 0.054
vt 0.944 0.054
vt 0.944 0.054
vt 0.944 0.054
vt 0.944 0.054
vt 0.944 0.054
vt 0.944 0.054
vt 0.944 0.054
vt 0.945 0.054
vt 0.944 0.054
vt 0.944 0.054
vt 0.944 0.054
vt 0.944 0.054
vt 0.944 0.054
vt 0.945 0.054
vt 0.945 0.054
vt 0.945 0.054
vt 0.945 0.054
vt 0.944 0.054
vt 0.945 0.054
vt 0.945 0.054
vt 0.945 0.054
vt 0.945 0.054
vt 0.945 0.054
vt 0.945 0.054
vt 0.945 0.054
vt 0.944 0.054
vt 0.944 0.054
vt 0.944 0.054
vt 0.944 0.054
vt 0.944 0.054
vt 0.944 0.054
vt 0.944 0.054
vt 0.944 0.054
vt 0.945 0.054
vt 0.944 0.054
vt 0.944 0.054
vt 0.945 0.054
vt 0.945 0.054
vt 0.944 0.054
vt 0.945 0.054
vt 0.944 0.054
vt 0.945 0.054
vt 0.945 0.054
vt 0.945 0.054
vt 0.945 0.054
vt 0.945 0.054
vt 0.945 0.054
vt 0.945 0.054
vt 0.945 0.054
vt 0.944 0.054
vt 0.944 0.054
vt 0.944 0.054
vt 0.944 0.054
vt 0.944 0.054
vt 0.944 0.054
vt 0.945 0.054
vt 0.945 0.054
vt 0.945 0.054
vt 0.945 0.054
vt 0.945 0.054
vt 0.945 0.054
vt 0.944 0.054
vt 0.944 0.054
vt 0.944 0.054
vt 0.944 0.054
vt 0.944 0.054
vt 0.944 0.054
vt 0.944 0.054
vt 0.944 0.054
vt 0.944 0.054
vt 0.944 0.054
vt 0.944 0.054
vt 0.944 0.054
vt 0.944 0.054
vt 0.944 0.054
vt 0.944 0.054
vt 0.944 0.054
vt 0.944 0.054
vt 0.945 0.054
vt 0.944 0.054
vt 0.945 0.054
vt 0.945 0.054
vt 0.945 0.054
vt 0.944 0.054
vt 0.944 0.054
vt 0.944 0.054
vt 0.944 0.054
vt 0.944 0.054
vt 0.944 0.054
vt 0.944 0.054
vt 0.944 0.054
vt 0.944 0.054
vt 0.944 0.054
vt 0.944 0.054
vt 0.944 0.054
vt 0.944 0.054
vt 0.944 0.054
vt 0.944 0.054
vt 0.944 0.054
vt 0.944 0.054
vt 0.944 0.054
vt 0.944 0.054
vt 0.944 0.054
vt 0.944 0.054
vt 0.944 0.054
vt 0.944 0.054
vt 0.944 0.054
vt 0.944 0.054
vt 0.944 0.054
vt 0.944 0.054
vt 0.944 0.054
vt 0.944 0.054
vt 0.944 0.054
vt 0.944 0.054
vt 0.944 0.054
vt 0.944 0.054
vt 0.944 0.054
vt 0.944 0.054
vt 0.944 0.054
vt 0.944 0.054
vt 0.944 0.054
vt 0.944 0.054
vt 0.944 0.054
vt 0.944 0.054
vt 0.944 0.054
vt 0.944 0.054
vt 0.944 0.054
vt 0.944 0.054
vt 0.945 0.054
vt 0.944 0.054
vt 0.945 0.054
vt 0.944 0.054
vt 0.944 0.054
vt 0.944 0.054
vt 0.944 0.054
vt 0.944 0.053
vt 0.944 0.054
vt 0.944 0.053
vt 0.944 0.053
vt 0.944 0.053
vt 0.944 0.054
vt 0.944 0.054
vt 0.945 0.054
vt 0.945 0.054
vt 0.944 0.054
vt 0.945 0.054
vt 0.945 0.054
vt 0.944 0.054
vt 0.945 0.054
vt 0.945 0.054
vt 0.945 0.054
vt 0.945 0.054
vt 0.945 0.054
vt 0.945 0.054
vt 0.945 0.054
vt 0.945 0.054
vt 0.945 0.054
vt 0.945 0.054
vt 0.945 0.054
vt 0.945 0.054
vt 0.946 0.054
vt 0.946 0.054
vt 0.945 0.054
vt 0.946 0.054
vt 0.945 0.054
vt 0.945 0.054
vt 0.946 0.054
vt 0.946 0.054
vt 0.945 0.054
vt 0.946 0.054
vt 0.945 0.054
vt 0.945 0.054
vt 0.946 0.054
vt 0.946 0.054
vt 0.945 0.054
vt 0.946 0.054
vt 0.945 0.054
vt 0.945 0.054
vt 0.946 0.054
vt 0.946 0.054
vt 0.945 0.054
vt 0.946 0.054
vt 0.945 0.054
vt 0.945 0.054
vt 0.945 0.054
vt 0.946 0.054
vt 0.945 0.054
vt 0.945 0.054
vt 0.945 0.054
vt 0.944 0.054
vt 0.945 0.054
vt 0.945 0.054
vt 0.945 0.054
vt 0.945 0.054
vt 0.945 0.054
vt 0.945 0.054
vt 0.945 0.054
vt 0.945 0.054
vt 0.945 0.054
vt 0.945 0.054
vt 0.945 0.054
vt 0.945 0.054
vt 0.945 0.054
vt 0.945 0.054
vt 0.945 0.054
vt 0.945 0.054
vt 0.945 0.054
vt 0.945 0.054
vt 0.944 0.054
vt 0.944 0.053
vt 0.945 0.054
vt 0.944 0.053
vt 0.945 0.053
vt 0.945 0.054
vt 0.945 0.054
vt 0.945 0.054
vt 0.945 0.054
vt 0.945 0.054
vt 0.945 0.054
vt 0.945 0.054
vt 0.944 0.054
vt 0.945 0.054
vt 0.944 0.054
vt 0.945 0.054
vt 0.945 0.054
vt 0.944 0.054
vt 0.945 0.054
vt 0.945 0.054
vt 0.945 0.054
vt 0.945 0.054
vt 0.945 0.054
vt 0.945 0.054
vt 0.958 0.065
vt 0.954 0.065
vt 0.957 0.065
vt 0.954 0.065
vt 0.954 0.065
vt 0.956 0.065
vt 0.954 0.065
vt 0.956 0.065
vt 0.957 0.065
vt 0.954 0.065
vt 0.958 0.065
vt 0.958 0.065
vt 0.908 0.469
vt 0.908 0.38
vt 0.923 0.469
vt 0.908 0.38
vt 0.923 0.38
vt 0.923 0.469
vt 0.894 0.469
vt 0.894 0.38
vt 0.908 0.469
vt 0.894 0.38
vt 0.908 0.38
vt 0.908 0.469
vt 0.879 0.469
vt 0.879 0.38
vt 0.894 0.469
vt 0.879 0.38
vt 0.894 0.38
vt 0.894 0.469
vt 0.865 0.38
vt 0.879 0.38
vt 0.865 0.469
vt 0.879 0.38
vt 0.879 0.469
vt 0.865 0.469
vt 0.75 0.906
vt 0.75 0.732
vt 0.771 0.906
vt 0.75 0.732
vt 0.771 0.732
vt 0.771 0.906
vt 0.75 0.732
vt 0.75 0.568
vt 0.771 0.732
vt 0.75 0.568
vt 0.771 0.568
vt 0.771 0.732
vt 0.709 0.568
vt 0.499 0.568
vt 0.709 0.537
vt 0.499 0.568
vt 0.499 0.537
vt 0.709 0.537
vt 0.679 0.732
vt 0.701 0.732
vt 0.649 0.905
vt 0.701 0.732
vt 0.67 0.905
vt 0.649 0.905
vt 0.964 0.044
vt 0.964 0.044
vt 0.966 0.044
vt 0.964 0.044
vt 0.966 0.044
vt 0.966 0.044
vt 0.964 0.044
vt 0.964 0.045
vt 0.966 0.044
vt 0.964 0.045
vt 0.965 0.045
vt 0.966 0.044
vt 0.964 0.046
vt 0.965 0.046
vt 0.964 0.045
vt 0.965 0.046
vt 0.965 0.045
vt 0.964 0.045
vt 0.963 0.047
vt 0.965 0.048
vt 0.964 0.046
vt 0.965 0.048
vt 0.965 0.046
vt 0.964 0.046
vt 0.963 0.049
vt 0.965 0.049
vt 0.963 0.047
vt 0.965 0.049
vt 0.965 0.048
vt 0.963 0.047
vt 0.963 0.049
vt 0.963 0.05
vt 0.965 0.049
vt 0.963 0.05
vt 0.965 0.05
vt 0.965 0.049
vt 0.963 0.05
vt 0.964 0.051
vt 0.963 0.05
vt 0.964 0.051
vt 0.965 0.05
vt 0.963 0.05
vt 0.963 0.051
vt 0.964 0.051
vt 0.963 0.05
vt 0.964 0.051
vt 0.964 0.051
vt 0.963 0.05
vt 0.968 0.032
vt 0.965 0.032
vt 0.968 0.032
vt 0.965 0.032
vt 0.965 0.032
vt 0.968 0.032
vt 0.966 0.043
vt 0.966 0.044
vt 0.966 0.043
vt 0.966 0.044
vt 0.966 0.043
vt 0.966 0.043
vt 0.967 0.032
vt 0.966 0.032
vt 0.967 0.032
vt 0.966 0.032
vt 0.965 0.032
vt 0.967 0.032
vt 0.771 0.732
vt 0.771 0.568
vt 0.865 0.732
vt 0.771 0.568
vt 0.865 0.568
vt 0.865 0.732
vt 0.709 0.568
vt 0.709 0.537
vt 0.731 0.568
vt 0.709 0.537
vt 0.731 0.537
vt 0.731 0.568
vt 0.966 0.044
vt 0.966 0.044
vt 0.966 0.043
vt 0.966 0.044
vt 0.966 0.044
vt 0.966 0.043
vt 0.679 0.732
vt 0.709 0.568
vt 0.701 0.732
vt 0.709 0.568
vt 0.731 0.568
vt 0.701 0.732
vt 0.965 0.046
vt 0.966 0.046
vt 0.966 0.044
vt 0.966 0.046
vt 0.966 0.044
vt 0.966 0.044
vt 0.962 0.054
vt 0.962 0.054
vt 0.963 0.054
vt 0.962 0.054
vt 0.963 0.054
vt 0.963 0.054
vt 0.965 0.048
vt 0.965 0.048
vt 0.965 0.046
vt 0.965 0.048
vt 0.966 0.046
vt 0.965 0.046
vt 0.965 0.049
vt 0.965 0.049
vt 0.965 0.048
vt 0.965 0.049
vt 0.965 0.048
vt 0.965 0.048
vt 0.964 0.051
vt 0.965 0.051
vt 0.965 0.049
vt 0.965 0.051
vt 0.965 0.049
vt 0.965 0.049
vt 0.964 0.052
vt 0.964 0.052
vt 0.964 0.051
vt 0.964 0.052
vt 0.965 0.051
vt 0.964 0.051
vt 0.771 0.568
vt 0.771 0.537
vt 0.865 0.568
vt 0.771 0.537
vt 0.865 0.537
vt 0.865 0.568
vt 0.963 0.051
vt 0.963 0.052
vt 0.963 0.052
vt 0.964 0.052
vt 0.964 0.052
vt 0.964 0.052
vt 0.964 0.052
vt 0.964 0.052
vt 0.964 0.052
vt 0.964 0.044
vt 0.965 0.036
vt 0.964 0.044
vt 0.965 0.036
vt 0.965 0.032
vt 0.954 0.036
vt 0.965 0.032
vt 0.954 0.032
vt 0.954 0.036
vt 0.964 0.045
vt 0.964 0.044
vt 0.965 0.036
vt 0.964 0.046
vt 0.964 0.045
vt 0.965 0.036
vt 0.954 0.052
vt 0.963 0.052
vt 0.954 0.052
vt 0.963 0.052
vt 0.963 0.052
vt 0.954 0.052
vt 0.964 0.046
vt 0.965 0.036
vt 0.963 0.047
vt 0.965 0.032
vt 0.965 0.036
vt 0.965 0.032
vt 0.965 0.036
vt 0.965 0.036
vt 0.965 0.032
vt 0.963 0.052
vt 0.963 0.05
vt 0.963 0.05
vt 0.963 0.052
vt 0.963 0.05
vt 0.963 0.049
vt 0.963 0.052
vt 0.963 0.051
vt 0.963 0.05
vt 0.963 0.052
vt 0.963 0.049
vt 0.963 0.047
vt 0.965 0.036
vt 0.954 0.036
vt 0.963 0.052
vt 0.954 0.036
vt 0.954 0.052
vt 0.963 0.052
vt 0.963 0.047
vt 0.965 0.036
vt 0.963 0.052
vt 0.964 0.051
vt 0.964 0.052
vt 0.964 0.051
vt 0.964 0.052
vt 0.964 0.052
vt 0.964 0.051
vt 0.964 0.051
vt 0.964 0.052
vt 0.965 0.05
vt 0.964 0.052
vt 0.964 0.051
vt 0.965 0.05
vt 0.965 0.05
vt 0.964 0.051
vt 0.965 0.049
vt 0.964 0.051
vt 0.965 0.049
vt 0.965 0.049
vt 0.965 0.049
vt 0.965 0.049
vt 0.965 0.048
vt 0.965 0.049
vt 0.965 0.048
vt 0.965 0.048
vt 0.965 0.048
vt 0.965 0.048
vt 0.965 0.046
vt 0.965 0.048
vt 0.965 0.046
vt 0.965 0.046
vt 0.965 0.046
vt 0.965 0.046
vt 0.965 0.045
vt 0.965 0.046
vt 0.966 0.044
vt 0.965 0.045
vt 0.965 0.045
vt 0.966 0.044
vt 0.966 0.044
vt 0.966 0.044
vt 0.966 0.043
vt 0.966 0.044
vt 0.966 0.044
vt 0.966 0.043
vt 0.966 0.044
vt 0.966 0.043
vt 0.966 0.043
vt 0.966 0.044
vt 0.865 0.732
vt 0.835 0.748
vt 0.771 0.732
vt 0.835 0.748
vt 0.81 0.764
vt 0.771 0.732
vt 0.81 0.764
vt 0.793 0.789
vt 0.771 0.732
vt 0.793 0.789
vt 0.787 0.819
vt 0.771 0.732
vt 0.787 0.819
vt 0.771 0.906
vt 0.771 0.732
vt 0.865 0.742
vt 0.835 0.748
vt 0.865 0.732
vt 0.793 0.849
vt 0.771 0.906
vt 0.787 0.819
vt 0.81 0.874
vt 0.771 0.906
vt 0.793 0.849
vt 0.835 0.891
vt 0.771 0.906
vt 0.81 0.874
vt 0.771 0.906
vt 0.835 0.891
vt 0.865 0.906
vt 0.865 0.906
vt 0.835 0.891
vt 0.865 0.896
vt 0.954 0.032
vt 0.954 0.032
vt 0.966 0.032
vt 0.954 0.032
vt 0.965 0.032
vt 0.966 0.032
vt 0.964 0.044
vt 0.965 0.036
vt 0.965 0.036
vt 0.771 0.537
vt 0.771 0.568
vt 0.75 0.537
vt 0.771 0.568
vt 0.75 0.568
vt 0.75 0.537
vt 0.962 0.054
vt 0.962 0.054
vt 0.954 0.054
vt 0.962 0.054
vt 0.954 0.054
vt 0.954 0.054
vt 0.499 0.732
vt 0.679 0.732
vt 0.499 0.905
vt 0.679 0.732
vt 0.649 0.905
vt 0.499 0.905
vt 0.709 0.568
vt 0.679 0.732
vt 0.499 0.568
vt 0.679 0.732
vt 0.499 0.732
vt 0.499 0.568
vt 0.967 0.032
vt 0.965 0.032
vt 0.968 0.032
vt 0.965 0.032
vt 0.968 0.032
vt 0.968 0.032
vt 0.771 0.929
vt 0.771 0.906
vt 0.865 0.929
vt 0.771 0.906
vt 0.865 0.906
vt 0.865 0.929
vt 0.958 0.054
vt 0.962 0.054
vt 0.958 0.054
vt 0.958 0.054
vt 0.962 0.054
vt 0.962 0.054
vt 0.957 0.054
vt 0.962 0.054
vt 0.958 0.054
vt 0.956 0.054
vt 0.962 0.054
vt 0.957 0.054
vt 0.962 0.054
vt 0.956 0.054
vt 0.954 0.054
vt 0.954 0.054
vt 0.956 0.054
vt 0.954 0.054
vt 0.967 0.032
vt 0.967 0.032
vt 0.967 0.032
vt 0.967 0.032
vt 0.967 0.032
vt 0.968 0.032
vt 0.968 0.032
vt 0.967 0.032
vt 0.968 0.032
vt 0.968 0.032
vt 0.967 0.032
vt 0.968 0.032
vt 0.662 0.92
vt 0.649 0.905
vt 0.668 0.912
vt 0.75 0.906
vt 0.771 0.906
vt 0.752 0.913
vt 0.771 0.906
vt 0.763 0.926
vt 0.757 0.921
vt 0.662 0.92
vt 0.654 0.925
vt 0.649 0.905
vt 0.962 0.054
vt 0.963 0.054
vt 0.963 0.054
vt 0.962 0.054
vt 0.963 0.054
vt 0.962 0.054
vt 0.649 0.905
vt 0.654 0.925
vt 0.644 0.928
vt 0.967 0.032
vt 0.967 0.032
vt 0.967 0.033
vt 0.967 0.032
vt 0.967 0.033
vt 0.967 0.033
vt 0.967 0.032
vt 0.968 0.032
vt 0.967 0.033
vt 0.968 0.032
vt 0.968 0.033
vt 0.967 0.033
vt 0.968 0.032
vt 0.968 0.032
vt 0.968 0.033
vt 0.968 0.032
vt 0.968 0.033
vt 0.968 0.033
vt 0.968 0.032
vt 0.968 0.032
vt 0.968 0.033
vt 0.968 0.032
vt 0.968 0.033
vt 0.968 0.033
vt 0.771 0.929
vt 0.763 0.926
vt 0.771 0.906
vt 0.967 0.033
vt 0.967 0.033
vt 0.966 0.043
vt 0.967 0.033
vt 0.966 0.043
vt 0.966 0.043
vt 0.967 0.033
vt 0.968 0.033
vt 0.966 0.043
vt 0.968 0.033
vt 0.966 0.043
vt 0.966 0.043
vt 0.968 0.033
vt 0.968 0.033
vt 0.966 0.043
vt 0.968 0.033
vt 0.966 0.043
vt 0.966 0.043
vt 0.968 0.033
vt 0.968 0.033
vt 0.966 0.043
vt 0.968 0.033
vt 0.966 0.043
vt 0.966 0.043
vt 0.964 0.053
vt 0.964 0.053
vt 0.966 0.043
vt 0.964 0.053
vt 0.966 0.043
vt 0.966 0.043
vt 0.964 0.053
vt 0.964 0.053
vt 0.966 0.043
vt 0.964 0.053
vt 0.966 0.043
vt 0.966 0.043
vt 0.964 0.053
vt 0.964 0.053
vt 0.966 0.043
vt 0.964 0.053
vt 0.966 0.043
vt 0.966 0.043
vt 0.964 0.053
vt 0.964 0.053
vt 0.966 0.043
vt 0.964 0.053
vt 0.966 0.043
vt 0.966 0.043
vt 0.963 0.054
vt 0.962 0.054
vt 0.963 0.054
vt 0.771 0.906
vt 0.757 0.921
vt 0.752 0.913
vt 0.963 0.054
vt 0.964 0.054
vt 0.963 0.054
vt 0.964 0.054
vt 0.964 0.054
vt 0.963 0.054
vt 0.964 0.054
vt 0.964 0.054
vt 0.964 0.054
vt 0.964 0.054
vt 0.964 0.054
vt 0.964 0.054
vt 0.964 0.054
vt 0.964 0.054
vt 0.964 0.054
vt 0.964 0.054
vt 0.964 0.054
vt 0.964 0.054
vt 0.964 0.054
vt 0.964 0.054
vt 0.964 0.054
vt 0.964 0.054
vt 0.964 0.054
vt 0.964 0.054
vt 0.962 0.054
vt 0.963 0.054
vt 0.963 0.054
vt 0.668 0.912
vt 0.649 0.905
vt 0.67 0.905
vt 0.962 0.054
vt 0.962 0.054
vt 0.954 0.054
vt 0.962 0.054
vt 0.954 0.054
vt 0.954 0.054
vt 0.962 0.054
vt 0.962 0.054
vt 0.954 0.054
vt 0.962 0.054
vt 0.954 0.054
vt 0.954 0.054
vt 0.962 0.054
vt 0.962 0.054
vt 0.954 0.054
vt 0.962 0.054
vt 0.954 0.054
vt 0.954 0.054
vt 0.962 0.054
vt 0.962 0.054
vt 0.954 0.054
vt 0.962 0.054
vt 0.954 0.054
vt 0.954 0.054
vt 0.499 0.905
vt 0.649 0.905
vt 0.499 0.928
vt 0.649 0.905
vt 0.644 0.928
vt 0.499 0.928
vt 0.962 0.032
vt 0.96 0.032
vt 0.962 0.032
vt 0.96 0.032
vt 0.96 0.032
vt 0.962 0.032
vt 0.962 0.032
vt 0.96 0.032
vt 0.962 0.052
vt 0.96 0.032
vt 0.96 0.052
vt 0.962 0.052
vt 0.96 0.032
vt 0.96 0.032
vt 0.96 0.052
vt 0.96 0.032
vt 0.96 0.052
vt 0.96 0.052
vt 0.962 0.032
vt 0.962 0.032
vt 0.962 0.052
vt 0.962 0.032
vt 0.962 0.052
vt 0.962 0.052
vt 0.959 0.032
vt 0.959 0.032
vt 0.958 0.032
vt 0.959 0.032
vt 0.958 0.032
vt 0.958 0.032
vt 0.959 0.032
vt 0.959 0.032
vt 0.957 0.032
vt 0.959 0.032
vt 0.958 0.032
vt 0.957 0.032
vt 0.958 0.032
vt 0.959 0.032
vt 0.957 0.032
vt 0.959 0.032
vt 0.957 0.032
vt 0.957 0.032
vt 0.956 0.032
vt 0.957 0.032
vt 0.957 0.032
vt 0.957 0.032
vt 0.958 0.032
vt 0.957 0.032
vt 0.957 0.032
vt 0.956 0.032
vt 0.956 0.032
vt 0.956 0.032
vt 0.957 0.032
vt 0.956 0.032
vt 0.957 0.032
vt 0.957 0.032
vt 0.956 0.032
vt 0.956 0.032
vt 0.957 0.032
vt 0.956 0.032
vt 0.957 0.032
vt 0.957 0.032
vt 0.956 0.032
vt 0.957 0.032
vt 0.957 0.032
vt 0.956 0.032
vt 0.957 0.032
vt 0.956 0.032
vt 0.956 0.032
vt 0.956 0.033
vt 0.957 0.033
vt 0.956 0.032
vt 0.957 0.033
vt 0.957 0.032
vt 0.956 0.032
vt 0.956 0.032
vt 0.957 0.032
vt 0.956 0.032
vt 0.957 0.032
vt 0.957 0.032
vt 0.956 0.032
vt 0.957 0.032
vt 0.957 0.052
vt 0.957 0.032
vt 0.957 0.052
vt 0.957 0.052
vt 0.957 0.032
vt 0.957 0.032
vt 0.957 0.052
vt 0.957 0.032
vt 0.957 0.052
vt 0.957 0.052
vt 0.957 0.032
vt 0.958 0.032
vt 0.958 0.052
vt 0.958 0.032
vt 0.958 0.052
vt 0.958 0.052
vt 0.958 0.032
vt 0.956 0.032
vt 0.956 0.052
vt 0.956 0.032
vt 0.956 0.052
vt 0.956 0.052
vt 0.956 0.032
vt 0.956 0.034
vt 0.957 0.034
vt 0.956 0.033
vt 0.957 0.034
vt 0.957 0.033
vt 0.956 0.033
vt 0.958 0.032
vt 0.958 0.052
vt 0.959 0.032
vt 0.958 0.052
vt 0.959 0.052
vt 0.959 0.032
vt 0.956 0.032
vt 0.956 0.052
vt 0.956 0.032
vt 0.956 0.052
vt 0.956 0.052
vt 0.956 0.032
vt 0.959 0.032
vt 0.959 0.052
vt 0.959 0.032
vt 0.959 0.052
vt 0.959 0.052
vt 0.959 0.032
vt 0.957 0.032
vt 0.957 0.052
vt 0.957 0.032
vt 0.957 0.052
vt 0.957 0.052
vt 0.957 0.032
vt 0.956 0.032
vt 0.956 0.052
vt 0.956 0.034
vt 0.956 0.052
vt 0.956 0.04
vt 0.956 0.034
vt 0.957 0.032
vt 0.957 0.052
vt 0.958 0.032
vt 0.957 0.052
vt 0.958 0.052
vt 0.958 0.032
vt 0.957 0.032
vt 0.957 0.052
vt 0.956 0.032
vt 0.957 0.052
vt 0.956 0.052
vt 0.956 0.032
vt 0.958 0.032
vt 0.958 0.052
vt 0.957 0.032
vt 0.958 0.052
vt 0.957 0.052
vt 0.957 0.032
vt 0.956 0.032
vt 0.956 0.052
vt 0.956 0.032
vt 0.956 0.052
vt 0.956 0.052
vt 0.956 0.032
vt 0.956 0.032
vt 0.956 0.052
vt 0.956 0.032
vt 0.956 0.052
vt 0.956 0.052
vt 0.956 0.032
vt 0.957 0.032
vt 0.957 0.052
vt 0.957 0.032
vt 0.957 0.052
vt 0.957 0.052
vt 0.957 0.032
vt 0.959 0.032
vt 0.959 0.052
vt 0.959 0.032
vt 0.959 0.052
vt 0.959 0.052
vt 0.959 0.032
vt 0.956 0.04
vt 0.956 0.041
vt 0.957 0.04
vt 0.956 0.041
vt 0.957 0.041
vt 0.957 0.04
vt 0.956 0.041
vt 0.956 0.041
vt 0.957 0.041
vt 0.956 0.041
vt 0.957 0.041
vt 0.957 0.041
vt 0.956 0.041
vt 0.956 0.041
vt 0.957 0.041
vt 0.956 0.041
vt 0.957 0.041
vt 0.957 0.041
vt 0.956 0.041
vt 0.956 0.041
vt 0.957 0.041
vt 0.956 0.041
vt 0.957 0.041
vt 0.957 0.041
vt 0.957 0.052
vt 0.957 0.041
vt 0.957 0.041
vt 0.957 0.052
vt 0.957 0.041
vt 0.957 0.041
vt 0.957 0.052
vt 0.957 0.041
vt 0.957 0.041
vt 0.957 0.052
vt 0.957 0.04
vt 0.957 0.041
vt 0.956 0.052
vt 0.956 0.041
vt 0.956 0.04
vt 0.956 0.052
vt 0.956 0.041
vt 0.956 0.041
vt 0.956 0.052
vt 0.956 0.041
vt 0.956 0.041
vt 0.956 0.052
vt 0.956 0.041
vt 0.956 0.041
vt 0.956 0.041
vt 0.956 0.052
vt 0.956 0.052
vt 0.957 0.052
vt 0.957 0.041
vt 0.957 0.052
vt 0.957 0.032
vt 0.956 0.032
vt 0.957 0.032
vt 0.956 0.032
vt 0.956 0.032
vt 0.957 0.032
vt 0.956 0.032
vt 0.956 0.032
vt 0.956 0.033
vt 0.956 0.034
vt 0.956 0.033
vt 0.956 0.032
vt 0.956 0.033
vt 0.956 0.032
vt 0.956 0.032
vt 0.956 0.04
vt 0.957 0.04
vt 0.956 0.034
vt 0.957 0.04
vt 0.957 0.034
vt 0.956 0.034
vt 0.957 0.04
vt 0.957 0.052
vt 0.957 0.034
vt 0.957 0.052
vt 0.957 0.032
vt 0.957 0.034
vt 0.957 0.033
vt 0.957 0.034
vt 0.957 0.032
vt 0.957 0.034
vt 0.957 0.032
vt 0.957 0.032
vt 0.957 0.032
vt 0.957 0.033
vt 0.957 0.032
vt 0.964 0.053
vt 0.964 0.053
vt 0.964 0.053
vt 0.964 0.053
vt 0.964 0.053
vt 0.964 0.053
vt 0.964 0.053
vt 0.964 0.053
vt 0.964 0.053
vt 0.964 0.053
vt 0.964 0.053
vt 0.964 0.053
vt 0.964 0.053
vt 0.964 0.053
vt 0.964 0.053
vt 0.964 0.053
vt 0.964 0.053
vt 0.964 0.053
vt 0.964 0.053
vt 0.964 0.053
vt 0.964 0.053
vt 0.964 0.053
vt 0.964 0.053
vt 0.964 0.053
vt 0.963 0.053
vt 0.964 0.053
vt 0.964 0.053
vt 0.964 0.053
vt 0.964 0.053
vt 0.964 0.053
vt 0.964 0.053
vt 0.964 0.053
vt 0.964 0.053
vt 0.964 0.053
vt 0.964 0.053
vt 0.964 0.053
vt 0.964 0.053
vt 0.964 0.053
vt 0.964 0.053
vt 0.964 0.053
vt 0.964 0.053
vt 0.964 0.053
vt 0.964 0.053
vt 0.964 0.053
vt 0.964 0.053
vt 0.964 0.053
vt 0.964 0.053
vt 0.964 0.053
vt 0.963 0.054
vt 0.963 0.053
vt 0.963 0.054
vt 0.964 0.054
vt 0.964 0.053
vt 0.964 0.054
vt 0.964 0.053
vt 0.964 0.053
vt 0.964 0.054
vt 0.964 0.054
vt 0.964 0.053
vt 0.964 0.054
vt 0.964 0.053
vt 0.964 0.053
vt 0.964 0.054
vt 0.964 0.054
vt 0.964 0.054
vt 0.964 0.054
vt 0.964 0.054
vt 0.964 0.054
vt 0.964 0.054
vt 0.964 0.054
vt 0.964 0.054
vt 0.964 0.054
vt 0.964 0.054
vt 0.964 0.054
vt 0.964 0.054
vt 0.964 0.054
vt 0.964 0.054
vt 0.964 0.054
vt 0.964 0.054
vt 0.964 0.054
vt 0.964 0.054
vt 0.963 0.054
vt 0.964 0.054
vt 0.964 0.054
vt 0.964 0.054
vt 0.964 0.054
vt 0.964 0.054
vt 0.963 0.054
vt 0.963 0.054
vt 0.963 0.054
vt 0.963 0.054
vt 0.964 0.054
vt 0.963 0.054
vt 0.964 0.054
vt 0.964 0.054
vt 0.964 0.054
vt 0.964 0.054
vt 0.964 0.054
vt 0.964 0.054
vt 0.964 0.054
vt 0.964 0.054
vt 0.964 0.054
vt 0.964 0.054
vt 0.964 0.054
vt 0.964 0.054
vt 0.964 0.054
vt 0.963 0.054
vt 0.964 0.054
vt 0.963 0.054
vt 0.964 0.054
vt 0.964 0.054
vt 0.963 0.054
vt 0.963 0.054
vt 0.964 0.054
vt 0.963 0.054
vt 0.963 0.054
vt 0.964 0.054
vt 0.964 0.054
vt 0.964 0.054
vt 0.964 0.054
vt 0.964 0.054
vt 0.964 0.054
vt 0.964 0.054
vt 0.963 0.054
vt 0.963 0.054
vt 0.963 0.054
vt 0.963 0.054
vt 0.963 0.054
vt 0.963 0.054
vt 0.964 0.054
vt 0.964 0.054
vt 0.964 0.054
vt 0.964 0.054
vt 0.964 0.054
vt 0.964 0.054
vt 0.964 0.054
vt 0.964 0.054
vt 0.964 0.054
vt 0.964 0.054
vt 0.964 0.054
vt 0.964 0.054
vt 0.964 0.054
vt 0.964 0.054
vt 0.964 0.054
vt 0.964 0.054
vt 0.963 0.054
vt 0.964 0.054
vt 0.963 0.054
vt 0.963 0.054
vt 0.964 0.054
vt 0.963 0.054
vt 0.964 0.054
vt 0.964 0.054
vt 0.964 0.054
vt 0.964 0.054
vt 0.964 0.054
vt 0.964 0.054
vt 0.964 0.054
vt 0.964 0.054
vt 0.964 0.054
vt 0.964 0.054
vt 0.964 0.054
vt 0.964 0.054
vt 0.964 0.054
vt 0.964 0.054
vt 0.964 0.054
vt 0.964 0.054
vt 0.964 0.054
vt 0.964 0.054
vt 0.964 0.054
vt 0.964 0.054
vt 0.964 0.054
vt 0.964 0.054
vt 0.964 0.054
vt 0.964 0.054
vt 0.964 0.054
vt 0.964 0.054
vt 0.964 0.054
vt 0.964 0.054
vt 0.964 0.054
vt 0.964 0.054
vt 0.964 0.054
vt 0.964 0.054
vt 0.964 0.054
vt 0.964 0.054
vt 0.964 0.054
vt 0.964 0.054
vt 0.964 0.054
vt 0.964 0.054
vt 0.964 0.054
vt 0.964 0.054
vt 0.964 0.054
vt 0.964 0.054
vt 0.964 0.054
vt 0.964 0.054
vt 0.964 0.054
vt 0.964 0.054
vt 0.964 0.054
vt 0.964 0.054
vt 0.964 0.054
vt 0.964 0.054
vt 0.964 0.054
vt 0.964 0.053
vt 0.964 0.054
vt 0.964 0.053
vt 0.964 0.053
vt 0.964 0.054
vt 0.964 0.053
vt 0.964 0.054
vt 0.964 0.054
vt 0.963 0.054
vt 0.964 0.054
vt 0.963 0.054
vt 0.964 0.054
vt 0.964 0.054
vt 0.963 0.054
vt 0.963 0.054
vt 0.964 0.054
vt 0.963 0.054
vt 0.964 0.054
vt 0.963 0.054
vt 0.963 0.054
vt 0.963 0.054
vt 0.963 0.054
vt 0.963 0.054
vt 0.963 0.054
vt 0.963 0.054
vt 0.963 0.054
vt 0.962 0.054
vt 0.963 0.054
vt 0.962 0.054
vt 0.963 0.054
vt 0.963 0.054
vt 0.962 0.054
vt 0.962 0.054
vt 0.963 0.054
vt 0.962 0.054
vt 0.963 0.054
vt 0.963 0.054
vt 0.962 0.054
vt 0.962 0.054
vt 0.963 0.054
vt 0.962 0.054
vt 0.963 0.054
vt 0.963 0.054
vt 0.962 0.054
vt 0.962 0.054
vt 0.963 0.054
vt 0.962 0.054
vt 0.963 0.054
vt 0.963 0.054
vt 0.962 0.054
vt 0.963 0.054
vt 0.963 0.054
vt 0.962 0.054
vt 0.964 0.054
vt 0.964 0.054
vt 0.963 0.054
vt 0.963 0.054
vt 0.963 0.054
vt 0.963 0.054
vt 0.963 0.054
vt 0.963 0.054
vt 0.963 0.054
vt 0.963 0.054
vt 0.963 0.054
vt 0.963 0.054
vt 0.963 0.054
vt 0.963 0.054
vt 0.963 0.054
vt 0.963 0.054
vt 0.963 0.054
vt 0.963 0.054
vt 0.963 0.054
vt 0.963 0.054
vt 0.963 0.054
vt 0.964 0.054
vt 0.963 0.054
vt 0.964 0.053
vt 0.963 0.054
vt 0.963 0.053
vt 0.964 0.053
vt 0.963 0.054
vt 0.963 0.054
vt 0.963 0.054
vt 0.963 0.054
vt 0.963 0.054
vt 0.963 0.054
vt 0.964 0.054
vt 0.964 0.054
vt 0.963 0.054
vt 0.964 0.054
vt 0.963 0.054
vt 0.963 0.054
vt 0.963 0.054
vt 0.963 0.054
vt 0.963 0.054
vt 0.963 0.054
vt 0.963 0.054
vt 0.963 0.054
vt 0.95 0.065
vt 0.954 0.065
vt 0.951 0.065
vt 0.954 0.065
vt 0.954 0.065
vt 0.952 0.065
vt 0.954 0.065
vt 0.952 0.065
vt 0.951 0.065
vt 0.954 0.065
vt 0.95 0.065
vt 0.95 0.065
vt 0.793 0.469
vt 0.793 0.38
vt 0.807 0.469
vt 0.793 0.38
vt 0.807 0.38
vt 0.807 0.469
vt 0.779 0.469
vt 0.779 0.38
vt 0.793 0.469
vt 0.779 0.38
vt 0.793 0.38
vt 0.793 0.469
vt 0.764 0.469
vt 0.764 0.38
vt 0.779 0.469
vt 0.764 0.38
vt 0.779 0.38
vt 0.779 0.469
vt 0.75 0.38
vt 0.764 0.38
vt 0.75 0.469
vt 0.764 0.38
vt 0.764 0.469
vt 0.75 0.469
vt 0.018 0.906
vt 0.018 0.732
vt 0.039 0.906
vt 0.018 0.732
vt 0.039 0.732
vt 0.039 0.906
vt 0.018 0.732
vt 0.018 0.568
vt 0.039 0.732
vt 0.018 0.568
vt 0.039 0.568
vt 0.039 0.732
vt 0.709 0.104
vt 0.499 0.104
vt 0.709 0.073
vt 0.499 0.104
vt 0.499 0.073
vt 0.709 0.073
vt 0.679 0.268
vt 0.701 0.268
vt 0.649 0.441
vt 0.701 0.268
vt 0.67 0.441
vt 0.649 0.441
vt 0.944 0.044
vt 0.944 0.044
vt 0.942 0.044
vt 0.944 0.044
vt 0.942 0.044
vt 0.942 0.044
vt 0.944 0.044
vt 0.944 0.045
vt 0.942 0.044
vt 0.944 0.045
vt 0.943 0.045
vt 0.942 0.044
vt 0.944 0.046
vt 0.943 0.046
vt 0.944 0.045
vt 0.943 0.046
vt 0.943 0.045
vt 0.944 0.045
vt 0.945 0.047
vt 0.943 0.048
vt 0.944 0.046
vt 0.943 0.048
vt 0.943 0.046
vt 0.944 0.046
vt 0.945 0.049
vt 0.943 0.049
vt 0.945 0.047
vt 0.943 0.049
vt 0.943 0.048
vt 0.945 0.047
vt 0.945 0.049
vt 0.945 0.05
vt 0.943 0.049
vt 0.945 0.05
vt 0.943 0.05
vt 0.943 0.049
vt 0.945 0.05
vt 0.944 0.051
vt 0.945 0.05
vt 0.944 0.051
vt 0.943 0.05
vt 0.945 0.05
vt 0.945 0.051
vt 0.944 0.051
vt 0.945 0.05
vt 0.944 0.051
vt 0.944 0.051
vt 0.945 0.05
vt 0.94 0.032
vt 0.943 0.032
vt 0.94 0.032
vt 0.943 0.032
vt 0.943 0.032
vt 0.94 0.032
vt 0.942 0.043
vt 0.942 0.044
vt 0.942 0.043
vt 0.942 0.044
vt 0.942 0.043
vt 0.942 0.043
vt 0.941 0.032
vt 0.942 0.032
vt 0.941 0.032
vt 0.942 0.032
vt 0.943 0.032
vt 0.941 0.032
vt 0.039 0.732
vt 0.039 0.568
vt 0.133 0.732
vt 0.039 0.568
vt 0.133 0.568
vt 0.133 0.732
vt 0.709 0.104
vt 0.709 0.073
vt 0.731 0.104
vt 0.709 0.073
vt 0.731 0.073
vt 0.731 0.104
vt 0.942 0.044
vt 0.942 0.044
vt 0.942 0.043
vt 0.942 0.044
vt 0.942 0.044
vt 0.942 0.043
vt 0.679 0.268
vt 0.709 0.104
vt 0.701 0.268
vt 0.709 0.104
vt 0.731 0.104
vt 0.701 0.268
vt 0.943 0.046
vt 0.943 0.046
vt 0.942 0.044
vt 0.943 0.046
vt 0.942 0.044
vt 0.942 0.044
vt 0.946 0.054
vt 0.946 0.054
vt 0.945 0.054
vt 0.946 0.054
vt 0.945 0.054
vt 0.945 0.054
vt 0.943 0.048
vt 0.943 0.048
vt 0.943 0.046
vt 0.943 0.048
vt 0.943 0.046
vt 0.943 0.046
vt 0.943 0.049
vt 0.943 0.049
vt 0.943 0.048
vt 0.943 0.049
vt 0.943 0.048
vt 0.943 0.048
vt 0.944 0.051
vt 0.943 0.051
vt 0.943 0.049
vt 0.943 0.051
vt 0.943 0.049
vt 0.943 0.049
vt 0.944 0.052
vt 0.944 0.052
vt 0.944 0.051
vt 0.944 0.052
vt 0.943 0.051
vt 0.944 0.051
vt 0.039 0.568
vt 0.039 0.537
vt 0.133 0.568
vt 0.039 0.537
vt 0.133 0.537
vt 0.133 0.568
vt 0.945 0.051
vt 0.945 0.052
vt 0.945 0.052
vt 0.944 0.052
vt 0.944 0.052
vt 0.944 0.052
vt 0.944 0.052
vt 0.944 0.052
vt 0.944 0.052
vt 0.944 0.044
vt 0.943 0.036
vt 0.944 0.044
vt 0.943 0.036
vt 0.943 0.032
vt 0.954 0.036
vt 0.943 0.032
vt 0.954 0.032
vt 0.954 0.036
vt 0.944 0.045
vt 0.944 0.044
vt 0.943 0.036
vt 0.944 0.046
vt 0.944 0.045
vt 0.943 0.036
vt 0.954 0.052
vt 0.945 0.052
vt 0.954 0.052
vt 0.945 0.052
vt 0.945 0.052
vt 0.954 0.052
vt 0.944 0.046
vt 0.943 0.036
vt 0.945 0.047
vt 0.943 0.032
vt 0.943 0.036
vt 0.943 0.032
vt 0.943 0.036
vt 0.943 0.036
vt 0.943 0.032
vt 0.945 0.052
vt 0.945 0.05
vt 0.945 0.05
vt 0.945 0.052
vt 0.945 0.05
vt 0.945 0.049
vt 0.945 0.052
vt 0.945 0.051
vt 0.945 0.05
vt 0.945 0.052
vt 0.945 0.049
vt 0.945 0.047
vt 0.943 0.036
vt 0.954 0.036
vt 0.945 0.052
vt 0.954 0.036
vt 0.954 0.052
vt 0.945 0.052
vt 0.945 0.047
vt 0.943 0.036
vt 0.945 0.052
vt 0.944 0.051
vt 0.944 0.052
vt 0.944 0.051
vt 0.944 0.052
vt 0.944 0.052
vt 0.944 0.051
vt 0.944 0.051
vt 0.944 0.052
vt 0.943 0.05
vt 0.944 0.052
vt 0.944 0.051
vt 0.943 0.05
vt 0.943 0.05
vt 0.944 0.051
vt 0.943 0.049
vt 0.944 0.051
vt 0.943 0.049
vt 0.943 0.049
vt 0.943 0.049
vt 0.943 0.049
vt 0.943 0.048
vt 0.943 0.049
vt 0.943 0.048
vt 0.943 0.048
vt 0.943 0.048
vt 0.943 0.048
vt 0.943 0.046
vt 0.943 0.048
vt 0.943 0.046
vt 0.943 0.046
vt 0.943 0.046
vt 0.943 0.046
vt 0.943 0.045
vt 0.943 0.046
vt 0.942 0.044
vt 0.943 0.045
vt 0.943 0.045
vt 0.942 0.044
vt 0.942 0.044
vt 0.942 0.044
vt 0.942 0.043
vt 0.942 0.044
vt 0.942 0.044
vt 0.942 0.043
vt 0.942 0.044
vt 0.942 0.043
vt 0.942 0.043
vt 0.942 0.044
vt 0.133 0.732
vt 0.103 0.748
vt 0.039 0.732
vt 0.103 0.748
vt 0.078 0.764
vt 0.039 0.732
vt 0.078 0.764
vt 0.061 0.789
vt 0.039 0.732
vt 0.061 0.789
vt 0.055 0.819
vt 0.039 0.732
vt 0.055 0.819
vt 0.039 0.906
vt 0.039 0.732
vt 0.133 0.742
vt 0.103 0.748
vt 0.133 0.732
vt 0.061 0.849
vt 0.039 0.906
vt 0.055 0.819
vt 0.078 0.874
vt 0.039 0.906
vt 0.061 0.849
vt 0.103 0.891
vt 0.039 0.906
vt 0.078 0.874
vt 0.039 0.906
vt 0.103 0.891
vt 0.133 0.906
vt 0.133 0.906
vt 0.103 0.891
vt 0.133 0.896
vt 0.954 0.032
vt 0.954 0.032
vt 0.942 0.032
vt 0.954 0.032
vt 0.943 0.032
vt 0.942 0.032
vt 0.944 0.044
vt 0.943 0.036
vt 0.943 0.036
vt 0.039 0.537
vt 0.039 0.568
vt 0.018 0.537
vt 0.039 0.568
vt 0.018 0.568
vt 0.018 0.537
vt 0.946 0.054
vt 0.946 0.054
vt 0.954 0.054
vt 0.946 0.054
vt 0.954 0.054
vt 0.954 0.054
vt 0.499 0.268
vt 0.679 0.268
vt 0.499 0.441
vt 0.679 0.268
vt 0.649 0.441
vt 0.499 0.441
vt 0.709 0.104
vt 0.679 0.268
vt 0.499 0.104
vt 0.679 0.268
vt 0.499 0.268
vt 0.499 0.104
vt 0.941 0.032
vt 0.943 0.032
vt 0.94 0.032
vt 0.943 0.032
vt 0.94 0.032
vt 0.94 0.032
vt 0.039 0.929
vt 0.039 0.906
vt 0.133 0.929
vt 0.039 0.906
vt 0.133 0.906
vt 0.133 0.929
vt 0.95 0.054
vt 0.946 0.054
vt 0.95 0.054
vt 0.95 0.054
vt 0.946 0.054
vt 0.946 0.054
vt 0.951 0.054
vt 0.946 0.054
vt 0.95 0.054
vt 0.952 0.054
vt 0.946 0.054
vt 0.951 0.054
vt 0.946 0.054
vt 0.952 0.054
vt 0.954 0.054
vt 0.954 0.054
vt 0.952 0.054
vt 0.954 0.054
vt 0.941 0.032
vt 0.941 0.032
vt 0.941 0.032
vt 0.941 0.032
vt 0.941 0.032
vt 0.94 0.032
vt 0.94 0.032
vt 0.941 0.032
vt 0.94 0.032
vt 0.94 0.032
vt 0.941 0.032
vt 0.94 0.032
vt 0.662 0.456
vt 0.649 0.441
vt 0.668 0.448
vt 0.018 0.906
vt 0.039 0.906
vt 0.02 0.913
vt 0.039 0.906
vt 0.031 0.926
vt 0.025 0.921
vt 0.662 0.456
vt 0.654 0.461
vt 0.649 0.441
vt 0.946 0.054
vt 0.945 0.054
vt 0.945 0.054
vt 0.946 0.054
vt 0.945 0.054
vt 0.946 0.054
vt 0.649 0.441
vt 0.654 0.461
vt 0.644 0.464
vt 0.941 0.032
vt 0.941 0.032
vt 0.941 0.033
vt 0.941 0.032
vt 0.941 0.033
vt 0.941 0.033
vt 0.941 0.032
vt 0.94 0.032
vt 0.941 0.033
vt 0.94 0.032
vt 0.94 0.033
vt 0.941 0.033
vt 0.94 0.032
vt 0.94 0.032
vt 0.94 0.033
vt 0.94 0.032
vt 0.94 0.033
vt 0.94 0.033
vt 0.94 0.032
vt 0.94 0.032
vt 0.94 0.033
vt 0.94 0.032
vt 0.94 0.033
vt 0.94 0.033
vt 0.039 0.929
vt 0.031 0.926
vt 0.039 0.906
vt 0.941 0.033
vt 0.941 0.033
vt 0.942 0.043
vt 0.941 0.033
vt 0.942 0.043
vt 0.942 0.043
vt 0.941 0.033
vt 0.94 0.033
vt 0.942 0.043
vt 0.94 0.033
vt 0.942 0.043
vt 0.942 0.043
vt 0.94 0.033
vt 0.94 0.033
vt 0.942 0.043
vt 0.94 0.033
vt 0.942 0.043
vt 0.942 0.043
vt 0.94 0.033
vt 0.94 0.033
vt 0.942 0.043
vt 0.94 0.033
vt 0.942 0.043
vt 0.942 0.043
vt 0.944 0.053
vt 0.944 0.053
vt 0.942 0.043
vt 0.944 0.053
vt 0.942 0.043
vt 0.942 0.043
vt 0.944 0.053
vt 0.944 0.053
vt 0.942 0.043
vt 0.944 0.053
vt 0.942 0.043
vt 0.942 0.043
vt 0.944 0.053
vt 0.944 0.053
vt 0.942 0.043
vt 0.944 0.053
vt 0.942 0.043
vt 0.942 0.043
vt 0.944 0.053
vt 0.944 0.053
vt 0.942 0.043
vt 0.944 0.053
vt 0.942 0.043
vt 0.942 0.043
vt 0.945 0.054
vt 0.946 0.054
vt 0.945 0.054
vt 0.039 0.906
vt 0.025 0.921
vt 0.02 0.913
vt 0.945 0.054
vt 0.944 0.054
vt 0.945 0.054
vt 0.944 0.054
vt 0.944 0.054
vt 0.945 0.054
vt 0.944 0.054
vt 0.944 0.054
vt 0.944 0.054
vt 0.944 0.054
vt 0.944 0.054
vt 0.944 0.054
vt 0.944 0.054
vt 0.944 0.054
vt 0.944 0.054
vt 0.944 0.054
vt 0.944 0.054
vt 0.944 0.054
vt 0.944 0.054
vt 0.944 0.054
vt 0.944 0.054
vt 0.944 0.054
vt 0.944 0.054
vt 0.944 0.054
vt 0.946 0.054
vt 0.945 0.054
vt 0.945 0.054
vt 0.668 0.448
vt 0.649 0.441
vt 0.67 0.441
vt 0.946 0.054
vt 0.946 0.054
vt 0.954 0.054
vt 0.946 0.054
vt 0.954 0.054
vt 0.954 0.054
vt 0.946 0.054
vt 0.946 0.054
vt 0.954 0.054
vt 0.946 0.054
vt 0.954 0.054
vt 0.954 0.054
vt 0.946 0.054
vt 0.946 0.054
vt 0.954 0.054
vt 0.946 0.054
vt 0.954 0.054
vt 0.954 0.054
vt 0.946 0.054
vt 0.946 0.054
vt 0.954 0.054
vt 0.946 0.054
vt 0.954 0.054
vt 0.954 0.054
vt 0.499 0.441
vt 0.649 0.441
vt 0.499 0.464
vt 0.649 0.441
vt 0.644 0.464
vt 0.499 0.464
vt 0.946 0.032
vt 0.948 0.032
vt 0.946 0.032
vt 0.948 0.032
vt 0.948 0.032
vt 0.946 0.032
vt 0.946 0.032
vt 0.948 0.032
vt 0.946 0.052
vt 0.948 0.032
vt 0.948 0.052
vt 0.946 0.052
vt 0.948 0.032
vt 0.948 0.032
vt 0.948 0.052
vt 0.948 0.032
vt 0.948 0.052
vt 0.948 0.052
vt 0.946 0.032
vt 0.946 0.032
vt 0.946 0.052
vt 0.946 0.032
vt 0.946 0.052
vt 0.946 0.052
vt 0.949 0.032
vt 0.949 0.032
vt 0.95 0.032
vt 0.949 0.032
vt 0.95 0.032
vt 0.95 0.032
vt 0.949 0.032
vt 0.949 0.032
vt 0.951 0.032
vt 0.949 0.032
vt 0.95 0.032
vt 0.951 0.032
vt 0.95 0.032
vt 0.949 0.032
vt 0.951 0.032
vt 0.949 0.032
vt 0.951 0.032
vt 0.951 0.032
vt 0.952 0.032
vt 0.951 0.032
vt 0.951 0.032
vt 0.951 0.032
vt 0.95 0.032
vt 0.951 0.032
vt 0.951 0.032
vt 0.952 0.032
vt 0.952 0.032
vt 0.952 0.032
vt 0.951 0.032
vt 0.952 0.032
vt 0.951 0.032
vt 0.951 0.032
vt 0.952 0.032
vt 0.952 0.032
vt 0.951 0.032
vt 0.952 0.032
vt 0.951 0.032
vt 0.951 0.032
vt 0.952 0.032
vt 0.951 0.032
vt 0.951 0.032
vt 0.952 0.032
vt 0.951 0.032
vt 0.952 0.032
vt 0.952 0.032
vt 0.952 0.033
vt 0.951 0.033
vt 0.952 0.032
vt 0.951 0.033
vt 0.951 0.032
vt 0.952 0.032
vt 0.952 0.032
vt 0.951 0.032
vt 0.952 0.032
vt 0.951 0.032
vt 0.951 0.032
vt 0.952 0.032
vt 0.951 0.032
vt 0.951 0.052
vt 0.951 0.032
vt 0.951 0.052
vt 0.951 0.052
vt 0.951 0.032
vt 0.951 0.032
vt 0.951 0.052
vt 0.951 0.032
vt 0.951 0.052
vt 0.951 0.052
vt 0.951 0.032
vt 0.95 0.032
vt 0.95 0.052
vt 0.95 0.032
vt 0.95 0.052
vt 0.95 0.052
vt 0.95 0.032
vt 0.952 0.032
vt 0.952 0.052
vt 0.952 0.032
vt 0.952 0.052
vt 0.952 0.052
vt 0.952 0.032
vt 0.952 0.034
vt 0.951 0.034
vt 0.952 0.033
vt 0.951 0.034
vt 0.951 0.033
vt 0.952 0.033
vt 0.95 0.032
vt 0.95 0.052
vt 0.949 0.032
vt 0.95 0.052
vt 0.949 0.052
vt 0.949 0.032
vt 0.952 0.032
vt 0.952 0.052
vt 0.952 0.032
vt 0.952 0.052
vt 0.952 0.052
vt 0.952 0.032
vt 0.949 0.032
vt 0.949 0.052
vt 0.949 0.032
vt 0.949 0.052
vt 0.949 0.052
vt 0.949 0.032
vt 0.951 0.032
vt 0.951 0.052
vt 0.951 0.032
vt 0.951 0.052
vt 0.951 0.052
vt 0.951 0.032
vt 0.952 0.032
vt 0.952 0.052
vt 0.952 0.034
vt 0.952 0.052
vt 0.952 0.04
vt 0.952 0.034
vt 0.951 0.032
vt 0.951 0.052
vt 0.95 0.032
vt 0.951 0.052
vt 0.95 0.052
vt 0.95 0.032
vt 0.951 0.032
vt 0.951 0.052
vt 0.952 0.032
vt 0.951 0.052
vt 0.952 0.052
vt 0.952 0.032
vt 0.95 0.032
vt 0.95 0.052
vt 0.951 0.032
vt 0.95 0.052
vt 0.951 0.052
vt 0.951 0.032
vt 0.952 0.032
vt 0.952 0.052
vt 0.952 0.032
vt 0.952 0.052
vt 0.952 0.052
vt 0.952 0.032
vt 0.952 0.032
vt 0.952 0.052
vt 0.952 0.032
vt 0.952 0.052
vt 0.952 0.052
vt 0.952 0.032
vt 0.951 0.032
vt 0.951 0.052
vt 0.951 0.032
vt 0.951 0.052
vt 0.951 0.052
vt 0.951 0.032
vt 0.949 0.032
vt 0.949 0.052
vt 0.949 0.032
vt 0.949 0.052
vt 0.949 0.052
vt 0.949 0.032
vt 0.952 0.04
vt 0.952 0.041
vt 0.951 0.04
vt 0.952 0.041
vt 0.951 0.041
vt 0.951 0.04
vt 0.952 0.041
vt 0.952 0.041
vt 0.951 0.041
vt 0.952 0.041
vt 0.951 0.041
vt 0.951 0.041
vt 0.952 0.041
vt 0.952 0.041
vt 0.951 0.041
vt 0.952 0.041
vt 0.951 0.041
vt 0.951 0.041
vt 0.952 0.041
vt 0.952 0.041
vt 0.951 0.041
vt 0.952 0.041
vt 0.951 0.041
vt 0.951 0.041
vt 0.951 0.052
vt 0.951 0.041
vt 0.951 0.041
vt 0.951 0.052
vt 0.951 0.041
vt 0.951 0.041
vt 0.951 0.052
vt 0.951 0.041
vt 0.951 0.041
vt 0.951 0.052
vt 0.951 0.04
vt 0.951 0.041
vt 0.952 0.052
vt 0.952 0.041
vt 0.952 0.04
vt 0.952 0.052
vt 0.952 0.041
vt 0.952 0.041
vt 0.952 0.052
vt 0.952 0.041
vt 0.952 0.041
vt 0.952 0.052
vt 0.952 0.041
vt 0.952 0.041
vt 0.952 0.041
vt 0.952 0.052
vt 0.952 0.052
vt 0.951 0.052
vt 0.951 0.041
vt 0.951 0.052
vt 0.951 0.032
vt 0.952 0.032
vt 0.951 0.032
vt 0.952 0.032
vt 0.952 0.032
vt 0.951 0.032
vt 0.952 0.032
vt 0.952 0.032
vt 0.952 0.033
vt 0.952 0.034
vt 0.952 0.033
vt 0.952 0.032
vt 0.952 0.033
vt 0.952 0.032
vt 0.952 0.032
vt 0.952 0.04
vt 0.951 0.04
vt 0.952 0.034
vt 0.951 0.04
vt 0.951 0.034
vt 0.952 0.034
vt 0.951 0.04
vt 0.951 0.052
vt 0.951 0.034
vt 0.951 0.052
vt 0.951 0.032
vt 0.951 0.034
vt 0.951 0.033
vt 0.951 0.034
vt 0.951 0.032
vt 0.951 0.034
vt 0.951 0.032
vt 0.951 0.032
vt 0.951 0.032
vt 0.951 0.033
vt 0.951 0.032
vt 0.944 0.053
vt 0.944 0.053
vt 0.944 0.053
vt 0.944 0.053
vt 0.944 0.053
vt 0.944 0.053
vt 0.944 0.053
vt 0.944 0.053
vt 0.944 0.053
vt 0.944 0.053
vt 0.944 0.053
vt 0.944 0.053
vt 0.944 0.053
vt 0.944 0.053
vt 0.944 0.053
vt 0.944 0.053
vt 0.944 0.053
vt 0.944 0.053
vt 0.944 0.053
vt 0.944 0.053
vt 0.944 0.053
vt 0.944 0.053
vt 0.944 0.053
vt 0.944 0.053
vt 0.945 0.053
vt 0.944 0.053
vt 0.944 0.053
vt 0.944 0.053
vt 0.944 0.053
vt 0.944 0.053
vt 0.944 0.053
vt 0.944 0.053
vt 0.944 0.053
vt 0.944 0.053
vt 0.944 0.053
vt 0.944 0.053
vt 0.944 0.053
vt 0.944 0.053
vt 0.944 0.053
vt 0.944 0.053
vt 0.944 0.053
vt 0.944 0.053
vt 0.944 0.053
vt 0.944 0.053
vt 0.944 0.053
vt 0.944 0.053
vt 0.944 0.053
vt 0.944 0.053
vt 0.945 0.054
vt 0.945 0.053
vt 0.945 0.054
vt 0.944 0.054
vt 0.944 0.053
vt 0.944 0.054
vt 0.944 0.053
vt 0.944 0.053
vt 0.944 0.054
vt 0.944 0.054
vt 0.944 0.053
vt 0.944 0.054
vt 0.944 0.053
vt 0.944 0.053
vt 0.944 0.054
vt 0.944 0.054
vt 0.944 0.054
vt 0.944 0.054
vt 0.944 0.054
vt 0.944 0.054
vt 0.944 0.054
vt 0.944 0.054
vt 0.944 0.054
vt 0.944 0.054
vt 0.944 0.054
vt 0.944 0.054
vt 0.944 0.054
vt 0.945 0.054
vt 0.944 0.054
vt 0.944 0.054
vt 0.944 0.054
vt 0.944 0.054
vt 0.944 0.054
vt 0.945 0.054
vt 0.945 0.054
vt 0.945 0.054
vt 0.945 0.054
vt 0.944 0.054
vt 0.945 0.054
vt 0.945 0.054
vt 0.945 0.054
vt 0.945 0.054
vt 0.945 0.054
vt 0.945 0.054
vt 0.945 0.054
vt 0.944 0.054
vt 0.944 0.054
vt 0.944 0.054
vt 0.944 0.054
vt 0.944 0.054
vt 0.944 0.054
vt 0.944 0.054
vt 0.945 0.054
vt 0.944 0.054
vt 0.945 0.054
vt 0.944 0.054
vt 0.944 0.054
vt 0.945 0.054
vt 0.945 0.054
vt 0.944 0.054
vt 0.945 0.054
vt 0.945 0.054
vt 0.944 0.054
vt 0.945 0.054
vt 0.945 0.054
vt 0.945 0.054
vt 0.945 0.054
vt 0.945 0.054
vt 0.945 0.054
vt 0.944 0.054
vt 0.944 0.054
vt 0.944 0.054
vt 0.944 0.054
vt 0.944 0.054
vt 0.944 0.054
vt 0.945 0.054
vt 0.945 0.054
vt 0.945 0.054
vt 0.945 0.054
vt 0.945 0.054
vt 0.945 0.054
vt 0.944 0.054
vt 0.944 0.054
vt 0.944 0.054
vt 0.944 0.054
vt 0.944 0.054
vt 0.944 0.054
vt 0.944 0.054
vt 0.944 0.054
vt 0.944 0.054
vt 0.944 0.054
vt 0.944 0.054
vt 0.944 0.054
vt 0.944 0.054
vt 0.944 0.054
vt 0.944 0.054
vt 0.944 0.054
vt 0.945 0.054
vt 0.944 0.054
vt 0.945 0.054
vt 0.945 0.054
vt 0.944 0.054
vt 0.945 0.054
vt 0.944 0.054
vt 0.944 0.054
vt 0.944 0.054
vt 0.944 0.054
vt 0.944 0.054
vt 0.944 0.054
vt 0.944 0.054
vt 0.944 0.054
vt 0.944 0.054
vt 0.944 0.054
vt 0.944 0.054
vt 0.944 0.054
vt 0.944 0.054
vt 0.944 0.054
vt 0.944 0.054
vt 0.944 0.054
vt 0.944 0.054
vt 0.944 0.054
vt 0.944 0.054
vt 0.944 0.054
vt 0.944 0.054
vt 0.944 0.054
vt 0.944 0.054
vt 0.944 0.054
vt 0.944 0.054
vt 0.944 0.054
vt 0.944 0.054
vt 0.944 0.054
vt 0.944 0.054
vt 0.944 0.054
vt 0.944 0.054
vt 0.944 0.054
vt 0.944 0.054
vt 0.944 0.054
vt 0.944 0.054
vt 0.944 0.054
vt 0.944 0.054
vt 0.944 0.054
vt 0.944 0.054
vt 0.944 0.054
vt 0.944 0.054
vt 0.944 0.054
vt 0.944 0.054
vt 0.944 0.054
vt 0.944 0.054
vt 0.944 0.054
vt 0.945 0.054
vt 0.944 0.054
vt 0.944 0.054
vt 0.945 0.054
vt 0.944 0.054
vt 0.944 0.053
vt 0.944 0.054
vt 0.944 0.053
vt 0.944 0.053
vt 0.944 0.054
vt 0.944 0.053
vt 0.944 0.054
vt 0.944 0.054
vt 0.945 0.054
vt 0.944 0.054
vt 0.945 0.054
vt 0.944 0.054
vt 0.945 0.054
vt 0.945 0.054
vt 0.945 0.054
vt 0.945 0.054
vt 0.945 0.054
vt 0.945 0.054
vt 0.945 0.054
vt 0.945 0.054
vt 0.945 0.054
vt 0.945 0.054
vt 0.945 0.054
vt 0.945 0.054
vt 0.945 0.054
vt 0.945 0.054
vt 0.946 0.054
vt 0.945 0.054
vt 0.946 0.054
vt 0.945 0.054
vt 0.945 0.054
vt 0.946 0.054
vt 0.946 0.054
vt 0.945 0.054
vt 0.946 0.054
vt 0.945 0.054
vt 0.945 0.054
vt 0.946 0.054
vt 0.946 0.054
vt 0.945 0.054
vt 0.946 0.054
vt 0.945 0.054
vt 0.945 0.054
vt 0.946 0.054
vt 0.946 0.054
vt 0.945 0.054
vt 0.946 0.054
vt 0.945 0.054
vt 0.945 0.054
vt 0.946 0.054
vt 0.945 0.054
vt 0.945 0.054
vt 0.946 0.054
vt 0.945 0.054
vt 0.944 0.054
vt 0.945 0.054
vt 0.945 0.054
vt 0.945 0.054
vt 0.945 0.054
vt 0.945 0.054
vt 0.945 0.054
vt 0.945 0.054
vt 0.945 0.054
vt 0.945 0.054
vt 0.945 0.054
vt 0.945 0.054
vt 0.945 0.054
vt 0.945 0.054
vt 0.945 0.054
vt 0.945 0.054
vt 0.945 0.054
vt 0.945 0.054
vt 0.945 0.054
vt 0.945 0.054
vt 0.944 0.054
vt 0.945 0.054
vt 0.944 0.053
vt 0.945 0.054
vt 0.945 0.053
vt 0.944 0.053
vt 0.945 0.054
vt 0.945 0.054
vt 0.945 0.054
vt 0.945 0.054
vt 0.945 0.054
vt 0.945 0.054
vt 0.944 0.054
vt 0.944 0.054
vt 0.945 0.054
vt 0.944 0.054
vt 0.945 0.054
vt 0.945 0.054
vt 0.945 0.054
vt 0.945 0.054
vt 0.945 0.054
vt 0.945 0.054
vt 0.945 0.054
vt 0.945 0.054
vt 0.958 0.065
vt 0.957 0.065
vt 0.954 0.065
vt 0.954 0.065
vt 0.956 0.065
vt 0.954 0.065
vt 0.954 0.065
vt 0.957 0.065
vt 0.956 0.065
vt 0.954 0.065
vt 0.958 0.065
vt 0.958 0.065
vt 0.937 0.469
vt 0.923 0.469
vt 0.937 0.38
vt 0.923 0.469
vt 0.923 0.38
vt 0.937 0.38
vt 0.951 0.469
vt 0.937 0.469
vt 0.951 0.38
vt 0.937 0.469
vt 0.937 0.38
vt 0.951 0.38
vt 0.966 0.469
vt 0.951 0.469
vt 0.966 0.38
vt 0.951 0.469
vt 0.951 0.38
vt 0.966 0.38
vt 0.98 0.38
vt 0.98 0.469
vt 0.966 0.38
vt 0.98 0.469
vt 0.966 0.469
vt 0.966 0.38
vt 0.981 0.906
vt 0.96 0.906
vt 0.981 0.732
vt 0.96 0.906
vt 0.96 0.732
vt 0.981 0.732
vt 0.981 0.732
vt 0.96 0.732
vt 0.981 0.568
vt 0.96 0.732
vt 0.96 0.568
vt 0.981 0.568
vt 0.289 0.104
vt 0.289 0.073
vt 0.499 0.104
vt 0.289 0.073
vt 0.499 0.073
vt 0.499 0.104
vt 0.318 0.268
vt 0.349 0.441
vt 0.296 0.268
vt 0.349 0.441
vt 0.327 0.441
vt 0.296 0.268
vt 0.964 0.044
vt 0.966 0.044
vt 0.964 0.044
vt 0.966 0.044
vt 0.966 0.044
vt 0.964 0.044
vt 0.964 0.044
vt 0.966 0.044
vt 0.964 0.045
vt 0.966 0.044
vt 0.965 0.045
vt 0.964 0.045
vt 0.964 0.046
vt 0.964 0.045
vt 0.965 0.046
vt 0.964 0.045
vt 0.965 0.045
vt 0.965 0.046
vt 0.963 0.047
vt 0.964 0.046
vt 0.965 0.048
vt 0.964 0.046
vt 0.965 0.046
vt 0.965 0.048
vt 0.963 0.049
vt 0.963 0.047
vt 0.965 0.049
vt 0.963 0.047
vt 0.965 0.048
vt 0.965 0.049
vt 0.963 0.049
vt 0.965 0.049
vt 0.963 0.05
vt 0.965 0.049
vt 0.965 0.05
vt 0.963 0.05
vt 0.963 0.05
vt 0.963 0.05
vt 0.964 0.051
vt 0.963 0.05
vt 0.965 0.05
vt 0.964 0.051
vt 0.963 0.051
vt 0.963 0.05
vt 0.964 0.051
vt 0.963 0.05
vt 0.964 0.051
vt 0.964 0.051
vt 0.968 0.032
vt 0.968 0.032
vt 0.965 0.032
vt 0.968 0.032
vt 0.965 0.032
vt 0.965 0.032
vt 0.966 0.043
vt 0.966 0.043
vt 0.966 0.044
vt 0.966 0.043
vt 0.966 0.043
vt 0.966 0.044
vt 0.967 0.032
vt 0.967 0.032
vt 0.966 0.032
vt 0.967 0.032
vt 0.965 0.032
vt 0.966 0.032
vt 0.96 0.732
vt 0.865 0.732
vt 0.96 0.568
vt 0.865 0.732
vt 0.865 0.568
vt 0.96 0.568
vt 0.289 0.104
vt 0.267 0.104
vt 0.289 0.073
vt 0.267 0.104
vt 0.267 0.073
vt 0.289 0.073
vt 0.966 0.044
vt 0.966 0.043
vt 0.966 0.044
vt 0.966 0.043
vt 0.966 0.044
vt 0.966 0.044
vt 0.318 0.268
vt 0.296 0.268
vt 0.289 0.104
vt 0.296 0.268
vt 0.267 0.104
vt 0.289 0.104
vt 0.965 0.046
vt 0.966 0.044
vt 0.966 0.046
vt 0.966 0.044
vt 0.966 0.044
vt 0.966 0.046
vt 0.962 0.054
vt 0.963 0.054
vt 0.962 0.054
vt 0.963 0.054
vt 0.963 0.054
vt 0.962 0.054
vt 0.965 0.048
vt 0.965 0.046
vt 0.965 0.048
vt 0.965 0.046
vt 0.966 0.046
vt 0.965 0.048
vt 0.965 0.049
vt 0.965 0.048
vt 0.965 0.049
vt 0.965 0.048
vt 0.965 0.048
vt 0.965 0.049
vt 0.964 0.051
vt 0.965 0.049
vt 0.965 0.051
vt 0.965 0.049
vt 0.965 0.049
vt 0.965 0.051
vt 0.964 0.052
vt 0.964 0.051
vt 0.964 0.052
vt 0.964 0.051
vt 0.965 0.051
vt 0.964 0.052
vt 0.96 0.568
vt 0.865 0.568
vt 0.96 0.537
vt 0.865 0.568
vt 0.865 0.537
vt 0.96 0.537
vt 0.963 0.051
vt 0.963 0.052
vt 0.963 0.052
vt 0.964 0.052
vt 0.964 0.052
vt 0.964 0.052
vt 0.964 0.052
vt 0.964 0.052
vt 0.964 0.052
vt 0.964 0.044
vt 0.964 0.044
vt 0.965 0.036
vt 0.965 0.036
vt 0.954 0.036
vt 0.965 0.032
vt 0.954 0.036
vt 0.954 0.032
vt 0.965 0.032
vt 0.964 0.045
vt 0.965 0.036
vt 0.964 0.044
vt 0.964 0.046
vt 0.965 0.036
vt 0.964 0.045
vt 0.954 0.052
vt 0.954 0.052
vt 0.963 0.052
vt 0.954 0.052
vt 0.963 0.052
vt 0.963 0.052
vt 0.964 0.046
vt 0.963 0.047
vt 0.965 0.036
vt 0.965 0.032
vt 0.965 0.032
vt 0.965 0.036
vt 0.965 0.032
vt 0.965 0.036
vt 0.965 0.036
vt 0.963 0.052
vt 0.963 0.05
vt 0.963 0.05
vt 0.963 0.052
vt 0.963 0.049
vt 0.963 0.05
vt 0.963 0.052
vt 0.963 0.05
vt 0.963 0.051
vt 0.963 0.052
vt 0.963 0.047
vt 0.963 0.049
vt 0.965 0.036
vt 0.963 0.052
vt 0.954 0.036
vt 0.963 0.052
vt 0.954 0.052
vt 0.954 0.036
vt 0.963 0.047
vt 0.963 0.052
vt 0.965 0.036
vt 0.964 0.051
vt 0.964 0.051
vt 0.964 0.052
vt 0.964 0.051
vt 0.964 0.052
vt 0.964 0.052
vt 0.964 0.051
vt 0.965 0.05
vt 0.964 0.052
vt 0.965 0.05
vt 0.964 0.051
vt 0.964 0.052
vt 0.965 0.05
vt 0.965 0.049
vt 0.964 0.051
vt 0.965 0.049
vt 0.965 0.049
vt 0.964 0.051
vt 0.965 0.049
vt 0.965 0.048
vt 0.965 0.049
vt 0.965 0.048
vt 0.965 0.048
vt 0.965 0.049
vt 0.965 0.048
vt 0.965 0.046
vt 0.965 0.048
vt 0.965 0.046
vt 0.965 0.046
vt 0.965 0.048
vt 0.965 0.046
vt 0.965 0.045
vt 0.965 0.046
vt 0.965 0.045
vt 0.966 0.044
vt 0.965 0.046
vt 0.965 0.045
vt 0.966 0.044
vt 0.966 0.044
vt 0.966 0.044
vt 0.966 0.043
vt 0.966 0.044
vt 0.966 0.044
vt 0.966 0.044
vt 0.966 0.043
vt 0.966 0.044
vt 0.966 0.043
vt 0.966 0.043
vt 0.865 0.732
vt 0.96 0.732
vt 0.896 0.748
vt 0.896 0.748
vt 0.96 0.732
vt 0.921 0.764
vt 0.921 0.764
vt 0.96 0.732
vt 0.938 0.789
vt 0.938 0.789
vt 0.96 0.732
vt 0.944 0.819
vt 0.944 0.819
vt 0.96 0.732
vt 0.96 0.906
vt 0.865 0.742
vt 0.865 0.732
vt 0.896 0.748
vt 0.938 0.849
vt 0.944 0.819
vt 0.96 0.906
vt 0.921 0.874
vt 0.938 0.849
vt 0.96 0.906
vt 0.896 0.891
vt 0.921 0.874
vt 0.96 0.906
vt 0.96 0.906
vt 0.865 0.906
vt 0.896 0.891
vt 0.865 0.906
vt 0.865 0.896
vt 0.896 0.891
vt 0.954 0.032
vt 0.966 0.032
vt 0.954 0.032
vt 0.966 0.032
vt 0.965 0.032
vt 0.954 0.032
vt 0.964 0.044
vt 0.965 0.036
vt 0.965 0.036
vt 0.96 0.537
vt 0.981 0.537
vt 0.96 0.568
vt 0.981 0.537
vt 0.981 0.568
vt 0.96 0.568
vt 0.962 0.054
vt 0.954 0.054
vt 0.962 0.054
vt 0.954 0.054
vt 0.954 0.054
vt 0.962 0.054
vt 0.499 0.268
vt 0.499 0.441
vt 0.318 0.268
vt 0.499 0.441
vt 0.349 0.441
vt 0.318 0.268
vt 0.289 0.104
vt 0.499 0.104
vt 0.318 0.268
vt 0.499 0.104
vt 0.499 0.268
vt 0.318 0.268
vt 0.967 0.032
vt 0.968 0.032
vt 0.965 0.032
vt 0.968 0.032
vt 0.968 0.032
vt 0.965 0.032
vt 0.96 0.929
vt 0.865 0.929
vt 0.96 0.906
vt 0.865 0.929
vt 0.865 0.906
vt 0.96 0.906
vt 0.958 0.054
vt 0.958 0.054
vt 0.962 0.054
vt 0.958 0.054
vt 0.962 0.054
vt 0.962 0.054
vt 0.957 0.054
vt 0.958 0.054
vt 0.962 0.054
vt 0.956 0.054
vt 0.957 0.054
vt 0.962 0.054
vt 0.962 0.054
vt 0.954 0.054
vt 0.956 0.054
vt 0.954 0.054
vt 0.954 0.054
vt 0.956 0.054
vt 0.967 0.032
vt 0.967 0.032
vt 0.967 0.032
vt 0.967 0.032
vt 0.968 0.032
vt 0.967 0.032
vt 0.968 0.032
vt 0.968 0.032
vt 0.967 0.032
vt 0.968 0.032
vt 0.968 0.032
vt 0.967 0.032
vt 0.335 0.456
vt 0.33 0.448
vt 0.349 0.441
vt 0.981 0.906
vt 0.979 0.913
vt 0.96 0.906
vt 0.96 0.906
vt 0.974 0.921
vt 0.968 0.926
vt 0.335 0.456
vt 0.349 0.441
vt 0.343 0.461
vt 0.962 0.054
vt 0.963 0.054
vt 0.963 0.054
vt 0.962 0.054
vt 0.962 0.054
vt 0.963 0.054
vt 0.349 0.441
vt 0.353 0.464
vt 0.343 0.461
vt 0.967 0.032
vt 0.967 0.033
vt 0.967 0.032
vt 0.967 0.033
vt 0.967 0.033
vt 0.967 0.032
vt 0.967 0.032
vt 0.967 0.033
vt 0.968 0.032
vt 0.967 0.033
vt 0.968 0.033
vt 0.968 0.032
vt 0.968 0.032
vt 0.968 0.033
vt 0.968 0.032
vt 0.968 0.033
vt 0.968 0.033
vt 0.968 0.032
vt 0.968 0.032
vt 0.968 0.033
vt 0.968 0.032
vt 0.968 0.033
vt 0.968 0.033
vt 0.968 0.032
vt 0.96 0.929
vt 0.96 0.906
vt 0.968 0.926
vt 0.967 0.033
vt 0.966 0.043
vt 0.967 0.033
vt 0.966 0.043
vt 0.966 0.043
vt 0.967 0.033
vt 0.967 0.033
vt 0.966 0.043
vt 0.968 0.033
vt 0.966 0.043
vt 0.966 0.043
vt 0.968 0.033
vt 0.968 0.033
vt 0.966 0.043
vt 0.968 0.033
vt 0.966 0.043
vt 0.966 0.043
vt 0.968 0.033
vt 0.968 0.033
vt 0.966 0.043
vt 0.968 0.033
vt 0.966 0.043
vt 0.966 0.043
vt 0.968 0.033
vt 0.964 0.053
vt 0.966 0.043
vt 0.964 0.053
vt 0.966 0.043
vt 0.966 0.043
vt 0.964 0.053
vt 0.964 0.053
vt 0.966 0.043
vt 0.964 0.053
vt 0.966 0.043
vt 0.966 0.043
vt 0.964 0.053
vt 0.964 0.053
vt 0.966 0.043
vt 0.964 0.053
vt 0.966 0.043
vt 0.966 0.043
vt 0.964 0.053
vt 0.964 0.053
vt 0.966 0.043
vt 0.964 0.053
vt 0.966 0.043
vt 0.966 0.043
vt 0.964 0.053
vt 0.963 0.054
vt 0.963 0.054
vt 0.962 0.054
vt 0.96 0.906
vt 0.979 0.913
vt 0.974 0.921
vt 0.963 0.054
vt 0.963 0.054
vt 0.964 0.054
vt 0.963 0.054
vt 0.964 0.054
vt 0.964 0.054
vt 0.964 0.054
vt 0.964 0.054
vt 0.964 0.054
vt 0.964 0.054
vt 0.964 0.054
vt 0.964 0.054
vt 0.964 0.054
vt 0.964 0.054
vt 0.964 0.054
vt 0.964 0.054
vt 0.964 0.054
vt 0.964 0.054
vt 0.964 0.054
vt 0.964 0.054
vt 0.964 0.054
vt 0.964 0.054
vt 0.964 0.054
vt 0.964 0.054
vt 0.962 0.054
vt 0.963 0.054
vt 0.963 0.054
vt 0.33 0.448
vt 0.327 0.441
vt 0.349 0.441
vt 0.962 0.054
vt 0.954 0.054
vt 0.962 0.054
vt 0.954 0.054
vt 0.954 0.054
vt 0.962 0.054
vt 0.962 0.054
vt 0.954 0.054
vt 0.962 0.054
vt 0.954 0.054
vt 0.954 0.054
vt 0.962 0.054
vt 0.962 0.054
vt 0.954 0.054
vt 0.962 0.054
vt 0.954 0.054
vt 0.954 0.054
vt 0.962 0.054
vt 0.962 0.054
vt 0.954 0.054
vt 0.962 0.054
vt 0.954 0.054
vt 0.954 0.054
vt 0.962 0.054
vt 0.499 0.441
vt 0.499 0.464
vt 0.349 0.441
vt 0.499 0.464
vt 0.353 0.464
vt 0.349 0.441
vt 0.962 0.032
vt 0.962 0.032
vt 0.96 0.032
vt 0.962 0.032
vt 0.96 0.032
vt 0.96 0.032
vt 0.962 0.032
vt 0.962 0.052
vt 0.96 0.032
vt 0.962 0.052
vt 0.96 0.052
vt 0.96 0.032
vt 0.96 0.032
vt 0.96 0.052
vt 0.96 0.032
vt 0.96 0.052
vt 0.96 0.052
vt 0.96 0.032
vt 0.962 0.032
vt 0.962 0.052
vt 0.962 0.032
vt 0.962 0.052
vt 0.962 0.052
vt 0.962 0.032
vt 0.959 0.032
vt 0.958 0.032
vt 0.959 0.032
vt 0.958 0.032
vt 0.958 0.032
vt 0.959 0.032
vt 0.959 0.032
vt 0.957 0.032
vt 0.959 0.032
vt 0.957 0.032
vt 0.958 0.032
vt 0.959 0.032
vt 0.958 0.032
vt 0.957 0.032
vt 0.959 0.032
vt 0.957 0.032
vt 0.957 0.032
vt 0.959 0.032
vt 0.956 0.032
vt 0.957 0.032
vt 0.957 0.032
vt 0.957 0.032
vt 0.958 0.032
vt 0.957 0.032
vt 0.957 0.032
vt 0.956 0.032
vt 0.956 0.032
vt 0.956 0.032
vt 0.956 0.032
vt 0.957 0.032
vt 0.956 0.032
vt 0.957 0.032
vt 0.957 0.032
vt 0.956 0.032
vt 0.956 0.032
vt 0.957 0.032
vt 0.956 0.032
vt 0.957 0.032
vt 0.957 0.032
vt 0.957 0.032
vt 0.956 0.032
vt 0.957 0.032
vt 0.956 0.032
vt 0.956 0.032
vt 0.957 0.032
vt 0.956 0.033
vt 0.956 0.032
vt 0.957 0.033
vt 0.956 0.032
vt 0.957 0.032
vt 0.957 0.033
vt 0.956 0.032
vt 0.956 0.032
vt 0.957 0.032
vt 0.956 0.032
vt 0.957 0.032
vt 0.957 0.032
vt 0.957 0.032
vt 0.957 0.032
vt 0.957 0.052
vt 0.957 0.032
vt 0.957 0.052
vt 0.957 0.052
vt 0.957 0.032
vt 0.957 0.032
vt 0.957 0.052
vt 0.957 0.032
vt 0.957 0.052
vt 0.957 0.052
vt 0.958 0.032
vt 0.958 0.032
vt 0.958 0.052
vt 0.958 0.032
vt 0.958 0.052
vt 0.958 0.052
vt 0.956 0.032
vt 0.956 0.032
vt 0.956 0.052
vt 0.956 0.032
vt 0.956 0.052
vt 0.956 0.052
vt 0.956 0.034
vt 0.956 0.033
vt 0.957 0.034
vt 0.956 0.033
vt 0.957 0.033
vt 0.957 0.034
vt 0.958 0.032
vt 0.959 0.032
vt 0.958 0.052
vt 0.959 0.032
vt 0.959 0.052
vt 0.958 0.052
vt 0.956 0.032
vt 0.956 0.032
vt 0.956 0.052
vt 0.956 0.032
vt 0.956 0.052
vt 0.956 0.052
vt 0.959 0.032
vt 0.959 0.032
vt 0.959 0.052
vt 0.959 0.032
vt 0.959 0.052
vt 0.959 0.052
vt 0.957 0.032
vt 0.957 0.032
vt 0.957 0.052
vt 0.957 0.032
vt 0.957 0.052
vt 0.957 0.052
vt 0.956 0.032
vt 0.956 0.034
vt 0.956 0.052
vt 0.956 0.034
vt 0.956 0.04
vt 0.956 0.052
vt 0.957 0.032
vt 0.958 0.032
vt 0.957 0.052
vt 0.958 0.032
vt 0.958 0.052
vt 0.957 0.052
vt 0.957 0.032
vt 0.956 0.032
vt 0.957 0.052
vt 0.956 0.032
vt 0.956 0.052
vt 0.957 0.052
vt 0.958 0.032
vt 0.957 0.032
vt 0.958 0.052
vt 0.957 0.032
vt 0.957 0.052
vt 0.958 0.052
vt 0.956 0.032
vt 0.956 0.032
vt 0.956 0.052
vt 0.956 0.032
vt 0.956 0.052
vt 0.956 0.052
vt 0.956 0.032
vt 0.956 0.032
vt 0.956 0.052
vt 0.956 0.032
vt 0.956 0.052
vt 0.956 0.052
vt 0.957 0.032
vt 0.957 0.032
vt 0.957 0.052
vt 0.957 0.032
vt 0.957 0.052
vt 0.957 0.052
vt 0.959 0.032
vt 0.959 0.032
vt 0.959 0.052
vt 0.959 0.032
vt 0.959 0.052
vt 0.959 0.052
vt 0.956 0.04
vt 0.957 0.04
vt 0.956 0.041
vt 0.957 0.04
vt 0.957 0.041
vt 0.956 0.041
vt 0.956 0.041
vt 0.957 0.041
vt 0.956 0.041
vt 0.957 0.041
vt 0.957 0.041
vt 0.956 0.041
vt 0.956 0.041
vt 0.957 0.041
vt 0.956 0.041
vt 0.957 0.041
vt 0.957 0.041
vt 0.956 0.041
vt 0.956 0.041
vt 0.957 0.041
vt 0.956 0.041
vt 0.957 0.041
vt 0.957 0.041
vt 0.956 0.041
vt 0.957 0.052
vt 0.957 0.041
vt 0.957 0.041
vt 0.957 0.052
vt 0.957 0.041
vt 0.957 0.041
vt 0.957 0.052
vt 0.957 0.041
vt 0.957 0.041
vt 0.957 0.052
vt 0.957 0.041
vt 0.957 0.04
vt 0.956 0.052
vt 0.956 0.04
vt 0.956 0.041
vt 0.956 0.052
vt 0.956 0.041
vt 0.956 0.041
vt 0.956 0.052
vt 0.956 0.041
vt 0.956 0.041
vt 0.956 0.052
vt 0.956 0.041
vt 0.956 0.041
vt 0.956 0.041
vt 0.956 0.052
vt 0.956 0.052
vt 0.957 0.052
vt 0.957 0.052
vt 0.957 0.041
vt 0.957 0.032
vt 0.957 0.032
vt 0.956 0.032
vt 0.957 0.032
vt 0.956 0.032
vt 0.956 0.032
vt 0.956 0.032
vt 0.956 0.033
vt 0.956 0.032
vt 0.956 0.034
vt 0.956 0.032
vt 0.956 0.033
vt 0.956 0.032
vt 0.956 0.032
vt 0.956 0.033
vt 0.956 0.04
vt 0.956 0.034
vt 0.957 0.04
vt 0.956 0.034
vt 0.957 0.034
vt 0.957 0.04
vt 0.957 0.04
vt 0.957 0.034
vt 0.957 0.052
vt 0.957 0.034
vt 0.957 0.032
vt 0.957 0.052
vt 0.957 0.033
vt 0.957 0.032
vt 0.957 0.034
vt 0.957 0.032
vt 0.957 0.032
vt 0.957 0.034
vt 0.957 0.032
vt 0.957 0.032
vt 0.957 0.033
vt 0.964 0.053
vt 0.964 0.053
vt 0.964 0.053
vt 0.964 0.053
vt 0.964 0.053
vt 0.964 0.053
vt 0.964 0.053
vt 0.964 0.053
vt 0.964 0.053
vt 0.964 0.053
vt 0.964 0.053
vt 0.964 0.053
vt 0.964 0.053
vt 0.964 0.053
vt 0.964 0.053
vt 0.964 0.053
vt 0.964 0.053
vt 0.964 0.053
vt 0.964 0.053
vt 0.964 0.053
vt 0.964 0.053
vt 0.964 0.053
vt 0.964 0.053
vt 0.964 0.053
vt 0.963 0.053
vt 0.964 0.053
vt 0.964 0.053
vt 0.964 0.053
vt 0.964 0.053
vt 0.964 0.053
vt 0.964 0.053
vt 0.964 0.053
vt 0.964 0.053
vt 0.964 0.053
vt 0.964 0.053
vt 0.964 0.053
vt 0.964 0.053
vt 0.964 0.053
vt 0.964 0.053
vt 0.964 0.053
vt 0.964 0.053
vt 0.964 0.053
vt 0.964 0.053
vt 0.964 0.053
vt 0.964 0.053
vt 0.964 0.053
vt 0.964 0.053
vt 0.964 0.053
vt 0.963 0.054
vt 0.963 0.054
vt 0.963 0.053
vt 0.964 0.054
vt 0.964 0.054
vt 0.964 0.053
vt 0.964 0.054
vt 0.964 0.053
vt 0.964 0.053
vt 0.964 0.054
vt 0.964 0.054
vt 0.964 0.053
vt 0.964 0.054
vt 0.964 0.053
vt 0.964 0.053
vt 0.964 0.054
vt 0.964 0.054
vt 0.964 0.054
vt 0.964 0.054
vt 0.964 0.054
vt 0.964 0.054
vt 0.964 0.054
vt 0.964 0.054
vt 0.964 0.054
vt 0.964 0.054
vt 0.964 0.054
vt 0.964 0.054
vt 0.964 0.054
vt 0.964 0.054
vt 0.964 0.054
vt 0.964 0.054
vt 0.964 0.054
vt 0.964 0.054
vt 0.963 0.054
vt 0.964 0.054
vt 0.964 0.054
vt 0.964 0.054
vt 0.964 0.054
vt 0.964 0.054
vt 0.963 0.054
vt 0.963 0.054
vt 0.963 0.054
vt 0.963 0.054
vt 0.964 0.054
vt 0.963 0.054
vt 0.964 0.054
vt 0.964 0.054
vt 0.964 0.054
vt 0.964 0.054
vt 0.964 0.054
vt 0.964 0.054
vt 0.964 0.054
vt 0.964 0.054
vt 0.964 0.054
vt 0.964 0.054
vt 0.964 0.054
vt 0.964 0.054
vt 0.964 0.054
vt 0.964 0.054
vt 0.963 0.054
vt 0.964 0.054
vt 0.964 0.054
vt 0.963 0.054
vt 0.963 0.054
vt 0.964 0.054
vt 0.963 0.054
vt 0.964 0.054
vt 0.963 0.054
vt 0.963 0.054
vt 0.964 0.054
vt 0.964 0.054
vt 0.964 0.054
vt 0.964 0.054
vt 0.964 0.054
vt 0.964 0.054
vt 0.963 0.054
vt 0.963 0.054
vt 0.963 0.054
vt 0.963 0.054
vt 0.963 0.054
vt 0.963 0.054
vt 0.964 0.054
vt 0.964 0.054
vt 0.964 0.054
vt 0.964 0.054
vt 0.964 0.054
vt 0.964 0.054
vt 0.964 0.054
vt 0.964 0.054
vt 0.964 0.054
vt 0.964 0.054
vt 0.964 0.054
vt 0.964 0.054
vt 0.964 0.054
vt 0.964 0.054
vt 0.964 0.054
vt 0.964 0.054
vt 0.964 0.054
vt 0.963 0.054
vt 0.964 0.054
vt 0.963 0.054
vt 0.963 0.054
vt 0.963 0.054
vt 0.964 0.054
vt 0.964 0.054
vt 0.964 0.054
vt 0.964 0.054
vt 0.964 0.054
vt 0.964 0.054
vt 0.964 0.054
vt 0.964 0.054
vt 0.964 0.054
vt 0.964 0.054
vt 0.964 0.054
vt 0.964 0.054
vt 0.964 0.054
vt 0.964 0.054
vt 0.964 0.054
vt 0.964 0.054
vt 0.964 0.054
vt 0.964 0.054
vt 0.964 0.054
vt 0.964 0.054
vt 0.964 0.054
vt 0.964 0.054
vt 0.964 0.054
vt 0.964 0.054
vt 0.964 0.054
vt 0.964 0.054
vt 0.964 0.054
vt 0.964 0.054
vt 0.964 0.054
vt 0.964 0.054
vt 0.964 0.054
vt 0.964 0.054
vt 0.964 0.054
vt 0.964 0.054
vt 0.964 0.054
vt 0.964 0.054
vt 0.964 0.054
vt 0.964 0.054
vt 0.964 0.054
vt 0.964 0.054
vt 0.964 0.054
vt 0.964 0.054
vt 0.964 0.054
vt 0.964 0.054
vt 0.964 0.054
vt 0.964 0.054
vt 0.964 0.054
vt 0.964 0.054
vt 0.964 0.054
vt 0.964 0.054
vt 0.964 0.054
vt 0.964 0.054
vt 0.964 0.053
vt 0.964 0.054
vt 0.964 0.053
vt 0.964 0.053
vt 0.964 0.053
vt 0.964 0.054
vt 0.964 0.054
vt 0.963 0.054
vt 0.963 0.054
vt 0.964 0.054
vt 0.963 0.054
vt 0.964 0.054
vt 0.964 0.054
vt 0.963 0.054
vt 0.963 0.054
vt 0.964 0.054
vt 0.963 0.054
vt 0.963 0.054
vt 0.964 0.054
vt 0.963 0.054
vt 0.963 0.054
vt 0.963 0.054
vt 0.963 0.054
vt 0.963 0.054
vt 0.963 0.054
vt 0.962 0.054
vt 0.962 0.054
vt 0.963 0.054
vt 0.962 0.054
vt 0.963 0.054
vt 0.963 0.054
vt 0.962 0.054
vt 0.962 0.054
vt 0.963 0.054
vt 0.962 0.054
vt 0.963 0.054
vt 0.963 0.054
vt 0.962 0.054
vt 0.962 0.054
vt 0.963 0.054
vt 0.962 0.054
vt 0.963 0.054
vt 0.963 0.054
vt 0.962 0.054
vt 0.962 0.054
vt 0.963 0.054
vt 0.962 0.054
vt 0.963 0.054
vt 0.963 0.054
vt 0.963 0.054
vt 0.962 0.054
vt 0.963 0.054
vt 0.964 0.054
vt 0.963 0.054
vt 0.964 0.054
vt 0.963 0.054
vt 0.963 0.054
vt 0.963 0.054
vt 0.963 0.054
vt 0.963 0.054
vt 0.963 0.054
vt 0.963 0.054
vt 0.963 0.054
vt 0.963 0.054
vt 0.963 0.054
vt 0.963 0.054
vt 0.963 0.054
vt 0.963 0.054
vt 0.963 0.054
vt 0.963 0.054
vt 0.963 0.054
vt 0.963 0.054
vt 0.963 0.054
vt 0.964 0.054
vt 0.964 0.053
vt 0.963 0.054
vt 0.964 0.053
vt 0.963 0.053
vt 0.963 0.054
vt 0.963 0.054
vt 0.963 0.054
vt 0.963 0.054
vt 0.963 0.054
vt 0.963 0.054
vt 0.963 0.054
vt 0.964 0.054
vt 0.963 0.054
vt 0.964 0.054
vt 0.963 0.054
vt 0.963 0.054
vt 0.964 0.054
vt 0.963 0.054
vt 0.963 0.054
vt 0.963 0.054
vt 0.963 0.054
vt 0.963 0.054
vt 0.963 0.054
usemtl MB_308_official_3195
s off
f 5752/6097 5753/6098 6351/6099
f 6351/6100 5754/6101 5938/6102
f 6351/6103 5753/6104 5754/6105
f 6351/6106 6134/6107 5752/6108
f 6568/6109 6567/6110 5751/6111
f 6567/6112 6133/6113 5751/6114
f 5751/6115 5749/6116 6568/6117
f 5749/6118 6569/6119 6568/6120
f 5749/6121 5750/6122 6569/6123
f 5750/6124 6574/6125 6569/6126
f 5934/6127 6573/6128 5750/6129
f 6573/6130 6574/6131 5750/6132
f 6644/6133 5772/6134 6643/6135
f 5772/6136 5771/6137 6643/6138
f 6643/6139 5771/6140 6640/6141
f 5771/6142 6607/6143 6640/6144
f 5790/6145 5794/6146 5951/6147
f 5794/6148 5950/6149 5951/6150
f 5792/6151 5791/6152 5812/6153
f 5791/6154 6645/6155 5812/6156
f 6149/6157 6150/6158 5763/6159
f 6150/6160 5764/6161 5763/6162
f 5763/6163 5764/6164 5762/6165
f 5764/6166 5765/6167 5762/6168
f 5761/6169 5762/6170 5766/6171
f 5762/6172 5765/6173 5766/6174
f 5760/6175 5761/6176 5767/6177
f 5761/6178 5766/6179 5767/6180
f 5759/6181 5760/6182 5768/6183
f 5760/6184 5767/6185 5768/6186
f 5759/6187 5768/6188 5758/6189
f 5768/6190 5769/6191 5758/6192
f 5757/6193 5758/6194 5770/6195
f 5758/6196 5769/6197 5770/6198
f 6141/6199 5757/6200 6158/6201
f 5757/6202 5770/6203 6158/6204
f 6605/6205 6165/6206 5773/6207
f 6165/6208 6168/6209 5773/6210
f 5783/6211 6179/6212 5774/6213
f 6179/6214 6138/6215 5774/6216
f 5795/6217 5797/6218 6629/6219
f 5797/6220 5773/6221 6629/6222
f 5771/6223 6169/6224 6607/6225
f 6169/6226 6166/6227 6607/6228
f 5790/6229 5802/6230 5794/6231
f 5802/6232 6630/6233 5794/6234
f 5784/6235 5783/6236 5777/6237
f 5783/6238 5774/6239 5777/6240
f 5792/6241 5812/6242 5790/6243
f 5812/6244 5802/6245 5790/6246
f 5785/6247 5784/6248 5778/6249
f 5784/6250 5777/6251 5778/6252
f 6193/6253 6221/6254 5793/6255
f 6221/6256 6646/6257 5793/6258
f 5786/6259 5785/6260 5779/6261
f 5785/6262 5778/6263 5779/6264
f 5787/6265 5786/6266 5780/6267
f 5786/6268 5779/6269 5780/6270
f 5788/6271 5787/6272 5781/6273
f 5787/6274 5780/6275 5781/6276
f 5789/6277 5788/6278 5782/6279
f 5788/6280 5781/6281 5782/6282
f 5776/6283 6608/6284 5775/6285
f 6608/6286 6606/6287 5775/6288
f 6577/6289 6171/6290 5755/6291
f 6619/6292 5789/6293 6178/6294
f 5789/6295 5782/6296 6178/6297
f 6585/6298 6584/6299 5756/6300
f 6614/6301 6031/6302 6596/6303
f 6031/6304 6627/6305 6596/6306
f 6583/6307 5756/6308 6584/6309
f 6582/6310 5756/6311 6583/6312
f 6392/6313 5955/6314 6612/6315
f 5955/6316 6610/6317 6612/6318
f 6582/6319 6581/6320 5756/6321
f 6597/6322 6595/6323 6615/6324
f 6595/6325 6167/6326 6615/6327
f 5755/6328 6579/6329 6578/6330
f 5755/6331 6580/6332 6579/6333
f 5755/6334 6578/6335 6577/6336
f 5755/6337 6581/6338 6580/6339
f 6614/6340 6611/6341 6031/6342
f 6611/6343 6617/6344 6031/6345
f 6581/6346 5755/6347 5756/6348
f 6594/6349 6593/6350 6187/6351
f 6593/6352 6618/6353 6187/6354
f 6593/6355 6592/6356 6618/6357
f 6592/6358 6620/6359 6618/6360
f 6592/6361 6591/6362 6620/6363
f 6591/6364 6621/6365 6620/6366
f 6591/6367 6590/6368 6621/6369
f 6590/6370 6622/6371 6621/6372
f 6590/6373 6589/6374 6622/6375
f 6589/6376 6623/6377 6622/6378
f 6589/6379 6588/6380 6623/6381
f 6588/6382 6624/6383 6623/6384
f 6588/6385 6587/6386 6624/6387
f 6587/6388 6625/6389 6624/6390
f 6587/6391 6586/6392 6625/6393
f 6586/6394 6626/6395 6625/6396
f 6169/6397 5771/6398 6609/6399
f 6609/6400 5771/6401 6604/6402
f 6604/6403 5771/6404 6603/6405
f 6603/6406 5771/6407 6602/6408
f 6602/6409 5771/6410 5772/6411
f 6613/6412 6169/6413 6609/6414
f 6601/6415 6602/6416 5772/6417
f 6600/6418 6601/6419 5772/6420
f 6598/6421 6600/6422 5772/6423
f 5772/6424 6170/6425 6598/6426
f 6170/6427 6599/6428 6598/6429
f 6628/6430 6629/6431 5949/6432
f 6629/6433 5773/6434 5949/6435
f 6585/6436 5756/6437 6616/6438
f 5775/6439 6635/6440 5776/6441
f 6635/6442 6639/6443 5776/6444
f 6653/6445 6652/6446 5793/6447
f 6652/6448 5954/6449 5793/6450
f 5952/6451 5953/6452 5792/6453
f 5953/6454 5791/6455 5792/6456
f 5790/6457 5951/6458 5792/6459
f 5951/6460 5952/6461 5792/6462
f 5797/6463 5796/6464 5773/6465
f 5796/6466 6605/6467 5773/6468
f 6649/6469 6648/6470 5772/6471
f 6648/6472 6170/6473 5772/6474
f 6575/6475 6576/6476 6193/6477
f 6575/6478 6193/6479 5793/6480
f 6570/6481 6575/6482 5793/6483
f 6571/6484 6570/6485 5793/6486
f 5793/6487 5954/6488 6571/6489
f 5954/6490 6572/6491 6571/6492
f 5795/6493 5798/6494 5797/6495
f 5798/6496 5799/6497 5797/6498
f 5799/6499 5800/6500 5797/6501
f 5800/6502 5796/6503 5797/6504
f 5885/6505 5884/6506 5791/6507
f 6644/6508 5892/6509 5772/6510
f 5772/6511 5891/6512 5890/6513
f 5885/6514 5791/6515 5886/6516
f 5793/6517 5887/6518 5888/6519
f 6653/6520 5793/6521 5889/6522
f 5791/6523 6650/6524 5886/6525
f 6631/6526 6637/6527 6632/6528
f 6637/6529 5805/6530 6632/6531
f 6632/6532 5805/6533 6633/6534
f 5805/6535 5804/6536 6633/6537
f 6633/6538 5804/6539 6634/6540
f 5804/6541 5803/6542 6634/6543
f 6634/6544 5803/6545 6636/6546
f 5803/6547 5801/6548 6636/6549
f 6649/6550 5772/6551 5890/6552
f 6637/6553 6642/6554 5805/6555
f 6642/6556 5815/6557 5805/6558
f 5805/6559 5815/6560 5804/6561
f 5815/6562 5814/6563 5804/6564
f 5804/6565 5814/6566 6638/6567
f 5814/6568 5813/6569 6638/6570
f 6638/6571 5813/6572 6641/6573
f 5813/6574 5811/6575 6641/6576
f 5807/6577 5811/6578 5810/6579
f 5811/6580 5813/6581 5810/6582
f 5810/6583 5813/6584 5809/6585
f 5813/6586 5814/6587 5809/6588
f 5809/6589 5814/6590 5808/6591
f 5814/6592 5815/6593 5808/6594
f 5808/6595 5815/6596 5806/6597
f 5815/6598 6642/6599 5806/6600
f 6646/6601 5887/6602 5793/6603
f 5772/6604 5892/6605 5891/6606
f 5817/6607 6647/6608 5820/6609
f 6647/6610 6224/6611 5820/6612
f 5820/6613 6224/6614 5819/6615
f 6224/6616 6223/6617 5819/6618
f 5819/6619 6223/6620 5818/6621
f 6223/6622 6222/6623 5818/6624
f 5818/6625 6222/6626 5816/6627
f 6222/6628 6220/6629 5816/6630
f 5793/6631 5888/6632 5889/6633
f 5884/6634 6645/6635 5791/6636
f 5822/6637 5988/6638 5825/6639
f 5988/6640 5991/6641 5825/6642
f 5825/6643 5991/6644 5824/6645
f 5991/6646 5990/6647 5824/6648
f 5824/6649 5990/6650 5823/6651
f 5990/6652 5989/6653 5823/6654
f 5823/6655 5989/6656 5821/6657
f 5989/6658 5987/6659 5821/6660
f 5953/6661 6651/6662 5791/6663
f 6651/6664 6650/6665 5791/6666
f 5826/6667 5828/6668 5827/6669
f 5828/6670 5829/6671 5827/6672
f 6654/6673 6660/6674 6658/6675
f 6660/6676 6661/6677 6658/6678
f 6659/6679 5833/6680 6657/6681
f 5833/6682 5831/6683 6657/6684
f 6656/6685 5830/6686 6655/6687
f 5830/6688 5832/6689 6655/6690
f 5838/6691 5843/6692 5834/6693
f 5843/6694 5841/6695 5834/6696
f 5839/6697 5844/6698 5838/6699
f 5844/6700 5843/6701 5838/6702
f 5840/6703 5845/6704 5839/6705
f 5845/6706 5844/6707 5839/6708
f 5842/6709 5845/6710 5849/6711
f 5845/6712 5840/6713 5849/6714
f 5852/6715 6676/6716 5848/6717
f 5847/6718 5846/6719 5851/6720
f 5846/6721 5850/6722 5851/6723
f 5846/6724 5842/6725 5850/6726
f 5842/6727 5849/6728 5850/6729
f 5852/6730 5848/6731 5851/6732
f 5848/6733 5847/6734 5851/6735
f 5880/6736 5879/6737 5883/6738
f 5879/6739 5882/6740 5883/6741
f 5879/6742 5878/6743 5882/6744
f 5878/6745 5881/6746 5882/6747
f 6678/6748 6677/6749 5869/6750
f 6677/6751 5868/6752 5869/6753
f 6670/6754 6671/6755 5863/6756
f 6671/6757 5864/6758 5863/6759
f 6668/6760 6669/6761 5860/6762
f 6669/6763 5862/6764 5860/6765
f 6674/6766 6675/6767 5866/6768
f 6675/6769 5867/6770 5866/6771
f 6683/6772 5880/6773 5836/6774
f 5880/6775 5883/6776 5836/6777
f 6667/6778 6666/6779 5859/6780
f 6666/6781 5858/6782 5859/6783
f 6672/6784 6673/6785 5861/6786
f 6673/6787 5865/6788 5861/6789
f 6665/6790 6664/6791 5857/6792
f 6664/6793 5853/6794 5857/6795
f 6679/6796 6678/6797 5870/6798
f 6678/6799 5869/6800 5870/6801
f 5837/6802 5835/6803 5856/6804
f 5835/6805 5854/6806 5856/6807
f 6677/6808 6667/6809 5868/6810
f 6667/6811 5859/6812 5868/6813
f 6671/6814 6672/6815 5864/6816
f 6672/6817 5861/6818 5864/6819
f 6669/6820 6670/6821 5862/6822
f 6670/6823 5863/6824 5862/6825
f 6675/6826 5837/6827 5867/6828
f 5837/6829 5856/6830 5867/6831
f 6673/6832 6674/6833 5865/6834
f 6674/6835 5866/6836 5865/6837
f 6680/6838 6679/6839 5871/6840
f 6679/6841 5870/6842 5871/6843
f 6666/6844 6665/6845 5858/6846
f 6665/6847 5857/6848 5858/6849
f 6682/6850 5855/6851 5872/6852
f 5855/6853 5873/6854 5872/6855
f 5872/6856 5873/6857 5874/6858
f 5873/6859 5875/6860 5874/6861
f 5874/6862 5875/6863 5876/6864
f 5875/6865 5877/6866 5876/6867
f 5876/6868 5877/6869 6282/6870
f 5877/6871 6283/6872 6282/6873
f 5871/6874 6693/6875 6691/6876
f 5871/6877 6691/6878 6689/6879
f 5871/6880 6689/6881 6687/6882
f 5871/6883 6687/6884 6686/6885
f 5856/6886 5854/6887 6685/6888
f 5856/6889 6685/6890 6688/6891
f 5856/6892 6688/6893 6690/6894
f 5856/6895 6690/6896 6692/6897
f 6692/6898 6284/6899 5856/6900
f 5871/6901 6285/6902 6693/6903
f 5852/6904 5881/6905 6676/6906
f 5881/6907 5878/6908 6676/6909
f 6695/6910 6696/6911 6694/6912
f 5835/6913 5837/6914 6696/6915
f 5837/6916 6694/6917 6696/6918
f 6682/6919 6683/6920 5855/6921
f 6683/6922 5836/6923 5855/6924
f 6686/6925 6663/6926 5871/6927
f 6663/6928 6680/6929 5871/6930
f 6662/6931 6684/6932 6663/6933
f 6684/6934 6680/6935 6663/6936
f 6681/6937 6684/6938 6662/6939
f 5807/6940 5810/6941 6704/6942
f 5810/6943 5895/6944 6704/6945
f 5810/6946 5809/6947 5895/6948
f 5809/6949 5894/6950 5895/6951
f 5809/6952 5808/6953 5894/6954
f 5808/6955 5893/6956 5894/6957
f 5808/6958 5806/6959 5893/6960
f 5806/6961 6697/6962 5893/6963
f 6698/6964 5905/6965 6697/6966
f 5905/6967 5893/6968 6697/6969
f 5893/6970 5905/6971 5894/6972
f 5905/6973 5904/6974 5894/6975
f 5894/6976 5904/6977 5895/6978
f 5904/6979 5903/6980 5895/6981
f 6703/6982 6704/6983 5903/6984
f 6704/6985 5895/6986 5903/6987
f 6699/6988 5931/6989 6698/6990
f 5902/6991 5901/6992 5905/6993
f 5901/6994 5904/6995 5905/6996
f 5901/6997 5900/6998 5904/6999
f 5900/7000 5903/7001 5904/7002
f 5900/7003 5909/7004 5918/7005
f 5909/7006 5922/7007 5918/7008
f 5898/7009 5908/7010 5899/7011
f 5908/7012 5909/7013 5899/7014
f 5897/7015 5907/7016 5898/7017
f 5907/7018 5908/7019 5898/7020
f 5896/7021 5906/7022 5897/7023
f 5906/7024 5907/7025 5897/7026
f 6700/7027 6702/7028 5896/7029
f 6702/7030 5906/7031 5896/7032
f 5900/7033 5901/7034 5909/7035
f 5901/7036 5899/7037 5909/7038
f 5898/7039 5899/7040 5912/7041
f 5899/7042 5913/7043 5912/7044
f 5897/7045 5898/7046 5911/7047
f 5898/7048 5912/7049 5911/7050
f 5896/7051 5897/7052 5910/7053
f 5897/7054 5911/7055 5910/7056
f 5902/7057 5913/7058 5901/7059
f 5913/7060 5899/7061 5901/7062
f 6700/7063 5896/7064 6701/7065
f 5896/7066 5910/7067 6701/7068
f 5819/7069 5818/7070 5915/7071
f 5818/7072 5914/7073 5915/7074
f 5820/7075 5819/7076 5916/7077
f 5819/7078 5915/7079 5916/7080
f 6705/7081 5917/7082 5816/7083
f 5820/7084 5916/7085 5817/7086
f 5916/7087 6702/7088 5817/7089
f 6702/7090 5916/7091 5919/7092
f 5920/7093 5919/7094 5915/7095
f 5919/7096 5916/7097 5915/7098
f 5921/7099 5920/7100 5914/7101
f 5920/7102 5915/7103 5914/7104
f 5921/7105 5914/7106 5922/7107
f 5914/7108 5917/7109 5922/7110
f 5818/7111 5816/7112 5914/7113
f 5816/7114 5917/7115 5914/7116
f 5918/7117 5922/7118 6705/7119
f 5922/7120 5917/7121 6705/7122
f 5908/7123 5921/7124 5909/7125
f 5921/7126 5922/7127 5909/7128
f 5908/7129 5907/7130 5921/7131
f 5907/7132 5920/7133 5921/7134
f 5907/7135 5906/7136 5920/7137
f 5906/7138 5919/7139 5920/7140
f 5900/7141 5918/7142 5903/7143
f 5918/7144 6703/7145 5903/7146
f 6703/7147 5918/7148 6705/7149
f 5927/7150 5928/7151 5913/7152
f 5928/7153 5912/7154 5913/7155
f 5928/7156 5929/7157 5912/7158
f 5929/7159 5911/7160 5912/7161
f 5929/7162 5930/7163 5911/7164
f 5930/7165 5910/7166 5911/7167
f 5824/7168 5823/7169 5925/7170
f 5823/7171 5926/7172 5925/7173
f 5825/7174 5824/7175 5924/7176
f 5824/7177 5925/7178 5924/7179
f 5822/7180 5825/7181 5923/7182
f 5825/7183 5924/7184 5923/7185
f 5823/7186 5821/7187 5926/7188
f 5821/7189 6701/7190 5926/7191
f 6699/7192 5822/7193 5923/7194
f 5906/7195 6702/7196 5919/7197
f 5925/7198 5926/7199 5929/7200
f 5926/7201 5930/7202 5929/7203
f 5924/7204 5925/7205 5928/7206
f 5925/7207 5929/7208 5928/7209
f 5923/7210 5924/7211 5927/7212
f 5924/7213 5928/7214 5927/7215
f 5902/7216 5905/7217 5931/7218
f 5905/7219 6698/7220 5931/7221
f 6699/7222 5923/7223 5931/7224
f 5923/7225 5927/7226 5931/7227
f 5902/7228 5931/7229 5913/7230
f 5931/7231 5927/7232 5913/7233
f 5926/7234 6701/7235 5930/7236
f 5910/7237 5930/7238 6701/7239
f 5936/7240 6351/7241 5937/7242
f 6351/7243 5938/7244 5939/7245
f 6351/7246 5939/7247 5937/7248
f 6351/7249 5936/7250 6345/7251
f 6707/7252 5935/7253 6706/7254
f 5935/7255 6344/7256 6706/7257
f 6708/7258 5932/7259 6707/7260
f 5932/7261 5935/7262 6707/7263
f 6711/7264 5933/7265 6708/7266
f 5933/7267 5932/7268 6708/7269
f 5934/7270 5933/7271 6573/7272
f 5933/7273 6711/7274 6573/7275
f 6778/7276 6777/7277 5964/7278
f 6777/7279 5963/7280 5964/7281
f 6777/7282 6774/7283 5963/7284
f 6774/7285 6744/7286 5963/7287
f 5982/7288 5951/7289 5986/7290
f 5951/7291 5950/7292 5986/7293
f 5984/7294 6009/7295 5983/7296
f 6009/7297 6779/7298 5983/7299
f 6362/7300 5948/7301 6370/7302
f 5948/7303 5956/7304 6370/7305
f 5948/7306 5947/7307 5956/7308
f 5947/7309 5957/7310 5956/7311
f 5946/7312 5958/7313 5947/7314
f 5958/7315 5957/7316 5947/7317
f 5945/7318 5959/7319 5946/7320
f 5959/7321 5958/7322 5946/7323
f 5944/7324 5960/7325 5945/7326
f 5960/7327 5959/7328 5945/7329
f 5944/7330 5943/7331 5960/7332
f 5943/7333 5961/7334 5960/7335
f 5942/7336 5962/7337 5943/7338
f 5962/7339 5961/7340 5943/7341
f 6354/7342 6378/7343 5942/7344
f 6378/7345 5962/7346 5942/7347
f 6742/7348 5965/7349 6385/7350
f 5965/7351 6388/7352 6385/7353
f 5975/7354 5966/7355 6400/7356
f 5966/7357 6350/7358 6400/7359
f 5992/7360 6763/7361 5994/7362
f 6763/7363 5965/7364 5994/7365
f 5963/7366 6744/7367 6389/7368
f 6744/7369 6386/7370 6389/7371
f 5982/7372 5986/7373 5999/7374
f 5986/7375 6764/7376 5999/7377
f 5976/7378 5969/7379 5975/7380
f 5969/7381 5966/7382 5975/7383
f 5984/7384 5982/7385 6009/7386
f 5982/7387 5999/7388 6009/7389
f 5977/7390 5970/7391 5976/7392
f 5970/7393 5969/7394 5976/7395
f 6414/7396 5985/7397 6447/7398
f 5985/7399 6780/7400 6447/7401
f 5978/7402 5971/7403 5977/7404
f 5971/7405 5970/7406 5977/7407
f 5979/7408 5972/7409 5978/7410
f 5972/7411 5971/7412 5978/7413
f 5980/7414 5973/7415 5979/7416
f 5973/7417 5972/7418 5979/7419
f 5981/7420 5974/7421 5980/7422
f 5974/7423 5973/7424 5980/7425
f 5968/7426 5967/7427 6745/7428
f 5967/7429 6743/7430 6745/7431
f 6714/7432 5940/7433 6391/7434
f 6755/7435 6399/7436 5981/7437
f 6399/7438 5974/7439 5981/7440
f 6722/7441 5941/7442 6721/7443
f 6751/7444 6733/7445 6031/7446
f 6733/7447 6627/7448 6031/7449
f 6720/7450 6721/7451 5941/7452
f 6719/7453 6720/7454 5941/7455
f 6392/7456 6749/7457 5955/7458
f 6749/7459 6747/7460 5955/7461
f 6719/7462 5941/7463 6718/7464
f 6734/7465 6752/7466 6732/7467
f 6752/7468 6387/7469 6732/7470
f 5940/7471 6715/7472 6716/7473
f 5940/7474 6716/7475 6717/7476
f 5940/7477 6714/7478 6715/7479
f 5940/7480 6717/7481 6718/7482
f 6751/7483 6031/7484 6748/7485
f 6031/7486 6617/7487 6748/7488
f 6718/7489 5941/7490 5940/7491
f 6731/7492 6408/7493 6730/7494
f 6408/7495 6754/7496 6730/7497
f 6730/7498 6754/7499 6729/7500
f 6754/7501 6756/7502 6729/7503
f 6729/7504 6756/7505 6728/7506
f 6756/7507 6757/7508 6728/7509
f 6728/7510 6757/7511 6727/7512
f 6757/7513 6758/7514 6727/7515
f 6727/7516 6758/7517 6726/7518
f 6758/7519 6759/7520 6726/7521
f 6726/7522 6759/7523 6725/7524
f 6759/7525 6760/7526 6725/7527
f 6725/7528 6760/7529 6724/7530
f 6760/7531 6761/7532 6724/7533
f 6724/7534 6761/7535 6723/7536
f 6761/7537 6762/7538 6723/7539
f 6389/7540 6746/7541 5963/7542
f 6746/7543 6741/7544 5963/7545
f 6741/7546 6740/7547 5963/7548
f 6740/7549 6739/7550 5963/7551
f 6739/7552 5964/7553 5963/7554
f 6750/7555 6746/7556 6389/7557
f 6738/7558 5964/7559 6739/7560
f 6737/7561 5964/7562 6738/7563
f 6735/7564 5964/7565 6737/7566
f 5964/7567 6735/7568 6390/7569
f 6390/7570 6735/7571 6736/7572
f 6628/7573 5949/7574 6763/7575
f 5949/7576 5965/7577 6763/7578
f 6722/7579 6753/7580 5941/7581
f 5967/7582 5968/7583 6769/7584
f 5968/7585 6773/7586 6769/7587
f 6785/7588 5985/7589 6652/7590
f 5985/7591 5954/7592 6652/7593
f 5952/7594 5984/7595 5953/7596
f 5984/7597 5983/7598 5953/7599
f 5982/7600 5984/7601 5951/7602
f 5984/7603 5952/7604 5951/7605
f 5994/7606 5965/7607 5993/7608
f 5965/7609 6742/7610 5993/7611
f 6783/7612 5964/7613 6782/7614
f 5964/7615 6390/7616 6782/7617
f 6712/7618 6414/7619 6713/7620
f 6712/7621 5985/7622 6414/7623
f 6709/7624 5985/7625 6712/7626
f 6710/7627 5985/7628 6709/7629
f 5985/7630 6710/7631 5954/7632
f 5954/7633 6710/7634 6572/7635
f 5992/7636 5994/7637 5995/7638
f 5995/7639 5994/7640 5996/7641
f 5996/7642 5994/7643 5997/7644
f 5997/7645 5994/7646 5993/7647
f 6083/7648 5983/7649 6082/7650
f 6778/7651 5964/7652 6090/7653
f 5964/7654 6088/7655 6089/7656
f 6083/7657 6084/7658 5983/7659
f 5985/7660 6086/7661 6085/7662
f 6785/7663 6087/7664 5985/7665
f 5983/7666 6084/7667 6784/7668
f 6765/7669 6766/7670 6771/7671
f 6766/7672 6002/7673 6771/7674
f 6766/7675 6767/7676 6002/7677
f 6767/7678 6001/7679 6002/7680
f 6767/7681 6768/7682 6001/7683
f 6768/7684 6000/7685 6001/7686
f 6768/7687 6770/7688 6000/7689
f 6770/7690 5998/7691 6000/7692
f 6783/7693 6088/7694 5964/7695
f 6771/7696 6002/7697 6776/7698
f 6002/7699 6012/7700 6776/7701
f 6002/7702 6001/7703 6012/7704
f 6001/7705 6011/7706 6012/7707
f 6001/7708 6772/7709 6011/7710
f 6772/7711 6010/7712 6011/7713
f 6772/7714 6775/7715 6010/7716
f 6775/7717 6008/7718 6010/7719
f 6004/7720 6007/7721 6008/7722
f 6007/7723 6010/7724 6008/7725
f 6007/7726 6006/7727 6010/7728
f 6006/7729 6011/7730 6010/7731
f 6006/7732 6005/7733 6011/7734
f 6005/7735 6012/7736 6011/7737
f 6005/7738 6003/7739 6012/7740
f 6003/7741 6776/7742 6012/7743
f 6780/7744 5985/7745 6085/7746
f 5964/7747 6089/7748 6090/7749
f 6014/7750 6017/7751 6781/7752
f 6017/7753 6450/7754 6781/7755
f 6017/7756 6016/7757 6450/7758
f 6016/7759 6449/7760 6450/7761
f 6016/7762 6015/7763 6449/7764
f 6015/7765 6448/7766 6449/7767
f 6015/7768 6013/7769 6448/7770
f 6013/7771 6446/7772 6448/7773
f 5985/7774 6087/7775 6086/7776
f 6082/7777 5983/7778 6779/7779
f 6019/7780 6022/7781 5988/7782
f 6022/7783 5991/7784 5988/7785
f 6022/7786 6021/7787 5991/7788
f 6021/7789 5990/7790 5991/7791
f 6021/7792 6020/7793 5990/7794
f 6020/7795 5989/7796 5990/7797
f 6020/7798 6018/7799 5989/7800
f 6018/7801 5987/7802 5989/7803
f 5953/7804 5983/7805 6651/7806
f 5983/7807 6784/7808 6651/7809
f 6023/7810 6024/7811 6025/7812
f 6024/7813 6026/7814 6025/7815
f 6786/7816 6790/7817 6792/7818
f 6790/7819 6793/7820 6792/7821
f 6791/7822 6789/7823 6030/7824
f 6789/7825 6028/7826 6030/7827
f 6788/7828 6787/7829 6027/7830
f 6787/7831 6029/7832 6027/7833
f 6036/7834 6032/7835 6041/7836
f 6032/7837 6039/7838 6041/7839
f 6037/7840 6036/7841 6042/7842
f 6036/7843 6041/7844 6042/7845
f 6038/7846 6037/7847 6043/7848
f 6037/7849 6042/7850 6043/7851
f 6040/7852 6047/7853 6043/7854
f 6047/7855 6038/7856 6043/7857
f 6050/7858 6046/7859 6808/7860
f 6045/7861 6049/7862 6044/7863
f 6049/7864 6048/7865 6044/7866
f 6044/7867 6048/7868 6040/7869
f 6048/7870 6047/7871 6040/7872
f 6050/7873 6049/7874 6046/7875
f 6049/7876 6045/7877 6046/7878
f 6078/7879 6081/7880 6077/7881
f 6081/7882 6080/7883 6077/7884
f 6077/7885 6080/7886 6076/7887
f 6080/7888 6079/7889 6076/7890
f 6810/7891 6067/7892 6809/7893
f 6067/7894 6066/7895 6809/7896
f 6802/7897 6061/7898 6803/7899
f 6061/7900 6062/7901 6803/7902
f 6800/7903 6058/7904 6801/7905
f 6058/7906 6060/7907 6801/7908
f 6806/7909 6064/7910 6807/7911
f 6064/7912 6065/7913 6807/7914
f 6815/7915 6034/7916 6078/7917
f 6034/7918 6081/7919 6078/7920
f 6799/7921 6057/7922 6798/7923
f 6057/7924 6056/7925 6798/7926
f 6804/7927 6059/7928 6805/7929
f 6059/7930 6063/7931 6805/7932
f 6797/7933 6055/7934 6796/7935
f 6055/7936 6051/7937 6796/7938
f 6811/7939 6068/7940 6810/7941
f 6068/7942 6067/7943 6810/7944
f 6035/7945 6054/7946 6033/7947
f 6054/7948 6052/7949 6033/7950
f 6809/7951 6066/7952 6799/7953
f 6066/7954 6057/7955 6799/7956
f 6803/7957 6062/7958 6804/7959
f 6062/7960 6059/7961 6804/7962
f 6801/7963 6060/7964 6802/7965
f 6060/7966 6061/7967 6802/7968
f 6807/7969 6065/7970 6035/7971
f 6065/7972 6054/7973 6035/7974
f 6805/7975 6063/7976 6806/7977
f 6063/7978 6064/7979 6806/7980
f 6812/7981 6069/7982 6811/7983
f 6069/7984 6068/7985 6811/7986
f 6798/7987 6056/7988 6797/7989
f 6056/7990 6055/7991 6797/7992
f 6814/7993 6070/7994 6053/7995
f 6070/7996 6071/7997 6053/7998
f 6070/7999 6072/8000 6071/8001
f 6072/8002 6073/8003 6071/8004
f 6072/8005 6074/8006 6073/8007
f 6074/8008 6075/8009 6073/8010
f 6074/8011 6509/8012 6075/8013
f 6509/8014 6510/8015 6075/8016
f 6069/8017 6823/8018 6825/8019
f 6069/8020 6821/8021 6823/8022
f 6069/8023 6819/8024 6821/8025
f 6069/8026 6818/8027 6819/8028
f 6054/8029 6817/8030 6052/8031
f 6054/8032 6820/8033 6817/8034
f 6054/8035 6822/8036 6820/8037
f 6054/8038 6824/8039 6822/8040
f 6824/8041 6054/8042 6511/8043
f 6069/8044 6825/8045 6512/8046
f 6050/8047 6808/8048 6079/8049
f 6808/8050 6076/8051 6079/8052
f 6827/8053 6826/8054 6828/8055
f 6033/8056 6828/8057 6035/8058
f 6828/8059 6826/8060 6035/8061
f 6814/8062 6053/8063 6815/8064
f 6053/8065 6034/8066 6815/8067
f 6818/8068 6069/8069 6795/8070
f 6069/8071 6812/8072 6795/8073
f 6794/8074 6795/8075 6816/8076
f 6795/8077 6812/8078 6816/8079
f 6813/8080 6794/8081 6816/8082
f 6004/8083 6836/8084 6007/8085
f 6836/8086 6093/8087 6007/8088
f 6007/8089 6093/8090 6006/8091
f 6093/8092 6092/8093 6006/8094
f 6006/8095 6092/8096 6005/8097
f 6092/8098 6091/8099 6005/8100
f 6005/8101 6091/8102 6003/8103
f 6091/8104 6829/8105 6003/8106
f 6830/8107 6829/8108 6103/8109
f 6829/8110 6091/8111 6103/8112
f 6091/8113 6092/8114 6103/8115
f 6092/8116 6102/8117 6103/8118
f 6092/8119 6093/8120 6102/8121
f 6093/8122 6101/8123 6102/8124
f 6835/8125 6101/8126 6836/8127
f 6101/8128 6093/8129 6836/8130
f 6831/8131 6830/8132 6129/8133
f 6100/8134 6103/8135 6099/8136
f 6103/8137 6102/8138 6099/8139
f 6099/8140 6102/8141 6098/8142
f 6102/8143 6101/8144 6098/8145
f 6098/8146 6116/8147 6107/8148
f 6116/8149 6120/8150 6107/8151
f 6096/8152 6097/8153 6106/8154
f 6097/8155 6107/8156 6106/8157
f 6095/8158 6096/8159 6105/8160
f 6096/8161 6106/8162 6105/8163
f 6094/8164 6095/8165 6104/8166
f 6095/8167 6105/8168 6104/8169
f 6832/8170 6094/8171 6834/8172
f 6094/8173 6104/8174 6834/8175
f 6098/8176 6107/8177 6099/8178
f 6107/8179 6097/8180 6099/8181
f 6096/8182 6110/8183 6097/8184
f 6110/8185 6111/8186 6097/8187
f 6095/8188 6109/8189 6096/8190
f 6109/8191 6110/8192 6096/8193
f 6094/8194 6108/8195 6095/8196
f 6108/8197 6109/8198 6095/8199
f 6100/8200 6099/8201 6111/8202
f 6099/8203 6097/8204 6111/8205
f 6832/8206 6833/8207 6094/8208
f 6833/8209 6108/8210 6094/8211
f 6016/8212 6113/8213 6015/8214
f 6113/8215 6112/8216 6015/8217
f 6017/8218 6114/8219 6016/8220
f 6114/8221 6113/8222 6016/8223
f 6837/8224 6013/8225 6115/8226
f 6017/8227 6014/8228 6114/8229
f 6014/8230 6834/8231 6114/8232
f 6834/8233 6117/8234 6114/8235
f 6118/8236 6113/8237 6117/8238
f 6113/8239 6114/8240 6117/8241
f 6119/8242 6112/8243 6118/8244
f 6112/8245 6113/8246 6118/8247
f 6119/8248 6120/8249 6112/8250
f 6120/8251 6115/8252 6112/8253
f 6015/8254 6112/8255 6013/8256
f 6112/8257 6115/8258 6013/8259
f 6116/8260 6837/8261 6120/8262
f 6837/8263 6115/8264 6120/8265
f 6106/8266 6107/8267 6119/8268
f 6107/8269 6120/8270 6119/8271
f 6106/8272 6119/8273 6105/8274
f 6119/8275 6118/8276 6105/8277
f 6105/8278 6118/8279 6104/8280
f 6118/8281 6117/8282 6104/8283
f 6098/8284 6101/8285 6116/8286
f 6101/8287 6835/8288 6116/8289
f 6835/8290 6837/8291 6116/8292
f 6125/8293 6111/8294 6126/8295
f 6111/8296 6110/8297 6126/8298
f 6126/8299 6110/8300 6127/8301
f 6110/8302 6109/8303 6127/8304
f 6127/8305 6109/8306 6128/8307
f 6109/8308 6108/8309 6128/8310
f 6021/8311 6123/8312 6020/8313
f 6123/8314 6124/8315 6020/8316
f 6022/8317 6122/8318 6021/8319
f 6122/8320 6123/8321 6021/8322
f 6019/8323 6121/8324 6022/8325
f 6121/8326 6122/8327 6022/8328
f 6020/8329 6124/8330 6018/8331
f 6124/8332 6833/8333 6018/8334
f 6831/8335 6121/8336 6019/8337
f 6104/8338 6117/8339 6834/8340
f 6123/8341 6127/8342 6124/8343
f 6127/8344 6128/8345 6124/8346
f 6122/8347 6126/8348 6123/8349
f 6126/8350 6127/8351 6123/8352
f 6121/8353 6125/8354 6122/8355
f 6125/8356 6126/8357 6122/8358
f 6100/8359 6129/8360 6103/8361
f 6129/8362 6830/8363 6103/8364
f 6831/8365 6129/8366 6121/8367
f 6129/8368 6125/8369 6121/8370
f 6100/8371 6111/8372 6129/8373
f 6111/8374 6125/8375 6129/8376
f 6124/8377 6128/8378 6833/8379
f 6108/8380 6833/8381 6128/8382
f 6135/8383 6351/8384 6136/8385
f 6351/8386 6348/8387 6137/8388
f 6351/8389 6137/8390 6136/8391
f 6351/8392 6135/8393 6134/8394
f 6838/8395 6132/8396 6567/8397
f 6132/8398 6133/8399 6567/8400
f 6839/8401 6130/8402 6838/8403
f 6130/8404 6132/8405 6838/8406
f 6844/8407 6131/8408 6839/8409
f 6131/8410 6130/8411 6839/8412
f 6342/8413 6131/8414 6843/8415
f 6131/8416 6844/8417 6843/8418
f 6900/8419 6899/8420 6160/8421
f 6899/8422 6159/8423 6160/8424
f 6899/8425 6896/8426 6159/8427
f 6896/8428 6869/8429 6159/8430
f 6188/8431 6365/8432 6192/8433
f 6365/8434 6364/8435 6192/8436
f 6190/8437 6211/8438 6189/8439
f 6211/8440 6901/8441 6189/8442
f 6149/8443 6148/8444 6150/8445
f 6148/8446 6151/8447 6150/8448
f 6148/8449 6147/8450 6151/8451
f 6147/8452 6152/8453 6151/8454
f 6146/8455 6153/8456 6147/8457
f 6153/8458 6152/8459 6147/8460
f 6145/8461 6154/8462 6146/8463
f 6154/8464 6153/8465 6146/8466
f 6144/8467 6155/8468 6145/8469
f 6155/8470 6154/8471 6145/8472
f 6144/8473 6143/8474 6155/8475
f 6143/8476 6156/8477 6155/8478
f 6142/8479 6157/8480 6143/8481
f 6157/8482 6156/8483 6143/8484
f 6141/8485 6158/8486 6142/8487
f 6158/8488 6157/8489 6142/8490
f 6868/8491 6161/8492 6165/8493
f 6161/8494 6168/8495 6165/8496
f 6180/8497 6162/8498 6179/8499
f 6162/8500 6138/8501 6179/8502
f 6194/8503 6885/8504 6196/8505
f 6885/8506 6161/8507 6196/8508
f 6159/8509 6869/8510 6169/8511
f 6869/8512 6166/8513 6169/8514
f 6188/8515 6192/8516 6201/8517
f 6192/8518 6886/8519 6201/8520
f 6181/8521 6172/8522 6180/8523
f 6172/8524 6162/8525 6180/8526
f 6190/8527 6188/8528 6211/8529
f 6188/8530 6201/8531 6211/8532
f 6182/8533 6173/8534 6181/8535
f 6173/8536 6172/8537 6181/8538
f 6193/8539 6191/8540 6221/8541
f 6191/8542 6902/8543 6221/8544
f 6183/8545 6174/8546 6182/8547
f 6174/8548 6173/8549 6182/8550
f 6184/8551 6175/8552 6183/8553
f 6175/8554 6174/8555 6183/8556
f 6185/8557 6176/8558 6184/8559
f 6176/8560 6175/8561 6184/8562
f 6186/8563 6177/8564 6185/8565
f 6177/8566 6176/8567 6185/8568
f 6164/8569 6163/8570 6608/8571
f 6163/8572 6606/8573 6608/8574
f 6577/8575 6139/8576 6171/8577
f 6619/8578 6178/8579 6186/8580
f 6178/8581 6177/8582 6186/8583
f 6585/8584 6140/8585 6852/8586
f 6873/8587 6860/8588 6464/8589
f 6860/8590 6883/8591 6464/8592
f 6851/8593 6852/8594 6140/8595
f 6850/8596 6851/8597 6140/8598
f 6392/8599 6612/8600 6369/8601
f 6612/8602 6871/8603 6369/8604
f 6850/8605 6140/8606 6849/8607
f 6861/8608 6874/8609 6595/8610
f 6874/8611 6167/8612 6595/8613
f 6139/8614 6846/8615 6847/8616
f 6139/8617 6847/8618 6848/8619
f 6139/8620 6577/8621 6846/8622
f 6139/8623 6848/8624 6849/8625
f 6873/8626 6464/8627 6872/8628
f 6464/8629 6875/8630 6872/8631
f 6849/8632 6140/8633 6139/8634
f 6594/8635 6187/8636 6859/8637
f 6187/8638 6876/8639 6859/8640
f 6859/8641 6876/8642 6858/8643
f 6876/8644 6877/8645 6858/8646
f 6858/8647 6877/8648 6857/8649
f 6877/8650 6878/8651 6857/8652
f 6857/8653 6878/8654 6856/8655
f 6878/8656 6879/8657 6856/8658
f 6856/8659 6879/8660 6855/8661
f 6879/8662 6880/8663 6855/8664
f 6855/8665 6880/8666 6854/8667
f 6880/8668 6881/8669 6854/8670
f 6854/8671 6881/8672 6853/8673
f 6881/8674 6882/8675 6853/8676
f 6853/8677 6882/8678 6586/8679
f 6882/8680 6626/8681 6586/8682
f 6169/8683 6870/8684 6159/8685
f 6870/8686 6867/8687 6159/8688
f 6867/8689 6866/8690 6159/8691
f 6866/8692 6865/8693 6159/8694
f 6865/8695 6160/8696 6159/8697
f 6613/8698 6870/8699 6169/8700
f 6864/8701 6160/8702 6865/8703
f 6863/8704 6160/8705 6864/8706
f 6862/8707 6160/8708 6863/8709
f 6160/8710 6862/8711 6170/8712
f 6170/8713 6862/8714 6599/8715
f 6884/8716 6363/8717 6885/8718
f 6363/8719 6161/8720 6885/8721
f 6585/8722 6616/8723 6140/8724
f 6163/8725 6164/8726 6891/8727
f 6164/8728 6895/8729 6891/8730
f 6907/8731 6191/8732 6906/8733
f 6191/8734 6368/8735 6906/8736
f 6366/8737 6190/8738 6367/8739
f 6190/8740 6189/8741 6367/8742
f 6188/8743 6190/8744 6365/8745
f 6190/8746 6366/8747 6365/8748
f 6196/8749 6161/8750 6195/8751
f 6161/8752 6868/8753 6195/8754
f 6903/8755 6160/8756 6648/8757
f 6160/8758 6170/8759 6648/8760
f 6845/8761 6193/8762 6576/8763
f 6845/8764 6191/8765 6193/8766
f 6840/8767 6191/8768 6845/8769
f 6841/8770 6191/8771 6840/8772
f 6191/8773 6841/8774 6368/8775
f 6368/8776 6841/8777 6842/8778
f 6194/8779 6196/8780 6197/8781
f 6197/8782 6196/8783 6198/8784
f 6198/8785 6196/8786 6199/8787
f 6199/8788 6196/8789 6195/8790
f 6293/8791 6189/8792 6292/8793
f 6900/8794 6160/8795 6300/8796
f 6160/8797 6298/8798 6299/8799
f 6293/8800 6294/8801 6189/8802
f 6191/8803 6296/8804 6295/8805
f 6907/8806 6297/8807 6191/8808
f 6189/8809 6294/8810 6904/8811
f 6887/8812 6888/8813 6893/8814
f 6888/8815 6204/8816 6893/8817
f 6888/8818 6889/8819 6204/8820
f 6889/8821 6203/8822 6204/8823
f 6889/8824 6890/8825 6203/8826
f 6890/8827 6202/8828 6203/8829
f 6890/8830 6892/8831 6202/8832
f 6892/8833 6200/8834 6202/8835
f 6903/8836 6298/8837 6160/8838
f 6893/8839 6204/8840 6898/8841
f 6204/8842 6214/8843 6898/8844
f 6204/8845 6203/8846 6214/8847
f 6203/8848 6213/8849 6214/8850
f 6203/8851 6894/8852 6213/8853
f 6894/8854 6212/8855 6213/8856
f 6894/8857 6897/8858 6212/8859
f 6897/8860 6210/8861 6212/8862
f 6206/8863 6209/8864 6210/8865
f 6209/8866 6212/8867 6210/8868
f 6209/8869 6208/8870 6212/8871
f 6208/8872 6213/8873 6212/8874
f 6208/8875 6207/8876 6213/8877
f 6207/8878 6214/8879 6213/8880
f 6207/8881 6205/8882 6214/8883
f 6205/8884 6898/8885 6214/8886
f 6902/8887 6191/8888 6295/8889
f 6160/8890 6299/8891 6300/8892
f 6216/8893 6219/8894 6647/8895
f 6219/8896 6224/8897 6647/8898
f 6219/8899 6218/8900 6224/8901
f 6218/8902 6223/8903 6224/8904
f 6218/8905 6217/8906 6223/8907
f 6217/8908 6222/8909 6223/8910
f 6217/8911 6215/8912 6222/8913
f 6215/8914 6220/8915 6222/8916
f 6191/8917 6297/8918 6296/8919
f 6292/8920 6189/8921 6901/8922
f 6226/8923 6229/8924 6416/8925
f 6229/8926 6419/8927 6416/8928
f 6229/8929 6228/8930 6419/8931
f 6228/8932 6418/8933 6419/8934
f 6228/8935 6227/8936 6418/8937
f 6227/8938 6417/8939 6418/8940
f 6227/8941 6225/8942 6417/8943
f 6225/8944 6415/8945 6417/8946
f 6367/8947 6189/8948 6905/8949
f 6189/8950 6904/8951 6905/8952
f 6230/8953 6231/8954 6232/8955
f 6231/8956 6233/8957 6232/8958
f 6908/8959 6912/8960 6914/8961
f 6912/8962 6915/8963 6914/8964
f 6913/8965 6911/8966 6237/8967
f 6911/8968 6235/8969 6237/8970
f 6910/8971 6909/8972 6234/8973
f 6909/8974 6236/8975 6234/8976
f 6242/8977 6238/8978 6247/8979
f 6238/8980 6245/8981 6247/8982
f 6243/8983 6242/8984 6248/8985
f 6242/8986 6247/8987 6248/8988
f 6244/8989 6243/8990 6249/8991
f 6243/8992 6248/8993 6249/8994
f 6246/8995 6253/8996 6249/8997
f 6253/8998 6244/8999 6249/9000
f 6256/9001 6252/9002 6930/9003
f 6251/9004 6255/9005 6250/9006
f 6255/9007 6254/9008 6250/9009
f 6250/9010 6254/9011 6246/9012
f 6254/9013 6253/9014 6246/9015
f 6256/9016 6255/9017 6252/9018
f 6255/9019 6251/9020 6252/9021
f 6288/9022 6291/9023 6287/9024
f 6291/9025 6290/9026 6287/9027
f 6287/9028 6290/9029 6286/9030
f 6290/9031 6289/9032 6286/9033
f 6932/9034 6273/9035 6931/9036
f 6273/9037 6272/9038 6931/9039
f 6924/9040 6267/9041 6925/9042
f 6267/9043 6268/9044 6925/9045
f 6922/9046 6264/9047 6923/9048
f 6264/9049 6266/9050 6923/9051
f 6928/9052 6270/9053 6929/9054
f 6270/9055 6271/9056 6929/9057
f 6937/9058 6240/9059 6288/9060
f 6240/9061 6291/9062 6288/9063
f 6921/9064 6263/9065 6920/9066
f 6263/9067 6262/9068 6920/9069
f 6926/9070 6265/9071 6927/9072
f 6265/9073 6269/9074 6927/9075
f 6919/9076 6261/9077 6918/9078
f 6261/9079 6257/9080 6918/9081
f 6933/9082 6274/9083 6932/9084
f 6274/9085 6273/9086 6932/9087
f 6241/9088 6260/9089 6239/9090
f 6260/9091 6258/9092 6239/9093
f 6931/9094 6272/9095 6921/9096
f 6272/9097 6263/9098 6921/9099
f 6925/9100 6268/9101 6926/9102
f 6268/9103 6265/9104 6926/9105
f 6923/9106 6266/9107 6924/9108
f 6266/9109 6267/9110 6924/9111
f 6929/9112 6271/9113 6241/9114
f 6271/9115 6260/9116 6241/9117
f 6927/9118 6269/9119 6928/9120
f 6269/9121 6270/9122 6928/9123
f 6934/9124 6275/9125 6933/9126
f 6275/9127 6274/9128 6933/9129
f 6920/9130 6262/9131 6919/9132
f 6262/9133 6261/9134 6919/9135
f 6936/9136 6276/9137 6259/9138
f 6276/9139 6277/9140 6259/9141
f 6276/9142 6278/9143 6277/9144
f 6278/9145 6279/9146 6277/9147
f 6278/9148 6280/9149 6279/9150
f 6280/9151 6281/9152 6279/9153
f 6280/9154 6282/9155 6281/9156
f 6282/9157 6283/9158 6281/9159
f 6275/9160 6945/9161 6693/9162
f 6275/9163 6943/9164 6945/9165
f 6275/9166 6941/9167 6943/9168
f 6275/9169 6940/9170 6941/9171
f 6260/9172 6939/9173 6258/9174
f 6260/9175 6942/9176 6939/9177
f 6260/9178 6944/9179 6942/9180
f 6260/9181 6692/9182 6944/9183
f 6692/9184 6260/9185 6284/9186
f 6275/9187 6693/9188 6285/9189
f 6256/9190 6930/9191 6289/9192
f 6930/9193 6286/9194 6289/9195
f 6947/9196 6946/9197 6948/9198
f 6239/9199 6948/9200 6241/9201
f 6948/9202 6946/9203 6241/9204
f 6936/9205 6259/9206 6937/9207
f 6259/9208 6240/9209 6937/9210
f 6940/9211 6275/9212 6917/9213
f 6275/9214 6934/9215 6917/9216
f 6916/9217 6917/9218 6938/9219
f 6917/9220 6934/9221 6938/9222
f 6935/9223 6916/9224 6938/9225
f 6206/9226 6956/9227 6209/9228
f 6956/9229 6303/9230 6209/9231
f 6209/9232 6303/9233 6208/9234
f 6303/9235 6302/9236 6208/9237
f 6208/9238 6302/9239 6207/9240
f 6302/9241 6301/9242 6207/9243
f 6207/9244 6301/9245 6205/9246
f 6301/9247 6949/9248 6205/9249
f 6950/9250 6949/9251 6313/9252
f 6949/9253 6301/9254 6313/9255
f 6301/9256 6302/9257 6313/9258
f 6302/9259 6312/9260 6313/9261
f 6302/9262 6303/9263 6312/9264
f 6303/9265 6311/9266 6312/9267
f 6955/9268 6311/9269 6956/9270
f 6311/9271 6303/9272 6956/9273
f 6951/9274 6950/9275 6339/9276
f 6310/9277 6313/9278 6309/9279
f 6313/9280 6312/9281 6309/9282
f 6309/9283 6312/9284 6308/9285
f 6312/9286 6311/9287 6308/9288
f 6308/9289 6326/9290 6317/9291
f 6326/9292 6330/9293 6317/9294
f 6306/9295 6307/9296 6316/9297
f 6307/9298 6317/9299 6316/9300
f 6305/9301 6306/9302 6315/9303
f 6306/9304 6316/9305 6315/9306
f 6304/9307 6305/9308 6314/9309
f 6305/9310 6315/9311 6314/9312
f 6952/9313 6304/9314 6954/9315
f 6304/9316 6314/9317 6954/9318
f 6308/9319 6317/9320 6309/9321
f 6317/9322 6307/9323 6309/9324
f 6306/9325 6320/9326 6307/9327
f 6320/9328 6321/9329 6307/9330
f 6305/9331 6319/9332 6306/9333
f 6319/9334 6320/9335 6306/9336
f 6304/9337 6318/9338 6305/9339
f 6318/9340 6319/9341 6305/9342
f 6310/9343 6309/9344 6321/9345
f 6309/9346 6307/9347 6321/9348
f 6952/9349 6953/9350 6304/9351
f 6953/9352 6318/9353 6304/9354
f 6218/9355 6323/9356 6217/9357
f 6323/9358 6322/9359 6217/9360
f 6219/9361 6324/9362 6218/9363
f 6324/9364 6323/9365 6218/9366
f 6957/9367 6215/9368 6325/9369
f 6219/9370 6216/9371 6324/9372
f 6216/9373 6954/9374 6324/9375
f 6954/9376 6327/9377 6324/9378
f 6328/9379 6323/9380 6327/9381
f 6323/9382 6324/9383 6327/9384
f 6329/9385 6322/9386 6328/9387
f 6322/9388 6323/9389 6328/9390
f 6329/9391 6330/9392 6322/9393
f 6330/9394 6325/9395 6322/9396
f 6217/9397 6322/9398 6215/9399
f 6322/9400 6325/9401 6215/9402
f 6326/9403 6957/9404 6330/9405
f 6957/9406 6325/9407 6330/9408
f 6316/9409 6317/9410 6329/9411
f 6317/9412 6330/9413 6329/9414
f 6316/9415 6329/9416 6315/9417
f 6329/9418 6328/9419 6315/9420
f 6315/9421 6328/9422 6314/9423
f 6328/9424 6327/9425 6314/9426
f 6308/9427 6311/9428 6326/9429
f 6311/9430 6955/9431 6326/9432
f 6955/9433 6957/9434 6326/9435
f 6335/9436 6321/9437 6336/9438
f 6321/9439 6320/9440 6336/9441
f 6336/9442 6320/9443 6337/9444
f 6320/9445 6319/9446 6337/9447
f 6337/9448 6319/9449 6338/9450
f 6319/9451 6318/9452 6338/9453
f 6228/9454 6333/9455 6227/9456
f 6333/9457 6334/9458 6227/9459
f 6229/9460 6332/9461 6228/9462
f 6332/9463 6333/9464 6228/9465
f 6226/9466 6331/9467 6229/9468
f 6331/9469 6332/9470 6229/9471
f 6227/9472 6334/9473 6225/9474
f 6334/9475 6953/9476 6225/9477
f 6951/9478 6331/9479 6226/9480
f 6314/9481 6327/9482 6954/9483
f 6333/9484 6337/9485 6334/9486
f 6337/9487 6338/9488 6334/9489
f 6332/9490 6336/9491 6333/9492
f 6336/9493 6337/9494 6333/9495
f 6331/9496 6335/9497 6332/9498
f 6335/9499 6336/9500 6332/9501
f 6310/9502 6339/9503 6313/9504
f 6339/9505 6950/9506 6313/9507
f 6951/9508 6339/9509 6331/9510
f 6339/9511 6335/9512 6331/9513
f 6310/9514 6321/9515 6339/9516
f 6321/9517 6335/9518 6339/9519
f 6334/9520 6338/9521 6953/9522
f 6318/9523 6953/9524 6338/9525
f 6346/9526 6347/9527 6351/9528
f 6351/9529 6349/9530 6348/9531
f 6351/9532 6347/9533 6349/9534
f 6351/9535 6345/9536 6346/9537
f 6958/9538 6706/9539 6343/9540
f 6706/9541 6344/9542 6343/9543
f 6959/9544 6958/9545 6340/9546
f 6958/9547 6343/9548 6340/9549
f 6962/9550 6959/9551 6341/9552
f 6959/9553 6340/9554 6341/9555
f 6342/9556 6843/9557 6341/9558
f 6843/9559 6962/9560 6341/9561
f 7015/9562 6380/9563 7014/9564
f 6380/9565 6379/9566 7014/9567
f 7014/9568 6379/9569 7011/9570
f 6379/9571 6987/9572 7011/9573
f 6409/9574 6413/9575 6365/9576
f 6413/9577 6364/9578 6365/9579
f 6411/9580 6410/9581 6437/9582
f 6410/9583 7016/9584 6437/9585
f 6362/9586 6370/9587 6361/9588
f 6370/9589 6371/9590 6361/9591
f 6361/9592 6371/9593 6360/9594
f 6371/9595 6372/9596 6360/9597
f 6359/9598 6360/9599 6373/9600
f 6360/9601 6372/9602 6373/9603
f 6358/9604 6359/9605 6374/9606
f 6359/9607 6373/9608 6374/9609
f 6357/9610 6358/9611 6375/9612
f 6358/9613 6374/9614 6375/9615
f 6357/9616 6375/9617 6356/9618
f 6375/9619 6376/9620 6356/9621
f 6355/9622 6356/9623 6377/9624
f 6356/9625 6376/9626 6377/9627
f 6354/9628 6355/9629 6378/9630
f 6355/9631 6377/9632 6378/9633
f 6986/9634 6385/9635 6381/9636
f 6385/9637 6388/9638 6381/9639
f 6401/9640 6400/9641 6382/9642
f 6400/9643 6350/9644 6382/9645
f 6420/9646 6422/9647 7000/9648
f 6422/9649 6381/9650 7000/9651
f 6379/9652 6389/9653 6987/9654
f 6389/9655 6386/9656 6987/9657
f 6409/9658 6427/9659 6413/9660
f 6427/9661 7001/9662 6413/9663
f 6402/9664 6401/9665 6393/9666
f 6401/9667 6382/9668 6393/9669
f 6411/9670 6437/9671 6409/9672
f 6437/9673 6427/9674 6409/9675
f 6403/9676 6402/9677 6394/9678
f 6402/9679 6393/9680 6394/9681
f 6414/9682 6447/9683 6412/9684
f 6447/9685 7017/9686 6412/9687
f 6404/9688 6403/9689 6395/9690
f 6403/9691 6394/9692 6395/9693
f 6405/9694 6404/9695 6396/9696
f 6404/9697 6395/9698 6396/9699
f 6406/9700 6405/9701 6397/9702
f 6405/9703 6396/9704 6397/9705
f 6407/9706 6406/9707 6398/9708
f 6406/9709 6397/9710 6398/9711
f 6384/9712 6745/9713 6383/9714
f 6745/9715 6743/9716 6383/9717
f 6714/9718 6391/9719 6352/9720
f 6755/9721 6407/9722 6399/9723
f 6407/9724 6398/9725 6399/9726
f 6722/9727 6970/9728 6353/9729
f 6991/9730 6464/9731 6978/9732
f 6464/9733 6883/9734 6978/9735
f 6969/9736 6353/9737 6970/9738
f 6968/9739 6353/9740 6969/9741
f 6392/9742 6369/9743 6749/9744
f 6369/9745 6989/9746 6749/9747
f 6968/9748 6967/9749 6353/9750
f 6979/9751 6732/9752 6992/9753
f 6732/9754 6387/9755 6992/9756
f 6352/9757 6965/9758 6964/9759
f 6352/9760 6966/9761 6965/9762
f 6352/9763 6964/9764 6714/9765
f 6352/9766 6967/9767 6966/9768
f 6991/9769 6990/9770 6464/9771
f 6990/9772 6875/9773 6464/9774
f 6967/9775 6352/9776 6353/9777
f 6731/9778 6977/9779 6408/9780
f 6977/9781 6993/9782 6408/9783
f 6977/9784 6976/9785 6993/9786
f 6976/9787 6994/9788 6993/9789
f 6976/9790 6975/9791 6994/9792
f 6975/9793 6995/9794 6994/9795
f 6975/9796 6974/9797 6995/9798
f 6974/9799 6996/9800 6995/9801
f 6974/9802 6973/9803 6996/9804
f 6973/9805 6997/9806 6996/9807
f 6973/9808 6972/9809 6997/9810
f 6972/9811 6998/9812 6997/9813
f 6972/9814 6971/9815 6998/9816
f 6971/9817 6999/9818 6998/9819
f 6971/9820 6723/9821 6999/9822
f 6723/9823 6762/9824 6999/9825
f 6389/9826 6379/9827 6988/9828
f 6988/9829 6379/9830 6985/9831
f 6985/9832 6379/9833 6984/9834
f 6984/9835 6379/9836 6983/9837
f 6983/9838 6379/9839 6380/9840
f 6750/9841 6389/9842 6988/9843
f 6982/9844 6983/9845 6380/9846
f 6981/9847 6982/9848 6380/9849
f 6980/9850 6981/9851 6380/9852
f 6380/9853 6390/9854 6980/9855
f 6390/9856 6736/9857 6980/9858
f 6884/9859 7000/9860 6363/9861
f 7000/9862 6381/9863 6363/9864
f 6722/9865 6353/9866 6753/9867
f 6383/9868 7006/9869 6384/9870
f 7006/9871 7010/9872 6384/9873
f 7020/9874 6906/9875 6412/9876
f 6906/9877 6368/9878 6412/9879
f 6366/9880 6367/9881 6411/9882
f 6367/9883 6410/9884 6411/9885
f 6409/9886 6365/9887 6411/9888
f 6365/9889 6366/9890 6411/9891
f 6422/9892 6421/9893 6381/9894
f 6421/9895 6986/9896 6381/9897
f 7018/9898 6782/9899 6380/9900
f 6782/9901 6390/9902 6380/9903
f 6963/9904 6713/9905 6414/9906
f 6963/9907 6414/9908 6412/9909
f 6960/9910 6963/9911 6412/9912
f 6961/9913 6960/9914 6412/9915
f 6412/9916 6368/9917 6961/9918
f 6368/9919 6842/9920 6961/9921
f 6420/9922 6423/9923 6422/9924
f 6423/9925 6424/9926 6422/9927
f 6424/9928 6425/9929 6422/9930
f 6425/9931 6421/9932 6422/9933
f 6520/9934 6519/9935 6410/9936
f 7015/9937 6527/9938 6380/9939
f 6380/9940 6526/9941 6525/9942
f 6520/9943 6410/9944 6521/9945
f 6412/9946 6522/9947 6523/9948
f 7020/9949 6412/9950 6524/9951
f 6410/9952 7019/9953 6521/9954
f 7002/9955 7008/9956 7003/9957
f 7008/9958 6430/9959 7003/9960
f 7003/9961 6430/9962 7004/9963
f 6430/9964 6429/9965 7004/9966
f 7004/9967 6429/9968 7005/9969
f 6429/9970 6428/9971 7005/9972
f 7005/9973 6428/9974 7007/9975
f 6428/9976 6426/9977 7007/9978
f 7018/9979 6380/9980 6525/9981
f 7008/9982 7013/9983 6430/9984
f 7013/9985 6440/9986 6430/9987
f 6430/9988 6440/9989 6429/9990
f 6440/9991 6439/9992 6429/9993
f 6429/9994 6439/9995 7009/9996
f 6439/9997 6438/9998 7009/9999
f 7009/10000 6438/10001 7012/10002
f 6438/10003 6436/10004 7012/10005
f 6432/10006 6436/10007 6435/10008
f 6436/10009 6438/10010 6435/10011
f 6435/10012 6438/10013 6434/10014
f 6438/10015 6439/10016 6434/10017
f 6434/10018 6439/10019 6433/10020
f 6439/10021 6440/10022 6433/10023
f 6433/10024 6440/10025 6431/10026
f 6440/10027 7013/10028 6431/10029
f 7017/10030 6522/10031 6412/10032
f 6380/10033 6527/10034 6526/10035
f 6442/10036 6781/10037 6445/10038
f 6781/10039 6450/10040 6445/10041
f 6445/10042 6450/10043 6444/10044
f 6450/10045 6449/10046 6444/10047
f 6444/10048 6449/10049 6443/10050
f 6449/10051 6448/10052 6443/10053
f 6443/10054 6448/10055 6441/10056
f 6448/10057 6446/10058 6441/10059
f 6412/10060 6523/10061 6524/10062
f 6519/10063 7016/10064 6410/10065
f 6452/10066 6416/10067 6455/10068
f 6416/10069 6419/10070 6455/10071
f 6455/10072 6419/10073 6454/10074
f 6419/10075 6418/10076 6454/10077
f 6454/10078 6418/10079 6453/10080
f 6418/10081 6417/10082 6453/10083
f 6453/10084 6417/10085 6451/10086
f 6417/10087 6415/10088 6451/10089
f 6367/10090 6905/10091 6410/10092
f 6905/10093 7019/10094 6410/10095
f 6456/10096 6458/10097 6457/10098
f 6458/10099 6459/10100 6457/10101
f 7021/10102 7027/10103 7025/10104
f 7027/10105 7028/10106 7025/10107
f 7026/10108 6463/10109 7024/10110
f 6463/10111 6461/10112 7024/10113
f 7023/10114 6460/10115 7022/10116
f 6460/10117 6462/10118 7022/10119
f 6469/10120 6474/10121 6465/10122
f 6474/10123 6472/10124 6465/10125
f 6470/10126 6475/10127 6469/10128
f 6475/10129 6474/10130 6469/10131
f 6471/10132 6476/10133 6470/10134
f 6476/10135 6475/10136 6470/10137
f 6473/10138 6476/10139 6480/10140
f 6476/10141 6471/10142 6480/10143
f 6483/10144 7043/10145 6479/10146
f 6478/10147 6477/10148 6482/10149
f 6477/10150 6481/10151 6482/10152
f 6477/10153 6473/10154 6481/10155
f 6473/10156 6480/10157 6481/10158
f 6483/10159 6479/10160 6482/10161
f 6479/10162 6478/10163 6482/10164
f 6515/10165 6514/10166 6518/10167
f 6514/10168 6517/10169 6518/10170
f 6514/10171 6513/10172 6517/10173
f 6513/10174 6516/10175 6517/10176
f 7045/10177 7044/10178 6500/10179
f 7044/10180 6499/10181 6500/10182
f 7037/10183 7038/10184 6494/10185
f 7038/10186 6495/10187 6494/10188
f 7035/10189 7036/10190 6491/10191
f 7036/10192 6493/10193 6491/10194
f 7041/10195 7042/10196 6497/10197
f 7042/10198 6498/10199 6497/10200
f 7050/10201 6515/10202 6467/10203
f 6515/10204 6518/10205 6467/10206
f 7034/10207 7033/10208 6490/10209
f 7033/10210 6489/10211 6490/10212
f 7039/10213 7040/10214 6492/10215
f 7040/10216 6496/10217 6492/10218
f 7032/10219 7031/10220 6488/10221
f 7031/10222 6484/10223 6488/10224
f 7046/10225 7045/10226 6501/10227
f 7045/10228 6500/10229 6501/10230
f 6468/10231 6466/10232 6487/10233
f 6466/10234 6485/10235 6487/10236
f 7044/10237 7034/10238 6499/10239
f 7034/10240 6490/10241 6499/10242
f 7038/10243 7039/10244 6495/10245
f 7039/10246 6492/10247 6495/10248
f 7036/10249 7037/10250 6493/10251
f 7037/10252 6494/10253 6493/10254
f 7042/10255 6468/10256 6498/10257
f 6468/10258 6487/10259 6498/10260
f 7040/10261 7041/10262 6496/10263
f 7041/10264 6497/10265 6496/10266
f 7047/10267 7046/10268 6502/10269
f 7046/10270 6501/10271 6502/10272
f 7033/10273 7032/10274 6489/10275
f 7032/10276 6488/10277 6489/10278
f 7049/10279 6486/10280 6503/10281
f 6486/10282 6504/10283 6503/10284
f 6503/10285 6504/10286 6505/10287
f 6504/10288 6506/10289 6505/10290
f 6505/10291 6506/10292 6507/10293
f 6506/10294 6508/10295 6507/10296
f 6507/10297 6508/10298 6509/10299
f 6508/10300 6510/10301 6509/10302
f 6502/10303 6825/10304 7058/10305
f 6502/10306 7058/10307 7056/10308
f 6502/10309 7056/10310 7054/10311
f 6502/10312 7054/10313 7053/10314
f 6487/10315 6485/10316 7052/10317
f 6487/10318 7052/10319 7055/10320
f 6487/10321 7055/10322 7057/10323
f 6487/10324 7057/10325 6824/10326
f 6824/10327 6511/10328 6487/10329
f 6502/10330 6512/10331 6825/10332
f 6483/10333 6516/10334 7043/10335
f 6516/10336 6513/10337 7043/10338
f 7060/10339 7061/10340 7059/10341
f 6466/10342 6468/10343 7061/10344
f 6468/10345 7059/10346 7061/10347
f 7049/10348 7050/10349 6486/10350
f 7050/10351 6467/10352 6486/10353
f 7053/10354 7030/10355 6502/10356
f 7030/10357 7047/10358 6502/10359
f 7029/10360 7051/10361 7030/10362
f 7051/10363 7047/10364 7030/10365
f 7048/10366 7051/10367 7029/10368
f 6432/10369 6435/10370 7069/10371
f 6435/10372 6530/10373 7069/10374
f 6435/10375 6434/10376 6530/10377
f 6434/10378 6529/10379 6530/10380
f 6434/10381 6433/10382 6529/10383
f 6433/10384 6528/10385 6529/10386
f 6433/10387 6431/10388 6528/10389
f 6431/10390 7062/10391 6528/10392
f 7063/10393 6540/10394 7062/10395
f 6540/10396 6528/10397 7062/10398
f 6528/10399 6540/10400 6529/10401
f 6540/10402 6539/10403 6529/10404
f 6529/10405 6539/10406 6530/10407
f 6539/10408 6538/10409 6530/10410
f 7068/10411 7069/10412 6538/10413
f 7069/10414 6530/10415 6538/10416
f 7064/10417 6566/10418 7063/10419
f 6537/10420 6536/10421 6540/10422
f 6536/10423 6539/10424 6540/10425
f 6536/10426 6535/10427 6539/10428
f 6535/10429 6538/10430 6539/10431
f 6535/10432 6544/10433 6553/10434
f 6544/10435 6557/10436 6553/10437
f 6533/10438 6543/10439 6534/10440
f 6543/10441 6544/10442 6534/10443
f 6532/10444 6542/10445 6533/10446
f 6542/10447 6543/10448 6533/10449
f 6531/10450 6541/10451 6532/10452
f 6541/10453 6542/10454 6532/10455
f 7065/10456 7067/10457 6531/10458
f 7067/10459 6541/10460 6531/10461
f 6535/10462 6536/10463 6544/10464
f 6536/10465 6534/10466 6544/10467
f 6533/10468 6534/10469 6547/10470
f 6534/10471 6548/10472 6547/10473
f 6532/10474 6533/10475 6546/10476
f 6533/10477 6547/10478 6546/10479
f 6531/10480 6532/10481 6545/10482
f 6532/10483 6546/10484 6545/10485
f 6537/10486 6548/10487 6536/10488
f 6548/10489 6534/10490 6536/10491
f 7065/10492 6531/10493 7066/10494
f 6531/10495 6545/10496 7066/10497
f 6444/10498 6443/10499 6550/10500
f 6443/10501 6549/10502 6550/10503
f 6445/10504 6444/10505 6551/10506
f 6444/10507 6550/10508 6551/10509
f 7070/10510 6552/10511 6441/10512
f 6445/10513 6551/10514 6442/10515
f 6551/10516 7067/10517 6442/10518
f 7067/10519 6551/10520 6554/10521
f 6555/10522 6554/10523 6550/10524
f 6554/10525 6551/10526 6550/10527
f 6556/10528 6555/10529 6549/10530
f 6555/10531 6550/10532 6549/10533
f 6556/10534 6549/10535 6557/10536
f 6549/10537 6552/10538 6557/10539
f 6443/10540 6441/10541 6549/10542
f 6441/10543 6552/10544 6549/10545
f 6553/10546 6557/10547 7070/10548
f 6557/10549 6552/10550 7070/10551
f 6543/10552 6556/10553 6544/10554
f 6556/10555 6557/10556 6544/10557
f 6543/10558 6542/10559 6556/10560
f 6542/10561 6555/10562 6556/10563
f 6542/10564 6541/10565 6555/10566
f 6541/10567 6554/10568 6555/10569
f 6535/10570 6553/10571 6538/10572
f 6553/10573 7068/10574 6538/10575
f 7068/10576 6553/10577 7070/10578
f 6562/10579 6563/10580 6548/10581
f 6563/10582 6547/10583 6548/10584
f 6563/10585 6564/10586 6547/10587
f 6564/10588 6546/10589 6547/10590
f 6564/10591 6565/10592 6546/10593
f 6565/10594 6545/10595 6546/10596
f 6454/10597 6453/10598 6560/10599
f 6453/10600 6561/10601 6560/10602
f 6455/10603 6454/10604 6559/10605
f 6454/10606 6560/10607 6559/10608
f 6452/10609 6455/10610 6558/10611
f 6455/10612 6559/10613 6558/10614
f 6453/10615 6451/10616 6561/10617
f 6451/10618 7066/10619 6561/10620
f 7064/10621 6452/10622 6558/10623
f 6541/10624 7067/10625 6554/10626
f 6560/10627 6561/10628 6564/10629
f 6561/10630 6565/10631 6564/10632
f 6559/10633 6560/10634 6563/10635
f 6560/10636 6564/10637 6563/10638
f 6558/10639 6559/10640 6562/10641
f 6559/10642 6563/10643 6562/10644
f 6537/10645 6540/10646 6566/10647
f 6540/10648 7063/10649 6566/10650
f 7064/10651 6558/10652 6566/10653
f 6558/10654 6562/10655 6566/10656
f 6537/10657 6566/10658 6548/10659
f 6566/10660 6562/10661 6548/10662
f 6561/10663 7066/10664 6565/10665
f 6545/10666 6565/10667 7066/10668
o Part.9
v -3.275 7.531 0.003
v -3.262 7.6 -0.347
v -3.228 7.795 -0.644
v -3.175 8.087 -0.842
v -3.114 8.432 -0.912
v -3.053 8.776 -0.842
v -3.001 9.069 -0.644
v -2.966 9.264 -0.347
v -2.954 9.333 0.003
v -2.966 9.264 0.353
v -3.001 9.069 0.65
v -3.053 8.776 0.848
v -3.114 8.432 0.918
v -7.075 9.24 2.605
v -7.743 7.083 2.652
v -8.341 7.342 2.555
v -7.724 9.564 2.317
v -8.785 7.602 2.242
v -9.234 7.824 1.74
v -8.241 9.821 1.74
v -8.499 9.949 1.015
v -9.492 7.954 1.015
v -8.152 10.695 0.544
v -8.424 10.134 0.987
v -8.204 10.588 0.696
v -8.114 10.775 0.374
v -7.802 10.889 1.163
v -7.625 11.292 0.003
v -7.642 11.272 0.317
v -8.09 10.823 0.192
v -8.083 10.834 0.003
v -7.675 11.193 0.621
v -7.729 11.065 0.907
v -7.894 10.671 1.385
v -8.343 10.302 0.922
v -8.268 10.456 0.823
v -6.697 10.616 2.139
v -6.814 10.193 2.389
v -6.942 9.73 2.551
v -7.587 9.985 2.246
v -8.001 10.415 1.56
v -8.121 10.131 1.683
v -6.403 11.669 0.003
v -7.038 11.588 0.003
v -6.416 11.64 0.498
v -6.452 11.504 0.976
v -6.514 11.282 1.418
v -6.596 10.984 1.812
v -7.053 11.559 0.424
v -7.089 11.451 0.833
v -7.15 11.272 1.215
v -7.232 11.029 1.559
v -7.335 10.728 1.853
v -7.454 10.377 2.085
v -7.724 9.564 -2.312
v -7.642 11.272 -0.311
v -8.424 10.134 -0.981
v -8.121 10.131 -1.677
v -8.241 9.821 -1.735
v -8.499 9.949 -1.009
v -7.894 10.671 -1.379
v -8.343 10.302 -0.916
v -8.001 10.415 -1.554
v -8.268 10.456 -0.817
v -7.802 10.889 -1.158
v -7.729 11.065 -0.901
v -7.674 11.194 -0.616
v -8.204 10.588 -0.69
v -8.152 10.695 -0.539
v -8.09 10.823 -0.187
v -8.114 10.774 -0.369
v -6.596 10.984 -1.806
v -6.514 11.282 -1.413
v -6.452 11.504 -0.97
v -6.416 11.64 -0.492
v -7.075 9.241 -2.599
v -6.942 9.729 -2.546
v -6.814 10.193 -2.384
v -6.697 10.616 -2.133
v -7.587 9.985 -2.24
v -7.454 10.377 -2.079
v -7.335 10.728 -1.847
v -7.053 11.559 -0.419
v -7.089 11.451 -0.827
v -7.15 11.272 -1.209
v -7.232 11.029 -1.554
v -7.446 9.203 0.003
v -7.559 8.566 0.65
v -7.507 8.859 0.848
v -7.446 9.203 0.918
v -7.385 9.548 0.848
v -7.332 9.84 0.65
v -7.298 10.035 0.353
v -7.285 10.104 0.003
v -7.298 10.035 -0.347
v -7.332 9.84 -0.644
v -7.385 9.548 -0.842
v -7.446 9.203 -0.912
v -7.507 8.859 -0.842
v -7.559 8.566 -0.644
v -7.594 8.371 -0.347
v -7.606 8.302 0.003
v -7.594 8.371 0.353
v -9.468 8.001 -1.009
v -9.244 7.889 -1.619
v -8.76 7.649 -2.186
v -8.232 7.386 -2.47
v -7.719 7.132 -2.647
v -10.316 6.317 1.011
v -10.451 6.06 -0.997
v -9.919 7.137 -1.004
v -10.658 5.571 1.051
v -9.167 5.932 2.531
v -9.646 6.096 2.222
v -9.9 5.466 2.268
v -10.089 6.256 1.667
v -10.389 5.57 1.717
v -8.769 5.815 2.652
v -9.678 7.063 1.686
v -9.229 6.859 2.247
v -8.797 6.661 2.484
v -9.91 7.154 1.008
v -8.32 6.45 2.653
v -6.174 9.502 2.6
v -6.297 8.852 2.653
v -6.678 8.294 2.653
v -7.224 7.613 2.652
v -6.31 8.905 -2.644
v -6.192 9.401 -2.605
v -6.099 9.919 -2.466
v -6.017 10.384 -2.231
v -5.886 11.119 -1.533
v -5.944 10.792 -1.907
v -5.81 11.543 -0.513
v -5.836 11.397 -1.009
v -5.801 11.593 0.002
v -5.81 11.542 0.518
v -5.837 11.395 1.013
v -5.936 10.836 1.875
v -5.876 11.173 1.441
v -6.013 10.404 2.231
v -6.087 9.99 2.449
v -6.668 8.3 -2.647
v -7.224 7.637 -2.647
v -10.177 6.106 -1.585
v -9.261 6.853 -2.158
v -8.377 6.43 -2.647
v -8.73 6.601 -2.508
v -8.929 5.435 -2.647
v -9.84 5.914 -2.102
v -9.285 5.619 -2.499
v -9.675 7.039 -1.639
v -8.966 5.231 2.669
v -10.48 5.074 1.959
v -11.045 4.099 2.068
v -10.871 4.841 1.372
v -9.014 4.959 2.736
v -9.5 5.051 2.603
v -9.851 5.104 2.476
v -9.367 5.362 2.574
v -10.537 4.475 2.527
v -7.349 6.992 2.573
v -8.049 5.688 2.473
v -7.742 6.334 2.514
v -6.532 7.492 1.946
v -6.643 6.866 1.52
v -6.722 6.881 1.936
v -6.771 6.151 1.114
v -7.443 5.582 2.091
v -7.229 6.243 2.185
v -6.879 6.18 1.644
v -7.022 5.507 1.44
v -7.158 4.806 1.388
v -6.99 4.917 0.999
v -6.878 5.548 0.969
v -6.97 6.925 2.321
v -6.581 7.497 2.21
v -6.417 8.244 2.479
v -6.478 8.255 2.572
v -6.734 7.524 2.447
v -6.398 8.241 2.377
v -6.57 8.271 2.633
v -6.968 7.567 2.604
v -7.54 5.14 -2.05
v -7.284 6.115 -2.148
v -6.965 6.956 -2.315
v -7.343 7.022 -2.568
v -8.249 5.235 -2.546
v -7.104 4.993 -1.354
v -6.568 8.282 -2.628
v -6.718 6.904 -2.052
v -6.577 7.52 -2.251
v -6.965 7.588 -2.598
v -6.731 7.545 -2.442
v -6.415 8.255 -2.473
v -6.644 6.889 -1.903
v -6.524 7.538 -2.135
v -6.395 8.258 -2.392
v -6.476 8.266 -2.566
v -6.911 6.05 -1.766
v -7.019 4.758 -1.081
v -6.796 6.006 -1.566
v -7.819 6.246 -2.561
v -8.99 5.088 -2.622
v -9.473 5.297 -2.461
v -9.131 4.304 -2.313
v -9.07 4.647 -2.495
v -9.186 3.996 -2.061
v -10.472 5.475 -1.316
v -10.425 5.621 -1.423
v -10.286 5.92 -1.549
v -9.974 5.679 -2.065
v -9.799 4.409 -1.962
v -10.308 4.992 -1.67
v -9.611 4.982 -2.353
v -10.225 5.195 -1.85
v -9.717 4.685 -2.191
v -10.358 5.766 -1.503
v -10.119 5.417 -1.974
v -10.743 5.385 -0.315
v -11.289 3.593 1.527
v -9.072 4.635 2.942
v -9.844 4.663 2.834
v -8.338 4.395 2.834
v -7.753 3.979 2.527
v -7.406 3.451 2.068
v -7.351 2.892 1.527
v -7.136 4.097 1.306
v -7.585 4.921 2.076
v -8.21 5.077 2.488
v -8.267 4.756 2.571
v -7.289 4.155 1.557
v -7.662 4.487 2.188
v -7.209 4.714 -1.346
v -7.613 4.703 -1.969
v -7.214 4.529 -1.191
v -7.666 4.409 -1.834
v -7.722 4.154 -1.65
v -8.38 4.19 -2.184
v -8.42 3.932 -1.99
v -8.36 4.463 -2.355
v -8.319 4.923 -2.51
v -9.948 3.881 -1.496
v -9.269 3.528 -1.587
v -10.157 2.876 -0.494
v -11.06 4.344 0.75
v -11.002 3.841 0.221
v -10.7 3.314 -0.211
v -10.701 4.948 -0.796
v -10.492 4.441 -1.185
v -9.44 2.57 -0.612
v -9.568 1.85 0.113
v -10.302 2.09 0.221
v -11.234 3.034 0.986
v -10.888 2.506 0.527
v -8.879 5.721 -0.99
v -9.18 6.537 -0.239
v -9.578 6.429 -0.415
v -9.87 6.213 -0.679
v -10.011 5.922 -0.99
v -9.979 5.601 -1.301
v -9.78 5.297 -1.565
v -9.444 5.059 -1.741
v -9.021 4.92 -1.803
v -8.577 4.904 -1.741
v -8.179 5.012 -1.565
v -7.888 5.228 -1.301
v -7.747 5.519 -0.99
v -7.779 5.841 -0.679
v -7.978 6.144 -0.415
v -8.314 6.383 -0.239
v -8.736 6.521 -0.177
v -9.455 2.484 3.924
v -9.033 2.345 3.862
v -8.697 2.106 3.686
v -8.498 1.803 3.422
v -8.466 1.481 3.111
v -8.607 1.19 2.8
v -8.898 0.974 2.536
v -9.296 0.866 2.36
v -9.74 0.882 2.298
v -10.163 1.021 2.36
v -10.499 1.26 2.536
v -10.698 1.563 2.8
v -10.73 1.885 3.111
v -10.589 2.175 3.422
v -10.297 2.391 3.686
v -9.899 2.499 3.862
v -9.35 3.075 4.525
v -8.616 2.835 4.418
v -8.03 2.419 4.111
v -7.684 1.891 3.652
v -7.629 1.332 3.111
v -7.873 0.826 2.57
v -8.381 0.451 2.111
v -9.074 0.262 1.804
v -9.846 0.291 1.697
v -10.58 0.531 1.804
v -11.165 0.947 2.111
v -11.512 1.474 2.57
v -11.567 2.034 3.111
v -11.322 2.54 3.652
v -10.815 2.915 4.111
v -10.122 3.104 4.418
v -7.596 2.386 0.986
v -8.103 2.01 0.527
v -8.796 1.822 0.221
v -7.115 4.219 -0.529
v -7.297 4.061 -0.716
v -7.805 3.686 -1.175
v -7.286 3.257 0.449
v -8.498 3.497 -1.481
v -7.976 2.724 -0.197
v -7.468 3.099 0.262
v -8.669 2.535 -0.504
v -6.031 10.306 -1.331
v -5.959 10.71 -0.72
v -5.933 10.852 0.003
v -5.959 10.709 0.726
v -6.031 10.306 1.337
v -6.138 9.704 1.747
v -6.265 8.993 1.891
v -6.391 8.281 1.747
v -6.498 7.679 1.337
v -6.57 7.276 0.725
v -6.596 7.134 0.003
v -6.57 7.276 -0.72
v -6.499 7.678 -1.332
v -6.391 8.281 -1.741
v -6.265 8.993 -1.885
v -6.138 9.704 -1.741
v -5.046 10.131 -1.331
v -4.974 10.534 -0.72
v -4.949 10.676 0.003
v -4.974 10.534 0.726
v -5.046 10.131 1.337
v -5.153 9.529 1.747
v -5.28 8.817 1.891
v -5.407 8.106 1.747
v -5.586 7.101 0.725
v -5.611 6.959 0.003
v -5.586 7.101 -0.72
v -5.514 7.503 -1.332
v -5.407 8.106 -1.741
v -5.28 8.817 -1.885
v -5.153 9.529 -1.741
v -8.498 9.949 0.003
v -5.027 10.238 1.446
v -4.46 10.127 1.435
v -3.384 9.77 1.274
v -2.929 9.473 1.061
v -4.949 10.674 0.784
v -4.383 10.559 0.779
v -3.315 10.154 0.69
v -2.872 9.793 0.575
v -4.922 10.827 0.002
v -4.356 10.711 0.003
v -3.291 10.289 0.003
v -2.852 9.905 0.003
v -4.949 10.674 -0.779
v -4.383 10.559 -0.773
v -3.315 10.154 -0.684
v -2.872 9.792 -0.57
v -5.027 10.239 -1.441
v -4.46 10.127 -1.43
v -3.384 9.77 -1.268
v -2.929 9.473 -1.055
v -5.143 9.587 -1.883
v -4.575 9.48 -1.869
v -3.486 9.196 -1.657
v -3.014 8.995 -1.38
v -5.28 8.817 -2.039
v -4.711 8.716 -2.024
v -3.606 8.519 -1.795
v -3.114 8.432 -1.493
v -5.417 8.048 -1.883
v -4.847 7.952 -1.869
v -3.727 7.843 -1.657
v -3.214 7.869 -1.38
v -5.533 7.396 -1.441
v -4.962 7.306 -1.43
v -3.829 7.268 -1.268
v -3.3 7.39 -1.055
v -5.611 6.961 -0.779
v -5.039 6.873 -0.773
v -3.897 6.885 -0.684
v -3.356 7.071 -0.569
v -5.638 6.807 0.003
v -5.066 6.721 0.003
v -3.921 6.75 0.003
v -3.376 6.959 0.003
v -5.611 6.961 0.784
v -5.039 6.873 0.779
v -3.897 6.885 0.69
v -3.356 7.071 0.575
v -5.417 8.048 1.889
v -4.847 7.952 1.875
v -3.727 7.843 1.663
v -3.215 7.868 1.385
v -5.28 8.817 2.044
v -4.711 8.716 2.029
v -3.606 8.519 1.8
v -3.114 8.432 1.499
v -5.143 9.587 1.889
v -4.575 9.48 1.875
v -3.486 9.196 1.663
v -3.014 8.995 1.385
v -3.903 9.99 1.399
v -3.828 10.41 0.758
v -3.802 10.559 0.002
v -3.828 10.411 -0.752
v -3.903 9.99 -1.393
v -4.015 9.359 -1.82
v -4.148 8.616 -1.971
v -4.28 7.872 -1.82
v -4.393 7.242 -1.393
v -4.467 6.821 -0.752
v -4.494 6.672 0.003
v -4.467 6.821 0.758
v -4.28 7.872 1.826
v -4.148 8.615 1.976
v -4.015 9.359 1.826
v -3.262 7.6 0.353
v -5.237 7.952 0.353
v -5.367 7.989 0.375
v -5.47 8.051 0.44
v -5.534 8.129 0.536
v -5.547 8.208 0.65
v -5.5 8.315 0.725
v -5.409 8.397 0.791
v -5.286 8.439 0.833
v -5.15 8.439 0.848
v -3.175 8.087 0.848
v -3.334 7.195 0.764
v -3.864 7.073 0.977
v -4.427 7.047 1.102
v -4.997 7.111 1.138
v -5.376 7.17 1.146
v -5.506 7.206 1.171
v -5.561 7.239 1.206
v -5.542 7.346 1.097
v -5.591 7.375 1.127
v -5.654 7.451 1.224
v -5.668 7.531 1.337
v -5.621 7.638 1.414
v -5.529 7.72 1.478
v -5.472 7.74 1.498
v -5.491 7.633 1.607
v -5.426 7.656 1.628
v -5.289 7.658 1.641
v -4.91 7.598 1.633
v -4.34 7.534 1.597
v -3.777 7.561 1.471
v -3.247 7.683 1.259
v -7.28 3.29 1.932
v -7.567 1.68 3.465
v -7.691 0.984 2.758
v -7.413 2.544 1.174
v -7.224 3.607 0.801
v -7.119 4.196 0.203
v -8.916 8.463 1.74
v -7.937 7.948 2.572
v -8.457 8.211 2.264
v -9.178 8.583 1.015
v -9.183 8.573 -1.01
v -8.949 8.459 -1.653
v -8.451 8.22 -2.225
v -7.881 7.949 -2.509
v -8.777 9.39 -0.007
v -8.088 8.891 -2.268
v -8.755 9.433 1.015
v -8.583 9.163 -1.696
v -8.798 9.346 -1.01
v -7.466 8.613 -2.555
v -8.535 9.23 1.74
v -7.485 8.627 2.589
v -8.753 9.435 1.015
v -8.071 8.924 2.292
v -5.81 11.543 -0.513
v -5.836 11.397 -1.009
v -6.524 7.538 -2.135
v -6.395 8.258 -2.392
v -7.606 8.302 0.003
v -7.594 8.371 -0.347
v -7.559 8.566 -0.644
v -7.507 8.859 -0.842
v -7.446 9.203 -0.912
v -7.385 9.548 -0.842
v -5.547 8.208 0.65
v -5.5 8.315 0.725
v -7.332 9.84 0.65
v -7.385 9.548 0.848
v -7.298 10.035 0.353
v -7.446 9.203 0.918
v -7.507 8.859 0.848
v -7.285 10.104 0.003
v -7.298 10.035 -0.347
v -7.332 9.84 -0.644
v -7.594 8.371 0.353
v -5.801 11.593 0.002
v -5.81 11.542 0.518
v -6.796 6.006 -1.566
v -6.644 6.889 -1.903
v -5.886 11.119 -1.533
v -5.944 10.792 -1.907
v -6.017 10.384 -2.231
v -6.099 9.919 -2.466
v -6.643 6.866 1.52
v -6.771 6.151 1.114
v -6.532 7.492 1.946
v -3.053 8.776 -0.842
v -3.001 9.069 -0.644
v -6.398 8.241 2.377
v -6.297 8.852 2.653
v -7.559 8.566 0.65
v -2.966 9.264 -0.347
v -2.954 9.333 0.003
v -2.966 9.264 0.353
v -5.876 11.173 1.441
v -5.837 11.395 1.013
v -3.053 8.776 0.848
v -3.114 8.432 0.918
v -3.001 9.069 0.65
v -6.192 9.401 -2.605
v -6.174 9.502 2.6
v -7.747 5.519 -0.99
v -7.779 5.841 -0.679
v -9.18 6.537 -0.239
v -9.578 6.429 -0.415
v -3.175 8.087 -0.842
v -3.114 8.432 -0.912
v -9.979 5.601 -1.301
v -9.78 5.297 -1.565
v -9.444 5.059 -1.741
v -5.936 10.836 1.875
v -3.262 7.6 -0.347
v -3.228 7.795 -0.644
v -8.577 4.904 -1.741
v -8.179 5.012 -1.565
v -9.87 6.213 -0.679
v -3.275 7.531 0.003
v -6.99 4.917 0.999
v -6.878 5.548 0.969
v -6.31 8.905 -2.644
v -6.087 9.99 2.449
v -6.013 10.404 2.231
v -7.978 6.144 -0.415
v -8.314 6.383 -0.239
v -9.021 4.92 -1.803
v -7.888 5.228 -1.301
v -10.011 5.922 -0.99
v -8.736 6.521 -0.177
v -9.033 2.345 3.862
v -9.455 2.484 3.924
v -8.697 2.106 3.686
v -8.498 1.803 3.422
v -8.466 1.481 3.111
v -8.607 1.19 2.8
v -8.898 0.974 2.536
v -9.296 0.866 2.36
v -9.74 0.882 2.298
v -10.163 1.021 2.36
v -10.499 1.26 2.536
v -10.698 1.563 2.8
v -10.73 1.885 3.111
v -10.589 2.175 3.422
v -10.297 2.391 3.686
v -9.899 2.499 3.862
v -8.616 2.835 4.418
v -9.35 3.075 4.525
v -8.03 2.419 4.111
v -7.684 1.891 3.652
v -7.567 1.68 3.465
v -7.567 1.68 3.465
v -7.691 0.984 2.758
v -7.691 0.984 2.758
v -7.629 1.332 3.111
v -8.381 0.451 2.111
v -7.873 0.826 2.57
v -9.074 0.262 1.804
v -9.846 0.291 1.697
v -10.58 0.531 1.804
v -11.165 0.947 2.111
v -11.512 1.474 2.57
v -11.567 2.034 3.111
v -11.322 2.54 3.652
v -10.815 2.915 4.111
v -10.122 3.104 4.418
v -7.136 4.097 1.306
v -7.019 4.758 -1.081
v -7.115 4.219 -0.529
v -7.286 3.257 0.449
v -5.959 10.71 -0.72
v -6.031 10.306 -1.331
v -5.933 10.852 0.003
v -5.959 10.709 0.726
v -6.031 10.306 1.337
v -6.138 9.704 1.747
v -6.265 8.993 1.891
v -6.391 8.281 1.747
v -6.498 7.679 1.337
v -6.57 7.276 0.725
v -6.596 7.134 0.003
v -6.57 7.276 -0.72
v -6.499 7.678 -1.332
v -6.391 8.281 -1.741
v -6.265 8.993 -1.885
v -6.138 9.704 -1.741
v -5.046 10.131 -1.331
v -5.153 9.529 -1.741
v -5.28 8.817 -1.885
v -5.407 8.106 -1.741
v -5.514 7.503 -1.332
v -5.586 7.101 -0.72
v -5.611 6.959 0.003
v -5.586 7.101 0.725
v -5.407 8.106 1.747
v -5.28 8.817 1.891
v -5.153 9.529 1.747
v -5.046 10.131 1.337
v -4.974 10.534 0.726
v -4.949 10.676 0.003
v -4.974 10.534 -0.72
v -2.929 9.473 1.061
v -2.872 9.793 0.575
v -5.027 10.238 1.446
v -4.949 10.674 0.784
v -2.852 9.905 0.003
v -4.922 10.827 0.002
v -2.872 9.792 -0.57
v -4.949 10.674 -0.779
v -2.929 9.473 -1.055
v -5.027 10.239 -1.441
v -3.014 8.995 -1.38
v -5.143 9.587 -1.883
v -3.114 8.432 -1.493
v -5.28 8.817 -2.039
v -3.214 7.869 -1.38
v -5.417 8.048 -1.883
v -3.3 7.39 -1.055
v -5.533 7.396 -1.441
v -3.356 7.071 -0.569
v -5.611 6.961 -0.779
v -3.376 6.959 0.003
v -5.638 6.807 0.003
v -3.356 7.071 0.575
v -5.611 6.961 0.784
v -3.175 8.087 0.848
v -3.175 8.087 0.848
v -3.262 7.6 0.353
v -3.262 7.6 0.353
v -3.215 7.868 1.385
v -3.114 8.432 1.499
v -5.417 8.048 1.889
v -5.28 8.817 2.044
v -3.014 8.995 1.385
v -5.143 9.587 1.889
v -5.561 7.239 1.206
v -5.561 7.239 1.206
v -5.542 7.346 1.097
v -5.542 7.346 1.097
v -5.491 7.633 1.607
v -5.491 7.633 1.607
v -5.472 7.74 1.498
v -5.472 7.74 1.498
v -5.668 7.531 1.337
v -5.621 7.638 1.414
v -5.286 8.439 0.833
v -5.15 8.439 0.848
v -3.334 7.195 0.764
v -3.334 7.195 0.764
v -5.237 7.952 0.353
v -5.367 7.989 0.375
v -5.47 8.051 0.44
v -5.534 8.129 0.536
v -5.409 8.397 0.791
v -3.864 7.073 0.977
v -4.427 7.047 1.102
v -4.997 7.111 1.138
v -5.376 7.17 1.146
v -5.506 7.206 1.171
v -5.591 7.375 1.127
v -5.654 7.451 1.224
v -5.529 7.72 1.478
v -5.426 7.656 1.628
v -5.289 7.658 1.641
v -4.91 7.598 1.633
v -4.34 7.534 1.597
v -3.777 7.561 1.471
v -3.247 7.683 1.259
v -3.247 7.683 1.259
v -7.28 3.29 1.932
v -7.413 2.544 1.174
usemtl MB_308
s off
f 7089 7189 7088
f 7189 7190 7088
f 7589 7117 7605
f 7117 7118 7605
f 7086 7088 7191
f 7088 7190 7191
f 7109 7084 7595
f 7084 7584 7595
f 7179 7186 7192
f 7186 7189 7192
f 7108 7109 7615
f 7109 7595 7615
f 7149 7576 7148
f 7576 7577 7148
f 7146 7147 7614
f 7147 7594 7614
f 7128 7127 7133
f 7127 7132 7133
f 7145 7549 7144
f 7549 7550 7144
f 7575 7576 7142
f 7576 7149 7142
f 7131 7133 7134
f 7133 7132 7134
f 7565 7585 7157
f 7561 7562 7157
f 7562 7564 7157
f 7569 7172 7157
f 7563 7561 7157
f 7172 7171 7157
f 7607 7600 7555
f 7600 7556 7555
f 7611 7606 7553
f 7606 7554 7553
f 7601 7581 7557
f 7581 7558 7557
f 7697 7699 7691
f 7699 7692 7691
f 7684 7713 7685
f 7713 7715 7685
f 7170 7169 7157
f 7169 7168 7157
f 7564 7565 7157
f 7567 7566 7157
f 7167 7568 7157
f 7566 7563 7157
f 7569 7157 7585
f 7168 7167 7157
f 7171 7170 7157
f 7568 7567 7157
f 7690 7689 7696
f 7689 7727 7696
f 7395 7410 7752
f 7588 7593 7163
f 7593 7162 7163
f 7600 7601 7556
f 7601 7557 7556
f 7689 7688 7727
f 7688 7725 7727
f 7688 7687 7725
f 7687 7724 7725
f 7593 7591 7162
f 7591 7161 7162
f 7394 7753 7736
f 7705 7707 7680
f 7707 7681 7680
f 7473 7722 7083
f 7722 7718 7083
f 7709 7711 7682
f 7711 7683 7682
f 7696 7697 7690
f 7697 7691 7690
f 7606 7607 7554
f 7607 7555 7554
f 7699 7701 7692
f 7701 7693 7692
f 7582 7586 7166
f 7586 7165 7166
f 7707 7709 7681
f 7709 7682 7681
f 7587 7588 7164
f 7588 7163 7164
f 7703 7705 7679
f 7705 7680 7679
f 7071 7720 7461
f 7720 7716 7461
f 7581 7582 7558
f 7582 7166 7558
f 7586 7587 7165
f 7587 7164 7165
f 7683 7711 7684
f 7711 7713 7684
f 7701 7703 7693
f 7703 7679 7693
f 7591 7592 7161
f 7592 7160 7161
f 7752 7753 7395
f 7685 7715 7686
f 7715 7717 7686
f 7226 7224 7182
f 7224 7187 7182
f 7570 7113 7571
f 7113 7115 7571
f 7180 7290 7179
f 7290 7182 7179
f 7187 7186 7182
f 7186 7179 7182
f 7140 7126 7141
f 7126 7137 7141
f 7222 7216 7215
f 7216 7220 7215
f 7183 7184 7230
f 7184 7185 7230
f 7230 7185 7228
f 7185 7229 7228
f 7183 7191 7184
f 7191 7190 7184
f 7252 7249 7584
f 7181 7192 7174
f 7192 7092 7174
f 7141 7137 7139
f 7137 7136 7139
f 7105 7094 7111
f 7094 7112 7111
f 7265 7262 7269
f 7262 7264 7269
f 7282 7220 7275
f 7220 7221 7275
f 7175 7174 7536
f 7174 7535 7536
f 7144 7550 7143
f 7550 7574 7143
f 7549 7145 7570
f 7145 7113 7570
f 7143 7574 7142
f 7574 7575 7142
f 7115 7116 7571
f 7116 7590 7571
f 7117 7121 7118
f 7121 7122 7118
f 7122 7123 7118
f 7123 7107 7118
f 7117 7589 7116
f 7589 7590 7116
f 7147 7146 7150
f 7146 7125 7150
f 7274 7275 7219
f 7275 7221 7219
f 7373 7658 7231
f 7658 7293 7231
f 7231 7224 7225
f 7224 7226 7225
f 7234 7233 7240
f 7233 7239 7240
f 7246 7250 7232
f 7250 7253 7232
f 7647 7645 7297
f 7645 7763 7297
f 7247 7250 7237
f 7250 7246 7237
f 7583 7584 7248
f 7250 7249 7253
f 7249 7252 7253
f 7242 7241 7239
f 7241 7240 7239
f 7579 7578 7241
f 7578 7237 7241
f 7243 7612 7242
f 7612 7613 7242
f 7302 7659 7243
f 7659 7612 7243
f 7269 7260 7614
f 7213 7260 7214
f 7260 7263 7214
f 7257 7256 7273
f 7256 7255 7273
f 7258 7273 7254
f 7273 7255 7254
f 7256 7261 7255
f 7261 7270 7255
f 7269 7614 7265
f 7178 7214 7257
f 7214 7263 7257
f 7254 7255 7259
f 7255 7270 7259
f 7263 7264 7257
f 7264 7256 7257
f 7261 7262 7573
f 7262 7551 7573
f 7287 7276 7283
f 7276 7278 7283
f 7215 7220 7281
f 7220 7282 7281
f 7181 7180 7192
f 7180 7179 7192
f 7314 7313 7278
f 7313 7283 7278
f 7233 7234 7188
f 7234 7193 7188
f 7303 7301 7295
f 7301 7294 7295
f 7639 7641 7294
f 7641 7295 7294
f 7178 7177 7214
f 7177 7538 7214
f 7233 7300 7239
f 7300 7299 7239
f 7584 7249 7248
f 7243 7242 7299
f 7242 7239 7299
f 7240 7246 7234
f 7246 7232 7234
f 7246 7240 7237
f 7240 7241 7237
f 7264 7263 7269
f 7263 7260 7269
f 7264 7262 7256
f 7262 7261 7256
f 7216 7176 7218
f 7176 7177 7218
f 7181 7174 7222
f 7174 7175 7222
f 7097 7095 7104
f 7095 7106 7104
f 7106 7105 7104
f 7105 7111 7104
f 7284 7286 7283
f 7286 7287 7283
f 7634 7633 7602
f 7633 7603 7602
f 7627 7626 7596
f 7626 7597 7596
f 7635 7634 7621
f 7634 7602 7621
f 7628 7627 7620
f 7627 7596 7620
f 7626 7625 7597
f 7625 7617 7597
f 7624 7638 7622
f 7638 7598 7622
f 7637 7636 7599
f 7636 7610 7599
f 7625 7623 7617
f 7623 7618 7617
f 7632 7631 7604
f 7631 7619 7604
f 7633 7632 7603
f 7632 7604 7603
f 7630 7629 7608
f 7629 7609 7608
f 7629 7628 7609
f 7628 7620 7609
f 7638 7637 7598
f 7637 7599 7598
f 7631 7630 7619
f 7630 7608 7619
f 7623 7624 7618
f 7624 7622 7618
f 7636 7635 7610
f 7635 7621 7610
f 7616 7107 7615
f 7107 7108 7615
f 7605 7118 7616
f 7118 7107 7616
f 7577 7594 7148
f 7594 7147 7148
f 7334 7335 7326
f 7331 7332 7326
f 7328 7329 7326
f 7339 7340 7326
f 7329 7330 7326
f 7332 7333 7326
f 7337 7338 7326
f 7341 7342 7326
f 7333 7334 7326
f 7327 7328 7326
f 7335 7336 7326
f 7340 7341 7326
f 7330 7331 7326
f 7338 7339 7326
f 7336 7337 7326
f 7342 7327 7326
f 7088 7533 7089
f 7533 7531 7089
f 7249 7250 7248
f 7250 7247 7248
f 7584 7196 7252
f 7253 7252 7197
f 7252 7196 7197
f 7351 7352 7651
f 7352 7368 7651
f 7349 7350 7365
f 7350 7650 7365
f 7343 7344 7640
f 7344 7360 7640
f 7354 7355 7654
f 7355 7655 7654
f 7654 7653 7354
f 7653 7353 7354
f 7374 7358 7640
f 7358 7343 7640
f 7347 7527 7363
f 7346 7347 7642
f 7347 7643 7642
f 7649 7648 7375
f 7648 7376 7375
f 7372 7655 7356
f 7655 7355 7356
f 7642 7361 7346
f 7361 7345 7346
f 7657 7372 7357
f 7372 7356 7357
f 7374 7657 7358
f 7657 7357 7358
f 7650 7350 7651
f 7350 7351 7651
f 7653 7368 7353
f 7368 7352 7353
f 7361 7360 7345
f 7360 7344 7345
f 7349 7365 7348
f 7365 7364 7348
f 7648 7366 7376
f 7366 7377 7376
f 7247 7237 7580
f 7237 7578 7580
f 7583 7248 7580
f 7248 7247 7580
f 7362 7526 7296
f 7526 7525 7296
f 7223 7300 7188
f 7300 7233 7188
f 7641 7362 7295
f 7362 7296 7295
f 7241 7242 7579
f 7242 7613 7579
f 7300 7223 7301
f 7223 7227 7301
f 7301 7227 7294
f 7227 7292 7294
f 7302 7303 7296
f 7303 7295 7296
f 7296 7525 7302
f 7525 7659 7302
f 7243 7299 7302
f 7299 7303 7302
f 7299 7300 7303
f 7300 7301 7303
f 7226 7316 7225
f 7316 7291 7225
f 7371 7656 7291
f 7656 7225 7291
f 7656 7373 7225
f 7373 7231 7225
f 7190 7189 7184
f 7189 7186 7184
f 7184 7186 7185
f 7186 7187 7185
f 7092 7192 7089
f 7192 7189 7089
f 7224 7229 7187
f 7229 7185 7187
f 7229 7224 7293
f 7224 7231 7293
f 7086 7191 7085
f 7191 7193 7085
f 7223 7188 7230
f 7188 7183 7230
f 7227 7223 7228
f 7223 7230 7228
f 7188 7193 7183
f 7193 7191 7183
f 7193 7234 7085
f 7234 7232 7085
f 7253 7197 7232
f 7197 7085 7232
f 7293 7228 7229
f 7227 7228 7292
f 7228 7293 7292
f 7175 7176 7222
f 7176 7216 7222
f 7101 7100 7098
f 7100 7099 7098
f 7091 7090 7094
f 7090 7112 7094
f 7102 7120 7099
f 7120 7119 7099
f 7152 7151 7131
f 7151 7133 7131
f 7089 7531 7092
f 7531 7534 7092
f 7359 7639 7292
f 7639 7294 7292
f 7658 7359 7293
f 7359 7292 7293
f 7254 7312 7258
f 7312 7274 7258
f 7274 7219 7258
f 7367 7652 7322
f 7652 7323 7322
f 7322 7323 7321
f 7323 7315 7321
f 7314 7321 7313
f 7321 7315 7313
f 7316 7226 7290
f 7226 7182 7290
f 7366 7367 7377
f 7367 7322 7377
f 7101 7098 7140
f 7098 7126 7140
f 7287 7285 7276
f 7285 7277 7276
f 7139 7136 7138
f 7136 7135 7138
f 7325 7318 7323
f 7318 7315 7323
f 7103 7102 7093
f 7102 7096 7093
f 7317 7316 7319
f 7316 7290 7319
f 7313 7315 7320
f 7315 7318 7320
f 7280 7286 7279
f 7286 7284 7279
f 7288 7281 7289
f 7281 7282 7289
f 7280 7288 7286
f 7288 7289 7286
f 7289 7282 7285
f 7282 7275 7285
f 7284 7320 7279
f 7320 7319 7279
f 7286 7289 7287
f 7289 7285 7287
f 7283 7313 7284
f 7313 7320 7284
f 7103 7093 7097
f 7093 7095 7097
f 7324 7317 7325
f 7317 7318 7325
f 7320 7318 7319
f 7318 7317 7319
f 7096 7102 7100
f 7102 7099 7100
f 7135 7131 7138
f 7131 7134 7138
f 7370 7371 7324
f 7371 7291 7324
f 7317 7324 7316
f 7324 7291 7316
f 7652 7369 7323
f 7369 7325 7323
f 7369 7370 7325
f 7370 7324 7325
f 7275 7274 7285
f 7274 7277 7285
f 7614 7260 7213
f 7552 7265 7614
f 7129 7130 7128
f 7130 7127 7128
f 7129 7125 7542
f 7125 7540 7542
f 7123 7104 7124
f 7104 7111 7124
f 7142 7149 7156
f 7149 7152 7156
f 7155 7143 7156
f 7143 7142 7156
f 7114 7119 7113
f 7119 7115 7113
f 7153 7145 7154
f 7145 7144 7154
f 7124 7110 7108
f 7110 7109 7108
f 7123 7122 7104
f 7122 7097 7104
f 7087 7110 7090
f 7110 7112 7090
f 7110 7124 7112
f 7124 7111 7112
f 7115 7119 7116
f 7119 7120 7116
f 7114 7113 7153
f 7113 7145 7153
f 7114 7153 7098
f 7153 7126 7098
f 7099 7119 7098
f 7119 7114 7098
f 7121 7103 7122
f 7103 7097 7122
f 7137 7154 7136
f 7154 7155 7136
f 7126 7153 7137
f 7153 7154 7137
f 7151 7148 7150
f 7148 7147 7150
f 7149 7148 7152
f 7148 7151 7152
f 7135 7156 7131
f 7156 7152 7131
f 7107 7123 7108
f 7123 7124 7108
f 7150 7125 7128
f 7125 7129 7128
f 7151 7150 7133
f 7150 7128 7133
f 7136 7155 7135
f 7155 7156 7135
f 7103 7121 7102
f 7121 7120 7102
f 7154 7144 7155
f 7144 7143 7155
f 7120 7121 7116
f 7121 7117 7116
f 7087 7084 7110
f 7084 7109 7110
f 7088 7086 7533
f 7086 7532 7533
f 7085 7197 7086
f 7197 7532 7086
f 7216 7218 7220
f 7218 7221 7220
f 7197 7196 7532
f 7196 7546 7532
f 7177 7178 7218
f 7178 7217 7218
f 7219 7221 7217
f 7221 7218 7217
f 7125 7146 7540
f 7146 7544 7540
f 7259 7270 7660
f 7270 7572 7660
f 7382 7310 7380
f 7310 7308 7380
f 7305 7259 7307
f 7259 7304 7307
f 7278 7276 7310
f 7276 7309 7310
f 7257 7273 7178
f 7273 7217 7178
f 7552 7551 7265
f 7551 7262 7265
f 7270 7261 7572
f 7261 7573 7572
f 7737 7394 7736
f 7305 7254 7259
f 7217 7273 7219
f 7273 7258 7219
f 7384 7379 7662
f 7379 7661 7662
f 7380 7308 7379
f 7308 7306 7379
f 7276 7277 7309
f 7277 7311 7309
f 7274 7312 7277
f 7312 7311 7277
f 7309 7311 7307
f 7311 7305 7307
f 7375 7384 7528
f 7384 7662 7528
f 7311 7312 7305
f 7312 7254 7305
f 7379 7306 7661
f 7306 7660 7661
f 7376 7383 7375
f 7383 7384 7375
f 7383 7380 7384
f 7380 7379 7384
f 7309 7307 7310
f 7307 7308 7310
f 7307 7304 7308
f 7304 7306 7308
f 7385 7382 7383
f 7382 7380 7383
f 7382 7314 7310
f 7314 7278 7310
f 7377 7385 7376
f 7385 7383 7376
f 7377 7322 7385
f 7322 7321 7385
f 7321 7314 7385
f 7314 7382 7385
f 7271 7244 7378
f 7244 7530 7378
f 7396 7238 7272
f 7238 7245 7272
f 7667 7211 7668
f 7211 7212 7668
f 7208 7210 7666
f 7210 7667 7666
f 7244 7271 7245
f 7271 7272 7245
f 7396 7272 7674
f 7272 7266 7674
f 7677 7415 7676
f 7415 7414 7676
f 7673 7411 7395
f 7411 7410 7395
f 7207 7208 7388
f 7208 7666 7388
f 7401 7199 7200
f 7665 7404 7387
f 7404 7403 7387
f 7675 7413 7397
f 7413 7412 7397
f 7238 7396 7236
f 7396 7672 7236
f 7389 7405 7665
f 7405 7404 7665
f 7401 7200 7664
f 7200 7201 7664
f 7195 7669 7194
f 7669 7668 7194
f 7386 7402 7678
f 7402 7416 7678
f 7236 7672 7235
f 7672 7671 7235
f 7664 7203 7663
f 7203 7202 7663
f 7391 7407 7390
f 7407 7406 7390
f 7203 7664 7201
f 7670 7409 7392
f 7409 7408 7392
f 7235 7671 7251
f 7671 7393 7251
f 7251 7393 7195
f 7393 7669 7195
f 7745 7744 7173
f 7397 7412 7673
f 7412 7411 7673
f 7205 7663 7202
f 7399 7268 7400
f 7268 7198 7400
f 7678 7416 7677
f 7416 7415 7677
f 7204 7206 7663
f 7206 7388 7663
f 7676 7414 7675
f 7414 7413 7675
f 7378 7530 7381
f 7530 7529 7381
f 7668 7212 7194
f 7398 7267 7399
f 7267 7268 7399
f 7667 7209 7211
f 7266 7267 7674
f 7267 7398 7674
f 7392 7408 7391
f 7408 7407 7391
f 7207 7388 7206
f 7204 7663 7205
f 7387 7403 7386
f 7403 7402 7386
f 7400 7198 7401
f 7198 7199 7401
f 7210 7209 7667
f 7390 7406 7389
f 7406 7405 7389
f 7180 7288 7280
f 7180 7279 7290
f 7279 7319 7290
f 7288 7180 7281
f 7281 7180 7215
f 7180 7280 7279
f 7215 7180 7222
f 7180 7181 7222
f 7417 7100 7101
f 7417 7140 7141
f 7139 7417 7141
f 7139 7138 7417
f 7138 7134 7417
f 7134 7132 7417
f 7132 7127 7417
f 7127 7130 7417
f 7417 7096 7100
f 7091 7094 7417
f 7417 7093 7096
f 7094 7105 7417
f 7417 7095 7093
f 7105 7106 7417
f 7106 7095 7417
f 7417 7101 7140
f 7694 7695 7420
f 7695 7424 7420
f 7478 7479 7419
f 7479 7423 7419
f 7419 7423 7418
f 7423 7422 7418
f 7695 7698 7424
f 7698 7428 7424
f 7479 7480 7423
f 7480 7427 7423
f 7423 7427 7422
f 7427 7426 7422
f 7698 7700 7428
f 7700 7432 7428
f 7480 7481 7427
f 7481 7431 7427
f 7427 7431 7426
f 7431 7430 7426
f 7700 7702 7432
f 7702 7436 7432
f 7481 7482 7431
f 7482 7435 7431
f 7431 7435 7430
f 7435 7434 7430
f 7702 7704 7436
f 7704 7440 7436
f 7482 7483 7435
f 7483 7439 7435
f 7435 7439 7434
f 7439 7438 7434
f 7704 7706 7440
f 7706 7444 7440
f 7483 7484 7439
f 7484 7443 7439
f 7439 7443 7438
f 7443 7442 7438
f 7706 7708 7444
f 7708 7448 7444
f 7484 7485 7443
f 7485 7447 7443
f 7443 7447 7442
f 7447 7446 7442
f 7708 7710 7448
f 7710 7452 7448
f 7485 7486 7447
f 7486 7451 7447
f 7447 7451 7446
f 7451 7450 7446
f 7710 7712 7452
f 7712 7456 7452
f 7486 7487 7451
f 7487 7455 7451
f 7451 7455 7450
f 7455 7454 7450
f 7712 7714 7456
f 7714 7460 7456
f 7487 7488 7455
f 7488 7459 7455
f 7455 7459 7454
f 7459 7458 7454
f 7714 7465 7460
f 7465 7464 7460
f 7488 7489 7459
f 7489 7463 7459
f 7459 7463 7458
f 7463 7462 7458
f 7553 7742 7611
f 7742 7721 7611
f 7553 7173 7742
f 7395 7753 7394
f 7592 7719 7160
f 7719 7739 7160
f 7670 7754 7409
f 7754 7670 7737
f 7469 7723 7468
f 7723 7472 7468
f 7490 7491 7467
f 7491 7471 7467
f 7467 7471 7466
f 7471 7470 7466
f 7723 7726 7472
f 7726 7476 7472
f 7491 7492 7471
f 7492 7475 7471
f 7471 7475 7470
f 7475 7474 7470
f 7726 7694 7476
f 7694 7420 7476
f 7492 7478 7475
f 7478 7419 7475
f 7475 7419 7474
f 7419 7418 7474
f 7449 7074 7453
f 7074 7073 7453
f 7081 7080 7421
f 7080 7425 7421
f 7075 7445 7076
f 7445 7441 7076
f 7073 7072 7453
f 7072 7457 7453
f 7072 7071 7457
f 7071 7461 7457
f 7477 7082 7421
f 7082 7081 7421
f 7409 7754 7734
f 7437 7433 7077
f 7433 7078 7077
f 7752 7410 7730
f 7433 7429 7078
f 7429 7079 7078
f 7477 7473 7082
f 7473 7083 7082
f 7429 7425 7079
f 7425 7080 7079
f 7670 7394 7737
f 7445 7075 7449
f 7075 7074 7449
f 7437 7077 7441
f 7077 7076 7441
f 7476 7420 7492
f 7420 7478 7492
f 7472 7476 7491
f 7476 7492 7491
f 7468 7472 7490
f 7472 7491 7490
f 7686 7717 7731
f 7717 7728 7731
f 7724 7687 7732
f 7687 7735 7732
f 7460 7464 7488
f 7464 7489 7488
f 7456 7460 7487
f 7460 7488 7487
f 7452 7456 7486
f 7456 7487 7486
f 7448 7452 7485
f 7452 7486 7485
f 7444 7448 7484
f 7448 7485 7484
f 7440 7444 7483
f 7444 7484 7483
f 7436 7440 7482
f 7440 7483 7482
f 7432 7436 7481
f 7436 7482 7481
f 7428 7432 7480
f 7432 7481 7480
f 7424 7428 7479
f 7428 7480 7479
f 7420 7424 7478
f 7424 7479 7478
f 7716 7720 7740
f 7722 7761 7718
f 7738 7159 7739
f 7744 7743 7173
f 7746 7560 7159
f 7159 7160 7739
f 7560 7559 7159
f 7559 7158 7159
f 7159 7738 7746
f 7743 7742 7173
f 7173 7158 7745
f 7158 7559 7745
f 7464 7465 7747
f 7465 7741 7747
f 7489 7464 7748
f 7464 7747 7748
f 7463 7489 7749
f 7489 7748 7749
f 7462 7463 7750
f 7463 7749 7750
f 7750 7751 7462
f 7462 7751 7729
f 7733 7755 7466
f 7755 7756 7466
f 7467 7466 7757
f 7466 7756 7757
f 7490 7467 7758
f 7467 7757 7758
f 7468 7490 7759
f 7490 7758 7759
f 7469 7468 7760
f 7468 7759 7760
f 7498 7514 7497
f 7514 7513 7497
f 7499 7515 7498
f 7515 7514 7498
f 7497 7513 7496
f 7513 7512 7496
f 7500 7516 7499
f 7516 7515 7499
f 7502 7520 7501
f 7520 7519 7501
f 7495 7509 7494
f 7509 7508 7494
f 7510 7509 7511
f 7509 7495 7511
f 7496 7512 7495
f 7512 7511 7495
f 7501 7517 7500
f 7517 7516 7500
f 7518 7517 7519
f 7519 7517 7501
f 7502 7521 7520
f 7502 7503 7522
f 7503 7523 7522
f 7504 7493 7505
f 7493 7494 7505
f 7522 7521 7502
f 7523 7503 7524
f 7494 7506 7505
f 7508 7507 7494
f 7494 7507 7506
f 7196 7584 7546
f 7584 7084 7546
f 7544 7146 7213
f 7146 7614 7213
f 7529 7297 7381
f 7297 7763 7381
f 7644 7647 7762
f 7647 7297 7762
f 7646 7649 7528
f 7649 7375 7528
f 7298 7762 7529
f 7762 7297 7529
f 7530 7244 7529
f 7244 7298 7529
f 7660 7306 7259
f 7306 7304 7259
f 7532 7546 7533
f 7546 7548 7533
f 7533 7548 7531
f 7548 7545 7531
f 7537 7176 7536
f 7176 7175 7536
f 7535 7174 7534
f 7174 7092 7534
f 7534 7541 7539
f 7534 7531 7545
f 7545 7547 7541
f 7545 7541 7534
f 7538 7177 7537
f 7177 7176 7537
f 7535 7543 7536
f 7543 7542 7536
f 7535 7539 7543
f 7540 7537 7542
f 7537 7536 7542
f 7539 7535 7534
f 7544 7538 7540
f 7538 7537 7540
f 7538 7544 7214
f 7544 7213 7214
f 7543 7130 7542
f 7130 7129 7542
f 7539 7541 7547
f 7547 7091 7417
f 7547 7417 7539
f 7539 7417 7543
f 7417 7130 7543
f 7546 7084 7548
f 7084 7087 7548
f 7545 7090 7547
f 7090 7091 7547
f 7548 7087 7545
f 7087 7090 7545
f 7527 7347 7364
f 7347 7348 7364
f 7347 7363 7643
o Part.10
v -8.189 2.751 1.831
v -8.226 2.706 1.881
v -8.209 2.806 1.781
v -8.222 3.086 2.156
v -8.258 3.034 2.198
v -8.241 3.132 2.098
v -8.429 3.402 2.431
v -8.461 3.343 2.467
v -8.444 3.441 2.367
v -8.781 3.652 2.615
v -8.804 3.586 2.646
v -8.786 3.684 2.546
v -9.056 2.11 1.046
v -9.072 2.081 1.115
v -9.054 2.18 1.015
v -8.639 2.222 1.23
v -8.666 2.191 1.295
v -8.649 2.29 1.195
v -8.335 2.448 1.505
v -8.369 2.41 1.563
v -8.352 2.509 1.464
v -9.309 0.904 2.406
v -8.928 1.007 2.576
v -8.65 1.214 2.829
v -8.515 1.491 3.126
v -8.545 1.799 3.424
v -8.735 2.088 3.677
v -9.057 2.317 3.846
v -8.733 5.147 -1.261
v -8.512 5.206 -1.164
v -8.351 5.326 -1.017
v -8.273 5.488 -0.845
v -8.29 5.665 -0.672
v -8.401 5.833 -0.526
v -8.587 5.966 -0.428
v -8.267 4.72 -1.191
v -8.648 4.617 -1.36
v -8.396 6.03 0.079
v -8.074 5.802 -0.089
v -7.884 5.512 -0.342
v -7.853 5.204 -0.641
v -7.988 4.926 -0.938
v -8.688 2.354 1.208
v -8.817 3.665 2.477
v -8.305 3.146 2.056
v -8.41 2.561 1.46
v -9.069 2.251 1.038
v -8.496 3.436 2.308
v -8.275 2.839 1.757
v -8.713 2.214 1.349
v -8.842 3.524 2.62
v -8.33 3.006 2.198
v -8.435 2.42 1.602
v -9.094 2.111 1.181
v -8.521 3.295 2.451
v -8.3 2.698 1.9
v -9.616 -0.778 3.217
v -9.26 -0.983 3.297
v -8.973 -1.257 3.424
v -8.772 -1.584 3.589
v -8.674 -1.942 3.781
v -8.683 -2.304 3.988
v -8.794 -2.614 4.254
v -8.839 -2.869 4.578
v -9.254 -0.077 2.783
v -8.699 -0.396 2.907
v -8.249 -0.826 3.106
v -7.937 -1.337 3.364
v -7.782 -1.895 3.665
v -7.797 -2.462 3.988
v -7.966 -2.929 4.435
v -8.869 -3.036 6.373
v -7.77 -1.111 8.297
v -7.594 -0.837 8.124
v -7.412 -0.3 7.801
v -7.397 0.267 7.478
v -7.552 0.825 7.177
v -7.864 1.336 6.918
v -8.314 1.766 6.72
v -8.869 2.085 6.595
v -8.474 -0.815 8.2
v -8.415 -0.486 8.007
v -8.298 -0.142 7.801
v -8.289 0.22 7.594
v -8.387 0.578 7.402
v -8.588 0.905 7.236
v -8.875 1.179 7.11
v -9.231 1.384 7.03
v -8.032 -1.378 8.475
v -8.887 -3.136 5.209
v -8.557 -1.284 8.475
v -8.736 -3.18 6.087
v -8.89 -3.153 6.087
v -9.236 0.705 2.224
v -8.758 0.835 2.436
v -8.408 1.093 2.753
v -8.239 1.442 3.126
v -8.277 1.828 3.5
v -8.516 2.192 3.817
v -8.507 0.68 4.804
v -8.563 1.887 4.126
v -8.684 2.308 3.899
v -9.063 0.999 4.68
v -9.349 0.017 2.886
v -8.891 -0.026 3.271
v -8.562 0.043 3.787
v -8.413 0.236 4.337
v -8.458 0.59 4.765
v -8.123 -3.1 4.792
v -8.361 -3.23 5.209
v -8.799 -3.049 6.373
v -8.671 -1.923 8.337
v -8.593 -1.488 8.554
v -8.651 -1.811 8.466
v -8.624 -1.658 8.543
v -8.6 -1.935 8.337
v -8.433 -1.692 8.543
v -8.548 -1.829 8.466
v -8.898 -3.197 5.604
v -8.558 -3.258 5.604
v -8.897 -3.192 5.816
v -8.65 -3.236 5.816
v -8.27 -1.546 8.554
v -8.665 4.963 -1.431
v -8.636 4.717 -1.439
v -8.638 4.829 -1.475
v -8.355 5.048 -1.293
v -8.261 4.819 -1.273
v -8.283 4.926 -1.318
v -8.128 5.215 -1.088
v -7.986 5.022 -1.024
v -8.022 5.118 -1.082
v -8.018 5.442 -0.845
v -7.853 5.296 -0.731
v -7.897 5.378 -0.803
v -8.043 5.692 -0.602
v -7.884 5.599 -0.437
v -7.925 5.665 -0.526
v -8.198 5.929 -0.396
v -8.072 5.884 -0.187
v -8.103 5.936 -0.29
v -8.46 6.115 -0.259
v -8.388 6.11 -0.021
v -8.403 6.149 -0.132
v -10.552 3.172 1.831
v -10.532 3.117 1.881
v -10.514 3.216 1.781
v -10.405 3.475 2.156
v -10.389 3.413 2.198
v -10.371 3.512 2.098
v -10.101 3.7 2.431
v -10.092 3.633 2.467
v -10.074 3.731 2.367
v -9.685 3.813 2.615
v -9.686 3.743 2.646
v -9.669 3.841 2.546
v -9.959 2.271 1.046
v -9.954 2.238 1.115
v -9.936 2.337 1.015
v -10.311 2.52 1.23
v -10.297 2.482 1.295
v -10.279 2.58 1.195
v -10.519 2.836 1.505
v -10.5 2.79 1.563
v -10.482 2.889 1.464
v -10.138 1.051 2.406
v -10.46 1.28 2.576
v -10.65 1.57 2.829
v -10.681 1.877 3.126
v -10.546 2.155 3.424
v -10.267 2.361 3.677
v -9.886 2.465 3.846
v -9.214 5.232 -1.261
v -9.4 5.365 -1.164
v -9.511 5.532 -1.017
v -9.527 5.711 -0.845
v -9.45 5.872 -0.672
v -9.289 5.991 -0.526
v -9.068 6.051 -0.428
v -9.799 4.993 -1.191
v -9.477 4.764 -1.36
v -9.225 6.178 0.079
v -9.606 6.074 -0.089
v -9.885 5.868 -0.342
v -10.019 5.59 -0.641
v -9.989 5.283 -0.938
v -10.22 2.627 1.207
v -9.646 3.812 2.477
v -10.306 3.503 2.056
v -10.41 2.917 1.46
v -9.898 2.398 1.038
v -10.027 3.708 2.308
v -10.441 3.224 1.757
v -10.245 2.487 1.349
v -9.671 3.671 2.62
v -10.331 3.362 2.198
v -10.435 2.776 1.602
v -9.923 2.258 1.181
v -10.052 3.568 2.451
v -10.466 3.084 1.9
v -10.431 -0.633 3.217
v -10.835 -0.702 3.297
v -11.2 -0.861 3.424
v -11.501 -1.098 3.589
v -11.716 -1.4 3.781
v -11.833 -1.743 3.988
v -11.836 -2.072 4.254
v -11.881 -2.327 4.578
v -10.528 0.15 2.783
v -11.16 0.042 2.907
v -11.73 -0.206 3.106
v -12.2 -0.578 3.364
v -12.537 -1.048 3.665
v -12.719 -1.586 3.988
v -12.721 -2.082 4.435
v -11.911 -2.494 6.373
v -12.279 -0.308 8.297
v -12.349 0.01 8.124
v -12.334 0.576 7.801
v -12.152 1.114 7.478
v -11.815 1.584 7.177
v -11.345 1.956 6.918
v -10.775 2.204 6.72
v -10.143 2.312 6.595
v -11.516 -0.273 8.2
v -11.457 0.056 8.007
v -11.448 0.419 7.801
v -11.331 0.762 7.594
v -11.116 1.064 7.401
v -10.815 1.301 7.236
v -10.45 1.46 7.11
v -10.046 1.529 7.03
v -12.124 -0.649 8.475
v -11.929 -2.594 5.209
v -11.599 -0.743 8.475
v -12.086 -2.584 6.087
v -11.932 -2.611 6.087
v -10.275 0.89 2.224
v -10.679 1.178 2.436
v -10.918 1.54 2.753
v -10.956 1.926 3.126
v -10.788 2.275 3.5
v -10.438 2.535 3.817
v -10.968 1.118 4.804
v -10.499 2.231 4.126
v -10.24 2.585 3.899
v -10.337 1.225 4.68
v -10.407 0.205 2.886
v -10.852 0.323 3.271
v -11.136 0.501 3.787
v -11.209 0.734 4.337
v -11.045 1.051 4.765
v -12.634 -2.297 4.792
v -12.455 -2.501 5.209
v -11.981 -2.482 6.373
v -11.713 -1.381 8.337
v -11.636 -0.946 8.554
v -11.693 -1.269 8.466
v -11.666 -1.116 8.543
v -11.784 -1.368 8.337
v -11.857 -1.082 8.543
v -11.795 -1.251 8.466
v -11.94 -2.655 5.604
v -12.28 -2.595 5.604
v -11.939 -2.65 5.816
v -12.186 -2.606 5.816
v -11.959 -0.889 8.554
v -9.222 3.796 2.68
v -9.234 3.726 2.71
v -9.217 3.825 2.609
v -9.519 2.127 0.982
v -9.524 2.097 1.052
v -9.506 2.197 0.952
v -9.734 0.919 2.348
v -8.822 6.042 -0.394
v -8.979 5.156 -1.296
v -9.073 4.632 -1.419
v -8.8 6.162 0.138
v -8.9 5.6 -0.845
v -9.494 2.267 0.979
v -9.222 3.796 2.537
v -9.519 2.126 1.122
v -9.246 3.656 2.679
v -10.015 -0.659 3.189
v -9.493 2.271 6.553
v -9.63 1.503 7.002
v -9.769 0.725 2.149
v -9.462 2.446 3.899
v -9.687 1.185 4.637
v -9.878 0.109 2.74
v -9.341 5.083 -1.431
v -9.453 4.862 -1.439
v -9.412 4.967 -1.475
v -9.603 5.27 -1.293
v -9.77 5.088 -1.273
v -9.712 5.18 -1.318
v -9.758 5.506 -1.088
v -9.957 5.373 -1.024
v -9.891 5.451 -1.082
v -9.782 5.757 -0.845
v -9.988 5.676 -0.731
v -9.919 5.738 -0.803
v -9.673 5.982 -0.602
v -9.855 5.95 -0.437
v -9.793 5.998 -0.526
v -9.446 6.151 -0.396
v -9.58 6.153 -0.187
v -9.533 6.19 -0.29
v -9.136 6.235 -0.259
v -9.205 6.255 -0.021
v -9.177 6.287 -0.132
v -8.79 6.222 -0.21
v -8.786 6.24 0.036
v -8.78 6.273 -0.076
v -9.055 4.732 -1.498
v -9.011 4.976 -1.479
v -9.035 4.844 -1.53
v -9.309 0.904 2.406
v -9.734 0.919 2.348
v -8.928 1.007 2.576
v -8.65 1.214 2.829
v -8.515 1.491 3.126
v -8.545 1.799 3.424
v -8.735 2.088 3.677
v -9.057 2.317 3.846
v -9.069 2.251 1.038
v -8.688 2.354 1.208
v -8.496 3.436 2.308
v -8.817 3.665 2.477
v -8.275 2.839 1.757
v -8.305 3.146 2.056
v -8.41 2.561 1.46
v -9.494 2.267 0.979
v -9.222 3.796 2.537
v -8.435 2.42 1.602
v -8.3 2.698 1.9
v -8.33 3.006 2.198
v -8.521 3.295 2.451
v -8.842 3.524 2.62
v -9.246 3.656 2.679
v -9.519 2.126 1.122
v -9.094 2.111 1.181
v -8.713 2.214 1.349
v -10.015 -0.659 3.189
v -9.616 -0.778 3.217
v -9.26 -0.983 3.297
v -8.973 -1.257 3.424
v -8.772 -1.584 3.589
v -8.674 -1.942 3.781
v -8.683 -2.304 3.988
v -8.794 -2.614 4.254
v -8.794 -2.614 4.254
v -8.839 -2.869 4.578
v -9.254 -0.077 2.783
v -8.699 -0.396 2.907
v -8.249 -0.826 3.106
v -7.937 -1.337 3.364
v -7.782 -1.895 3.665
v -7.797 -2.462 3.988
v -7.966 -2.929 4.435
v -7.77 -1.111 8.297
v -7.594 -0.837 8.124
v -7.412 -0.3 7.801
v -7.397 0.267 7.478
v -7.552 0.825 7.177
v -7.864 1.336 6.918
v -8.314 1.766 6.72
v -8.869 2.085 6.595
v -8.891 -0.026 3.271
v -9.349 0.017 2.886
v -9.493 2.271 6.553
v -8.474 -0.815 8.2
v -8.415 -0.486 8.007
v -8.415 -0.486 8.007
v -8.298 -0.142 7.801
v -8.289 0.22 7.594
v -8.387 0.578 7.402
v -8.588 0.905 7.236
v -8.875 1.179 7.11
v -9.231 1.384 7.03
v -9.63 1.503 7.002
v -8.032 -1.378 8.475
v -8.887 -3.136 5.209
v -8.557 -1.284 8.475
v -8.799 -3.049 6.373
v -8.736 -3.18 6.087
v -8.123 -3.1 4.792
v -8.869 -3.036 6.373
v -8.89 -3.153 6.087
v -8.897 -3.192 5.816
v -9.236 0.705 2.224
v -9.769 0.725 2.149
v -8.758 0.835 2.436
v -8.408 1.093 2.753
v -8.239 1.442 3.126
v -8.277 1.828 3.5
v -8.516 2.192 3.817
v -9.462 2.446 3.899
v -9.462 2.446 3.899
v -9.462 2.446 3.899
v -8.684 2.308 3.899
v -8.684 2.308 3.899
v -8.563 1.887 4.126
v -9.687 1.185 4.637
v -9.063 0.999 4.68
v -9.878 0.109 2.74
v -9.878 0.109 2.74
v -9.878 0.109 2.74
v -8.562 0.043 3.787
v -8.413 0.236 4.337
v -8.458 0.59 4.765
v -8.507 0.68 4.804
v -8.507 0.68 4.804
v -8.361 -3.23 5.209
v -8.65 -3.236 5.816
v -8.651 -1.811 8.466
v -8.671 -1.923 8.337
v -8.6 -1.935 8.337
v -8.548 -1.829 8.466
v -8.624 -1.658 8.543
v -8.433 -1.692 8.543
v -8.898 -3.197 5.604
v -8.558 -3.258 5.604
v -8.593 -1.488 8.554
v -8.27 -1.546 8.554
v -10.138 1.051 2.406
v -10.46 1.28 2.576
v -10.65 1.57 2.829
v -10.681 1.877 3.126
v -10.546 2.155 3.424
v -10.267 2.361 3.677
v -9.886 2.465 3.846
v -9.898 2.398 1.038
v -10.22 2.627 1.207
v -10.027 3.708 2.308
v -9.646 3.812 2.477
v -10.441 3.224 1.757
v -10.306 3.503 2.056
v -10.41 2.917 1.46
v -10.435 2.776 1.602
v -10.466 3.084 1.9
v -10.331 3.362 2.198
v -10.052 3.568 2.451
v -9.671 3.671 2.62
v -9.923 2.258 1.181
v -10.245 2.487 1.349
v -10.431 -0.633 3.217
v -10.835 -0.702 3.297
v -11.2 -0.861 3.424
v -11.501 -1.098 3.589
v -11.716 -1.4 3.781
v -11.833 -1.743 3.988
v -11.836 -2.072 4.254
v -11.836 -2.072 4.254
v -11.881 -2.327 4.578
v -10.528 0.15 2.783
v -11.16 0.042 2.907
v -11.73 -0.206 3.106
v -12.2 -0.578 3.364
v -12.537 -1.048 3.665
v -12.719 -1.586 3.988
v -12.721 -2.082 4.435
v -12.279 -0.308 8.297
v -12.349 0.01 8.124
v -12.334 0.576 7.801
v -12.152 1.114 7.478
v -11.815 1.584 7.177
v -11.345 1.956 6.918
v -10.775 2.204 6.72
v -10.143 2.312 6.595
v -10.852 0.323 3.271
v -10.407 0.205 2.886
v -11.516 -0.273 8.2
v -11.457 0.056 8.007
v -11.457 0.056 8.007
v -11.448 0.419 7.801
v -11.331 0.762 7.594
v -11.116 1.064 7.401
v -10.815 1.301 7.236
v -10.45 1.46 7.11
v -10.046 1.529 7.03
v -12.124 -0.649 8.475
v -11.929 -2.594 5.209
v -11.599 -0.743 8.475
v -11.981 -2.482 6.373
v -12.086 -2.584 6.087
v -12.634 -2.297 4.792
v -11.911 -2.494 6.373
v -11.932 -2.611 6.087
v -11.939 -2.65 5.816
v -10.275 0.89 2.224
v -10.679 1.178 2.436
v -10.918 1.54 2.753
v -10.956 1.926 3.126
v -10.788 2.275 3.5
v -10.438 2.535 3.817
v -10.24 2.585 3.899
v -10.24 2.585 3.899
v -10.499 2.231 4.126
v -10.337 1.225 4.68
v -11.136 0.501 3.787
v -11.209 0.734 4.337
v -11.045 1.051 4.765
v -10.968 1.118 4.804
v -10.968 1.118 4.804
v -12.455 -2.501 5.209
v -12.186 -2.606 5.816
v -11.693 -1.269 8.466
v -11.713 -1.381 8.337
v -11.784 -1.368 8.337
v -11.795 -1.251 8.466
v -11.666 -1.116 8.543
v -11.857 -1.082 8.543
v -11.94 -2.655 5.604
v -12.28 -2.595 5.604
v -11.636 -0.946 8.554
v -11.959 -0.889 8.554
usemtl MB_283
s off
f 7764 7765 7782
f 7765 7783 7782
f 7783 7765 8098
f 7765 8099 8098
f 8032 7774 8031
f 7774 7773 8031
f 8093 7766 8095
f 7766 7784 8095
f 7766 7764 7784
f 7764 7782 7784
f 7780 7783 8106
f 7783 8098 8106
f 7772 7770 7769
f 7770 7767 7769
f 7775 7773 7772
f 7773 7770 7772
f 7774 7771 7773
f 7771 7770 7773
f 8089 8090 7778
f 8090 7781 7778
f 8093 8094 7766
f 8094 7769 7766
f 7764 7766 7767
f 7766 7769 7767
f 7781 7779 7778
f 7779 7776 7778
f 7771 7768 7770
f 7768 7767 7770
f 7783 7780 7782
f 7780 7779 7782
f 7784 7782 7781
f 7782 7779 7781
f 8095 7784 8090
f 7784 7781 8090
f 8104 8035 8105
f 8035 7777 8105
f 8101 7771 8102
f 7771 7774 8102
f 8089 7778 8096
f 7778 8036 8096
f 8092 8097 7775
f 8097 8033 7775
f 8102 7774 8103
f 7774 8032 8103
f 8033 8031 7775
f 8031 7773 7775
f 8091 8092 7772
f 8092 7775 7772
f 7777 7780 8105
f 7780 8106 8105
f 8099 7765 8100
f 7765 7768 8100
f 7765 7764 7768
f 7764 7767 7768
f 8100 7768 8101
f 7768 7771 8101
f 8094 8091 7769
f 8091 7772 7769
f 7778 7776 8036
f 7776 8034 8036
f 7777 8035 7776
f 8035 8034 7776
f 7800 8040 7888
f 8040 8078 7888
f 8075 7905 8038
f 7905 7798 8038
f 7902 7899 7797
f 7899 7796 7797
f 7896 7893 7795
f 7893 7794 7795
f 7890 7887 7793
f 7887 7792 7793
f 7905 7902 7798
f 7902 7797 7798
f 7899 7896 7796
f 7896 7795 7796
f 7802 7803 7903
f 7803 7900 7903
f 7804 7805 7897
f 7805 7894 7897
f 7893 7890 7794
f 7890 7793 7794
f 7801 7802 7906
f 7802 7903 7906
f 7803 7804 7900
f 7804 7897 7900
f 7805 7799 7894
f 7799 7891 7894
f 7799 7800 7891
f 7800 7888 7891
f 8041 7801 8076
f 7801 7906 8076
f 7812 7809 7804
f 7809 7805 7804
f 7811 7808 7802
f 7808 7803 7802
f 8044 7807 8041
f 7807 7801 8041
f 7810 8043 7800
f 8043 8040 7800
f 7809 7806 7805
f 7806 7799 7805
f 7808 7812 7803
f 7812 7804 7803
f 7807 7811 7801
f 7811 7802 7801
f 7806 7810 7799
f 7810 7800 7799
f 7798 7797 8042
f 7796 7795 8042
f 7794 7793 8042
f 7792 8039 8042
f 8038 7798 8042
f 7797 7796 8042
f 7795 7794 8042
f 7793 7792 8042
f 8085 8084 7819
f 8084 7816 7819
f 8087 8086 7818
f 8086 7815 7818
f 8081 8082 7817
f 8082 8045 7817
f 8084 8083 7816
f 8083 7813 7816
f 8086 8085 7815
f 8085 7819 7815
f 8088 8087 7814
f 8087 7818 7814
f 8083 8081 7813
f 8081 7817 7813
f 8133 8154 8132
f 8154 8156 8132
f 7820 8117 8109
f 8117 8118 8109
f 8109 8118 8110
f 8118 8119 8110
f 8110 8119 8111
f 8119 8120 8111
f 8111 8120 8112
f 8120 8121 8112
f 8112 8121 8113
f 8121 8122 8113
f 8113 8122 8114
f 8122 8123 8114
f 7834 7833 8125
f 7833 8126 8125
f 7833 7832 8126
f 7832 8127 8126
f 7832 7831 8127
f 7831 8128 8127
f 7831 7830 8128
f 7830 8129 8128
f 7830 7829 8173
f 7829 7869 8173
f 7828 7867 7829
f 7867 7868 7829
f 8154 8133 8155
f 8133 8169 8155
f 7866 8176 8166
f 8115 8116 8136
f 8116 8135 8136
f 7825 7826 8138
f 7826 8137 8138
f 7824 7825 8139
f 7825 8138 8139
f 7823 7824 8140
f 7824 8139 8140
f 7822 7823 8141
f 7823 8140 8141
f 7821 7822 8142
f 7822 8141 8142
f 8108 7821 8143
f 7821 8142 8143
f 8107 8108 8144
f 8108 8143 8144
f 8131 8168 8134
f 8168 8052 8134
f 8130 8175 8131
f 8175 8168 8131
f 8130 8129 8175
f 8129 8174 8175
f 7843 8048 7851
f 8048 8049 7851
f 7842 7843 7850
f 7843 7851 7850
f 7841 7842 7849
f 7842 7850 7849
f 7840 7841 7848
f 7841 7849 7848
f 7839 7840 7847
f 7840 7848 7847
f 7838 7839 7846
f 7839 7847 7846
f 7837 7838 7845
f 7838 7846 7845
f 8124 7837 7844
f 7837 7845 7844
f 8116 8146 8135
f 8146 8147 8135
f 8124 7844 8145
f 7844 7854 8145
f 8149 8182 8148
f 8182 7879 8148
f 8151 8152 7874
f 8152 7855 7874
f 8156 8157 8132
f 8157 8172 8132
f 8174 8129 8173
f 7827 8114 8150
f 8114 8123 8150
f 8166 7865 8167
f 7865 8161 8167
f 8158 7870 8157
f 7870 8172 8157
f 7787 7859 7786
f 7859 7858 7786
f 7858 7857 7786
f 7857 7785 7786
f 7788 7860 7787
f 7860 7859 7787
f 7790 8160 7789
f 8160 8159 7789
f 7788 7789 7860
f 7789 8159 7860
f 8037 7785 8050
f 7785 7857 8050
f 8162 8088 8046
f 8088 7814 8046
f 8047 8170 7820
f 8170 8117 7820
f 8165 7864 7862
f 7791 8163 8164
f 7867 7828 8171
f 7790 7791 8160
f 7791 8164 8160
f 8167 7866 8166
f 8129 7830 8173
f 7868 7869 7829
f 7871 7870 7861
f 7870 8158 7861
f 7861 7862 7864
f 7864 7863 7861
f 7863 7871 7861
f 7827 8150 7853
f 8150 8177 7853
f 8153 8178 8152
f 8178 7855 8152
f 7852 7873 7836
f 7873 7872 7836
f 7834 8125 7872
f 8125 7836 7872
f 7886 8186 7852
f 8186 7873 7852
f 8180 8181 8179
f 8181 7881 8179
f 8179 7881 8183
f 7881 8184 8183
f 8151 7874 8180
f 7874 8181 8180
f 7853 8177 8185
f 8177 7883 8185
f 8145 7854 8188
f 7854 8187 8188
f 8146 7882 8147
f 7882 7876 8147
f 7835 7875 7856
f 7875 7877 7856
f 7885 7880 8149
f 7880 8182 8149
f 7856 7877 7884
f 7877 7878 7884
f 7876 7882 7878
f 7882 7884 7878
f 8183 8184 8187
f 8184 8188 8187
f 8185 7883 8153
f 7883 8178 8153
f 7880 7885 7886
f 7885 8186 7886
f 8080 8079 7889
f 8079 7887 7889
f 7888 7889 7891
f 7889 7892 7891
f 7889 7887 7892
f 7887 7890 7892
f 7891 7892 7894
f 7892 7895 7894
f 7892 7890 7895
f 7890 7893 7895
f 7894 7895 7897
f 7895 7898 7897
f 7895 7893 7898
f 7893 7896 7898
f 7897 7898 7900
f 7898 7901 7900
f 7898 7896 7901
f 7896 7899 7901
f 7900 7901 7903
f 7901 7904 7903
f 7901 7899 7904
f 7899 7902 7904
f 7903 7904 7906
f 7904 7907 7906
f 7904 7902 7907
f 7902 7905 7907
f 7906 7907 8076
f 7907 8077 8076
f 7907 7905 8077
f 7905 8075 8077
f 7887 8079 7792
f 8079 8039 7792
f 7780 7777 7779
f 7777 7776 7779
f 8078 8080 7888
f 8080 7889 7888
f 7908 7926 7909
f 7926 7927 7909
f 7927 8203 7909
f 8203 8204 7909
f 8032 8031 7918
f 8031 7917 7918
f 8200 8202 7910
f 8202 7928 7910
f 7910 7928 7908
f 7928 7926 7908
f 7924 8209 7927
f 8209 8203 7927
f 7916 7913 7914
f 7913 7911 7914
f 7919 7916 7917
f 7916 7914 7917
f 7918 7917 7915
f 7917 7914 7915
f 8196 7922 8197
f 7922 7925 8197
f 8200 7910 8201
f 7910 7913 8201
f 7908 7911 7910
f 7911 7913 7910
f 7925 7922 7923
f 7922 7920 7923
f 7915 7914 7912
f 7914 7911 7912
f 7927 7926 7924
f 7926 7923 7924
f 7928 7925 7926
f 7925 7923 7926
f 8202 8197 7928
f 8197 7925 7928
f 8104 8208 8035
f 8208 7921 8035
f 8206 8207 7915
f 8207 7918 7915
f 8196 8096 7922
f 8096 8036 7922
f 8199 7919 8097
f 7919 8033 8097
f 8207 8103 7918
f 8103 8032 7918
f 8033 7919 8031
f 7919 7917 8031
f 8198 7916 8199
f 7916 7919 8199
f 7921 8208 7924
f 8208 8209 7924
f 8204 8205 7909
f 8205 7912 7909
f 7911 7908 7912
f 7908 7909 7912
f 8205 8206 7912
f 8206 7915 7912
f 8201 7913 8198
f 7913 7916 8198
f 7922 8036 7920
f 8036 8034 7920
f 7921 7920 8035
f 7920 8034 8035
f 7944 8055 8040
f 8055 8078 8040
f 8075 8038 8072
f 8038 7942 8072
f 8069 7941 8066
f 7941 7940 8066
f 8063 7939 8060
f 7939 7938 8060
f 8057 7937 8054
f 7937 7936 8054
f 8072 7942 8069
f 7942 7941 8069
f 8066 7940 8063
f 7940 7939 8063
f 7946 8070 7947
f 8070 8067 7947
f 7948 8064 7949
f 8064 8061 7949
f 8060 7938 8057
f 7938 7937 8057
f 7945 8073 7946
f 8073 8070 7946
f 7947 8067 7948
f 8067 8064 7948
f 7949 8061 7943
f 8061 8058 7943
f 7943 8058 7944
f 8058 8055 7944
f 8041 8076 7945
f 8076 8073 7945
f 7956 7948 7953
f 7948 7949 7953
f 7955 7946 7952
f 7946 7947 7952
f 8044 8041 7951
f 8041 7945 7951
f 7954 7944 8043
f 7944 8040 8043
f 7953 7949 7950
f 7949 7943 7950
f 7952 7947 7956
f 7947 7948 7956
f 7951 7945 7955
f 7945 7946 7955
f 7950 7943 7954
f 7943 7944 7954
f 7942 8042 7941
f 7940 8042 7939
f 7938 8042 7937
f 7936 8042 8039
f 8038 8042 7942
f 7941 8042 7940
f 7939 8042 7938
f 7937 8042 7936
f 8192 7963 8191
f 7963 7960 8191
f 8194 7962 8193
f 7962 7959 8193
f 8189 7961 8082
f 7961 8045 8082
f 8191 7960 8190
f 7960 7957 8190
f 8193 7959 8192
f 7959 7963 8192
f 8195 7958 8194
f 7958 7962 8194
f 8190 7957 8189
f 7957 7961 8189
f 8235 8234 8254
f 8234 8255 8254
f 7964 8211 8219
f 8211 8220 8219
f 8211 8212 8220
f 8212 8221 8220
f 8212 8213 8221
f 8213 8222 8221
f 8213 8214 8222
f 8214 8223 8222
f 8214 8215 8223
f 8215 8224 8223
f 8215 8216 8224
f 8216 8225 8224
f 7978 8227 7977
f 8227 8228 7977
f 7977 8228 7976
f 8228 8229 7976
f 7976 8229 7975
f 8229 8230 7975
f 7975 8230 7974
f 8230 8231 7974
f 7974 8265 7973
f 8265 8013 7973
f 7972 7973 8011
f 7973 8012 8011
f 8254 8155 8235
f 8155 8169 8235
f 8010 8262 8268
f 8217 8237 8218
f 8237 8236 8218
f 7969 8239 7970
f 8239 8238 7970
f 7968 8240 7969
f 8240 8239 7969
f 7967 8241 7968
f 8241 8240 7968
f 7966 8242 7967
f 8242 8241 7967
f 7965 8243 7966
f 8243 8242 7966
f 8210 8244 7965
f 8244 8243 7965
f 8107 8144 8210
f 8144 8244 8210
f 8233 8134 8263
f 8134 8052 8263
f 8232 8233 8267
f 8233 8263 8267
f 8232 8267 8231
f 8267 8266 8231
f 7987 7995 8048
f 7995 8049 8048
f 7986 7994 7987
f 7994 7995 7987
f 7985 7993 7986
f 7993 7994 7986
f 7984 7992 7985
f 7992 7993 7985
f 7983 7991 7984
f 7991 7992 7984
f 7982 7990 7983
f 7990 7991 7983
f 7981 7989 7982
f 7989 7990 7982
f 8226 7988 7981
f 7988 7989 7981
f 8218 8236 8246
f 8236 8247 8246
f 8226 8245 7988
f 8245 7998 7988
f 8249 8248 8274
f 8248 8023 8274
f 8251 8018 8252
f 8018 7999 8252
f 8255 8234 8256
f 8234 8264 8256
f 8266 8265 8231
f 7971 8250 8216
f 8250 8225 8216
f 8262 8167 8009
f 8167 8161 8009
f 8257 8256 8014
f 8256 8264 8014
f 7931 7930 8003
f 7930 8002 8003
f 8002 7930 8001
f 7930 7929 8001
f 7932 7931 8004
f 7931 8003 8004
f 7934 7933 8259
f 7933 8258 8259
f 7932 8004 7933
f 8004 8258 7933
f 8037 8050 7929
f 8050 8001 7929
f 8162 8046 8195
f 8046 7958 8195
f 8047 7964 8170
f 7964 8219 8170
f 8261 8006 8008
f 7935 8260 8051
f 8011 8053 7972
f 7934 8259 7935
f 8259 8260 7935
f 8167 8262 8010
f 8231 8265 7974
f 8012 7973 8013
f 8015 8005 8014
f 8005 8257 8014
f 8005 8008 8006
f 8008 8005 8007
f 8005 8015 8007
f 7971 7997 8250
f 7997 8269 8250
f 8253 8252 8270
f 8252 7999 8270
f 7996 7980 8017
f 7980 8016 8017
f 7978 8016 8227
f 8016 7980 8227
f 8030 7996 8278
f 7996 8017 8278
f 8272 8271 8273
f 8271 8025 8273
f 8271 8275 8025
f 8275 8276 8025
f 8251 8272 8018
f 8272 8273 8018
f 7997 8277 8269
f 8277 8027 8269
f 8245 8280 7998
f 8280 8279 7998
f 8246 8247 8026
f 8247 8020 8026
f 7979 8000 8019
f 8000 8021 8019
f 8029 8249 8024
f 8249 8274 8024
f 8000 8028 8021
f 8028 8022 8021
f 8020 8022 8026
f 8022 8028 8026
f 8275 8279 8276
f 8279 8280 8276
f 8277 8253 8027
f 8253 8270 8027
f 8024 8030 8029
f 8030 8278 8029
f 8080 8056 8079
f 8056 8054 8079
f 8055 8058 8056
f 8058 8059 8056
f 8056 8059 8054
f 8059 8057 8054
f 8058 8061 8059
f 8061 8062 8059
f 8059 8062 8057
f 8062 8060 8057
f 8061 8064 8062
f 8064 8065 8062
f 8062 8065 8060
f 8065 8063 8060
f 8064 8067 8065
f 8067 8068 8065
f 8065 8068 8063
f 8068 8066 8063
f 8067 8070 8068
f 8070 8071 8068
f 8068 8071 8066
f 8071 8069 8066
f 8070 8073 8071
f 8073 8074 8071
f 8071 8074 8069
f 8074 8072 8069
f 8073 8076 8074
f 8076 8077 8074
f 8074 8077 8072
f 8077 8075 8072
f 8054 7936 8079
f 7936 8039 8079
f 7924 7923 7921
f 7923 7920 7921
f 8078 8055 8080
f 8055 8056 8080
o Part.11
v 3.275 7.531 0.003
v 3.262 7.6 -0.347
v 3.228 7.795 -0.644
v 3.175 8.087 -0.842
v 3.114 8.432 -0.912
v 3.053 8.776 -0.842
v 3.001 9.069 -0.644
v 2.966 9.264 -0.347
v 2.954 9.333 0.003
v 2.966 9.264 0.353
v 3.001 9.069 0.65
v 3.053 8.776 0.848
v 3.114 8.432 0.918
v 7.075 9.24 2.605
v 7.743 7.083 2.652
v 8.341 7.342 2.555
v 7.724 9.564 2.317
v 8.785 7.602 2.242
v 9.234 7.824 1.74
v 8.241 9.821 1.74
v 8.499 9.949 1.015
v 9.492 7.954 1.015
v 8.152 10.695 0.544
v 8.424 10.134 0.987
v 8.204 10.588 0.696
v 8.114 10.775 0.374
v 7.802 10.889 1.163
v 7.625 11.292 0.003
v 7.642 11.272 0.317
v 8.09 10.823 0.192
v 8.083 10.834 0.003
v 7.675 11.193 0.621
v 7.729 11.065 0.907
v 7.894 10.671 1.385
v 8.343 10.302 0.922
v 8.268 10.456 0.823
v 6.697 10.616 2.139
v 6.814 10.193 2.389
v 6.942 9.73 2.551
v 7.587 9.985 2.246
v 8.001 10.415 1.56
v 8.121 10.131 1.683
v 6.403 11.669 0.003
v 7.038 11.588 0.003
v 6.416 11.64 0.498
v 6.452 11.504 0.976
v 6.514 11.282 1.418
v 6.596 10.984 1.812
v 7.053 11.559 0.424
v 7.089 11.451 0.833
v 7.15 11.272 1.215
v 7.232 11.029 1.559
v 7.335 10.728 1.853
v 7.454 10.377 2.085
v 7.724 9.564 -2.312
v 7.642 11.272 -0.311
v 8.424 10.134 -0.981
v 8.121 10.131 -1.677
v 8.241 9.821 -1.735
v 8.499 9.949 -1.009
v 7.894 10.671 -1.379
v 8.343 10.302 -0.916
v 8.001 10.415 -1.554
v 8.268 10.456 -0.817
v 7.802 10.889 -1.158
v 7.729 11.065 -0.901
v 7.674 11.194 -0.616
v 8.204 10.588 -0.69
v 8.152 10.695 -0.539
v 8.09 10.823 -0.187
v 8.114 10.774 -0.369
v 6.596 10.984 -1.806
v 6.514 11.282 -1.413
v 6.452 11.504 -0.97
v 6.416 11.64 -0.492
v 7.075 9.241 -2.599
v 6.942 9.729 -2.546
v 6.814 10.193 -2.384
v 6.697 10.616 -2.133
v 7.587 9.985 -2.24
v 7.454 10.377 -2.079
v 7.335 10.728 -1.847
v 7.053 11.559 -0.419
v 7.089 11.451 -0.827
v 7.15 11.272 -1.209
v 7.232 11.029 -1.554
v 7.446 9.203 0.003
v 7.559 8.566 0.65
v 7.507 8.859 0.848
v 7.446 9.203 0.918
v 7.385 9.548 0.848
v 7.332 9.84 0.65
v 7.298 10.035 0.353
v 7.285 10.104 0.003
v 7.298 10.035 -0.347
v 7.332 9.84 -0.644
v 7.385 9.548 -0.842
v 7.446 9.203 -0.912
v 7.507 8.859 -0.842
v 7.559 8.566 -0.644
v 7.594 8.371 -0.347
v 7.606 8.302 0.003
v 7.594 8.371 0.353
v 9.468 8.001 -1.009
v 9.244 7.889 -1.619
v 8.76 7.649 -2.186
v 8.232 7.386 -2.47
v 7.719 7.132 -2.647
v 10.316 6.317 1.011
v 10.451 6.06 -0.997
v 9.919 7.137 -1.004
v 10.658 5.571 1.051
v 9.167 5.932 2.531
v 9.646 6.096 2.222
v 9.9 5.466 2.268
v 10.089 6.256 1.667
v 10.389 5.57 1.717
v 8.769 5.815 2.652
v 9.678 7.063 1.686
v 9.229 6.859 2.247
v 8.797 6.661 2.484
v 9.91 7.154 1.008
v 8.32 6.45 2.653
v 6.174 9.502 2.6
v 6.297 8.852 2.653
v 6.678 8.294 2.653
v 7.224 7.613 2.652
v 6.31 8.905 -2.644
v 6.192 9.401 -2.605
v 6.099 9.919 -2.466
v 6.017 10.384 -2.231
v 5.886 11.119 -1.533
v 5.944 10.792 -1.907
v 5.81 11.543 -0.513
v 5.836 11.397 -1.009
v 5.801 11.593 0.002
v 5.81 11.542 0.518
v 5.837 11.395 1.013
v 5.936 10.836 1.875
v 5.876 11.173 1.441
v 6.013 10.404 2.231
v 6.087 9.99 2.449
v 6.668 8.3 -2.647
v 7.224 7.637 -2.647
v 10.177 6.106 -1.585
v 9.261 6.853 -2.158
v 8.377 6.43 -2.647
v 8.73 6.601 -2.508
v 8.929 5.435 -2.647
v 9.84 5.914 -2.102
v 9.285 5.619 -2.499
v 9.675 7.039 -1.639
v 8.966 5.231 2.669
v 10.48 5.074 1.959
v 11.045 4.099 2.068
v 10.871 4.841 1.372
v 9.014 4.959 2.736
v 9.5 5.051 2.603
v 9.851 5.104 2.476
v 9.367 5.362 2.574
v 10.537 4.475 2.527
v 7.349 6.992 2.573
v 8.049 5.688 2.473
v 7.742 6.334 2.514
v 6.532 7.492 1.946
v 6.643 6.866 1.52
v 6.722 6.881 1.936
v 6.771 6.151 1.114
v 7.443 5.582 2.091
v 7.229 6.243 2.185
v 6.879 6.18 1.644
v 7.022 5.507 1.44
v 7.158 4.806 1.388
v 6.99 4.917 0.999
v 6.878 5.548 0.969
v 6.97 6.925 2.321
v 6.581 7.497 2.21
v 6.417 8.244 2.479
v 6.478 8.255 2.572
v 6.734 7.524 2.447
v 6.398 8.241 2.377
v 6.57 8.271 2.633
v 6.968 7.567 2.604
v 7.54 5.14 -2.05
v 7.284 6.115 -2.148
v 6.965 6.956 -2.315
v 7.343 7.022 -2.568
v 8.249 5.235 -2.546
v 7.104 4.993 -1.354
v 6.568 8.282 -2.628
v 6.718 6.904 -2.052
v 6.577 7.52 -2.251
v 6.965 7.588 -2.598
v 6.731 7.545 -2.442
v 6.415 8.255 -2.473
v 6.644 6.889 -1.903
v 6.524 7.538 -2.135
v 6.395 8.258 -2.392
v 6.476 8.266 -2.566
v 6.911 6.05 -1.766
v 7.019 4.758 -1.081
v 6.796 6.006 -1.566
v 7.819 6.246 -2.561
v 8.99 5.088 -2.622
v 9.473 5.297 -2.461
v 9.131 4.304 -2.313
v 9.07 4.647 -2.495
v 9.186 3.996 -2.061
v 10.472 5.475 -1.316
v 10.425 5.621 -1.423
v 10.286 5.92 -1.549
v 9.974 5.679 -2.065
v 9.799 4.409 -1.962
v 10.308 4.992 -1.67
v 9.611 4.982 -2.353
v 10.225 5.195 -1.85
v 9.717 4.685 -2.191
v 10.358 5.766 -1.503
v 10.119 5.417 -1.974
v 10.743 5.385 -0.315
v 11.289 3.593 1.527
v 9.072 4.635 2.942
v 9.844 4.663 2.834
v 8.338 4.395 2.834
v 7.753 3.979 2.527
v 7.406 3.451 2.068
v 7.351 2.892 1.527
v 7.136 4.097 1.306
v 7.585 4.921 2.076
v 8.21 5.077 2.488
v 8.267 4.756 2.571
v 7.289 4.155 1.557
v 7.662 4.487 2.188
v 7.209 4.714 -1.346
v 7.613 4.703 -1.969
v 7.214 4.529 -1.191
v 7.666 4.409 -1.834
v 7.722 4.154 -1.65
v 8.38 4.19 -2.184
v 8.42 3.932 -1.99
v 8.36 4.463 -2.355
v 8.319 4.923 -2.51
v 9.948 3.881 -1.496
v 9.269 3.528 -1.587
v 10.157 2.876 -0.494
v 11.06 4.344 0.75
v 11.002 3.841 0.221
v 10.7 3.314 -0.211
v 10.701 4.948 -0.796
v 10.492 4.441 -1.185
v 9.44 2.57 -0.612
v 9.568 1.85 0.113
v 10.302 2.09 0.221
v 11.234 3.034 0.986
v 10.888 2.506 0.527
v 8.879 5.721 -0.99
v 9.18 6.537 -0.239
v 9.578 6.429 -0.415
v 9.87 6.213 -0.679
v 10.011 5.922 -0.99
v 9.979 5.601 -1.301
v 9.78 5.297 -1.565
v 9.444 5.059 -1.741
v 9.021 4.92 -1.803
v 8.577 4.904 -1.741
v 8.179 5.012 -1.565
v 7.888 5.228 -1.301
v 7.747 5.519 -0.99
v 7.779 5.841 -0.679
v 7.978 6.144 -0.415
v 8.314 6.383 -0.239
v 8.736 6.521 -0.177
v 9.455 2.484 3.924
v 9.033 2.345 3.862
v 8.697 2.106 3.686
v 8.498 1.803 3.422
v 8.466 1.481 3.111
v 8.607 1.19 2.8
v 8.898 0.974 2.536
v 9.296 0.866 2.36
v 9.74 0.882 2.298
v 10.163 1.021 2.36
v 10.499 1.26 2.536
v 10.698 1.563 2.8
v 10.73 1.885 3.111
v 10.589 2.175 3.422
v 10.297 2.391 3.686
v 9.899 2.499 3.862
v 9.35 3.075 4.525
v 8.616 2.835 4.418
v 8.03 2.419 4.111
v 7.684 1.891 3.652
v 7.629 1.332 3.111
v 7.873 0.826 2.57
v 8.381 0.451 2.111
v 9.074 0.262 1.804
v 9.846 0.291 1.697
v 10.58 0.531 1.804
v 11.165 0.947 2.111
v 11.512 1.474 2.57
v 11.567 2.034 3.111
v 11.322 2.54 3.652
v 10.815 2.915 4.111
v 10.122 3.104 4.418
v 7.596 2.386 0.986
v 8.103 2.01 0.527
v 8.796 1.822 0.221
v 7.115 4.219 -0.529
v 7.297 4.061 -0.716
v 7.805 3.686 -1.175
v 7.286 3.257 0.449
v 8.498 3.497 -1.481
v 7.976 2.724 -0.197
v 7.468 3.099 0.262
v 8.669 2.535 -0.504
v 6.031 10.306 -1.331
v 5.959 10.71 -0.72
v 5.933 10.852 0.003
v 5.959 10.709 0.726
v 6.031 10.306 1.337
v 6.138 9.704 1.747
v 6.265 8.993 1.891
v 6.391 8.281 1.747
v 6.498 7.679 1.337
v 6.57 7.276 0.725
v 6.596 7.134 0.003
v 6.57 7.276 -0.72
v 6.499 7.678 -1.332
v 6.391 8.281 -1.741
v 6.265 8.993 -1.885
v 6.138 9.704 -1.741
v 5.046 10.131 -1.331
v 4.974 10.534 -0.72
v 4.949 10.676 0.003
v 4.974 10.534 0.726
v 5.046 10.131 1.337
v 5.153 9.529 1.747
v 5.28 8.817 1.891
v 5.407 8.106 1.747
v 5.586 7.101 0.725
v 5.611 6.959 0.003
v 5.586 7.101 -0.72
v 5.514 7.503 -1.332
v 5.407 8.106 -1.741
v 5.28 8.817 -1.885
v 5.153 9.529 -1.741
v 8.498 9.949 0.003
v 5.027 10.238 1.446
v 4.46 10.127 1.435
v 3.384 9.77 1.274
v 2.929 9.473 1.061
v 4.949 10.674 0.784
v 4.383 10.559 0.779
v 3.315 10.154 0.69
v 2.872 9.793 0.575
v 4.922 10.827 0.002
v 4.356 10.711 0.003
v 3.291 10.289 0.003
v 2.852 9.905 0.003
v 4.949 10.674 -0.779
v 4.383 10.559 -0.773
v 3.315 10.154 -0.684
v 2.872 9.792 -0.57
v 5.027 10.239 -1.441
v 4.46 10.127 -1.43
v 3.384 9.77 -1.268
v 2.929 9.473 -1.055
v 5.143 9.587 -1.883
v 4.575 9.48 -1.869
v 3.486 9.196 -1.657
v 3.014 8.995 -1.38
v 5.28 8.817 -2.039
v 4.711 8.716 -2.024
v 3.606 8.519 -1.795
v 3.114 8.432 -1.493
v 5.417 8.048 -1.883
v 4.847 7.952 -1.869
v 3.727 7.843 -1.657
v 3.214 7.869 -1.38
v 5.533 7.396 -1.441
v 4.962 7.306 -1.43
v 3.829 7.268 -1.268
v 3.3 7.39 -1.055
v 5.611 6.961 -0.779
v 5.039 6.873 -0.773
v 3.897 6.885 -0.684
v 3.356 7.071 -0.569
v 5.638 6.807 0.003
v 5.066 6.721 0.003
v 3.921 6.75 0.003
v 3.376 6.959 0.003
v 5.611 6.961 0.784
v 5.039 6.873 0.779
v 3.897 6.885 0.69
v 3.356 7.071 0.575
v 5.417 8.048 1.889
v 4.847 7.952 1.875
v 3.727 7.843 1.663
v 3.215 7.868 1.385
v 5.28 8.817 2.044
v 4.711 8.716 2.029
v 3.606 8.519 1.8
v 3.114 8.432 1.499
v 5.143 9.587 1.889
v 4.575 9.48 1.875
v 3.486 9.196 1.663
v 3.014 8.995 1.385
v 3.903 9.99 1.399
v 3.828 10.41 0.758
v 3.802 10.559 0.002
v 3.828 10.411 -0.752
v 3.903 9.99 -1.393
v 4.015 9.359 -1.82
v 4.148 8.616 -1.971
v 4.28 7.872 -1.82
v 4.393 7.242 -1.393
v 4.467 6.821 -0.752
v 4.494 6.672 0.003
v 4.467 6.821 0.758
v 4.28 7.872 1.826
v 4.148 8.615 1.976
v 4.015 9.359 1.826
v 3.262 7.6 0.353
v 5.237 7.952 0.353
v 5.367 7.989 0.375
v 5.47 8.051 0.44
v 5.534 8.129 0.536
v 5.547 8.208 0.65
v 5.5 8.315 0.725
v 5.409 8.397 0.791
v 5.286 8.439 0.833
v 5.15 8.439 0.848
v 3.175 8.087 0.848
v 3.334 7.195 0.764
v 3.864 7.073 0.977
v 4.427 7.047 1.102
v 4.997 7.111 1.138
v 5.376 7.17 1.146
v 5.506 7.206 1.171
v 5.561 7.239 1.206
v 5.542 7.346 1.097
v 5.591 7.375 1.127
v 5.654 7.451 1.224
v 5.668 7.531 1.337
v 5.621 7.638 1.414
v 5.529 7.72 1.478
v 5.472 7.74 1.498
v 5.491 7.633 1.607
v 5.426 7.656 1.628
v 5.289 7.658 1.641
v 4.91 7.598 1.633
v 4.34 7.534 1.597
v 3.777 7.561 1.471
v 3.247 7.683 1.259
v 7.28 3.29 1.932
v 7.567 1.68 3.465
v 7.691 0.984 2.758
v 7.413 2.544 1.174
v 7.224 3.607 0.801
v 7.119 4.196 0.203
v 8.916 8.463 1.74
v 7.937 7.948 2.572
v 8.457 8.211 2.264
v 9.178 8.583 1.015
v 9.183 8.573 -1.01
v 8.949 8.459 -1.653
v 8.451 8.22 -2.225
v 7.881 7.949 -2.509
v 8.777 9.39 -0.007
v 8.088 8.891 -2.268
v 8.755 9.433 1.015
v 8.583 9.163 -1.696
v 8.798 9.346 -1.01
v 7.466 8.613 -2.555
v 8.535 9.23 1.74
v 7.485 8.627 2.589
v 8.753 9.435 1.015
v 8.071 8.924 2.292
v 5.81 11.543 -0.513
v 5.836 11.397 -1.009
v 6.524 7.538 -2.135
v 6.395 8.258 -2.392
v 7.606 8.302 0.003
v 7.594 8.371 -0.347
v 7.559 8.566 -0.644
v 7.507 8.859 -0.842
v 7.446 9.203 -0.912
v 7.385 9.548 -0.842
v 5.547 8.208 0.65
v 5.5 8.315 0.725
v 7.332 9.84 0.65
v 7.385 9.548 0.848
v 7.298 10.035 0.353
v 7.446 9.203 0.918
v 7.507 8.859 0.848
v 7.285 10.104 0.003
v 7.298 10.035 -0.347
v 7.332 9.84 -0.644
v 7.594 8.371 0.353
v 5.801 11.593 0.002
v 5.81 11.542 0.518
v 6.796 6.006 -1.566
v 6.644 6.889 -1.903
v 5.886 11.119 -1.533
v 5.944 10.792 -1.907
v 6.017 10.384 -2.231
v 6.099 9.919 -2.466
v 6.643 6.866 1.52
v 6.771 6.151 1.114
v 6.532 7.492 1.946
v 3.053 8.776 -0.842
v 3.001 9.069 -0.644
v 6.398 8.241 2.377
v 6.297 8.852 2.653
v 7.559 8.566 0.65
v 2.966 9.264 -0.347
v 2.954 9.333 0.003
v 2.966 9.264 0.353
v 5.876 11.173 1.441
v 5.837 11.395 1.013
v 3.053 8.776 0.848
v 3.114 8.432 0.918
v 3.001 9.069 0.65
v 6.192 9.401 -2.605
v 6.174 9.502 2.6
v 7.747 5.519 -0.99
v 7.779 5.841 -0.679
v 9.18 6.537 -0.239
v 9.578 6.429 -0.415
v 3.175 8.087 -0.842
v 3.114 8.432 -0.912
v 9.979 5.601 -1.301
v 9.78 5.297 -1.565
v 9.444 5.059 -1.741
v 5.936 10.836 1.875
v 3.262 7.6 -0.347
v 3.228 7.795 -0.644
v 8.577 4.904 -1.741
v 8.179 5.012 -1.565
v 9.87 6.213 -0.679
v 3.275 7.531 0.003
v 6.99 4.917 0.999
v 6.878 5.548 0.969
v 6.31 8.905 -2.644
v 6.087 9.99 2.449
v 6.013 10.404 2.231
v 7.978 6.144 -0.415
v 8.314 6.383 -0.239
v 9.021 4.92 -1.803
v 7.888 5.228 -1.301
v 10.011 5.922 -0.99
v 8.736 6.521 -0.177
v 9.033 2.345 3.862
v 9.455 2.484 3.924
v 8.697 2.106 3.686
v 8.498 1.803 3.422
v 8.466 1.481 3.111
v 8.607 1.19 2.8
v 8.898 0.974 2.536
v 9.296 0.866 2.36
v 9.74 0.882 2.298
v 10.163 1.021 2.36
v 10.499 1.26 2.536
v 10.698 1.563 2.8
v 10.73 1.885 3.111
v 10.589 2.175 3.422
v 10.297 2.391 3.686
v 9.899 2.499 3.862
v 8.616 2.835 4.418
v 9.35 3.075 4.525
v 8.03 2.419 4.111
v 7.684 1.891 3.652
v 7.567 1.68 3.465
v 7.567 1.68 3.465
v 7.691 0.984 2.758
v 7.691 0.984 2.758
v 7.629 1.332 3.111
v 8.381 0.451 2.111
v 7.873 0.826 2.57
v 9.074 0.262 1.804
v 9.846 0.291 1.697
v 10.58 0.531 1.804
v 11.165 0.947 2.111
v 11.512 1.474 2.57
v 11.567 2.034 3.111
v 11.322 2.54 3.652
v 10.815 2.915 4.111
v 10.122 3.104 4.418
v 7.136 4.097 1.306
v 7.019 4.758 -1.081
v 7.115 4.219 -0.529
v 7.286 3.257 0.449
v 5.959 10.71 -0.72
v 6.031 10.306 -1.331
v 5.933 10.852 0.003
v 5.959 10.709 0.726
v 6.031 10.306 1.337
v 6.138 9.704 1.747
v 6.265 8.993 1.891
v 6.391 8.281 1.747
v 6.498 7.679 1.337
v 6.57 7.276 0.725
v 6.596 7.134 0.003
v 6.57 7.276 -0.72
v 6.499 7.678 -1.332
v 6.391 8.281 -1.741
v 6.265 8.993 -1.885
v 6.138 9.704 -1.741
v 5.046 10.131 -1.331
v 5.153 9.529 -1.741
v 5.28 8.817 -1.885
v 5.407 8.106 -1.741
v 5.514 7.503 -1.332
v 5.586 7.101 -0.72
v 5.611 6.959 0.003
v 5.586 7.101 0.725
v 5.407 8.106 1.747
v 5.28 8.817 1.891
v 5.153 9.529 1.747
v 5.046 10.131 1.337
v 4.974 10.534 0.726
v 4.949 10.676 0.003
v 4.974 10.534 -0.72
v 2.929 9.473 1.061
v 2.872 9.793 0.575
v 5.027 10.238 1.446
v 4.949 10.674 0.784
v 2.852 9.905 0.003
v 4.922 10.827 0.002
v 2.872 9.792 -0.57
v 4.949 10.674 -0.779
v 2.929 9.473 -1.055
v 5.027 10.239 -1.441
v 3.014 8.995 -1.38
v 5.143 9.587 -1.883
v 3.114 8.432 -1.493
v 5.28 8.817 -2.039
v 3.214 7.869 -1.38
v 5.417 8.048 -1.883
v 3.3 7.39 -1.055
v 5.533 7.396 -1.441
v 3.356 7.071 -0.569
v 5.611 6.961 -0.779
v 3.376 6.959 0.003
v 5.638 6.807 0.003
v 3.356 7.071 0.575
v 5.611 6.961 0.784
v 3.175 8.087 0.848
v 3.175 8.087 0.848
v 3.262 7.6 0.353
v 3.262 7.6 0.353
v 3.215 7.868 1.385
v 3.114 8.432 1.499
v 5.417 8.048 1.889
v 5.28 8.817 2.044
v 3.014 8.995 1.385
v 5.143 9.587 1.889
v 5.561 7.239 1.206
v 5.561 7.239 1.206
v 5.542 7.346 1.097
v 5.542 7.346 1.097
v 5.491 7.633 1.607
v 5.491 7.633 1.607
v 5.472 7.74 1.498
v 5.472 7.74 1.498
v 5.668 7.531 1.337
v 5.621 7.638 1.414
v 5.286 8.439 0.833
v 5.15 8.439 0.848
v 3.334 7.195 0.764
v 3.334 7.195 0.764
v 5.237 7.952 0.353
v 5.367 7.989 0.375
v 5.47 8.051 0.44
v 5.534 8.129 0.536
v 5.409 8.397 0.791
v 3.864 7.073 0.977
v 4.427 7.047 1.102
v 4.997 7.111 1.138
v 5.376 7.17 1.146
v 5.506 7.206 1.171
v 5.591 7.375 1.127
v 5.654 7.451 1.224
v 5.529 7.72 1.478
v 5.426 7.656 1.628
v 5.289 7.658 1.641
v 4.91 7.598 1.633
v 4.34 7.534 1.597
v 3.777 7.561 1.471
v 3.247 7.683 1.259
v 3.247 7.683 1.259
v 7.28 3.29 1.932
v 7.413 2.544 1.174
usemtl MB_308
s off
f 8299 8298 8399
f 8298 8400 8399
f 8799 8815 8327
f 8815 8328 8327
f 8296 8401 8298
f 8401 8400 8298
f 8319 8805 8294
f 8805 8794 8294
f 8389 8402 8396
f 8402 8399 8396
f 8318 8825 8319
f 8825 8805 8319
f 8359 8358 8786
f 8358 8787 8786
f 8356 8824 8357
f 8824 8804 8357
f 8338 8343 8337
f 8343 8342 8337
f 8355 8354 8759
f 8354 8760 8759
f 8785 8352 8786
f 8352 8359 8786
f 8341 8344 8343
f 8344 8342 8343
f 8775 8367 8795
f 8771 8367 8772
f 8772 8367 8774
f 8779 8367 8382
f 8773 8367 8771
f 8382 8367 8381
f 8817 8765 8810
f 8765 8766 8810
f 8821 8763 8816
f 8763 8764 8816
f 8811 8767 8791
f 8767 8768 8791
f 8907 8901 8909
f 8901 8902 8909
f 8894 8895 8923
f 8895 8925 8923
f 8380 8367 8379
f 8379 8367 8378
f 8774 8367 8775
f 8777 8367 8776
f 8377 8367 8778
f 8776 8367 8773
f 8779 8795 8367
f 8378 8367 8377
f 8381 8367 8380
f 8778 8367 8777
f 8900 8906 8899
f 8906 8937 8899
f 8605 8962 8620
f 8798 8373 8803
f 8373 8372 8803
f 8810 8766 8811
f 8766 8767 8811
f 8899 8937 8898
f 8937 8935 8898
f 8898 8935 8897
f 8935 8934 8897
f 8803 8372 8801
f 8372 8371 8801
f 8604 8946 8963
f 8915 8890 8917
f 8890 8891 8917
f 8683 8293 8932
f 8293 8928 8932
f 8919 8892 8921
f 8892 8893 8921
f 8906 8900 8907
f 8900 8901 8907
f 8816 8764 8817
f 8764 8765 8817
f 8909 8902 8911
f 8902 8903 8911
f 8792 8376 8796
f 8376 8375 8796
f 8917 8891 8919
f 8891 8892 8919
f 8797 8374 8798
f 8374 8373 8798
f 8913 8889 8915
f 8889 8890 8915
f 8281 8671 8930
f 8671 8926 8930
f 8791 8768 8792
f 8768 8376 8792
f 8796 8375 8797
f 8375 8374 8797
f 8893 8894 8921
f 8894 8923 8921
f 8911 8903 8913
f 8903 8889 8913
f 8801 8371 8802
f 8371 8370 8802
f 8962 8605 8963
f 8895 8896 8925
f 8896 8927 8925
f 8436 8392 8434
f 8392 8397 8434
f 8780 8781 8323
f 8781 8325 8323
f 8390 8389 8500
f 8389 8392 8500
f 8397 8392 8396
f 8392 8389 8396
f 8350 8351 8336
f 8351 8347 8336
f 8432 8425 8426
f 8425 8430 8426
f 8393 8440 8394
f 8440 8395 8394
f 8440 8438 8395
f 8438 8439 8395
f 8393 8394 8401
f 8394 8400 8401
f 8462 8794 8459
f 8391 8384 8402
f 8384 8302 8402
f 8351 8349 8347
f 8349 8346 8347
f 8315 8321 8304
f 8321 8322 8304
f 8475 8479 8472
f 8479 8474 8472
f 8492 8485 8430
f 8485 8431 8430
f 8385 8746 8384
f 8746 8745 8384
f 8354 8353 8760
f 8353 8784 8760
f 8759 8780 8355
f 8780 8323 8355
f 8353 8352 8784
f 8352 8785 8784
f 8325 8781 8326
f 8781 8800 8326
f 8327 8328 8331
f 8328 8332 8331
f 8332 8328 8333
f 8328 8317 8333
f 8327 8326 8799
f 8326 8800 8799
f 8357 8360 8356
f 8360 8335 8356
f 8484 8429 8485
f 8429 8431 8485
f 8583 8441 8868
f 8441 8503 8868
f 8441 8435 8434
f 8435 8436 8434
f 8444 8450 8443
f 8450 8449 8443
f 8456 8442 8460
f 8442 8463 8460
f 8857 8507 8855
f 8507 8973 8855
f 8457 8447 8460
f 8447 8456 8460
f 8793 8458 8794
f 8460 8463 8459
f 8463 8462 8459
f 8452 8449 8451
f 8449 8450 8451
f 8789 8451 8788
f 8451 8447 8788
f 8453 8452 8822
f 8452 8823 8822
f 8512 8453 8869
f 8453 8822 8869
f 8479 8824 8470
f 8423 8424 8470
f 8424 8473 8470
f 8467 8483 8466
f 8483 8465 8466
f 8468 8464 8483
f 8464 8465 8483
f 8466 8465 8471
f 8465 8480 8471
f 8479 8475 8824
f 8388 8467 8424
f 8467 8473 8424
f 8464 8469 8465
f 8469 8480 8465
f 8473 8467 8474
f 8467 8466 8474
f 8471 8783 8472
f 8783 8761 8472
f 8497 8493 8486
f 8493 8488 8486
f 8425 8491 8430
f 8491 8492 8430
f 8391 8402 8390
f 8402 8389 8390
f 8524 8488 8523
f 8488 8493 8523
f 8443 8398 8444
f 8398 8403 8444
f 8513 8505 8511
f 8505 8504 8511
f 8849 8504 8851
f 8504 8505 8851
f 8388 8424 8387
f 8424 8748 8387
f 8443 8449 8510
f 8449 8509 8510
f 8794 8458 8459
f 8453 8509 8452
f 8509 8449 8452
f 8450 8444 8456
f 8444 8442 8456
f 8456 8447 8450
f 8447 8451 8450
f 8474 8479 8473
f 8479 8470 8473
f 8474 8466 8472
f 8466 8471 8472
f 8426 8428 8386
f 8428 8387 8386
f 8391 8432 8384
f 8432 8385 8384
f 8307 8314 8305
f 8314 8316 8305
f 8316 8314 8315
f 8314 8321 8315
f 8494 8493 8496
f 8493 8497 8496
f 8844 8812 8843
f 8812 8813 8843
f 8837 8806 8836
f 8806 8807 8836
f 8845 8831 8844
f 8831 8812 8844
f 8838 8830 8837
f 8830 8806 8837
f 8836 8807 8835
f 8807 8827 8835
f 8834 8832 8848
f 8832 8808 8848
f 8847 8809 8846
f 8809 8820 8846
f 8835 8827 8833
f 8827 8828 8833
f 8842 8814 8841
f 8814 8829 8841
f 8843 8813 8842
f 8813 8814 8842
f 8840 8818 8839
f 8818 8819 8839
f 8839 8819 8838
f 8819 8830 8838
f 8848 8808 8847
f 8808 8809 8847
f 8841 8829 8840
f 8829 8818 8840
f 8833 8828 8834
f 8828 8832 8834
f 8846 8820 8845
f 8820 8831 8845
f 8826 8825 8317
f 8825 8318 8317
f 8815 8826 8328
f 8826 8317 8328
f 8787 8358 8804
f 8358 8357 8804
f 8544 8536 8545
f 8541 8536 8542
f 8538 8536 8539
f 8549 8536 8550
f 8539 8536 8540
f 8542 8536 8543
f 8547 8536 8548
f 8551 8536 8552
f 8543 8536 8544
f 8537 8536 8538
f 8545 8536 8546
f 8550 8536 8551
f 8540 8536 8541
f 8548 8536 8549
f 8546 8536 8547
f 8552 8536 8537
f 8298 8299 8743
f 8299 8741 8743
f 8459 8458 8460
f 8458 8457 8460
f 8794 8462 8406
f 8463 8407 8462
f 8407 8406 8462
f 8561 8861 8562
f 8861 8578 8562
f 8559 8575 8560
f 8575 8860 8560
f 8553 8850 8554
f 8850 8570 8554
f 8564 8864 8565
f 8864 8865 8565
f 8864 8564 8863
f 8564 8563 8863
f 8584 8850 8568
f 8850 8553 8568
f 8557 8573 8737
f 8556 8852 8557
f 8852 8853 8557
f 8859 8585 8858
f 8585 8586 8858
f 8582 8566 8865
f 8566 8565 8865
f 8852 8556 8571
f 8556 8555 8571
f 8867 8567 8582
f 8567 8566 8582
f 8584 8568 8867
f 8568 8567 8867
f 8860 8861 8560
f 8861 8561 8560
f 8863 8563 8578
f 8563 8562 8578
f 8571 8555 8570
f 8555 8554 8570
f 8559 8558 8575
f 8558 8574 8575
f 8858 8586 8576
f 8586 8587 8576
f 8457 8790 8447
f 8790 8788 8447
f 8793 8790 8458
f 8790 8457 8458
f 8572 8506 8736
f 8506 8735 8736
f 8433 8398 8510
f 8398 8443 8510
f 8851 8505 8572
f 8505 8506 8572
f 8451 8789 8452
f 8789 8823 8452
f 8510 8511 8433
f 8511 8437 8433
f 8511 8504 8437
f 8504 8502 8437
f 8512 8506 8513
f 8506 8505 8513
f 8506 8512 8735
f 8512 8869 8735
f 8453 8512 8509
f 8512 8513 8509
f 8509 8513 8510
f 8513 8511 8510
f 8436 8435 8526
f 8435 8501 8526
f 8581 8501 8866
f 8501 8435 8866
f 8866 8435 8583
f 8435 8441 8583
f 8400 8394 8399
f 8394 8396 8399
f 8394 8395 8396
f 8395 8397 8396
f 8302 8299 8402
f 8299 8399 8402
f 8434 8397 8439
f 8397 8395 8439
f 8439 8503 8434
f 8503 8441 8434
f 8296 8295 8401
f 8295 8403 8401
f 8433 8440 8398
f 8440 8393 8398
f 8437 8438 8433
f 8438 8440 8433
f 8398 8393 8403
f 8393 8401 8403
f 8403 8295 8444
f 8295 8442 8444
f 8463 8442 8407
f 8442 8295 8407
f 8503 8439 8438
f 8437 8502 8438
f 8502 8503 8438
f 8385 8432 8386
f 8432 8426 8386
f 8311 8308 8310
f 8308 8309 8310
f 8301 8304 8300
f 8304 8322 8300
f 8312 8309 8330
f 8309 8329 8330
f 8362 8341 8361
f 8341 8343 8361
f 8299 8302 8741
f 8302 8744 8741
f 8569 8502 8849
f 8502 8504 8849
f 8868 8503 8569
f 8503 8502 8569
f 8464 8468 8522
f 8522 8468 8484
f 8468 8429 8484
f 8577 8532 8862
f 8532 8533 8862
f 8532 8531 8533
f 8531 8525 8533
f 8524 8523 8531
f 8523 8525 8531
f 8526 8500 8436
f 8500 8392 8436
f 8576 8587 8577
f 8587 8532 8577
f 8311 8350 8308
f 8350 8336 8308
f 8497 8486 8495
f 8486 8487 8495
f 8349 8348 8346
f 8348 8345 8346
f 8535 8533 8528
f 8533 8525 8528
f 8313 8303 8312
f 8303 8306 8312
f 8527 8529 8526
f 8529 8500 8526
f 8523 8530 8525
f 8530 8528 8525
f 8490 8489 8496
f 8489 8494 8496
f 8498 8499 8491
f 8499 8492 8491
f 8490 8496 8498
f 8496 8499 8498
f 8499 8495 8492
f 8495 8485 8492
f 8494 8489 8530
f 8489 8529 8530
f 8496 8497 8499
f 8497 8495 8499
f 8493 8494 8523
f 8494 8530 8523
f 8313 8307 8303
f 8307 8305 8303
f 8534 8535 8527
f 8535 8528 8527
f 8530 8529 8528
f 8529 8527 8528
f 8306 8310 8312
f 8310 8309 8312
f 8345 8348 8341
f 8348 8344 8341
f 8580 8534 8581
f 8534 8501 8581
f 8527 8526 8534
f 8526 8501 8534
f 8862 8533 8579
f 8533 8535 8579
f 8579 8535 8580
f 8535 8534 8580
f 8485 8495 8484
f 8495 8487 8484
f 8824 8423 8470
f 8762 8824 8475
f 8339 8338 8340
f 8338 8337 8340
f 8339 8752 8335
f 8752 8750 8335
f 8333 8334 8314
f 8334 8321 8314
f 8352 8366 8359
f 8366 8362 8359
f 8365 8366 8353
f 8366 8352 8353
f 8324 8323 8329
f 8323 8325 8329
f 8363 8364 8355
f 8364 8354 8355
f 8334 8318 8320
f 8318 8319 8320
f 8333 8314 8332
f 8314 8307 8332
f 8297 8300 8320
f 8300 8322 8320
f 8320 8322 8334
f 8322 8321 8334
f 8325 8326 8329
f 8326 8330 8329
f 8324 8363 8323
f 8363 8355 8323
f 8324 8308 8363
f 8308 8336 8363
f 8309 8308 8329
f 8308 8324 8329
f 8331 8332 8313
f 8332 8307 8313
f 8347 8346 8364
f 8346 8365 8364
f 8336 8347 8363
f 8347 8364 8363
f 8361 8360 8358
f 8360 8357 8358
f 8359 8362 8358
f 8362 8361 8358
f 8345 8341 8366
f 8341 8362 8366
f 8317 8318 8333
f 8318 8334 8333
f 8360 8338 8335
f 8338 8339 8335
f 8361 8343 8360
f 8343 8338 8360
f 8346 8345 8365
f 8345 8366 8365
f 8313 8312 8331
f 8312 8330 8331
f 8364 8365 8354
f 8365 8353 8354
f 8330 8326 8331
f 8326 8327 8331
f 8297 8320 8294
f 8320 8319 8294
f 8298 8743 8296
f 8743 8742 8296
f 8295 8296 8407
f 8296 8742 8407
f 8426 8430 8428
f 8430 8431 8428
f 8407 8742 8406
f 8742 8756 8406
f 8387 8428 8388
f 8428 8427 8388
f 8429 8427 8431
f 8427 8428 8431
f 8335 8750 8356
f 8750 8754 8356
f 8469 8870 8480
f 8870 8782 8480
f 8592 8590 8520
f 8590 8518 8520
f 8515 8517 8469
f 8517 8514 8469
f 8488 8520 8486
f 8520 8519 8486
f 8467 8388 8483
f 8388 8427 8483
f 8762 8475 8761
f 8475 8472 8761
f 8480 8782 8471
f 8782 8783 8471
f 8947 8946 8604
f 8515 8469 8464
f 8427 8429 8483
f 8429 8468 8483
f 8594 8872 8589
f 8872 8871 8589
f 8590 8589 8518
f 8589 8516 8518
f 8486 8519 8487
f 8519 8521 8487
f 8484 8487 8522
f 8487 8521 8522
f 8519 8517 8521
f 8517 8515 8521
f 8585 8738 8594
f 8738 8872 8594
f 8521 8515 8522
f 8515 8464 8522
f 8589 8871 8516
f 8871 8870 8516
f 8586 8585 8593
f 8585 8594 8593
f 8593 8594 8590
f 8594 8589 8590
f 8519 8520 8517
f 8520 8518 8517
f 8517 8518 8514
f 8518 8516 8514
f 8595 8593 8592
f 8593 8590 8592
f 8592 8520 8524
f 8520 8488 8524
f 8587 8586 8595
f 8586 8593 8595
f 8587 8595 8532
f 8595 8531 8532
f 8531 8595 8524
f 8595 8592 8524
f 8481 8588 8454
f 8588 8740 8454
f 8606 8482 8448
f 8482 8455 8448
f 8877 8878 8421
f 8878 8422 8421
f 8418 8876 8420
f 8876 8877 8420
f 8454 8455 8481
f 8455 8482 8481
f 8606 8884 8482
f 8884 8476 8482
f 8887 8886 8625
f 8886 8624 8625
f 8883 8605 8621
f 8605 8620 8621
f 8417 8598 8418
f 8598 8876 8418
f 8611 8410 8409
f 8875 8597 8614
f 8597 8613 8614
f 8885 8607 8623
f 8607 8622 8623
f 8448 8446 8606
f 8446 8882 8606
f 8599 8875 8615
f 8875 8614 8615
f 8611 8874 8410
f 8874 8411 8410
f 8405 8404 8879
f 8404 8878 8879
f 8596 8888 8612
f 8888 8626 8612
f 8446 8445 8882
f 8445 8881 8882
f 8874 8873 8413
f 8873 8412 8413
f 8601 8600 8617
f 8600 8616 8617
f 8413 8411 8874
f 8880 8602 8619
f 8602 8618 8619
f 8445 8461 8881
f 8461 8603 8881
f 8461 8405 8603
f 8405 8879 8603
f 8955 8383 8954
f 8607 8883 8622
f 8883 8621 8622
f 8415 8412 8873
f 8609 8610 8478
f 8610 8408 8478
f 8888 8887 8626
f 8887 8625 8626
f 8414 8873 8416
f 8873 8598 8416
f 8886 8885 8624
f 8885 8623 8624
f 8588 8591 8740
f 8591 8739 8740
f 8878 8404 8422
f 8608 8609 8477
f 8609 8478 8477
f 8877 8421 8419
f 8476 8884 8477
f 8884 8608 8477
f 8602 8601 8618
f 8601 8617 8618
f 8417 8416 8598
f 8414 8415 8873
f 8597 8596 8613
f 8596 8612 8613
f 8610 8611 8408
f 8611 8409 8408
f 8420 8877 8419
f 8600 8599 8616
f 8599 8615 8616
f 8390 8490 8498
f 8390 8500 8489
f 8500 8529 8489
f 8498 8491 8390
f 8491 8425 8390
f 8390 8489 8490
f 8425 8432 8390
f 8432 8391 8390
f 8627 8311 8310
f 8627 8351 8350
f 8349 8351 8627
f 8349 8627 8348
f 8348 8627 8344
f 8344 8627 8342
f 8342 8627 8337
f 8337 8627 8340
f 8627 8310 8306
f 8301 8627 8304
f 8627 8306 8303
f 8304 8627 8315
f 8627 8303 8305
f 8315 8627 8316
f 8316 8627 8305
f 8627 8350 8311
f 8904 8630 8905
f 8630 8634 8905
f 8688 8629 8689
f 8629 8633 8689
f 8629 8628 8633
f 8628 8632 8633
f 8905 8634 8908
f 8634 8638 8908
f 8689 8633 8690
f 8633 8637 8690
f 8633 8632 8637
f 8632 8636 8637
f 8908 8638 8910
f 8638 8642 8910
f 8690 8637 8691
f 8637 8641 8691
f 8637 8636 8641
f 8636 8640 8641
f 8910 8642 8912
f 8642 8646 8912
f 8691 8641 8692
f 8641 8645 8692
f 8641 8640 8645
f 8640 8644 8645
f 8912 8646 8914
f 8646 8650 8914
f 8692 8645 8693
f 8645 8649 8693
f 8645 8644 8649
f 8644 8648 8649
f 8914 8650 8916
f 8650 8654 8916
f 8693 8649 8694
f 8649 8653 8694
f 8649 8648 8653
f 8648 8652 8653
f 8916 8654 8918
f 8654 8658 8918
f 8694 8653 8695
f 8653 8657 8695
f 8653 8652 8657
f 8652 8656 8657
f 8918 8658 8920
f 8658 8662 8920
f 8695 8657 8696
f 8657 8661 8696
f 8657 8656 8661
f 8656 8660 8661
f 8920 8662 8922
f 8662 8666 8922
f 8696 8661 8697
f 8661 8665 8697
f 8661 8660 8665
f 8660 8664 8665
f 8922 8666 8924
f 8666 8670 8924
f 8697 8665 8698
f 8665 8669 8698
f 8665 8664 8669
f 8664 8668 8669
f 8924 8670 8675
f 8670 8674 8675
f 8698 8669 8699
f 8669 8673 8699
f 8669 8668 8673
f 8668 8672 8673
f 8763 8821 8952
f 8821 8931 8952
f 8763 8952 8383
f 8605 8604 8963
f 8802 8370 8929
f 8370 8949 8929
f 8880 8619 8964
f 8964 8947 8880
f 8679 8678 8933
f 8678 8682 8933
f 8700 8677 8701
f 8677 8681 8701
f 8677 8676 8681
f 8676 8680 8681
f 8933 8682 8936
f 8682 8686 8936
f 8701 8681 8702
f 8681 8685 8702
f 8681 8680 8685
f 8680 8684 8685
f 8936 8686 8904
f 8686 8630 8904
f 8702 8685 8688
f 8685 8629 8688
f 8685 8684 8629
f 8684 8628 8629
f 8659 8663 8284
f 8663 8283 8284
f 8291 8631 8290
f 8631 8635 8290
f 8285 8286 8655
f 8286 8651 8655
f 8283 8663 8282
f 8663 8667 8282
f 8671 8281 8667
f 8281 8282 8667
f 8687 8631 8292
f 8631 8291 8292
f 8619 8944 8964
f 8647 8287 8643
f 8287 8288 8643
f 8962 8940 8620
f 8643 8288 8639
f 8288 8289 8639
f 8687 8292 8683
f 8292 8293 8683
f 8639 8289 8635
f 8289 8290 8635
f 8880 8947 8604
f 8655 8659 8285
f 8659 8284 8285
f 8647 8651 8287
f 8651 8286 8287
f 8686 8702 8630
f 8702 8688 8630
f 8682 8701 8686
f 8701 8702 8686
f 8678 8700 8682
f 8700 8701 8682
f 8896 8941 8927
f 8941 8938 8927
f 8934 8942 8897
f 8942 8945 8897
f 8670 8698 8674
f 8698 8699 8674
f 8666 8697 8670
f 8697 8698 8670
f 8662 8696 8666
f 8696 8697 8666
f 8658 8695 8662
f 8695 8696 8662
f 8654 8694 8658
f 8694 8695 8658
f 8650 8693 8654
f 8693 8694 8654
f 8646 8692 8650
f 8692 8693 8650
f 8642 8691 8646
f 8691 8692 8646
f 8638 8690 8642
f 8690 8691 8642
f 8634 8689 8638
f 8689 8690 8638
f 8630 8688 8634
f 8688 8689 8634
f 8926 8950 8930
f 8932 8928 8971
f 8948 8949 8369
f 8954 8383 8953
f 8956 8369 8770
f 8369 8949 8370
f 8770 8369 8769
f 8369 8368 8769
f 8369 8956 8948
f 8953 8383 8952
f 8383 8955 8368
f 8955 8769 8368
f 8674 8957 8675
f 8957 8951 8675
f 8699 8958 8674
f 8958 8957 8674
f 8673 8959 8699
f 8959 8958 8699
f 8672 8960 8673
f 8960 8959 8673
f 8960 8672 8961
f 8672 8939 8961
f 8943 8676 8965
f 8965 8676 8966
f 8677 8967 8676
f 8967 8966 8676
f 8700 8968 8677
f 8968 8967 8677
f 8678 8969 8700
f 8969 8968 8700
f 8679 8970 8678
f 8970 8969 8678
f 8708 8707 8724
f 8707 8723 8724
f 8709 8708 8725
f 8708 8724 8725
f 8707 8706 8723
f 8706 8722 8723
f 8710 8709 8726
f 8709 8725 8726
f 8712 8711 8730
f 8711 8729 8730
f 8705 8704 8719
f 8704 8718 8719
f 8720 8721 8719
f 8719 8721 8705
f 8706 8705 8722
f 8705 8721 8722
f 8711 8710 8727
f 8710 8726 8727
f 8728 8729 8727
f 8729 8711 8727
f 8712 8730 8731
f 8712 8732 8713
f 8732 8733 8713
f 8714 8715 8703
f 8715 8704 8703
f 8732 8712 8731
f 8733 8734 8713
f 8704 8715 8716
f 8718 8704 8717
f 8704 8716 8717
f 8406 8756 8794
f 8756 8294 8794
f 8754 8423 8356
f 8423 8824 8356
f 8739 8591 8507
f 8591 8973 8507
f 8854 8972 8857
f 8972 8507 8857
f 8856 8738 8859
f 8738 8585 8859
f 8508 8739 8972
f 8739 8507 8972
f 8740 8739 8454
f 8739 8508 8454
f 8870 8469 8516
f 8469 8514 8516
f 8742 8743 8756
f 8743 8758 8756
f 8743 8741 8758
f 8741 8755 8758
f 8747 8746 8386
f 8746 8385 8386
f 8745 8744 8384
f 8744 8302 8384
f 8744 8749 8751
f 8755 8741 8744
f 8751 8757 8755
f 8744 8751 8755
f 8748 8747 8387
f 8747 8386 8387
f 8745 8746 8753
f 8746 8752 8753
f 8745 8753 8749
f 8750 8752 8747
f 8752 8746 8747
f 8749 8744 8745
f 8754 8750 8748
f 8750 8747 8748
f 8748 8424 8754
f 8424 8423 8754
f 8753 8752 8340
f 8752 8339 8340
f 8757 8751 8749
f 8749 8627 8301
f 8749 8301 8757
f 8749 8753 8627
f 8753 8340 8627
f 8756 8758 8294
f 8758 8297 8294
f 8755 8757 8300
f 8757 8301 8300
f 8758 8755 8297
f 8755 8300 8297
f 8737 8574 8557
f 8574 8558 8557
f 8557 8853 8573
o Part.12
v 10.552 3.172 1.831
v 10.532 3.117 1.881
v 10.514 3.216 1.781
v 10.405 3.475 2.156
v 10.389 3.413 2.198
v 10.371 3.512 2.098
v 10.101 3.7 2.431
v 10.092 3.633 2.467
v 10.074 3.731 2.367
v 9.685 3.813 2.615
v 9.686 3.743 2.646
v 9.669 3.841 2.546
v 9.959 2.271 1.046
v 9.954 2.238 1.115
v 9.936 2.337 1.015
v 10.311 2.52 1.23
v 10.297 2.482 1.295
v 10.279 2.58 1.195
v 10.519 2.836 1.505
v 10.5 2.79 1.563
v 10.482 2.889 1.464
v 10.138 1.051 2.406
v 10.46 1.28 2.576
v 10.65 1.57 2.829
v 10.681 1.877 3.126
v 10.546 2.155 3.424
v 10.267 2.361 3.677
v 9.886 2.465 3.846
v 9.214 5.232 -1.261
v 9.4 5.365 -1.164
v 9.511 5.532 -1.017
v 9.527 5.711 -0.845
v 9.45 5.872 -0.672
v 9.289 5.991 -0.526
v 9.068 6.051 -0.428
v 9.799 4.993 -1.191
v 9.477 4.764 -1.36
v 9.225 6.178 0.079
v 9.606 6.074 -0.089
v 9.885 5.868 -0.342
v 10.019 5.59 -0.641
v 9.989 5.283 -0.938
v 10.22 2.627 1.207
v 9.646 3.812 2.477
v 10.306 3.503 2.056
v 10.41 2.917 1.46
v 9.898 2.398 1.038
v 10.027 3.708 2.308
v 10.441 3.224 1.757
v 10.245 2.487 1.349
v 9.671 3.671 2.62
v 10.331 3.362 2.198
v 10.435 2.776 1.602
v 9.923 2.258 1.181
v 10.052 3.568 2.451
v 10.466 3.084 1.9
v 10.431 -0.633 3.217
v 10.835 -0.702 3.297
v 11.2 -0.861 3.424
v 11.501 -1.098 3.589
v 11.716 -1.4 3.781
v 11.833 -1.743 3.988
v 11.836 -2.072 4.254
v 11.881 -2.327 4.578
v 10.528 0.15 2.783
v 11.16 0.042 2.907
v 11.73 -0.206 3.106
v 12.2 -0.578 3.364
v 12.537 -1.048 3.665
v 12.719 -1.586 3.988
v 12.721 -2.082 4.435
v 11.911 -2.494 6.373
v 12.279 -0.308 8.297
v 12.349 0.01 8.124
v 12.334 0.576 7.801
v 12.152 1.114 7.478
v 11.815 1.584 7.177
v 11.345 1.956 6.918
v 10.775 2.204 6.72
v 10.143 2.312 6.595
v 11.516 -0.273 8.2
v 11.457 0.056 8.007
v 11.448 0.419 7.801
v 11.331 0.762 7.594
v 11.116 1.064 7.401
v 10.815 1.301 7.236
v 10.45 1.46 7.11
v 10.046 1.529 7.03
v 12.124 -0.649 8.475
v 11.929 -2.594 5.209
v 11.599 -0.743 8.475
v 12.086 -2.584 6.087
v 11.932 -2.611 6.087
v 10.275 0.89 2.224
v 10.679 1.178 2.436
v 10.918 1.54 2.753
v 10.956 1.926 3.126
v 10.788 2.275 3.5
v 10.438 2.535 3.817
v 10.968 1.118 4.804
v 10.499 2.231 4.126
v 10.24 2.585 3.899
v 10.337 1.225 4.68
v 10.407 0.205 2.886
v 10.852 0.323 3.271
v 11.136 0.501 3.787
v 11.209 0.734 4.337
v 11.045 1.051 4.765
v 12.634 -2.297 4.792
v 12.455 -2.501 5.209
v 11.981 -2.482 6.373
v 11.713 -1.381 8.337
v 11.636 -0.946 8.554
v 11.693 -1.269 8.466
v 11.666 -1.116 8.543
v 11.784 -1.368 8.337
v 11.857 -1.082 8.543
v 11.795 -1.251 8.466
v 11.94 -2.655 5.604
v 12.28 -2.595 5.604
v 11.939 -2.65 5.816
v 12.186 -2.606 5.816
v 11.959 -0.889 8.554
v 9.341 5.083 -1.431
v 9.453 4.862 -1.439
v 9.412 4.967 -1.475
v 9.603 5.27 -1.293
v 9.77 5.088 -1.273
v 9.712 5.18 -1.318
v 9.758 5.506 -1.088
v 9.957 5.373 -1.024
v 9.891 5.451 -1.082
v 9.782 5.757 -0.845
v 9.988 5.676 -0.731
v 9.919 5.738 -0.803
v 9.673 5.982 -0.602
v 9.855 5.95 -0.437
v 9.793 5.998 -0.526
v 9.446 6.151 -0.396
v 9.58 6.153 -0.187
v 9.533 6.19 -0.29
v 9.136 6.235 -0.259
v 9.205 6.255 -0.021
v 9.177 6.287 -0.132
v 8.189 2.751 1.831
v 8.226 2.706 1.881
v 8.209 2.806 1.781
v 8.222 3.086 2.156
v 8.258 3.034 2.198
v 8.241 3.132 2.098
v 8.429 3.402 2.431
v 8.461 3.343 2.467
v 8.444 3.441 2.367
v 8.781 3.652 2.615
v 8.804 3.586 2.646
v 8.786 3.684 2.546
v 9.056 2.11 1.046
v 9.072 2.081 1.115
v 9.054 2.18 1.015
v 8.639 2.222 1.23
v 8.666 2.191 1.295
v 8.649 2.29 1.195
v 8.335 2.448 1.505
v 8.369 2.41 1.563
v 8.352 2.509 1.464
v 9.309 0.904 2.406
v 8.928 1.007 2.576
v 8.65 1.214 2.829
v 8.515 1.491 3.126
v 8.545 1.799 3.424
v 8.735 2.088 3.677
v 9.057 2.317 3.846
v 8.733 5.147 -1.261
v 8.512 5.206 -1.164
v 8.351 5.326 -1.017
v 8.273 5.488 -0.845
v 8.29 5.665 -0.672
v 8.401 5.833 -0.526
v 8.587 5.966 -0.428
v 8.267 4.72 -1.191
v 8.648 4.617 -1.36
v 8.396 6.03 0.079
v 8.074 5.802 -0.089
v 7.884 5.512 -0.342
v 7.853 5.204 -0.641
v 7.988 4.926 -0.938
v 8.688 2.354 1.208
v 8.817 3.665 2.477
v 8.305 3.146 2.056
v 8.41 2.561 1.46
v 9.069 2.251 1.038
v 8.496 3.436 2.308
v 8.275 2.839 1.757
v 8.713 2.214 1.349
v 8.842 3.524 2.62
v 8.33 3.006 2.198
v 8.435 2.42 1.602
v 9.094 2.111 1.181
v 8.521 3.295 2.451
v 8.3 2.698 1.9
v 9.616 -0.778 3.217
v 9.26 -0.983 3.297
v 8.973 -1.257 3.424
v 8.772 -1.584 3.589
v 8.674 -1.942 3.781
v 8.683 -2.304 3.988
v 8.794 -2.614 4.254
v 8.839 -2.869 4.578
v 9.254 -0.077 2.783
v 8.699 -0.396 2.907
v 8.249 -0.826 3.106
v 7.937 -1.337 3.364
v 7.782 -1.895 3.665
v 7.797 -2.462 3.988
v 7.966 -2.929 4.435
v 8.869 -3.036 6.373
v 7.77 -1.111 8.297
v 7.594 -0.837 8.124
v 7.412 -0.3 7.801
v 7.397 0.267 7.478
v 7.552 0.825 7.177
v 7.864 1.336 6.918
v 8.314 1.766 6.72
v 8.869 2.085 6.595
v 8.474 -0.815 8.2
v 8.415 -0.486 8.007
v 8.298 -0.142 7.801
v 8.289 0.22 7.594
v 8.387 0.578 7.402
v 8.588 0.905 7.236
v 8.875 1.179 7.11
v 9.231 1.384 7.03
v 8.032 -1.378 8.475
v 8.887 -3.136 5.209
v 8.557 -1.284 8.475
v 8.736 -3.18 6.087
v 8.89 -3.153 6.087
v 9.236 0.705 2.224
v 8.758 0.835 2.436
v 8.408 1.093 2.753
v 8.239 1.442 3.126
v 8.277 1.828 3.5
v 8.516 2.192 3.817
v 8.507 0.68 4.804
v 8.563 1.887 4.126
v 8.684 2.308 3.899
v 9.063 0.999 4.68
v 9.349 0.017 2.886
v 8.891 -0.026 3.271
v 8.562 0.043 3.787
v 8.413 0.236 4.337
v 8.458 0.59 4.765
v 8.123 -3.1 4.792
v 8.361 -3.23 5.209
v 8.799 -3.049 6.373
v 8.671 -1.923 8.337
v 8.593 -1.488 8.554
v 8.651 -1.811 8.466
v 8.624 -1.658 8.543
v 8.6 -1.935 8.337
v 8.433 -1.692 8.543
v 8.548 -1.829 8.466
v 8.898 -3.197 5.604
v 8.558 -3.258 5.604
v 8.897 -3.192 5.816
v 8.65 -3.236 5.816
v 8.27 -1.546 8.554
v 9.222 3.796 2.68
v 9.234 3.726 2.71
v 9.217 3.825 2.609
v 9.519 2.127 0.982
v 9.524 2.097 1.052
v 9.506 2.197 0.952
v 9.734 0.919 2.348
v 8.822 6.042 -0.394
v 8.979 5.156 -1.296
v 9.073 4.632 -1.419
v 8.8 6.162 0.138
v 8.9 5.6 -0.845
v 9.494 2.267 0.979
v 9.222 3.796 2.537
v 9.519 2.126 1.122
v 9.246 3.656 2.679
v 10.015 -0.659 3.189
v 9.493 2.271 6.553
v 9.63 1.503 7.002
v 9.769 0.725 2.149
v 9.462 2.446 3.899
v 9.687 1.185 4.637
v 9.878 0.109 2.74
v 8.665 4.963 -1.431
v 8.636 4.717 -1.439
v 8.638 4.829 -1.475
v 8.355 5.048 -1.293
v 8.261 4.819 -1.273
v 8.283 4.926 -1.318
v 8.128 5.215 -1.088
v 7.986 5.022 -1.024
v 8.022 5.118 -1.082
v 8.018 5.442 -0.845
v 7.853 5.296 -0.731
v 7.897 5.378 -0.803
v 8.043 5.692 -0.602
v 7.884 5.599 -0.437
v 7.925 5.665 -0.526
v 8.198 5.929 -0.396
v 8.072 5.884 -0.187
v 8.103 5.936 -0.29
v 8.46 6.115 -0.259
v 8.388 6.11 -0.021
v 8.403 6.149 -0.132
v 8.79 6.222 -0.21
v 8.786 6.24 0.036
v 8.78 6.273 -0.076
v 9.055 4.732 -1.498
v 9.011 4.976 -1.479
v 9.035 4.844 -1.53
v 10.138 1.051 2.406
v 9.734 0.919 2.348
v 10.46 1.28 2.576
v 10.65 1.57 2.829
v 10.681 1.877 3.126
v 10.546 2.155 3.424
v 10.267 2.361 3.677
v 9.886 2.465 3.846
v 9.898 2.398 1.038
v 10.22 2.627 1.207
v 10.027 3.708 2.308
v 9.646 3.812 2.477
v 10.441 3.224 1.757
v 10.306 3.503 2.056
v 10.41 2.917 1.46
v 9.494 2.267 0.979
v 9.222 3.796 2.537
v 10.435 2.776 1.602
v 10.466 3.084 1.9
v 10.331 3.362 2.198
v 10.052 3.568 2.451
v 9.671 3.671 2.62
v 9.246 3.656 2.679
v 9.519 2.126 1.122
v 9.923 2.258 1.181
v 10.245 2.487 1.349
v 10.015 -0.659 3.189
v 10.431 -0.633 3.217
v 10.835 -0.702 3.297
v 11.2 -0.861 3.424
v 11.501 -1.098 3.589
v 11.716 -1.4 3.781
v 11.833 -1.743 3.988
v 11.836 -2.072 4.254
v 11.836 -2.072 4.254
v 11.881 -2.327 4.578
v 10.528 0.15 2.783
v 11.16 0.042 2.907
v 11.73 -0.206 3.106
v 12.2 -0.578 3.364
v 12.537 -1.048 3.665
v 12.719 -1.586 3.988
v 12.721 -2.082 4.435
v 12.279 -0.308 8.297
v 12.349 0.01 8.124
v 12.334 0.576 7.801
v 12.152 1.114 7.478
v 11.815 1.584 7.177
v 11.345 1.956 6.918
v 10.775 2.204 6.72
v 10.143 2.312 6.595
v 10.852 0.323 3.271
v 10.407 0.205 2.886
v 9.493 2.271 6.553
v 11.516 -0.273 8.2
v 11.457 0.056 8.007
v 11.457 0.056 8.007
v 11.448 0.419 7.801
v 11.331 0.762 7.594
v 11.116 1.064 7.401
v 10.815 1.301 7.236
v 10.45 1.46 7.11
v 10.046 1.529 7.03
v 9.63 1.503 7.002
v 12.124 -0.649 8.475
v 11.929 -2.594 5.209
v 11.599 -0.743 8.475
v 11.981 -2.482 6.373
v 12.086 -2.584 6.087
v 12.634 -2.297 4.792
v 11.911 -2.494 6.373
v 11.932 -2.611 6.087
v 11.939 -2.65 5.816
v 10.275 0.89 2.224
v 9.769 0.725 2.149
v 10.679 1.178 2.436
v 10.918 1.54 2.753
v 10.956 1.926 3.126
v 10.788 2.275 3.5
v 10.438 2.535 3.817
v 9.462 2.446 3.899
v 9.462 2.446 3.899
v 9.462 2.446 3.899
v 10.24 2.585 3.899
v 10.24 2.585 3.899
v 10.499 2.231 4.126
v 9.687 1.185 4.637
v 10.337 1.225 4.68
v 9.878 0.109 2.74
v 9.878 0.109 2.74
v 9.878 0.109 2.74
v 11.136 0.501 3.787
v 11.209 0.734 4.337
v 11.045 1.051 4.765
v 10.968 1.118 4.804
v 10.968 1.118 4.804
v 12.455 -2.501 5.209
v 12.186 -2.606 5.816
v 11.693 -1.269 8.466
v 11.713 -1.381 8.337
v 11.784 -1.368 8.337
v 11.795 -1.251 8.466
v 11.666 -1.116 8.543
v 11.857 -1.082 8.543
v 11.94 -2.655 5.604
v 12.28 -2.595 5.604
v 11.636 -0.946 8.554
v 11.959 -0.889 8.554
v 9.309 0.904 2.406
v 8.928 1.007 2.576
v 8.65 1.214 2.829
v 8.515 1.491 3.126
v 8.545 1.799 3.424
v 8.735 2.088 3.677
v 9.057 2.317 3.846
v 9.069 2.251 1.038
v 8.688 2.354 1.208
v 8.496 3.436 2.308
v 8.817 3.665 2.477
v 8.275 2.839 1.757
v 8.305 3.146 2.056
v 8.41 2.561 1.46
v 8.435 2.42 1.602
v 8.3 2.698 1.9
v 8.33 3.006 2.198
v 8.521 3.295 2.451
v 8.842 3.524 2.62
v 9.094 2.111 1.181
v 8.713 2.214 1.349
v 9.616 -0.778 3.217
v 9.26 -0.983 3.297
v 8.973 -1.257 3.424
v 8.772 -1.584 3.589
v 8.674 -1.942 3.781
v 8.683 -2.304 3.988
v 8.794 -2.614 4.254
v 8.794 -2.614 4.254
v 8.839 -2.869 4.578
v 9.254 -0.077 2.783
v 8.699 -0.396 2.907
v 8.249 -0.826 3.106
v 7.937 -1.337 3.364
v 7.782 -1.895 3.665
v 7.797 -2.462 3.988
v 7.966 -2.929 4.435
v 7.77 -1.111 8.297
v 7.594 -0.837 8.124
v 7.412 -0.3 7.801
v 7.397 0.267 7.478
v 7.552 0.825 7.177
v 7.864 1.336 6.918
v 8.314 1.766 6.72
v 8.869 2.085 6.595
v 8.891 -0.026 3.271
v 9.349 0.017 2.886
v 8.474 -0.815 8.2
v 8.415 -0.486 8.007
v 8.415 -0.486 8.007
v 8.298 -0.142 7.801
v 8.289 0.22 7.594
v 8.387 0.578 7.402
v 8.588 0.905 7.236
v 8.875 1.179 7.11
v 9.231 1.384 7.03
v 8.032 -1.378 8.475
v 8.887 -3.136 5.209
v 8.557 -1.284 8.475
v 8.799 -3.049 6.373
v 8.736 -3.18 6.087
v 8.123 -3.1 4.792
v 8.869 -3.036 6.373
v 8.89 -3.153 6.087
v 8.897 -3.192 5.816
v 9.236 0.705 2.224
v 8.758 0.835 2.436
v 8.408 1.093 2.753
v 8.239 1.442 3.126
v 8.277 1.828 3.5
v 8.516 2.192 3.817
v 8.684 2.308 3.899
v 8.684 2.308 3.899
v 8.563 1.887 4.126
v 9.063 0.999 4.68
v 8.562 0.043 3.787
v 8.413 0.236 4.337
v 8.458 0.59 4.765
v 8.507 0.68 4.804
v 8.507 0.68 4.804
v 8.361 -3.23 5.209
v 8.65 -3.236 5.816
v 8.651 -1.811 8.466
v 8.671 -1.923 8.337
v 8.6 -1.935 8.337
v 8.548 -1.829 8.466
v 8.624 -1.658 8.543
v 8.433 -1.692 8.543
v 8.898 -3.197 5.604
v 8.558 -3.258 5.604
v 8.593 -1.488 8.554
v 8.27 -1.546 8.554
usemtl MB_283
s off
f 8974 8975 8992
f 8975 8993 8992
f 8993 8975 9308
f 8975 9309 9308
f 9242 8984 9241
f 8984 8983 9241
f 9303 8976 9305
f 8976 8994 9305
f 8976 8974 8994
f 8974 8992 8994
f 8990 8993 9316
f 8993 9308 9316
f 8982 8980 8979
f 8980 8977 8979
f 8985 8983 8982
f 8983 8980 8982
f 8984 8981 8983
f 8981 8980 8983
f 9299 9300 8988
f 9300 8991 8988
f 9303 9304 8976
f 9304 8979 8976
f 8974 8976 8977
f 8976 8979 8977
f 8991 8989 8988
f 8989 8986 8988
f 8981 8978 8980
f 8978 8977 8980
f 8993 8990 8992
f 8990 8989 8992
f 8994 8992 8991
f 8992 8989 8991
f 9305 8994 9300
f 8994 8991 9300
f 9314 9245 9315
f 9245 8987 9315
f 9311 8981 9312
f 8981 8984 9312
f 9299 8988 9306
f 8988 9246 9306
f 9302 9307 8985
f 9307 9243 8985
f 9312 8984 9313
f 8984 9242 9313
f 9243 9241 8985
f 9241 8983 8985
f 9301 9302 8982
f 9302 8985 8982
f 8987 8990 9315
f 8990 9316 9315
f 9309 8975 9310
f 8975 8978 9310
f 8975 8974 8978
f 8974 8977 8978
f 9310 8978 9311
f 8978 8981 9311
f 9304 9301 8979
f 9301 8982 8979
f 8988 8986 9246
f 8986 9244 9246
f 8987 9245 8986
f 9245 9244 8986
f 9010 9250 9098
f 9250 9288 9098
f 9285 9115 9248
f 9115 9008 9248
f 9112 9109 9007
f 9109 9006 9007
f 9106 9103 9005
f 9103 9004 9005
f 9100 9097 9003
f 9097 9002 9003
f 9115 9112 9008
f 9112 9007 9008
f 9109 9106 9006
f 9106 9005 9006
f 9012 9013 9113
f 9013 9110 9113
f 9014 9015 9107
f 9015 9104 9107
f 9103 9100 9004
f 9100 9003 9004
f 9011 9012 9116
f 9012 9113 9116
f 9013 9014 9110
f 9014 9107 9110
f 9015 9009 9104
f 9009 9101 9104
f 9009 9010 9101
f 9010 9098 9101
f 9251 9011 9286
f 9011 9116 9286
f 9022 9019 9014
f 9019 9015 9014
f 9021 9018 9012
f 9018 9013 9012
f 9254 9017 9251
f 9017 9011 9251
f 9020 9253 9010
f 9253 9250 9010
f 9019 9016 9015
f 9016 9009 9015
f 9018 9022 9013
f 9022 9014 9013
f 9017 9021 9011
f 9021 9012 9011
f 9016 9020 9009
f 9020 9010 9009
f 9008 9007 9252
f 9006 9005 9252
f 9004 9003 9252
f 9002 9249 9252
f 9248 9008 9252
f 9007 9006 9252
f 9005 9004 9252
f 9003 9002 9252
f 9295 9294 9029
f 9294 9026 9029
f 9297 9296 9028
f 9296 9025 9028
f 9291 9292 9027
f 9292 9255 9027
f 9294 9293 9026
f 9293 9023 9026
f 9296 9295 9025
f 9295 9029 9025
f 9298 9297 9024
f 9297 9028 9024
f 9293 9291 9023
f 9291 9027 9023
f 9343 9364 9342
f 9364 9366 9342
f 9030 9327 9319
f 9327 9328 9319
f 9319 9328 9320
f 9328 9329 9320
f 9320 9329 9321
f 9329 9330 9321
f 9321 9330 9322
f 9330 9331 9322
f 9322 9331 9323
f 9331 9332 9323
f 9323 9332 9324
f 9332 9333 9324
f 9044 9043 9335
f 9043 9336 9335
f 9043 9042 9336
f 9042 9337 9336
f 9042 9041 9337
f 9041 9338 9337
f 9041 9040 9338
f 9040 9339 9338
f 9040 9039 9383
f 9039 9079 9383
f 9038 9077 9039
f 9077 9078 9039
f 9364 9343 9365
f 9343 9379 9365
f 9076 9386 9376
f 9325 9326 9346
f 9326 9345 9346
f 9035 9036 9348
f 9036 9347 9348
f 9034 9035 9349
f 9035 9348 9349
f 9033 9034 9350
f 9034 9349 9350
f 9032 9033 9351
f 9033 9350 9351
f 9031 9032 9352
f 9032 9351 9352
f 9318 9031 9353
f 9031 9352 9353
f 9317 9318 9354
f 9318 9353 9354
f 9341 9378 9344
f 9378 9262 9344
f 9340 9385 9341
f 9385 9378 9341
f 9340 9339 9385
f 9339 9384 9385
f 9053 9258 9061
f 9258 9259 9061
f 9052 9053 9060
f 9053 9061 9060
f 9051 9052 9059
f 9052 9060 9059
f 9050 9051 9058
f 9051 9059 9058
f 9049 9050 9057
f 9050 9058 9057
f 9048 9049 9056
f 9049 9057 9056
f 9047 9048 9055
f 9048 9056 9055
f 9334 9047 9054
f 9047 9055 9054
f 9326 9356 9345
f 9356 9357 9345
f 9334 9054 9355
f 9054 9064 9355
f 9359 9392 9358
f 9392 9089 9358
f 9361 9362 9084
f 9362 9065 9084
f 9366 9367 9342
f 9367 9382 9342
f 9384 9339 9383
f 9037 9324 9360
f 9324 9333 9360
f 9376 9075 9377
f 9075 9371 9377
f 9368 9080 9367
f 9080 9382 9367
f 8997 9069 8996
f 9069 9068 8996
f 9068 9067 8996
f 9067 8995 8996
f 8998 9070 8997
f 9070 9069 8997
f 9000 9370 8999
f 9370 9369 8999
f 8998 8999 9070
f 8999 9369 9070
f 9247 8995 9260
f 8995 9067 9260
f 9372 9298 9256
f 9298 9024 9256
f 9257 9380 9030
f 9380 9327 9030
f 9375 9074 9072
f 9001 9373 9374
f 9077 9038 9381
f 9000 9001 9370
f 9001 9374 9370
f 9377 9076 9376
f 9339 9040 9383
f 9078 9079 9039
f 9081 9080 9071
f 9080 9368 9071
f 9071 9072 9074
f 9074 9073 9071
f 9073 9081 9071
f 9037 9360 9063
f 9360 9387 9063
f 9363 9388 9362
f 9388 9065 9362
f 9062 9083 9046
f 9083 9082 9046
f 9044 9335 9082
f 9335 9046 9082
f 9096 9396 9062
f 9396 9083 9062
f 9390 9391 9389
f 9391 9091 9389
f 9389 9091 9393
f 9091 9394 9393
f 9361 9084 9390
f 9084 9391 9390
f 9063 9387 9395
f 9387 9093 9395
f 9355 9064 9398
f 9064 9397 9398
f 9356 9092 9357
f 9092 9086 9357
f 9045 9085 9066
f 9085 9087 9066
f 9095 9090 9359
f 9090 9392 9359
f 9066 9087 9094
f 9087 9088 9094
f 9086 9092 9088
f 9092 9094 9088
f 9393 9394 9397
f 9394 9398 9397
f 9395 9093 9363
f 9093 9388 9363
f 9090 9095 9096
f 9095 9396 9096
f 9290 9289 9099
f 9289 9097 9099
f 9098 9099 9101
f 9099 9102 9101
f 9099 9097 9102
f 9097 9100 9102
f 9101 9102 9104
f 9102 9105 9104
f 9102 9100 9105
f 9100 9103 9105
f 9104 9105 9107
f 9105 9108 9107
f 9105 9103 9108
f 9103 9106 9108
f 9107 9108 9110
f 9108 9111 9110
f 9108 9106 9111
f 9106 9109 9111
f 9110 9111 9113
f 9111 9114 9113
f 9111 9109 9114
f 9109 9112 9114
f 9113 9114 9116
f 9114 9117 9116
f 9114 9112 9117
f 9112 9115 9117
f 9116 9117 9286
f 9117 9287 9286
f 9117 9115 9287
f 9115 9285 9287
f 9097 9289 9002
f 9289 9249 9002
f 8990 8987 8989
f 8987 8986 8989
f 9288 9290 9098
f 9290 9099 9098
f 9118 9136 9119
f 9136 9137 9119
f 9137 9413 9119
f 9413 9414 9119
f 9242 9241 9128
f 9241 9127 9128
f 9410 9412 9120
f 9412 9138 9120
f 9120 9138 9118
f 9138 9136 9118
f 9134 9419 9137
f 9419 9413 9137
f 9126 9123 9124
f 9123 9121 9124
f 9129 9126 9127
f 9126 9124 9127
f 9128 9127 9125
f 9127 9124 9125
f 9406 9132 9407
f 9132 9135 9407
f 9410 9120 9411
f 9120 9123 9411
f 9118 9121 9120
f 9121 9123 9120
f 9135 9132 9133
f 9132 9130 9133
f 9125 9124 9122
f 9124 9121 9122
f 9137 9136 9134
f 9136 9133 9134
f 9138 9135 9136
f 9135 9133 9136
f 9412 9407 9138
f 9407 9135 9138
f 9314 9418 9245
f 9418 9131 9245
f 9416 9417 9125
f 9417 9128 9125
f 9406 9306 9132
f 9306 9246 9132
f 9409 9129 9307
f 9129 9243 9307
f 9417 9313 9128
f 9313 9242 9128
f 9243 9129 9241
f 9129 9127 9241
f 9408 9126 9409
f 9126 9129 9409
f 9131 9418 9134
f 9418 9419 9134
f 9414 9415 9119
f 9415 9122 9119
f 9121 9118 9122
f 9118 9119 9122
f 9415 9416 9122
f 9416 9125 9122
f 9411 9123 9408
f 9123 9126 9408
f 9132 9246 9130
f 9246 9244 9130
f 9131 9130 9245
f 9130 9244 9245
f 9154 9265 9250
f 9265 9288 9250
f 9285 9248 9282
f 9248 9152 9282
f 9279 9151 9276
f 9151 9150 9276
f 9273 9149 9270
f 9149 9148 9270
f 9267 9147 9264
f 9147 9146 9264
f 9282 9152 9279
f 9152 9151 9279
f 9276 9150 9273
f 9150 9149 9273
f 9156 9280 9157
f 9280 9277 9157
f 9158 9274 9159
f 9274 9271 9159
f 9270 9148 9267
f 9148 9147 9267
f 9155 9283 9156
f 9283 9280 9156
f 9157 9277 9158
f 9277 9274 9158
f 9159 9271 9153
f 9271 9268 9153
f 9153 9268 9154
f 9268 9265 9154
f 9251 9286 9155
f 9286 9283 9155
f 9166 9158 9163
f 9158 9159 9163
f 9165 9156 9162
f 9156 9157 9162
f 9254 9251 9161
f 9251 9155 9161
f 9164 9154 9253
f 9154 9250 9253
f 9163 9159 9160
f 9159 9153 9160
f 9162 9157 9166
f 9157 9158 9166
f 9161 9155 9165
f 9155 9156 9165
f 9160 9153 9164
f 9153 9154 9164
f 9152 9252 9151
f 9150 9252 9149
f 9148 9252 9147
f 9146 9252 9249
f 9248 9252 9152
f 9151 9252 9150
f 9149 9252 9148
f 9147 9252 9146
f 9402 9173 9401
f 9173 9170 9401
f 9404 9172 9403
f 9172 9169 9403
f 9399 9171 9292
f 9171 9255 9292
f 9401 9170 9400
f 9170 9167 9400
f 9403 9169 9402
f 9169 9173 9402
f 9405 9168 9404
f 9168 9172 9404
f 9400 9167 9399
f 9167 9171 9399
f 9445 9444 9464
f 9444 9465 9464
f 9174 9421 9429
f 9421 9430 9429
f 9421 9422 9430
f 9422 9431 9430
f 9422 9423 9431
f 9423 9432 9431
f 9423 9424 9432
f 9424 9433 9432
f 9424 9425 9433
f 9425 9434 9433
f 9425 9426 9434
f 9426 9435 9434
f 9188 9437 9187
f 9437 9438 9187
f 9187 9438 9186
f 9438 9439 9186
f 9186 9439 9185
f 9439 9440 9185
f 9185 9440 9184
f 9440 9441 9184
f 9184 9475 9183
f 9475 9223 9183
f 9182 9183 9221
f 9183 9222 9221
f 9464 9365 9445
f 9365 9379 9445
f 9220 9472 9478
f 9427 9447 9428
f 9447 9446 9428
f 9179 9449 9180
f 9449 9448 9180
f 9178 9450 9179
f 9450 9449 9179
f 9177 9451 9178
f 9451 9450 9178
f 9176 9452 9177
f 9452 9451 9177
f 9175 9453 9176
f 9453 9452 9176
f 9420 9454 9175
f 9454 9453 9175
f 9317 9354 9420
f 9354 9454 9420
f 9443 9344 9473
f 9344 9262 9473
f 9442 9443 9477
f 9443 9473 9477
f 9442 9477 9441
f 9477 9476 9441
f 9197 9205 9258
f 9205 9259 9258
f 9196 9204 9197
f 9204 9205 9197
f 9195 9203 9196
f 9203 9204 9196
f 9194 9202 9195
f 9202 9203 9195
f 9193 9201 9194
f 9201 9202 9194
f 9192 9200 9193
f 9200 9201 9193
f 9191 9199 9192
f 9199 9200 9192
f 9436 9198 9191
f 9198 9199 9191
f 9428 9446 9456
f 9446 9457 9456
f 9436 9455 9198
f 9455 9208 9198
f 9459 9458 9484
f 9458 9233 9484
f 9461 9228 9462
f 9228 9209 9462
f 9465 9444 9466
f 9444 9474 9466
f 9476 9475 9441
f 9181 9460 9426
f 9460 9435 9426
f 9472 9377 9219
f 9377 9371 9219
f 9467 9466 9224
f 9466 9474 9224
f 9141 9140 9213
f 9140 9212 9213
f 9212 9140 9211
f 9140 9139 9211
f 9142 9141 9214
f 9141 9213 9214
f 9144 9143 9469
f 9143 9468 9469
f 9142 9214 9143
f 9214 9468 9143
f 9247 9260 9139
f 9260 9211 9139
f 9372 9256 9405
f 9256 9168 9405
f 9257 9174 9380
f 9174 9429 9380
f 9471 9216 9218
f 9145 9470 9261
f 9221 9263 9182
f 9144 9469 9145
f 9469 9470 9145
f 9377 9472 9220
f 9441 9475 9184
f 9222 9183 9223
f 9225 9215 9224
f 9215 9467 9224
f 9215 9218 9216
f 9218 9215 9217
f 9215 9225 9217
f 9181 9207 9460
f 9207 9479 9460
f 9463 9462 9480
f 9462 9209 9480
f 9206 9190 9227
f 9190 9226 9227
f 9188 9226 9437
f 9226 9190 9437
f 9240 9206 9488
f 9206 9227 9488
f 9482 9481 9483
f 9481 9235 9483
f 9481 9485 9235
f 9485 9486 9235
f 9461 9482 9228
f 9482 9483 9228
f 9207 9487 9479
f 9487 9237 9479
f 9455 9490 9208
f 9490 9489 9208
f 9456 9457 9236
f 9457 9230 9236
f 9189 9210 9229
f 9210 9231 9229
f 9239 9459 9234
f 9459 9484 9234
f 9210 9238 9231
f 9238 9232 9231
f 9230 9232 9236
f 9232 9238 9236
f 9485 9489 9486
f 9489 9490 9486
f 9487 9463 9237
f 9463 9480 9237
f 9234 9240 9239
f 9240 9488 9239
f 9290 9266 9289
f 9266 9264 9289
f 9265 9268 9266
f 9268 9269 9266
f 9266 9269 9264
f 9269 9267 9264
f 9268 9271 9269
f 9271 9272 9269
f 9269 9272 9267
f 9272 9270 9267
f 9271 9274 9272
f 9274 9275 9272
f 9272 9275 9270
f 9275 9273 9270
f 9274 9277 9275
f 9277 9278 9275
f 9275 9278 9273
f 9278 9276 9273
f 9277 9280 9278
f 9280 9281 9278
f 9278 9281 9276
f 9281 9279 9276
f 9280 9283 9281
f 9283 9284 9281
f 9281 9284 9279
f 9284 9282 9279
f 9283 9286 9284
f 9286 9287 9284
f 9284 9287 9282
f 9287 9285 9282
f 9264 9146 9289
f 9146 9249 9289
f 9134 9133 9131
f 9133 9130 9131
f 9288 9265 9290
f 9265 9266 9290
o Part.13
v 6.404 -1.62 0.996
v 4.996 -1.62 2.404
v 3.004 -1.62 2.404
v 1.596 -1.62 0.996
v 1.596 3.2 0.996
v 3.004 3.2 2.404
v 4.996 3.2 2.404
v 5.6 3.2 1.794
v 4.801 3.2 1.2
v 4.575 3.2 1.387
v 3.425 3.2 1.387
v 2.613 3.2 0.575
v 1.596 0.2 0.996
v 3.004 0.2 2.404
v 4.996 0.2 2.404
v 6.404 0.2 0.996
v 2.613 -1.62 0.575
v 3.425 -1.62 1.387
v 4.575 -1.62 1.387
v 4.801 -1.62 1.2
v 7 -1.62 3.96
v 7 -3.6 3.96
v 0.76 -7.509 0.459
v 0.76 -7.249 0.849
v 0.76 -6.859 1.109
v 0.76 -6.4 1.2
v 0.76 -5.941 1.109
v 0.76 -5.551 0.849
v 0.76 -5.291 0.459
v 0.76 -6.4 3.599
v 4.3 -5.291 0.459
v 4.3 -5.551 0.849
v 4.3 -5.941 1.109
v 4.3 -6.4 1.2
v 4.3 -6.859 1.109
v 4.3 -7.249 0.849
v 4.3 -7.509 0.459
v 0.76 -9.876 0.931
v 0.76 -9.516 1.799
v 0.76 -8.945 2.545
v 0.76 -8.199 3.116
v 0.76 -7.331 3.476
v 0.76 -5.469 3.476
v 0.76 -4.601 3.116
v 0.76 -3.855 2.545
v 0.76 -3.284 1.799
v 0.76 -2.924 0.931
v 7 -3.6 2.213
v 7 -3.284 1.799
v 0.76 -3.6 2.213
v 7 -2.924 0.931
v -6.404 -1.62 0.996
v -4.996 -1.62 2.404
v -3.004 -1.62 2.404
v -1.596 -1.62 0.996
v -1.596 3.2 0.996
v -3.004 3.2 2.404
v -4.996 3.2 2.404
v -5.6 3.2 1.794
v -4.801 3.2 1.2
v -4.575 3.2 1.387
v -3.425 3.2 1.387
v -2.613 3.2 0.575
v -1.596 0.2 0.996
v -3.004 0.2 2.404
v -4.996 0.2 2.404
v -6.404 0.2 0.996
v -2.613 -1.62 0.575
v -3.425 -1.62 1.387
v -4.575 -1.62 1.387
v -4.801 -1.62 1.2
v -7 -1.62 3.96
v -7 -3.6 3.96
v -0.76 -7.509 0.459
v -0.76 -7.249 0.849
v -0.76 -6.859 1.109
v -0.76 -6.4 1.2
v -0.76 -5.941 1.109
v -0.76 -5.551 0.849
v -0.76 -5.291 0.459
v -0.76 -6.4 3.599
v 0 -3.6 3.96
v 0 -1.62 3.96
v -4.3 -5.291 0.459
v -4.3 -5.551 0.849
v -4.3 -5.941 1.109
v -4.3 -6.4 1.2
v -4.3 -6.859 1.109
v -4.3 -7.249 0.849
v -4.3 -7.509 0.459
v -0.76 -9.876 0.931
v -0.76 -9.516 1.799
v -0.76 -8.945 2.545
v -0.76 -8.199 3.116
v -0.76 -7.331 3.476
v -0.76 -5.469 3.476
v -0.76 -4.601 3.116
v -0.76 -3.855 2.545
v -0.76 -3.284 1.799
v -0.76 -2.924 0.931
v -7 -3.6 2.213
v -7 -3.284 1.799
v -0.76 -3.6 2.213
v 0 -6.4 3.599
v 0 -9.876 0.931
v 0 -9.516 1.799
v 0 -8.945 2.545
v 0 -8.199 3.116
v 0 -7.331 3.476
v 0 -5.469 3.476
v 0 -4.601 3.116
v 0 -3.855 2.545
v 0 -3.6 2.213
v -7 -2.924 0.931
v 6.404 -1.62 -0.996
v 4.996 -1.62 -2.404
v 3.004 -1.62 -2.404
v 1.596 -1.62 -0.996
v 1.596 3.2 -0.996
v 3.004 3.2 -2.404
v 4.996 3.2 -2.404
v 5.6 3.2 -1.794
v 4.801 3.2 -1.2
v 4.575 3.2 -1.387
v 3.425 3.2 -1.387
v 2.613 3.2 -0.575
v 1.596 0.2 -0.996
v 3.004 0.2 -2.404
v 4.996 0.2 -2.404
v 6.404 0.2 -0.996
v 2.613 -1.62 -0.575
v 3.425 -1.62 -1.387
v 4.575 -1.62 -1.387
v 4.801 -1.62 -1.2
v 7 -1.62 -3.96
v 7 -3.6 -3.96
v 4.3 -6.4 0
v 0.76 -7.6 0
v 0.76 -7.509 -0.459
v 0.76 -7.249 -0.849
v 0.76 -6.859 -1.109
v 0.76 -6.4 -1.2
v 0.76 -5.941 -1.109
v 0.76 -5.551 -0.849
v 0.76 -5.291 -0.459
v 0.76 -5.2 0
v 2.613 -1.62 0
v 1.596 0.2 0
v 2.613 3.2 0
v 1.596 3.2 0
v 1.596 -1.62 0
v 4.801 -1.62 0
v 6.404 0.2 0
v 4.801 3.2 0
v 5.6 3.2 0
v 6.404 -1.62 0
v 0.76 -6.4 -3.599
v 4.3 -5.2 0
v 4.3 -5.291 -0.459
v 4.3 -5.551 -0.849
v 4.3 -5.941 -1.109
v 4.3 -6.4 -1.2
v 4.3 -6.859 -1.109
v 4.3 -7.249 -0.849
v 4.3 -7.509 -0.459
v 4.3 -7.6 0
v 7 -1.62 0
v 0.76 -9.999 0
v 0.76 -9.876 -0.931
v 0.76 -9.516 -1.799
v 0.76 -8.945 -2.545
v 0.76 -8.199 -3.116
v 0.76 -7.331 -3.476
v 0.76 -5.469 -3.476
v 0.76 -4.601 -3.116
v 0.76 -3.855 -2.545
v 0.76 -3.284 -1.799
v 0.76 -2.924 -0.931
v 0.76 -2.801 0
v 7 -3.6 -2.213
v 7 -3.284 -1.799
v 0.76 -3.6 -2.213
v 7 -2.924 -0.931
v 7 -2.801 0
v -6.404 -1.62 -0.996
v -4.996 -1.62 -2.404
v -3.004 -1.62 -2.404
v -1.596 -1.62 -0.996
v -1.596 3.2 -0.996
v -3.004 3.2 -2.404
v -4.996 3.2 -2.404
v -5.6 3.2 -1.794
v -4.801 3.2 -1.2
v -4.575 3.2 -1.387
v -3.425 3.2 -1.387
v -2.613 3.2 -0.575
v -1.596 0.2 -0.996
v -3.004 0.2 -2.404
v -4.996 0.2 -2.404
v -6.404 0.2 -0.996
v -2.613 -1.62 -0.575
v -3.425 -1.62 -1.387
v -4.575 -1.62 -1.387
v -4.801 -1.62 -1.2
v -7 -1.62 -3.96
v -7 -3.6 -3.96
v 0 -1.62 0
v -4.3 -6.4 0
v -0.76 -7.6 0
v -0.76 -7.509 -0.459
v -0.76 -7.249 -0.849
v -0.76 -6.859 -1.109
v -0.76 -6.4 -1.2
v -0.76 -5.941 -1.109
v -0.76 -5.551 -0.849
v -0.76 -5.291 -0.459
v -0.76 -5.2 0
v -2.613 -1.62 0
v -1.596 0.2 0
v -2.613 3.2 0
v -1.596 3.2 0
v -1.596 -1.62 0
v -4.801 -1.62 0
v -6.404 0.2 0
v -4.801 3.2 0
v -5.6 3.2 0
v -6.404 -1.62 0
v -0.76 -6.4 -3.599
v 0 -3.6 -3.96
v 0 -1.62 -3.96
v -4.3 -5.2 0
v -4.3 -5.291 -0.459
v -4.3 -5.551 -0.849
v -4.3 -5.941 -1.109
v -4.3 -6.4 -1.2
v -4.3 -6.859 -1.109
v -4.3 -7.249 -0.849
v -4.3 -7.509 -0.459
v -4.3 -7.6 0
v -7 -1.62 0
v -0.76 -9.999 0
v -0.76 -9.876 -0.931
v -0.76 -9.516 -1.799
v -0.76 -8.945 -2.545
v -0.76 -8.199 -3.116
v -0.76 -7.331 -3.476
v -0.76 -5.469 -3.476
v -0.76 -4.601 -3.116
v -0.76 -3.855 -2.545
v -0.76 -3.284 -1.799
v -0.76 -2.924 -0.931
v -0.76 -2.801 0
v -7 -3.6 -2.213
v -7 -3.284 -1.799
v -0.76 -3.6 -2.213
v 0 -6.4 -3.599
v 0 -9.999 0
v 0 -9.876 -0.931
v 0 -9.516 -1.799
v 0 -8.945 -2.545
v 0 -8.199 -3.116
v 0 -7.331 -3.476
v 0 -5.469 -3.476
v 0 -4.601 -3.116
v 0 -3.855 -2.545
v 0 -3.6 -2.213
v -7 -2.924 -0.931
v -7 -2.801 0
v 6.404 -1.62 0
v 6.404 -1.62 0.996
v 6.404 -1.62 0.996
v 4.996 -1.62 2.404
v 4.996 -1.62 2.404
v 3.004 -1.62 2.404
v 3.004 -1.62 2.404
v 1.596 -1.62 0.996
v 1.596 -1.62 0.996
v 1.596 3.2 0
v 1.596 3.2 0.996
v 1.596 3.2 0.996
v 3.004 3.2 2.404
v 3.004 3.2 2.404
v 4.996 3.2 2.404
v 4.996 3.2 2.404
v 5.6 3.2 1.794
v 5.6 3.2 1.794
v 4.801 3.2 0
v 4.801 3.2 1.2
v 4.801 3.2 1.2
v 4.575 3.2 1.387
v 4.575 3.2 1.387
v 3.425 3.2 1.387
v 3.425 3.2 1.387
v 2.613 3.2 0.575
v 2.613 3.2 0.575
v 1.596 0.2 0.996
v 3.004 0.2 2.404
v 4.996 0.2 2.404
v 6.404 0.2 0.996
v 6.404 0.2 0.996
v 2.613 -1.62 0.575
v 2.613 -1.62 0.575
v 2.613 -1.62 0
v 3.425 -1.62 1.387
v 3.425 -1.62 1.387
v 4.575 -1.62 1.387
v 4.575 -1.62 1.387
v 4.801 -1.62 1.2
v 4.801 -1.62 1.2
v 7 -1.62 3.96
v 7 -1.62 3.96
v 7 -3.6 3.96
v 7 -3.6 3.96
v 0.76 -7.509 0.459
v 0.76 -7.249 0.849
v 0.76 -6.859 1.109
v 0.76 -6.4 1.2
v 0.76 -5.941 1.109
v 0.76 -5.551 0.849
v 0.76 -5.291 0.459
v 0.76 -5.2 0
v 0.76 -8.945 2.545
v 0.76 -9.516 1.799
v 7 -1.62 0
v 4.801 -1.62 0
v 2.613 3.2 0
v 1.596 -1.62 0
v 6.404 0.2 0
v 5.6 3.2 0
v 0.76 -7.6 0
v 0.76 -8.199 3.116
v 0 -3.6 3.96
v 0.76 -9.876 0.931
v 0.76 -9.999 0
v 4.3 -5.291 0.459
v 4.3 -5.2 0
v 4.3 -5.551 0.849
v 4.3 -5.941 1.109
v 4.3 -6.4 1.2
v 4.3 -6.859 1.109
v 4.3 -7.249 0.849
v 4.3 -7.509 0.459
v 4.3 -7.6 0
v 0 -1.62 3.96
v 0.76 -7.331 3.476
v 0.76 -6.4 3.599
v 0.76 -5.469 3.476
v 0.76 -4.601 3.116
v 0.76 -3.855 2.545
v 0.76 -3.6 2.213
v 0.76 -3.6 2.213
v 0.76 -3.6 2.213
v 0.76 -3.284 1.799
v 0.76 -2.924 0.931
v 0.76 -2.801 0
v 7 -2.924 0.931
v 7 -2.801 0
v 7 -3.6 2.213
v 7 -3.6 2.213
v 7 -3.284 1.799
v 0 -3.6 2.213
v -6.404 -1.62 0
v -6.404 -1.62 0.996
v -6.404 -1.62 0.996
v -4.996 -1.62 2.404
v -4.996 -1.62 2.404
v -3.004 -1.62 2.404
v -3.004 -1.62 2.404
v -1.596 -1.62 0.996
v -1.596 -1.62 0.996
v -1.596 3.2 0
v -1.596 3.2 0.996
v -1.596 3.2 0.996
v -3.004 3.2 2.404
v -3.004 3.2 2.404
v -4.996 3.2 2.404
v -4.996 3.2 2.404
v -5.6 3.2 1.794
v -5.6 3.2 1.794
v -4.801 3.2 0
v -4.801 3.2 1.2
v -4.801 3.2 1.2
v -4.575 3.2 1.387
v -4.575 3.2 1.387
v -3.425 3.2 1.387
v -3.425 3.2 1.387
v -2.613 3.2 0.575
v -2.613 3.2 0.575
v -1.596 0.2 0.996
v -3.004 0.2 2.404
v -4.996 0.2 2.404
v -6.404 0.2 0.996
v -6.404 0.2 0.996
v -2.613 -1.62 0.575
v -2.613 -1.62 0.575
v -2.613 -1.62 0
v -3.425 -1.62 1.387
v -3.425 -1.62 1.387
v -4.575 -1.62 1.387
v -4.575 -1.62 1.387
v -4.801 -1.62 1.2
v -4.801 -1.62 1.2
v -7 -1.62 3.96
v -7 -1.62 3.96
v -7 -3.6 3.96
v -7 -3.6 3.96
v -0.76 -7.509 0.459
v -0.76 -7.249 0.849
v -0.76 -6.859 1.109
v -0.76 -6.4 1.2
v -0.76 -5.941 1.109
v -0.76 -5.551 0.849
v -0.76 -5.291 0.459
v -0.76 -5.2 0
v -0.76 -8.945 2.545
v -0.76 -9.516 1.799
v -7 -1.62 0
v -4.801 -1.62 0
v -2.613 3.2 0
v -1.596 -1.62 0
v -6.404 0.2 0
v -5.6 3.2 0
v -0.76 -7.6 0
v -0.76 -8.199 3.116
v -0.76 -9.876 0.931
v -0.76 -9.999 0
v -4.3 -5.291 0.459
v -4.3 -5.2 0
v -4.3 -5.551 0.849
v -4.3 -5.941 1.109
v -4.3 -6.4 1.2
v -4.3 -6.859 1.109
v -4.3 -7.249 0.849
v -4.3 -7.509 0.459
v -4.3 -7.6 0
v -0.76 -7.331 3.476
v -0.76 -6.4 3.599
v -0.76 -5.469 3.476
v -0.76 -4.601 3.116
v -0.76 -3.855 2.545
v -0.76 -3.6 2.213
v -0.76 -3.6 2.213
v -0.76 -3.6 2.213
v -0.76 -3.284 1.799
v -0.76 -2.924 0.931
v -0.76 -2.801 0
v -7 -2.924 0.931
v -7 -2.801 0
v -7 -3.6 2.213
v -7 -3.6 2.213
v -7 -3.284 1.799
v 6.404 -1.62 -0.996
v 6.404 -1.62 -0.996
v 4.996 -1.62 -2.404
v 4.996 -1.62 -2.404
v 3.004 -1.62 -2.404
v 3.004 -1.62 -2.404
v 1.596 -1.62 -0.996
v 1.596 -1.62 -0.996
v 1.596 3.2 -0.996
v 1.596 3.2 -0.996
v 3.004 3.2 -2.404
v 3.004 3.2 -2.404
v 4.996 3.2 -2.404
v 4.996 3.2 -2.404
v 5.6 3.2 -1.794
v 5.6 3.2 -1.794
v 4.801 3.2 -1.2
v 4.801 3.2 -1.2
v 4.575 3.2 -1.387
v 4.575 3.2 -1.387
v 3.425 3.2 -1.387
v 3.425 3.2 -1.387
v 2.613 3.2 -0.575
v 2.613 3.2 -0.575
v 1.596 0.2 -0.996
v 3.004 0.2 -2.404
v 4.996 0.2 -2.404
v 6.404 0.2 -0.996
v 6.404 0.2 -0.996
v 2.613 -1.62 -0.575
v 2.613 -1.62 -0.575
v 3.425 -1.62 -1.387
v 3.425 -1.62 -1.387
v 4.575 -1.62 -1.387
v 4.575 -1.62 -1.387
v 4.801 -1.62 -1.2
v 4.801 -1.62 -1.2
v 7 -1.62 -3.96
v 7 -1.62 -3.96
v 7 -3.6 -3.96
v 7 -3.6 -3.96
v 0.76 -7.509 -0.459
v 0.76 -7.249 -0.849
v 0.76 -6.859 -1.109
v 0.76 -6.4 -1.2
v 0.76 -5.941 -1.109
v 0.76 -5.551 -0.849
v 0.76 -5.291 -0.459
v 0.76 -8.945 -2.545
v 0.76 -9.516 -1.799
v 0.76 -8.199 -3.116
v 0 -3.6 -3.96
v 0.76 -9.876 -0.931
v 4.3 -5.291 -0.459
v 4.3 -5.551 -0.849
v 4.3 -5.941 -1.109
v 4.3 -6.4 -1.2
v 4.3 -6.859 -1.109
v 4.3 -7.249 -0.849
v 4.3 -7.509 -0.459
v 0 -1.62 -3.96
v 0.76 -7.331 -3.476
v 0.76 -6.4 -3.599
v 0.76 -5.469 -3.476
v 0.76 -4.601 -3.116
v 0.76 -3.855 -2.545
v 0.76 -3.6 -2.213
v 0.76 -3.6 -2.213
v 0.76 -3.6 -2.213
v 0.76 -3.284 -1.799
v 0.76 -2.924 -0.931
v 7 -2.924 -0.931
v 7 -3.6 -2.213
v 7 -3.6 -2.213
v 7 -3.284 -1.799
v 0 -3.6 -2.213
v -6.404 -1.62 -0.996
v -6.404 -1.62 -0.996
v -4.996 -1.62 -2.404
v -4.996 -1.62 -2.404
v -3.004 -1.62 -2.404
v -3.004 -1.62 -2.404
v -1.596 -1.62 -0.996
v -1.596 -1.62 -0.996
v -1.596 3.2 -0.996
v -1.596 3.2 -0.996
v -3.004 3.2 -2.404
v -3.004 3.2 -2.404
v -4.996 3.2 -2.404
v -4.996 3.2 -2.404
v -5.6 3.2 -1.794
v -5.6 3.2 -1.794
v -4.801 3.2 -1.2
v -4.801 3.2 -1.2
v -4.575 3.2 -1.387
v -4.575 3.2 -1.387
v -3.425 3.2 -1.387
v -3.425 3.2 -1.387
v -2.613 3.2 -0.575
v -2.613 3.2 -0.575
v -1.596 0.2 -0.996
v -3.004 0.2 -2.404
v -4.996 0.2 -2.404
v -6.404 0.2 -0.996
v -6.404 0.2 -0.996
v -2.613 -1.62 -0.575
v -2.613 -1.62 -0.575
v -3.425 -1.62 -1.387
v -3.425 -1.62 -1.387
v -4.575 -1.62 -1.387
v -4.575 -1.62 -1.387
v -4.801 -1.62 -1.2
v -4.801 -1.62 -1.2
v -7 -1.62 -3.96
v -7 -1.62 -3.96
v -7 -3.6 -3.96
v -7 -3.6 -3.96
v -0.76 -7.509 -0.459
v -0.76 -7.249 -0.849
v -0.76 -6.859 -1.109
v -0.76 -6.4 -1.2
v -0.76 -5.941 -1.109
v -0.76 -5.551 -0.849
v -0.76 -5.291 -0.459
v -0.76 -8.945 -2.545
v -0.76 -9.516 -1.799
v -0.76 -8.199 -3.116
v -0.76 -9.876 -0.931
v -4.3 -5.291 -0.459
v -4.3 -5.551 -0.849
v -4.3 -5.941 -1.109
v -4.3 -6.4 -1.2
v -4.3 -6.859 -1.109
v -4.3 -7.249 -0.849
v -4.3 -7.509 -0.459
v -0.76 -7.331 -3.476
v -0.76 -6.4 -3.599
v -0.76 -5.469 -3.476
v -0.76 -4.601 -3.116
v -0.76 -3.855 -2.545
v -0.76 -3.6 -2.213
v -0.76 -3.6 -2.213
v -0.76 -3.6 -2.213
v -0.76 -3.284 -1.799
v -0.76 -2.924 -0.931
v -7 -2.924 -0.931
v -7 -3.6 -2.213
v -7 -3.6 -2.213
v -7 -3.284 -1.799
vt 0.954 0.123
vt 0.958 0.123
vt 0.951 0.123
vt 0.958 0.123
vt 0.953 0.123
vt 0.951 0.123
vt 0.954 0.123
vt 0.951 0.123
vt 0.94 0.123
vt 0.951 0.123
vt 0.943 0.123
vt 0.94 0.123
vt 0.93 0.123
vt 0.94 0.123
vt 0.937 0.123
vt 0.94 0.123
vt 0.943 0.123
vt 0.937 0.123
vt 0.93 0.123
vt 0.93 0.123
vt 0.937 0.123
vt 0.93 0.123
vt 0.937 0.123
vt 0.937 0.123
vt 0.94 0.09
vt 0.94 0.102
vt 0.93 0.09
vt 0.94 0.102
vt 0.93 0.102
vt 0.93 0.09
vt 0.94 0.102
vt 0.94 0.123
vt 0.93 0.102
vt 0.94 0.123
vt 0.93 0.123
vt 0.93 0.102
vt 0.94 0.09
vt 0.954 0.09
vt 0.94 0.102
vt 0.954 0.09
vt 0.954 0.102
vt 0.94 0.102
vt 0.94 0.102
vt 0.954 0.102
vt 0.94 0.123
vt 0.954 0.102
vt 0.954 0.123
vt 0.94 0.123
vt 0.964 0.09
vt 0.964 0.102
vt 0.954 0.09
vt 0.964 0.102
vt 0.954 0.102
vt 0.954 0.09
vt 0.964 0.102
vt 0.958 0.123
vt 0.954 0.102
vt 0.958 0.123
vt 0.954 0.123
vt 0.954 0.102
vt 0.964 0.102
vt 0.964 0.09
vt 0.964 0.102
vt 0.964 0.09
vt 0.964 0.09
vt 0.964 0.102
vt 0.964 0.102
vt 0.958 0.123
vt 0.964 0.102
vt 0.958 0.123
vt 0.958 0.123
vt 0.964 0.102
vt 0.937 0.123
vt 0.937 0.123
vt 0.937 0.09
vt 0.937 0.123
vt 0.937 0.09
vt 0.937 0.09
vt 0.937 0.123
vt 0.943 0.123
vt 0.937 0.09
vt 0.943 0.123
vt 0.943 0.09
vt 0.937 0.09
vt 0.951 0.123
vt 0.951 0.09
vt 0.943 0.123
vt 0.951 0.09
vt 0.943 0.09
vt 0.943 0.123
vt 0.951 0.123
vt 0.953 0.123
vt 0.951 0.09
vt 0.953 0.123
vt 0.953 0.09
vt 0.951 0.09
vt 0.949 0.051
vt 0.949 0.053
vt 0.925 0.051
vt 0.949 0.053
vt 0.925 0.053
vt 0.925 0.051
vt 0.949 0.048
vt 0.949 0.049
vt 0.925 0.048
vt 0.949 0.049
vt 0.925 0.049
vt 0.925 0.048
vt 0.949 0.064
vt 0.949 0.065
vt 0.925 0.064
vt 0.949 0.065
vt 0.925 0.065
vt 0.925 0.064
vt 0.949 0.06
vt 0.949 0.062
vt 0.925 0.06
vt 0.949 0.062
vt 0.925 0.062
vt 0.925 0.06
vt 0.949 0.053
vt 0.949 0.057
vt 0.925 0.053
vt 0.949 0.057
vt 0.925 0.057
vt 0.925 0.053
vt 0.949 0.049
vt 0.949 0.051
vt 0.925 0.049
vt 0.949 0.051
vt 0.925 0.051
vt 0.925 0.049
vt 0.949 0.062
vt 0.949 0.064
vt 0.925 0.062
vt 0.949 0.064
vt 0.925 0.064
vt 0.925 0.062
vt 0.949 0.057
vt 0.949 0.06
vt 0.925 0.057
vt 0.949 0.06
vt 0.925 0.06
vt 0.925 0.057
vt 0.949 0.049
vt 0.949 0.048
vt 0.949 0.057
vt 0.949 0.065
vt 0.949 0.064
vt 0.949 0.057
vt 0.949 0.06
vt 0.949 0.057
vt 0.949 0.057
vt 0.937 0.09
vt 0.943 0.09
vt 0.953 0.09
vt 0.949 0.051
vt 0.949 0.049
vt 0.949 0.057
vt 0.953 0.123
vt 0.953 0.123
vt 0.953 0.09
vt 0.953 0.123
vt 0.953 0.09
vt 0.953 0.09
vt 0.958 0.123
vt 0.958 0.123
vt 0.953 0.123
vt 0.958 0.123
vt 0.953 0.123
vt 0.953 0.123
vt 0.93 0.102
vt 0.93 0.123
vt 0.93 0.102
vt 0.93 0.123
vt 0.93 0.123
vt 0.93 0.102
vt 0.93 0.09
vt 0.93 0.102
vt 0.93 0.09
vt 0.93 0.102
vt 0.93 0.102
vt 0.93 0.09
vt 0.949 0.057
vt 0.949 0.053
vt 0.949 0.057
vt 0.949 0.064
vt 0.949 0.062
vt 0.949 0.057
vt 0.949 0.053
vt 0.949 0.051
vt 0.949 0.057
vt 0.949 0.062
vt 0.949 0.06
vt 0.949 0.057
vt 0.953 0.09
vt 0.953 0.09
vt 0.951 0.09
vt 0.725 0.808
vt 0.725 0.871
vt 0.505 0.808
vt 0.725 0.871
vt 0.505 0.871
vt 0.505 0.808
vt 0.953 0.09
vt 0.943 0.09
vt 0.951 0.09
vt 0.937 0.09
vt 0.953 0.09
vt 0.937 0.09
vt 0.954 0.09
vt 0.94 0.09
vt 0.968 0.09
vt 0.954 0.09
vt 0.968 0.09
vt 0.964 0.09
vt 0.964 0.09
vt 0.968 0.09
vt 0.968 0.09
vt 0.94 0.09
vt 0.93 0.09
vt 0.919 0.09
vt 0.964 0.09
vt 0.964 0.09
vt 0.968 0.09
vt 0.94 0.09
vt 0.919 0.09
vt 0.968 0.09
vt 0.919 0.09
vt 0.93 0.09
vt 0.93 0.09
vt 0.93 0.09
vt 0.919 0.09
vt 0.919 0.09
vt 0.925 0.051
vt 0.925 0.053
vt 0.925 0.044
vt 0.925 0.053
vt 0.925 0.05
vt 0.925 0.044
vt 0.925 0.062
vt 0.925 0.064
vt 0.925 0.078
vt 0.925 0.064
vt 0.925 0.081
vt 0.925 0.078
vt 0.925 0.049
vt 0.925 0.035
vt 0.925 0.032
vt 0.925 0.048
vt 0.925 0.049
vt 0.925 0.032
vt 0.925 0.049
vt 0.925 0.032
vt 0.925 0.032
vt 0.925 0.064
vt 0.925 0.065
vt 0.925 0.081
vt 0.925 0.065
vt 0.925 0.082
vt 0.925 0.081
vt 0.925 0.051
vt 0.925 0.044
vt 0.925 0.039
vt 0.925 0.069
vt 0.925 0.063
vt 0.925 0.06
vt 0.925 0.06
vt 0.925 0.063
vt 0.925 0.057
vt 0.925 0.063
vt 0.925 0.057
vt 0.925 0.057
vt 0.925 0.057
vt 0.925 0.05
vt 0.925 0.057
vt 0.925 0.05
vt 0.925 0.053
vt 0.925 0.057
vt 0.925 0.049
vt 0.925 0.051
vt 0.925 0.035
vt 0.925 0.051
vt 0.925 0.039
vt 0.925 0.035
vt 0.925 0.076
vt 0.925 0.074
vt 0.925 0.062
vt 0.925 0.069
vt 0.925 0.06
vt 0.925 0.074
vt 0.925 0.06
vt 0.925 0.062
vt 0.925 0.074
vt 0.529 0.8
vt 0.529 0.808
vt 0.505 0.8
vt 0.529 0.808
vt 0.505 0.808
vt 0.505 0.8
vt 0.925 0.062
vt 0.925 0.078
vt 0.925 0.076
vt 0.968 0.076
vt 0.919 0.076
vt 0.968 0.076
vt 0.919 0.076
vt 0.925 0.076
vt 0.968 0.076
vt 0.529 0.777
vt 0.529 0.8
vt 0.505 0.777
vt 0.529 0.8
vt 0.505 0.8
vt 0.505 0.777
vt 0.529 0.75
vt 0.529 0.777
vt 0.505 0.75
vt 0.529 0.777
vt 0.505 0.777
vt 0.505 0.75
vt 0.529 0.72
vt 0.529 0.75
vt 0.505 0.72
vt 0.529 0.75
vt 0.505 0.75
vt 0.505 0.72
vt 0.529 0.691
vt 0.529 0.72
vt 0.505 0.691
vt 0.529 0.72
vt 0.505 0.72
vt 0.505 0.691
vt 0.529 0.664
vt 0.529 0.691
vt 0.505 0.664
vt 0.529 0.691
vt 0.505 0.691
vt 0.505 0.664
vt 0.529 0.611
vt 0.529 0.622
vt 0.505 0.611
vt 0.529 0.622
vt 0.505 0.622
vt 0.505 0.611
vt 0.529 0.607
vt 0.529 0.611
vt 0.505 0.607
vt 0.529 0.611
vt 0.505 0.611
vt 0.505 0.607
vt 0.529 0.64
vt 0.529 0.664
vt 0.505 0.64
vt 0.529 0.664
vt 0.505 0.664
vt 0.505 0.64
vt 0.529 0.622
vt 0.529 0.64
vt 0.505 0.622
vt 0.529 0.64
vt 0.505 0.64
vt 0.505 0.622
vt 0.919 0.076
vt 0.919 0.076
vt 0.925 0.076
vt 0.925 0.081
vt 0.925 0.082
vt 0.968 0.081
vt 0.925 0.082
vt 0.968 0.082
vt 0.968 0.081
vt 0.925 0.078
vt 0.925 0.081
vt 0.968 0.078
vt 0.925 0.081
vt 0.968 0.081
vt 0.968 0.078
vt 0.925 0.076
vt 0.925 0.078
vt 0.968 0.076
vt 0.925 0.078
vt 0.968 0.078
vt 0.968 0.076
vt 0.812 0.818
vt 0.744 0.871
vt 0.799 0.808
vt 0.839 0.83
vt 0.744 0.871
vt 0.812 0.818
vt 0.868 0.833
vt 0.868 0.871
vt 0.839 0.83
vt 0.744 0.871
vt 0.744 0.808
vt 0.799 0.808
vt 0.868 0.871
vt 0.744 0.871
vt 0.839 0.83
vt 0.885 0.123
vt 0.888 0.123
vt 0.88 0.123
vt 0.888 0.123
vt 0.886 0.123
vt 0.88 0.123
vt 0.885 0.123
vt 0.898 0.123
vt 0.888 0.123
vt 0.898 0.123
vt 0.895 0.123
vt 0.888 0.123
vt 0.908 0.123
vt 0.901 0.123
vt 0.898 0.123
vt 0.901 0.123
vt 0.895 0.123
vt 0.898 0.123
vt 0.908 0.123
vt 0.901 0.123
vt 0.908 0.123
vt 0.901 0.123
vt 0.901 0.123
vt 0.908 0.123
vt 0.898 0.09
vt 0.908 0.09
vt 0.898 0.102
vt 0.908 0.09
vt 0.908 0.102
vt 0.898 0.102
vt 0.898 0.102
vt 0.908 0.102
vt 0.898 0.123
vt 0.908 0.102
vt 0.908 0.123
vt 0.898 0.123
vt 0.898 0.09
vt 0.898 0.102
vt 0.885 0.09
vt 0.898 0.102
vt 0.885 0.102
vt 0.885 0.09
vt 0.898 0.102
vt 0.898 0.123
vt 0.885 0.102
vt 0.898 0.123
vt 0.885 0.123
vt 0.885 0.102
vt 0.875 0.09
vt 0.885 0.09
vt 0.875 0.102
vt 0.885 0.09
vt 0.885 0.102
vt 0.875 0.102
vt 0.875 0.102
vt 0.885 0.102
vt 0.88 0.123
vt 0.885 0.102
vt 0.885 0.123
vt 0.88 0.123
vt 0.875 0.09
vt 0.875 0.09
vt 0.875 0.102
vt 0.875 0.09
vt 0.875 0.102
vt 0.875 0.102
vt 0.875 0.102
vt 0.875 0.102
vt 0.88 0.123
vt 0.875 0.102
vt 0.88 0.123
vt 0.88 0.123
vt 0.901 0.123
vt 0.901 0.09
vt 0.901 0.123
vt 0.901 0.09
vt 0.901 0.09
vt 0.901 0.123
vt 0.901 0.123
vt 0.901 0.09
vt 0.895 0.123
vt 0.901 0.09
vt 0.895 0.09
vt 0.895 0.123
vt 0.888 0.123
vt 0.895 0.123
vt 0.888 0.09
vt 0.895 0.123
vt 0.895 0.09
vt 0.888 0.09
vt 0.888 0.123
vt 0.888 0.09
vt 0.886 0.123
vt 0.888 0.09
vt 0.886 0.09
vt 0.886 0.123
vt 0.889 0.051
vt 0.914 0.051
vt 0.889 0.053
vt 0.914 0.051
vt 0.914 0.053
vt 0.889 0.053
vt 0.889 0.048
vt 0.914 0.048
vt 0.889 0.049
vt 0.914 0.048
vt 0.914 0.049
vt 0.889 0.049
vt 0.889 0.064
vt 0.914 0.064
vt 0.889 0.065
vt 0.914 0.064
vt 0.914 0.065
vt 0.889 0.065
vt 0.889 0.06
vt 0.914 0.06
vt 0.889 0.062
vt 0.914 0.06
vt 0.914 0.062
vt 0.889 0.062
vt 0.889 0.053
vt 0.914 0.053
vt 0.889 0.057
vt 0.914 0.053
vt 0.914 0.057
vt 0.889 0.057
vt 0.889 0.049
vt 0.914 0.049
vt 0.889 0.051
vt 0.914 0.049
vt 0.914 0.051
vt 0.889 0.051
vt 0.889 0.062
vt 0.914 0.062
vt 0.889 0.064
vt 0.914 0.062
vt 0.914 0.064
vt 0.889 0.064
vt 0.889 0.057
vt 0.914 0.057
vt 0.889 0.06
vt 0.914 0.057
vt 0.914 0.06
vt 0.889 0.06
vt 0.889 0.049
vt 0.889 0.057
vt 0.889 0.048
vt 0.889 0.065
vt 0.889 0.057
vt 0.889 0.064
vt 0.889 0.06
vt 0.889 0.057
vt 0.889 0.057
vt 0.901 0.09
vt 0.886 0.09
vt 0.895 0.09
vt 0.889 0.051
vt 0.889 0.057
vt 0.889 0.049
vt 0.886 0.123
vt 0.886 0.09
vt 0.886 0.123
vt 0.886 0.09
vt 0.886 0.09
vt 0.886 0.123
vt 0.88 0.123
vt 0.886 0.123
vt 0.88 0.123
vt 0.886 0.123
vt 0.886 0.123
vt 0.88 0.123
vt 0.908 0.102
vt 0.908 0.102
vt 0.908 0.123
vt 0.908 0.102
vt 0.908 0.123
vt 0.908 0.123
vt 0.908 0.09
vt 0.908 0.09
vt 0.908 0.102
vt 0.908 0.09
vt 0.908 0.102
vt 0.908 0.102
vt 0.889 0.057
vt 0.889 0.057
vt 0.889 0.053
vt 0.889 0.064
vt 0.889 0.057
vt 0.889 0.062
vt 0.889 0.053
vt 0.889 0.057
vt 0.889 0.051
vt 0.889 0.062
vt 0.889 0.057
vt 0.889 0.06
vt 0.886 0.09
vt 0.888 0.09
vt 0.886 0.09
vt 0.285 0.808
vt 0.505 0.808
vt 0.285 0.871
vt 0.505 0.808
vt 0.505 0.871
vt 0.285 0.871
vt 0.886 0.09
vt 0.888 0.09
vt 0.895 0.09
vt 0.901 0.09
vt 0.901 0.09
vt 0.886 0.09
vt 0.885 0.09
vt 0.871 0.09
vt 0.898 0.09
vt 0.885 0.09
vt 0.875 0.09
vt 0.871 0.09
vt 0.875 0.09
vt 0.871 0.09
vt 0.871 0.09
vt 0.898 0.09
vt 0.919 0.09
vt 0.908 0.09
vt 0.875 0.09
vt 0.871 0.09
vt 0.875 0.09
vt 0.898 0.09
vt 0.871 0.09
vt 0.919 0.09
vt 0.919 0.09
vt 0.908 0.09
vt 0.908 0.09
vt 0.908 0.09
vt 0.919 0.09
vt 0.919 0.09
vt 0.914 0.051
vt 0.914 0.044
vt 0.914 0.053
vt 0.914 0.044
vt 0.914 0.05
vt 0.914 0.053
vt 0.914 0.062
vt 0.914 0.078
vt 0.914 0.064
vt 0.914 0.078
vt 0.914 0.081
vt 0.914 0.064
vt 0.914 0.049
vt 0.914 0.032
vt 0.914 0.035
vt 0.914 0.048
vt 0.914 0.032
vt 0.914 0.049
vt 0.914 0.032
vt 0.914 0.032
vt 0.914 0.049
vt 0.914 0.064
vt 0.914 0.081
vt 0.914 0.065
vt 0.914 0.081
vt 0.914 0.082
vt 0.914 0.065
vt 0.914 0.051
vt 0.914 0.039
vt 0.914 0.044
vt 0.914 0.069
vt 0.914 0.06
vt 0.914 0.063
vt 0.914 0.06
vt 0.914 0.057
vt 0.914 0.063
vt 0.914 0.057
vt 0.914 0.057
vt 0.914 0.063
vt 0.914 0.057
vt 0.914 0.057
vt 0.914 0.05
vt 0.914 0.057
vt 0.914 0.053
vt 0.914 0.05
vt 0.914 0.049
vt 0.914 0.035
vt 0.914 0.051
vt 0.914 0.035
vt 0.914 0.039
vt 0.914 0.051
vt 0.914 0.076
vt 0.914 0.062
vt 0.914 0.074
vt 0.914 0.069
vt 0.914 0.074
vt 0.914 0.06
vt 0.914 0.074
vt 0.914 0.062
vt 0.914 0.06
vt 0.481 0.8
vt 0.505 0.8
vt 0.481 0.808
vt 0.505 0.8
vt 0.505 0.808
vt 0.481 0.808
vt 0.914 0.062
vt 0.914 0.076
vt 0.914 0.078
vt 0.871 0.076
vt 0.871 0.076
vt 0.919 0.076
vt 0.871 0.076
vt 0.914 0.076
vt 0.919 0.076
vt 0.481 0.777
vt 0.505 0.777
vt 0.481 0.8
vt 0.505 0.777
vt 0.505 0.8
vt 0.481 0.8
vt 0.481 0.75
vt 0.505 0.75
vt 0.481 0.777
vt 0.505 0.75
vt 0.505 0.777
vt 0.481 0.777
vt 0.481 0.72
vt 0.505 0.72
vt 0.481 0.75
vt 0.505 0.72
vt 0.505 0.75
vt 0.481 0.75
vt 0.481 0.691
vt 0.505 0.691
vt 0.481 0.72
vt 0.505 0.691
vt 0.505 0.72
vt 0.481 0.72
vt 0.481 0.664
vt 0.505 0.664
vt 0.481 0.691
vt 0.505 0.664
vt 0.505 0.691
vt 0.481 0.691
vt 0.481 0.611
vt 0.505 0.611
vt 0.481 0.622
vt 0.505 0.611
vt 0.505 0.622
vt 0.481 0.622
vt 0.481 0.607
vt 0.505 0.607
vt 0.481 0.611
vt 0.505 0.607
vt 0.505 0.611
vt 0.481 0.611
vt 0.481 0.64
vt 0.505 0.64
vt 0.481 0.664
vt 0.505 0.64
vt 0.505 0.664
vt 0.481 0.664
vt 0.481 0.622
vt 0.505 0.622
vt 0.481 0.64
vt 0.505 0.622
vt 0.505 0.64
vt 0.481 0.64
vt 0.919 0.076
vt 0.914 0.076
vt 0.919 0.076
vt 0.914 0.081
vt 0.871 0.081
vt 0.914 0.082
vt 0.871 0.081
vt 0.871 0.082
vt 0.914 0.082
vt 0.914 0.078
vt 0.871 0.078
vt 0.914 0.081
vt 0.871 0.078
vt 0.871 0.081
vt 0.914 0.081
vt 0.914 0.076
vt 0.871 0.076
vt 0.914 0.078
vt 0.871 0.076
vt 0.871 0.078
vt 0.914 0.078
vt 0.194 0.818
vt 0.207 0.808
vt 0.262 0.871
vt 0.167 0.83
vt 0.194 0.818
vt 0.262 0.871
vt 0.137 0.833
vt 0.167 0.83
vt 0.137 0.871
vt 0.262 0.871
vt 0.207 0.808
vt 0.262 0.808
vt 0.137 0.871
vt 0.167 0.83
vt 0.262 0.871
vt 0.954 0.123
vt 0.951 0.123
vt 0.958 0.123
vt 0.951 0.123
vt 0.953 0.123
vt 0.958 0.123
vt 0.954 0.123
vt 0.94 0.123
vt 0.951 0.123
vt 0.94 0.123
vt 0.943 0.123
vt 0.951 0.123
vt 0.93 0.123
vt 0.937 0.123
vt 0.94 0.123
vt 0.937 0.123
vt 0.943 0.123
vt 0.94 0.123
vt 0.93 0.123
vt 0.937 0.123
vt 0.93 0.123
vt 0.937 0.123
vt 0.937 0.123
vt 0.93 0.123
vt 0.94 0.09
vt 0.93 0.09
vt 0.94 0.102
vt 0.93 0.09
vt 0.93 0.102
vt 0.94 0.102
vt 0.94 0.102
vt 0.93 0.102
vt 0.94 0.123
vt 0.93 0.102
vt 0.93 0.123
vt 0.94 0.123
vt 0.94 0.09
vt 0.94 0.102
vt 0.954 0.09
vt 0.94 0.102
vt 0.954 0.102
vt 0.954 0.09
vt 0.94 0.102
vt 0.94 0.123
vt 0.954 0.102
vt 0.94 0.123
vt 0.954 0.123
vt 0.954 0.102
vt 0.964 0.09
vt 0.954 0.09
vt 0.964 0.102
vt 0.954 0.09
vt 0.954 0.102
vt 0.964 0.102
vt 0.964 0.102
vt 0.954 0.102
vt 0.958 0.123
vt 0.954 0.102
vt 0.954 0.123
vt 0.958 0.123
vt 0.964 0.09
vt 0.964 0.09
vt 0.964 0.102
vt 0.964 0.09
vt 0.964 0.102
vt 0.964 0.102
vt 0.964 0.102
vt 0.964 0.102
vt 0.958 0.123
vt 0.964 0.102
vt 0.958 0.123
vt 0.958 0.123
vt 0.937 0.123
vt 0.937 0.09
vt 0.937 0.123
vt 0.937 0.09
vt 0.937 0.09
vt 0.937 0.123
vt 0.937 0.123
vt 0.937 0.09
vt 0.943 0.123
vt 0.937 0.09
vt 0.943 0.09
vt 0.943 0.123
vt 0.951 0.123
vt 0.943 0.123
vt 0.951 0.09
vt 0.943 0.123
vt 0.943 0.09
vt 0.951 0.09
vt 0.951 0.123
vt 0.951 0.09
vt 0.953 0.123
vt 0.951 0.09
vt 0.953 0.09
vt 0.953 0.123
vt 0.949 0.051
vt 0.925 0.051
vt 0.949 0.053
vt 0.925 0.051
vt 0.925 0.053
vt 0.949 0.053
vt 0.949 0.048
vt 0.925 0.048
vt 0.949 0.049
vt 0.925 0.048
vt 0.925 0.049
vt 0.949 0.049
vt 0.949 0.064
vt 0.925 0.064
vt 0.949 0.065
vt 0.925 0.064
vt 0.925 0.065
vt 0.949 0.065
vt 0.949 0.06
vt 0.925 0.06
vt 0.949 0.062
vt 0.925 0.06
vt 0.925 0.062
vt 0.949 0.062
vt 0.949 0.053
vt 0.925 0.053
vt 0.949 0.057
vt 0.925 0.053
vt 0.925 0.057
vt 0.949 0.057
vt 0.949 0.049
vt 0.925 0.049
vt 0.949 0.051
vt 0.925 0.049
vt 0.925 0.051
vt 0.949 0.051
vt 0.949 0.062
vt 0.925 0.062
vt 0.949 0.064
vt 0.925 0.062
vt 0.925 0.064
vt 0.949 0.064
vt 0.949 0.057
vt 0.925 0.057
vt 0.949 0.06
vt 0.925 0.057
vt 0.925 0.06
vt 0.949 0.06
vt 0.949 0.049
vt 0.949 0.057
vt 0.949 0.048
vt 0.949 0.065
vt 0.949 0.057
vt 0.949 0.064
vt 0.949 0.06
vt 0.949 0.057
vt 0.949 0.057
vt 0.937 0.09
vt 0.953 0.09
vt 0.943 0.09
vt 0.949 0.051
vt 0.949 0.057
vt 0.949 0.049
vt 0.953 0.123
vt 0.953 0.09
vt 0.953 0.123
vt 0.953 0.09
vt 0.953 0.09
vt 0.953 0.123
vt 0.958 0.123
vt 0.953 0.123
vt 0.958 0.123
vt 0.953 0.123
vt 0.953 0.123
vt 0.958 0.123
vt 0.93 0.102
vt 0.93 0.102
vt 0.93 0.123
vt 0.93 0.102
vt 0.93 0.123
vt 0.93 0.123
vt 0.93 0.09
vt 0.93 0.09
vt 0.93 0.102
vt 0.93 0.09
vt 0.93 0.102
vt 0.93 0.102
vt 0.949 0.057
vt 0.949 0.057
vt 0.949 0.053
vt 0.949 0.064
vt 0.949 0.057
vt 0.949 0.062
vt 0.949 0.053
vt 0.949 0.057
vt 0.949 0.051
vt 0.949 0.062
vt 0.949 0.057
vt 0.949 0.06
vt 0.953 0.09
vt 0.951 0.09
vt 0.953 0.09
vt 0.285 0.508
vt 0.505 0.508
vt 0.285 0.57
vt 0.505 0.508
vt 0.505 0.57
vt 0.285 0.57
vt 0.953 0.09
vt 0.951 0.09
vt 0.943 0.09
vt 0.937 0.09
vt 0.937 0.09
vt 0.953 0.09
vt 0.954 0.09
vt 0.968 0.09
vt 0.94 0.09
vt 0.954 0.09
vt 0.964 0.09
vt 0.968 0.09
vt 0.964 0.09
vt 0.968 0.09
vt 0.968 0.09
vt 0.94 0.09
vt 0.919 0.09
vt 0.93 0.09
vt 0.964 0.09
vt 0.968 0.09
vt 0.964 0.09
vt 0.94 0.09
vt 0.968 0.09
vt 0.919 0.09
vt 0.919 0.09
vt 0.93 0.09
vt 0.93 0.09
vt 0.93 0.09
vt 0.919 0.09
vt 0.919 0.09
vt 0.925 0.051
vt 0.925 0.044
vt 0.925 0.053
vt 0.925 0.044
vt 0.925 0.05
vt 0.925 0.053
vt 0.925 0.062
vt 0.925 0.078
vt 0.925 0.064
vt 0.925 0.078
vt 0.925 0.081
vt 0.925 0.064
vt 0.925 0.049
vt 0.925 0.032
vt 0.925 0.035
vt 0.925 0.048
vt 0.925 0.032
vt 0.925 0.049
vt 0.925 0.032
vt 0.925 0.032
vt 0.925 0.049
vt 0.925 0.064
vt 0.925 0.081
vt 0.925 0.065
vt 0.925 0.081
vt 0.925 0.082
vt 0.925 0.065
vt 0.925 0.051
vt 0.925 0.039
vt 0.925 0.044
vt 0.925 0.069
vt 0.925 0.06
vt 0.925 0.063
vt 0.925 0.06
vt 0.925 0.057
vt 0.925 0.063
vt 0.925 0.057
vt 0.925 0.057
vt 0.925 0.063
vt 0.925 0.057
vt 0.925 0.057
vt 0.925 0.05
vt 0.925 0.057
vt 0.925 0.053
vt 0.925 0.05
vt 0.925 0.049
vt 0.925 0.035
vt 0.925 0.051
vt 0.925 0.035
vt 0.925 0.039
vt 0.925 0.051
vt 0.925 0.076
vt 0.925 0.062
vt 0.925 0.074
vt 0.925 0.069
vt 0.925 0.074
vt 0.925 0.06
vt 0.925 0.074
vt 0.925 0.062
vt 0.925 0.06
vt 0.481 0.5
vt 0.505 0.5
vt 0.481 0.508
vt 0.505 0.5
vt 0.505 0.508
vt 0.481 0.508
vt 0.925 0.062
vt 0.925 0.076
vt 0.925 0.078
vt 0.968 0.076
vt 0.968 0.076
vt 0.919 0.076
vt 0.968 0.076
vt 0.925 0.076
vt 0.919 0.076
vt 0.481 0.477
vt 0.505 0.477
vt 0.481 0.5
vt 0.505 0.477
vt 0.505 0.5
vt 0.481 0.5
vt 0.481 0.449
vt 0.505 0.449
vt 0.481 0.477
vt 0.505 0.449
vt 0.505 0.477
vt 0.481 0.477
vt 0.481 0.42
vt 0.505 0.42
vt 0.481 0.449
vt 0.505 0.42
vt 0.505 0.449
vt 0.481 0.449
vt 0.481 0.391
vt 0.505 0.391
vt 0.481 0.42
vt 0.505 0.391
vt 0.505 0.42
vt 0.481 0.42
vt 0.481 0.363
vt 0.505 0.363
vt 0.481 0.391
vt 0.505 0.363
vt 0.505 0.391
vt 0.481 0.391
vt 0.481 0.31
vt 0.505 0.31
vt 0.481 0.322
vt 0.505 0.31
vt 0.505 0.322
vt 0.481 0.322
vt 0.481 0.307
vt 0.505 0.307
vt 0.481 0.31
vt 0.505 0.307
vt 0.505 0.31
vt 0.481 0.31
vt 0.481 0.34
vt 0.505 0.34
vt 0.481 0.363
vt 0.505 0.34
vt 0.505 0.363
vt 0.481 0.363
vt 0.481 0.322
vt 0.505 0.322
vt 0.481 0.34
vt 0.505 0.322
vt 0.505 0.34
vt 0.481 0.34
vt 0.919 0.076
vt 0.925 0.076
vt 0.919 0.076
vt 0.925 0.081
vt 0.968 0.081
vt 0.925 0.082
vt 0.968 0.081
vt 0.968 0.082
vt 0.925 0.082
vt 0.925 0.078
vt 0.968 0.078
vt 0.925 0.081
vt 0.968 0.078
vt 0.968 0.081
vt 0.925 0.081
vt 0.925 0.076
vt 0.968 0.076
vt 0.925 0.078
vt 0.968 0.076
vt 0.968 0.078
vt 0.925 0.078
vt 0.925 0.818
vt 0.938 0.808
vt 0.993 0.871
vt 0.898 0.83
vt 0.925 0.818
vt 0.993 0.871
vt 0.868 0.833
vt 0.898 0.83
vt 0.868 0.871
vt 0.993 0.871
vt 0.938 0.808
vt 0.993 0.808
vt 0.868 0.871
vt 0.898 0.83
vt 0.993 0.871
vt 0.885 0.123
vt 0.88 0.123
vt 0.888 0.123
vt 0.88 0.123
vt 0.886 0.123
vt 0.888 0.123
vt 0.885 0.123
vt 0.888 0.123
vt 0.898 0.123
vt 0.888 0.123
vt 0.895 0.123
vt 0.898 0.123
vt 0.908 0.123
vt 0.898 0.123
vt 0.901 0.123
vt 0.898 0.123
vt 0.895 0.123
vt 0.901 0.123
vt 0.908 0.123
vt 0.908 0.123
vt 0.901 0.123
vt 0.908 0.123
vt 0.901 0.123
vt 0.901 0.123
vt 0.898 0.09
vt 0.898 0.102
vt 0.908 0.09
vt 0.898 0.102
vt 0.908 0.102
vt 0.908 0.09
vt 0.898 0.102
vt 0.898 0.123
vt 0.908 0.102
vt 0.898 0.123
vt 0.908 0.123
vt 0.908 0.102
vt 0.898 0.09
vt 0.885 0.09
vt 0.898 0.102
vt 0.885 0.09
vt 0.885 0.102
vt 0.898 0.102
vt 0.898 0.102
vt 0.885 0.102
vt 0.898 0.123
vt 0.885 0.102
vt 0.885 0.123
vt 0.898 0.123
vt 0.875 0.09
vt 0.875 0.102
vt 0.885 0.09
vt 0.875 0.102
vt 0.885 0.102
vt 0.885 0.09
vt 0.875 0.102
vt 0.88 0.123
vt 0.885 0.102
vt 0.88 0.123
vt 0.885 0.123
vt 0.885 0.102
vt 0.875 0.09
vt 0.875 0.102
vt 0.875 0.09
vt 0.875 0.102
vt 0.875 0.102
vt 0.875 0.09
vt 0.875 0.102
vt 0.88 0.123
vt 0.875 0.102
vt 0.88 0.123
vt 0.88 0.123
vt 0.875 0.102
vt 0.901 0.123
vt 0.901 0.123
vt 0.901 0.09
vt 0.901 0.123
vt 0.901 0.09
vt 0.901 0.09
vt 0.901 0.123
vt 0.895 0.123
vt 0.901 0.09
vt 0.895 0.123
vt 0.895 0.09
vt 0.901 0.09
vt 0.888 0.123
vt 0.888 0.09
vt 0.895 0.123
vt 0.888 0.09
vt 0.895 0.09
vt 0.895 0.123
vt 0.888 0.123
vt 0.886 0.123
vt 0.888 0.09
vt 0.886 0.123
vt 0.886 0.09
vt 0.888 0.09
vt 0.889 0.051
vt 0.889 0.053
vt 0.914 0.051
vt 0.889 0.053
vt 0.914 0.053
vt 0.914 0.051
vt 0.889 0.048
vt 0.889 0.049
vt 0.914 0.048
vt 0.889 0.049
vt 0.914 0.049
vt 0.914 0.048
vt 0.889 0.064
vt 0.889 0.065
vt 0.914 0.064
vt 0.889 0.065
vt 0.914 0.065
vt 0.914 0.064
vt 0.889 0.06
vt 0.889 0.062
vt 0.914 0.06
vt 0.889 0.062
vt 0.914 0.062
vt 0.914 0.06
vt 0.889 0.053
vt 0.889 0.057
vt 0.914 0.053
vt 0.889 0.057
vt 0.914 0.057
vt 0.914 0.053
vt 0.889 0.049
vt 0.889 0.051
vt 0.914 0.049
vt 0.889 0.051
vt 0.914 0.051
vt 0.914 0.049
vt 0.889 0.062
vt 0.889 0.064
vt 0.914 0.062
vt 0.889 0.064
vt 0.914 0.064
vt 0.914 0.062
vt 0.889 0.057
vt 0.889 0.06
vt 0.914 0.057
vt 0.889 0.06
vt 0.914 0.06
vt 0.914 0.057
vt 0.889 0.049
vt 0.889 0.048
vt 0.889 0.057
vt 0.889 0.065
vt 0.889 0.064
vt 0.889 0.057
vt 0.889 0.06
vt 0.889 0.057
vt 0.889 0.057
vt 0.901 0.09
vt 0.895 0.09
vt 0.886 0.09
vt 0.889 0.051
vt 0.889 0.049
vt 0.889 0.057
vt 0.886 0.123
vt 0.886 0.123
vt 0.886 0.09
vt 0.886 0.123
vt 0.886 0.09
vt 0.886 0.09
vt 0.88 0.123
vt 0.88 0.123
vt 0.886 0.123
vt 0.88 0.123
vt 0.886 0.123
vt 0.886 0.123
vt 0.908 0.102
vt 0.908 0.123
vt 0.908 0.102
vt 0.908 0.123
vt 0.908 0.123
vt 0.908 0.102
vt 0.908 0.09
vt 0.908 0.102
vt 0.908 0.09
vt 0.908 0.102
vt 0.908 0.102
vt 0.908 0.09
vt 0.889 0.057
vt 0.889 0.053
vt 0.889 0.057
vt 0.889 0.064
vt 0.889 0.062
vt 0.889 0.057
vt 0.889 0.053
vt 0.889 0.051
vt 0.889 0.057
vt 0.889 0.062
vt 0.889 0.06
vt 0.889 0.057
vt 0.886 0.09
vt 0.886 0.09
vt 0.888 0.09
vt 0.725 0.508
vt 0.725 0.57
vt 0.505 0.508
vt 0.725 0.57
vt 0.505 0.57
vt 0.505 0.508
vt 0.886 0.09
vt 0.895 0.09
vt 0.888 0.09
vt 0.901 0.09
vt 0.886 0.09
vt 0.901 0.09
vt 0.885 0.09
vt 0.898 0.09
vt 0.871 0.09
vt 0.885 0.09
vt 0.871 0.09
vt 0.875 0.09
vt 0.875 0.09
vt 0.871 0.09
vt 0.871 0.09
vt 0.898 0.09
vt 0.908 0.09
vt 0.919 0.09
vt 0.875 0.09
vt 0.875 0.09
vt 0.871 0.09
vt 0.898 0.09
vt 0.919 0.09
vt 0.871 0.09
vt 0.919 0.09
vt 0.908 0.09
vt 0.908 0.09
vt 0.908 0.09
vt 0.919 0.09
vt 0.919 0.09
vt 0.914 0.051
vt 0.914 0.053
vt 0.914 0.044
vt 0.914 0.053
vt 0.914 0.05
vt 0.914 0.044
vt 0.914 0.062
vt 0.914 0.064
vt 0.914 0.078
vt 0.914 0.064
vt 0.914 0.081
vt 0.914 0.078
vt 0.914 0.049
vt 0.914 0.035
vt 0.914 0.032
vt 0.914 0.048
vt 0.914 0.049
vt 0.914 0.032
vt 0.914 0.049
vt 0.914 0.032
vt 0.914 0.032
vt 0.914 0.064
vt 0.914 0.065
vt 0.914 0.081
vt 0.914 0.065
vt 0.914 0.082
vt 0.914 0.081
vt 0.914 0.051
vt 0.914 0.044
vt 0.914 0.039
vt 0.914 0.069
vt 0.914 0.063
vt 0.914 0.06
vt 0.914 0.06
vt 0.914 0.063
vt 0.914 0.057
vt 0.914 0.063
vt 0.914 0.057
vt 0.914 0.057
vt 0.914 0.057
vt 0.914 0.05
vt 0.914 0.057
vt 0.914 0.05
vt 0.914 0.053
vt 0.914 0.057
vt 0.914 0.049
vt 0.914 0.051
vt 0.914 0.035
vt 0.914 0.051
vt 0.914 0.039
vt 0.914 0.035
vt 0.914 0.076
vt 0.914 0.074
vt 0.914 0.062
vt 0.914 0.069
vt 0.914 0.06
vt 0.914 0.074
vt 0.914 0.06
vt 0.914 0.062
vt 0.914 0.074
vt 0.529 0.5
vt 0.529 0.508
vt 0.505 0.5
vt 0.529 0.508
vt 0.505 0.508
vt 0.505 0.5
vt 0.914 0.062
vt 0.914 0.078
vt 0.914 0.076
vt 0.871 0.076
vt 0.919 0.076
vt 0.871 0.076
vt 0.919 0.076
vt 0.914 0.076
vt 0.871 0.076
vt 0.529 0.477
vt 0.529 0.5
vt 0.505 0.477
vt 0.529 0.5
vt 0.505 0.5
vt 0.505 0.477
vt 0.529 0.449
vt 0.529 0.477
vt 0.505 0.449
vt 0.529 0.477
vt 0.505 0.477
vt 0.505 0.449
vt 0.529 0.42
vt 0.529 0.449
vt 0.505 0.42
vt 0.529 0.449
vt 0.505 0.449
vt 0.505 0.42
vt 0.529 0.391
vt 0.529 0.42
vt 0.505 0.391
vt 0.529 0.42
vt 0.505 0.42
vt 0.505 0.391
vt 0.529 0.363
vt 0.529 0.391
vt 0.505 0.363
vt 0.529 0.391
vt 0.505 0.391
vt 0.505 0.363
vt 0.529 0.31
vt 0.529 0.322
vt 0.505 0.31
vt 0.529 0.322
vt 0.505 0.322
vt 0.505 0.31
vt 0.529 0.307
vt 0.529 0.31
vt 0.505 0.307
vt 0.529 0.31
vt 0.505 0.31
vt 0.505 0.307
vt 0.529 0.34
vt 0.529 0.363
vt 0.505 0.34
vt 0.529 0.363
vt 0.505 0.363
vt 0.505 0.34
vt 0.529 0.322
vt 0.529 0.34
vt 0.505 0.322
vt 0.529 0.34
vt 0.505 0.34
vt 0.505 0.322
vt 0.919 0.076
vt 0.919 0.076
vt 0.914 0.076
vt 0.914 0.081
vt 0.914 0.082
vt 0.871 0.081
vt 0.914 0.082
vt 0.871 0.082
vt 0.871 0.081
vt 0.914 0.078
vt 0.914 0.081
vt 0.871 0.078
vt 0.914 0.081
vt 0.871 0.081
vt 0.871 0.078
vt 0.914 0.076
vt 0.914 0.078
vt 0.871 0.076
vt 0.914 0.078
vt 0.871 0.078
vt 0.871 0.076
vt 0.081 0.818
vt 0.013 0.871
vt 0.068 0.808
vt 0.108 0.83
vt 0.013 0.871
vt 0.081 0.818
vt 0.137 0.833
vt 0.137 0.871
vt 0.108 0.83
vt 0.013 0.871
vt 0.013 0.808
vt 0.068 0.808
vt 0.137 0.871
vt 0.013 0.871
vt 0.108 0.83
usemtl MB_138_official_74
s off
f 9497/10669 9498/10670 9500/10671
f 9498/10672 9778/10673 9500/10674
f 9497/10675 9500/10676 9496/10677
f 9500/10678 9501/10679 9496/10680
f 9495/10681 9496/10682 9502/10683
f 9496/10684 9501/10685 9502/10686
f 9640/10687 9495/10688 9816/10689
f 9495/10690 9502/10691 9816/10692
f 9764/10693 9504/10694 9494/10695
f 9504/10696 9503/10697 9494/10698
f 9504/10699 9771/10700 9503/10701
f 9771/10702 9769/10703 9503/10704
f 9493/10705 9762/10706 9787/10707
f 9762/10708 9505/10709 9787/10710
f 9787/10711 9505/10712 9772/10713
f 9505/10714 9773/10715 9772/10716
f 9760/10717 9506/10718 9492/10719
f 9506/10720 9788/10721 9492/10722
f 9506/10723 9775/10724 9788/10725
f 9775/10726 9774/10727 9788/10728
f 9789/10729 9491/10730 9818/10731
f 9491/10732 9646/10733 9818/10734
f 9643/10735 9819/10736 9790/10737
f 9819/10738 9776/10739 9790/10740
f 9639/10741 9784/10742 9637/10743
f 9784/10744 9507/10745 9637/10746
f 9785/10747 9782/10748 9791/10749
f 9782/10750 9508/10751 9791/10752
f 9780/10753 9509/10754 9783/10755
f 9509/10756 9794/10757 9783/10758
f 9781/10759 9779/10760 9796/10761
f 9779/10762 9510/10763 9796/10764
f 9831/10765 9525/10766 9514/10767
f 9525/10768 9515/10769 9514/10770
f 9833/10771 9527/10772 9628/10773
f 9527/10774 9513/10775 9628/10776
f 9825/10777 9648/10778 9519/10779
f 9648/10780 9636/10781 9519/10782
f 9523/10783 9522/10784 9517/10785
f 9522/10786 9518/10787 9517/10788
f 9525/10789 9524/10790 9515/10791
f 9524/10792 9516/10793 9515/10794
f 9527/10795 9831/10796 9513/10797
f 9831/10798 9514/10799 9513/10800
f 9522/10801 9825/10802 9518/10803
f 9825/10804 9519/10805 9518/10806
f 9524/10807 9523/10808 9516/10809
f 9523/10810 9517/10811 9516/10812
f 9832/10813 9656/10814 9627/10815
f 9826/10816 9521/10817 9627/10818
f 9828/10819 9829/10820 9627/10821
f 9792/10822 9795/10823 9642/10824
f 9526/10825 9832/10826 9627/10827
f 9499/10828 9644/10829 9798/10830
f 9644/10831 9815/10832 9798/10833
f 9498/10834 9645/10835 9778/10836
f 9645/10837 9777/10838 9778/10839
f 9786/10840 9770/10841 9638/10842
f 9770/10843 9768/10844 9638/10845
f 9766/10846 9786/10847 9641/10848
f 9786/10849 9638/10850 9641/10851
f 9829/10852 9830/10853 9627/10854
f 9521/10855 9827/10856 9627/10857
f 9830/10858 9526/10859 9627/10860
f 9827/10861 9828/10862 9627/10863
f 9799/10864 9642/10865 9797/10866
f 9512/10867 9511/10868 9572/10869
f 9511/10870 9834/10871 9572/10872
f 9642/10873 9795/10874 9797/10875
f 9792/10876 9642/10877 9793/10878
f 9763/10879 9765/10880 9800/10881
f 9763/10882 9800/10883 9761/10884
f 9761/10885 9800/10886 9657/10887
f 9765/10888 9767/10889 9573/10890
f 9759/10891 9761/10892 9657/10893
f 9765/10894 9573/10895 9800/10896
f 9697/10897 9767/10898 9817/10899
f 9767/10900 9697/10901 9573/10902
f 9805/10903 9806/10904 9531/10905
f 9806/10906 9532/10907 9531/10908
f 9809/10909 9810/10910 9536/10911
f 9810/10912 9537/10913 9536/10914
f 9804/10915 9529/10916 9528/10917
f 9820/10918 9804/10919 9658/10920
f 9804/10921 9528/10922 9658/10923
f 9810/10924 9811/10925 9537/10926
f 9811/10927 9669/10928 9537/10929
f 9805/10930 9531/10931 9530/10932
f 9534/10933 9533/10934 9808/10935
f 9808/10936 9533/10937 9807/10938
f 9533/10939 9520/10940 9807/10941
f 9520/10942 9532/10943 9807/10944
f 9532/10945 9806/10946 9807/10947
f 9804/10948 9805/10949 9529/10950
f 9805/10951 9530/10952 9529/10953
f 9540/10954 9535/10955 9809/10956
f 9534/10957 9808/10958 9535/10959
f 9808/10960 9809/10961 9535/10962
f 9839/10963 9841/10964 9602/10965
f 9841/10966 9603/10967 9602/10968
f 9809/10969 9536/10970 9540/10971
f 9802/10972 9822/10973 9538/10974
f 9822/10975 9840/10976 9538/10977
f 9838/10978 9839/10979 9601/10980
f 9839/10981 9602/10982 9601/10983
f 9837/10984 9838/10985 9600/10986
f 9838/10987 9601/10988 9600/10989
f 9836/10990 9837/10991 9594/10992
f 9837/10993 9600/10994 9594/10995
f 9835/10996 9836/10997 9599/10998
f 9836/10999 9594/11000 9599/11001
f 9821/11002 9835/11003 9598/11004
f 9835/11005 9599/11006 9598/11007
f 9823/11008 9813/11009 9595/11010
f 9813/11011 9596/11012 9595/11013
f 9824/11014 9823/11015 9747/11016
f 9823/11017 9595/11018 9747/11019
f 9812/11020 9821/11021 9597/11022
f 9821/11023 9598/11024 9597/11025
f 9813/11026 9812/11027 9596/11028
f 9812/11029 9597/11030 9596/11031
f 9822/11032 9851/11033 9840/11034
f 9844/11035 9845/11036 9541/11037
f 9845/11038 9674/11039 9541/11040
f 9843/11041 9844/11042 9539/11043
f 9844/11044 9541/11045 9539/11046
f 9842/11047 9843/11048 9848/11049
f 9843/11050 9539/11051 9848/11052
f 9850/11053 9801/11054 9849/11055
f 9846/11056 9801/11057 9850/11058
f 9847/11059 9814/11060 9846/11061
f 9801/11062 9803/11063 9849/11064
f 9814/11065 9801/11066 9846/11067
f 9548/11068 9551/11069 9549/11070
f 9551/11071 9871/11072 9549/11073
f 9548/11074 9547/11075 9551/11076
f 9547/11077 9552/11078 9551/11079
f 9546/11080 9553/11081 9547/11082
f 9553/11083 9552/11084 9547/11085
f 9711/11086 9909/11087 9546/11088
f 9909/11089 9553/11090 9546/11091
f 9857/11092 9545/11093 9555/11094
f 9545/11095 9554/11096 9555/11097
f 9555/11098 9554/11099 9864/11100
f 9554/11101 9862/11102 9864/11103
f 9544/11104 9880/11105 9855/11106
f 9880/11107 9556/11108 9855/11109
f 9880/11110 9865/11111 9556/11112
f 9865/11113 9866/11114 9556/11115
f 9853/11116 9543/11117 9557/11118
f 9543/11119 9881/11120 9557/11121
f 9557/11122 9881/11123 9868/11124
f 9881/11125 9867/11126 9868/11127
f 9717/11128 9542/11129 9911/11130
f 9542/11131 9882/11132 9911/11133
f 9714/11134 9883/11135 9912/11136
f 9883/11137 9869/11138 9912/11139
f 9710/11140 9708/11141 9877/11142
f 9708/11143 9558/11144 9877/11145
f 9878/11146 9884/11147 9875/11148
f 9884/11149 9559/11150 9875/11151
f 9873/11152 9876/11153 9560/11154
f 9876/11155 9887/11156 9560/11157
f 9874/11158 9889/11159 9872/11160
f 9889/11161 9561/11162 9872/11163
f 9923/11164 9565/11165 9578/11166
f 9565/11167 9566/11168 9578/11169
f 9925/11170 9699/11171 9580/11172
f 9699/11173 9564/11174 9580/11175
f 9917/11176 9570/11177 9721/11178
f 9570/11179 9707/11180 9721/11181
f 9576/11182 9568/11183 9575/11184
f 9568/11185 9569/11186 9575/11187
f 9578/11188 9566/11189 9577/11190
f 9566/11191 9567/11192 9577/11193
f 9580/11194 9564/11195 9923/11196
f 9564/11197 9565/11198 9923/11199
f 9575/11200 9569/11201 9917/11202
f 9569/11203 9570/11204 9917/11205
f 9577/11206 9567/11207 9576/11208
f 9567/11209 9568/11210 9576/11211
f 9924/11212 9698/11213 9729/11214
f 9918/11215 9698/11216 9574/11217
f 9920/11218 9698/11219 9921/11220
f 9885/11221 9713/11222 9888/11223
f 9579/11224 9698/11225 9924/11226
f 9550/11227 9891/11228 9715/11229
f 9891/11230 9908/11231 9715/11232
f 9549/11233 9871/11234 9716/11235
f 9871/11236 9870/11237 9716/11238
f 9879/11239 9709/11240 9863/11241
f 9709/11242 9861/11243 9863/11244
f 9859/11245 9712/11246 9879/11247
f 9712/11248 9709/11249 9879/11250
f 9921/11251 9698/11252 9922/11253
f 9574/11254 9698/11255 9919/11256
f 9922/11257 9698/11258 9579/11259
f 9919/11260 9698/11261 9920/11262
f 9892/11263 9890/11264 9713/11265
f 9563/11266 9572/11267 9562/11268
f 9572/11269 9834/11270 9562/11271
f 9713/11272 9890/11273 9888/11274
f 9885/11275 9886/11276 9713/11277
f 9856/11278 9893/11279 9858/11280
f 9856/11281 9854/11282 9893/11283
f 9854/11284 9730/11285 9893/11286
f 9858/11287 9573/11288 9860/11289
f 9852/11290 9730/11291 9854/11292
f 9858/11293 9893/11294 9573/11295
f 9697/11296 9910/11297 9860/11298
f 9860/11299 9573/11300 9697/11301
f 9898/11302 9584/11303 9899/11304
f 9584/11305 9585/11306 9899/11307
f 9902/11308 9589/11309 9903/11310
f 9589/11311 9590/11312 9903/11313
f 9897/11314 9581/11315 9582/11316
f 9913/11317 9731/11318 9897/11319
f 9731/11320 9581/11321 9897/11322
f 9903/11323 9590/11324 9904/11325
f 9590/11326 9742/11327 9904/11328
f 9898/11329 9583/11330 9584/11331
f 9587/11332 9901/11333 9586/11334
f 9901/11335 9900/11336 9586/11337
f 9900/11338 9571/11339 9586/11340
f 9571/11341 9900/11342 9585/11343
f 9900/11344 9899/11345 9585/11346
f 9897/11347 9582/11348 9898/11349
f 9582/11350 9583/11351 9898/11352
f 9593/11353 9902/11354 9588/11355
f 9587/11356 9588/11357 9901/11358
f 9588/11359 9902/11360 9901/11361
f 9930/11362 9602/11363 9932/11364
f 9602/11365 9603/11366 9932/11367
f 9902/11368 9593/11369 9589/11370
f 9895/11371 9591/11372 9822/11373
f 9591/11374 9931/11375 9822/11376
f 9929/11377 9601/11378 9930/11379
f 9601/11380 9602/11381 9930/11382
f 9928/11383 9600/11384 9929/11385
f 9600/11386 9601/11387 9929/11388
f 9927/11389 9594/11390 9928/11391
f 9594/11392 9600/11393 9928/11394
f 9926/11395 9599/11396 9927/11397
f 9599/11398 9594/11399 9927/11400
f 9914/11401 9598/11402 9926/11403
f 9598/11404 9599/11405 9926/11406
f 9915/11407 9595/11408 9906/11409
f 9595/11410 9596/11411 9906/11412
f 9916/11413 9747/11414 9915/11415
f 9747/11416 9595/11417 9915/11418
f 9905/11419 9597/11420 9914/11421
f 9597/11422 9598/11423 9914/11424
f 9906/11425 9596/11426 9905/11427
f 9596/11428 9597/11429 9905/11430
f 9822/11431 9931/11432 9851/11433
f 9935/11434 9604/11435 9936/11436
f 9604/11437 9758/11438 9936/11439
f 9934/11440 9592/11441 9935/11442
f 9592/11443 9604/11444 9935/11445
f 9933/11446 9939/11447 9934/11448
f 9939/11449 9592/11450 9934/11451
f 9941/11452 9940/11453 9894/11454
f 9937/11455 9941/11456 9894/11457
f 9938/11458 9937/11459 9907/11460
f 9894/11461 9940/11462 9896/11463
f 9907/11464 9937/11465 9894/11466
f 9611/11467 9614/11468 9612/11469
f 9614/11470 9958/11471 9612/11472
f 9611/11473 9610/11474 9614/11475
f 9610/11476 9615/11477 9614/11478
f 9609/11479 9616/11480 9610/11481
f 9616/11482 9615/11483 9610/11484
f 9640/11485 9816/11486 9609/11487
f 9816/11488 9616/11489 9609/11490
f 9946/11491 9608/11492 9618/11493
f 9608/11494 9617/11495 9618/11496
f 9618/11497 9617/11498 9952/11499
f 9617/11500 9950/11501 9952/11502
f 9607/11503 9967/11504 9944/11505
f 9967/11506 9619/11507 9944/11508
f 9967/11509 9953/11510 9619/11511
f 9953/11512 9954/11513 9619/11514
f 9942/11515 9606/11516 9620/11517
f 9606/11518 9968/11519 9620/11520
f 9620/11521 9968/11522 9956/11523
f 9968/11524 9955/11525 9956/11526
f 9646/11527 9605/11528 9818/11529
f 9605/11530 9969/11531 9818/11532
f 9643/11533 9970/11534 9819/11535
f 9970/11536 9957/11537 9819/11538
f 9639/11539 9637/11540 9964/11541
f 9637/11542 9621/11543 9964/11544
f 9965/11545 9971/11546 9962/11547
f 9971/11548 9622/11549 9962/11550
f 9960/11551 9963/11552 9623/11553
f 9963/11554 9973/11555 9623/11556
f 9961/11557 9975/11558 9959/11559
f 9975/11560 9624/11561 9959/11562
f 10000/11563 9630/11564 9653/11565
f 9630/11566 9631/11567 9653/11568
f 9833/11569 9628/11570 9655/11571
f 9628/11572 9629/11573 9655/11574
f 9995/11575 9635/11576 9648/11577
f 9635/11578 9636/11579 9648/11580
f 9651/11581 9633/11582 9650/11583
f 9633/11584 9634/11585 9650/11586
f 9653/11587 9631/11588 9652/11589
f 9631/11590 9632/11591 9652/11592
f 9655/11593 9629/11594 10000/11595
f 9629/11596 9630/11597 10000/11598
f 9650/11599 9634/11600 9995/11601
f 9634/11602 9635/11603 9995/11604
f 9652/11605 9632/11606 9651/11607
f 9632/11608 9633/11609 9651/11610
f 10001/11611 9627/11612 9656/11613
f 9826/11614 9627/11615 9649/11616
f 9997/11617 9627/11618 9998/11619
f 9972/11620 9642/11621 9974/11622
f 9654/11623 9627/11624 10001/11625
f 9613/11626 9977/11627 9644/11628
f 9977/11629 9815/11630 9644/11631
f 9612/11632 9958/11633 9645/11634
f 9958/11635 9777/11636 9645/11637
f 9966/11638 9638/11639 9951/11640
f 9638/11641 9768/11642 9951/11643
f 9948/11644 9641/11645 9966/11646
f 9641/11647 9638/11648 9966/11649
f 9998/11650 9627/11651 9999/11652
f 9649/11653 9627/11654 9996/11655
f 9999/11656 9627/11657 9654/11658
f 9996/11659 9627/11660 9997/11661
f 9978/11662 9976/11663 9642/11664
f 9626/11665 9719/11666 9625/11667
f 9719/11668 10002/11669 9625/11670
f 9642/11671 9976/11672 9974/11673
f 9972/11674 9793/11675 9642/11676
f 9945/11677 9979/11678 9947/11679
f 9945/11680 9943/11681 9979/11682
f 9943/11683 9657/11684 9979/11685
f 9947/11686 9720/11687 9949/11688
f 9759/11689 9657/11690 9943/11691
f 9947/11692 9979/11693 9720/11694
f 9697/11695 9817/11696 9949/11697
f 9949/11698 9720/11699 9697/11700
f 9984/11701 9662/11702 9985/11703
f 9662/11704 9663/11705 9985/11706
f 9988/11707 9667/11708 9989/11709
f 9667/11710 9668/11711 9989/11712
f 9983/11713 9659/11714 9660/11715
f 9820/11716 9658/11717 9983/11718
f 9658/11719 9659/11720 9983/11721
f 9989/11722 9668/11723 9811/11724
f 9668/11725 9669/11726 9811/11727
f 9984/11728 9661/11729 9662/11730
f 9665/11731 9987/11732 9664/11733
f 9987/11734 9986/11735 9664/11736
f 9986/11737 9647/11738 9664/11739
f 9647/11740 9986/11741 9663/11742
f 9986/11743 9985/11744 9663/11745
f 9983/11746 9660/11747 9984/11748
f 9660/11749 9661/11750 9984/11751
f 9672/11752 9988/11753 9666/11754
f 9665/11755 9666/11756 9987/11757
f 9666/11758 9988/11759 9987/11760
f 10007/11761 9755/11762 10009/11763
f 9755/11764 9756/11765 10009/11766
f 9988/11767 9672/11768 9667/11769
f 9981/11770 9670/11771 9993/11772
f 9670/11773 10008/11774 9993/11775
f 10006/11776 9754/11777 10007/11778
f 9754/11779 9755/11780 10007/11781
f 10005/11782 9753/11783 10006/11784
f 9753/11785 9754/11786 10006/11787
f 10004/11788 9746/11789 10005/11790
f 9746/11791 9753/11792 10005/11793
f 10003/11794 9752/11795 10004/11796
f 9752/11797 9746/11798 10004/11799
f 9992/11800 9751/11801 10003/11802
f 9751/11803 9752/11804 10003/11805
f 9994/11806 9748/11807 9991/11808
f 9748/11809 9749/11810 9991/11811
f 9824/11812 9747/11813 9994/11814
f 9747/11815 9748/11816 9994/11817
f 9990/11818 9750/11819 9992/11820
f 9750/11821 9751/11822 9992/11823
f 9991/11824 9749/11825 9990/11826
f 9749/11827 9750/11828 9990/11829
f 9993/11830 10008/11831 10017/11832
f 10012/11833 9673/11834 9845/11835
f 9673/11836 9674/11837 9845/11838
f 10011/11839 9671/11840 10012/11841
f 9671/11842 9673/11843 10012/11844
f 10010/11845 10014/11846 10011/11847
f 10014/11848 9671/11849 10011/11850
f 10016/11851 10015/11852 9980/11853
f 10013/11854 10016/11855 9980/11856
f 9847/11857 10013/11858 9814/11859
f 9980/11860 10015/11861 9982/11862
f 9814/11863 10013/11864 9980/11865
f 9681/11866 9682/11867 9684/11868
f 9682/11869 10034/11870 9684/11871
f 9681/11872 9684/11873 9680/11874
f 9684/11875 9685/11876 9680/11877
f 9679/11878 9680/11879 9686/11880
f 9680/11881 9685/11882 9686/11883
f 9711/11884 9679/11885 9909/11886
f 9679/11887 9686/11888 9909/11889
f 10022/11890 9688/11891 9678/11892
f 9688/11893 9687/11894 9678/11895
f 9688/11896 10028/11897 9687/11898
f 10028/11899 10026/11900 9687/11901
f 9677/11902 10020/11903 10043/11904
f 10020/11905 9689/11906 10043/11907
f 10043/11908 9689/11909 10029/11910
f 9689/11911 10030/11912 10029/11913
f 10018/11914 9690/11915 9676/11916
f 9690/11917 10044/11918 9676/11919
f 9690/11920 10032/11921 10044/11922
f 10032/11923 10031/11924 10044/11925
f 9717/11926 9911/11927 9675/11928
f 9911/11929 10045/11930 9675/11931
f 9714/11932 9912/11933 10046/11934
f 9912/11935 10033/11936 10046/11937
f 9710/11938 10040/11939 9708/11940
f 10040/11941 9691/11942 9708/11943
f 10041/11944 10038/11945 10047/11946
f 10038/11947 9692/11948 10047/11949
f 10036/11950 9693/11951 10039/11952
f 9693/11953 10049/11954 10039/11955
f 10037/11956 10035/11957 10051/11958
f 10035/11959 9694/11960 10051/11961
f 10075/11962 9726/11963 9701/11964
f 9726/11965 9702/11966 9701/11967
f 9925/11968 9728/11969 9699/11970
f 9728/11971 9700/11972 9699/11973
f 10070/11974 9721/11975 9706/11976
f 9721/11977 9707/11978 9706/11979
f 9724/11980 9723/11981 9704/11982
f 9723/11983 9705/11984 9704/11985
f 9726/11986 9725/11987 9702/11988
f 9725/11989 9703/11990 9702/11991
f 9728/11992 10075/11993 9700/11994
f 10075/11995 9701/11996 9700/11997
f 9723/11998 10070/11999 9705/12000
f 10070/12001 9706/12002 9705/12003
f 9725/12004 9724/12005 9703/12006
f 9724/12007 9704/12008 9703/12009
f 10076/12010 9729/12011 9698/12012
f 9918/12013 9722/12014 9698/12015
f 10072/12016 10073/12017 9698/12018
f 10048/12019 10050/12020 9713/12021
f 9727/12022 10076/12023 9698/12024
f 9683/12025 9715/12026 10053/12027
f 9715/12028 9908/12029 10053/12030
f 9682/12031 9716/12032 10034/12033
f 9716/12034 9870/12035 10034/12036
f 10042/12037 10027/12038 9709/12039
f 10027/12040 9861/12041 9709/12042
f 10024/12043 10042/12044 9712/12045
f 10042/12046 9709/12047 9712/12048
f 10073/12049 10074/12050 9698/12051
f 9722/12052 10071/12053 9698/12054
f 10074/12055 9727/12056 9698/12057
f 10071/12058 10072/12059 9698/12060
f 10054/12061 9713/12062 10052/12063
f 9696/12064 9695/12065 9719/12066
f 9695/12067 10002/12068 9719/12069
f 9713/12070 10050/12071 10052/12072
f 10048/12073 9713/12074 9886/12075
f 10021/12076 10023/12077 10055/12078
f 10021/12079 10055/12080 10019/12081
f 10019/12082 10055/12083 9730/12084
f 10023/12085 10025/12086 9720/12087
f 9852/12088 10019/12089 9730/12090
f 10023/12091 9720/12092 10055/12093
f 9697/12094 10025/12095 9910/12096
f 10025/12097 9697/12098 9720/12099
f 10060/12100 10061/12101 9735/12102
f 10061/12103 9736/12104 9735/12105
f 10064/12106 10065/12107 9740/12108
f 10065/12109 9741/12110 9740/12111
f 10059/12112 9733/12113 9732/12114
f 9913/12115 10059/12116 9731/12117
f 10059/12118 9732/12119 9731/12120
f 10065/12121 9904/12122 9741/12123
f 9904/12124 9742/12125 9741/12126
f 10060/12127 9735/12128 9734/12129
f 9738/12130 9737/12131 10063/12132
f 10063/12133 9737/12134 10062/12135
f 9737/12136 9718/12137 10062/12138
f 9718/12139 9736/12140 10062/12141
f 9736/12142 10061/12143 10062/12144
f 10059/12145 10060/12146 9733/12147
f 10060/12148 9734/12149 9733/12150
f 9745/12151 9739/12152 10064/12153
f 9738/12154 10063/12155 9739/12156
f 10063/12157 10064/12158 9739/12159
f 10081/12160 10083/12161 9755/12162
f 10083/12163 9756/12164 9755/12165
f 10064/12166 9740/12167 9745/12168
f 10057/12169 9993/12170 9743/12171
f 9993/12172 10082/12173 9743/12174
f 10080/12175 10081/12176 9754/12177
f 10081/12178 9755/12179 9754/12180
f 10079/12181 10080/12182 9753/12183
f 10080/12184 9754/12185 9753/12186
f 10078/12187 10079/12188 9746/12189
f 10079/12190 9753/12191 9746/12192
f 10077/12193 10078/12194 9752/12195
f 10078/12196 9746/12197 9752/12198
f 10068/12199 10077/12200 9751/12201
f 10077/12202 9752/12203 9751/12204
f 10069/12205 10067/12206 9748/12207
f 10067/12208 9749/12209 9748/12210
f 9916/12211 10069/12212 9747/12213
f 10069/12214 9748/12215 9747/12216
f 10066/12217 10068/12218 9750/12219
f 10068/12220 9751/12221 9750/12222
f 10067/12223 10066/12224 9749/12225
f 10066/12226 9750/12227 9749/12228
f 9993/12229 10017/12230 10082/12231
f 10086/12232 9936/12233 9757/12234
f 9936/12235 9758/12236 9757/12237
f 10085/12238 10086/12239 9744/12240
f 10086/12241 9757/12242 9744/12243
f 10084/12244 10085/12245 10088/12246
f 10085/12247 9744/12248 10088/12249
f 10090/12250 10056/12251 10089/12252
f 10087/12253 10056/12254 10090/12255
f 9938/12256 9907/12257 10087/12258
f 10056/12259 10058/12260 10089/12261
f 9907/12262 10056/12263 10087/12264
o Part.14
v -5.8 -7.148 -1.7
v -5.8 -4.3 -1.7
v -3 -4.3 -1.7
v -4 -8 -1.7
v -4.918 -7.817 -1.7
v -5.703 -7.299 -1.7
v -4 -3.114 -1.7
v -6.212 -6.526 -1.7
v -3.519 -3.243 -1.7
v -6.4 -5.469 -1.7
v -4.481 -3.243 -1.7
v -4 -11.2 -2
v -4.918 -11.383 -2
v -5.697 -11.903 -2
v -6.217 -12.682 -2
v -6.4 -13.6 -2
v -6.217 -14.518 -2
v -5.697 -15.297 -2
v -4.918 -15.817 -2
v -4 -16 -2
v -3.082 -15.817 -2
v -2.303 -15.297 -2
v -1.783 -14.518 -2
v -1.6 -13.6 -2
v -1.783 -12.682 -2
v -2.303 -11.903 -2
v -3.082 -11.383 -2
v -4 -11.2 -3.6
v -4.918 -11.383 -3.6
v -5.697 -11.903 -3.6
v -6.217 -12.682 -3.6
v -6.4 -13.6 -3.6
v -6.217 -14.518 -3.6
v -5.697 -15.297 -3.6
v -4.918 -15.817 -3.6
v -4 -16 -3.6
v -3.082 -15.817 -3.6
v -2.303 -15.297 -3.6
v -1.783 -14.518 -3.6
v -1.6 -13.6 -3.6
v -1.783 -12.682 -3.6
v -2.303 -11.903 -3.6
v -3.082 -11.383 -3.6
v -5.697 -7.297 1.881
v -4.918 -7.817 1.541
v -4 -8 1.311
v -3.082 -7.817 1.541
v -4 -3.114 -1.393
v -4.634 -3.284 -1.797
v -5.702 -3.857 -2.545
v -6.2 -4.602 -3.117
v -6.4 -5.469 -3.476
v -6.212 -6.526 -3.6
v -5.703 -7.299 -3.6
v -4.918 -7.817 -3.6
v -4 -8 -3.6
v -3.082 -7.817 -3.6
v -2.3 -7.299 -3.6
v -1.781 -6.52 -3.6
v -1.6 -5.469 -3.476
v -1.792 -4.602 -3.117
v -2.298 -3.857 -2.545
v -3.366 -3.284 -1.797
v -0.84 -6.4 -3.6
v -0.84 -9.363 2
v -0.84 -8.944 2.543
v -0.84 -8.199 3.115
v -0.84 -7.332 3.474
v -0.84 -6.4 3.597
v -0.84 -5.469 3.474
v -0.84 -4.602 3.115
v -0.84 -3.857 2.543
v -0.84 -3.285 1.798
v -0.84 -2.925 0.93
v -0.84 -2.8 0
v -0.84 -2.925 -0.932
v -0.84 -3.285 -1.798
v -0.84 -3.857 -2.545
v -0.84 -4.602 -3.117
v -0.84 -5.469 -3.476
v -7.319 -6.4 -3.599
v -7.406 -8.944 2.543
v -7.381 -8.199 3.115
v -7.319 -6.4 3.597
v -7.287 -5.469 3.474
v -7.233 -3.857 2.543
v -7.2 -2.925 0.93
v -7.2 -2.925 -0.932
v -7.208 -3.285 -1.798
v -7.233 -3.857 -2.545
v -7.258 -4.602 -3.117
v -7.287 -5.469 -3.476
v -0.84 -9.665 2
v -0.84 -10.18 0.806
v -0.84 -10.299 0
v -0.84 -10.173 -0.932
v -0.84 -9.86 -1.85
v -0.84 -9.376 -2.545
v -0.84 -8.792 -3.117
v -0.84 -8.336 -3.481
v -0.84 -8.118 -3.6
v -0.5 -8.118 -3.6
v -0.5 -8.336 -3.481
v -0.5 -8.792 -3.117
v -0.5 -9.376 -2.545
v -0.5 -9.86 -1.85
v -0.5 -10.173 -0.932
v -0.5 -10.299 0
v -0.5 -10.18 0.806
v -0.5 -9.665 2
v -0.5 -17.58 -3.6
v -7.7 -17.58 -3.6
v -7.7 -17.58 4.36
v -1.6 -17.58 2.8
v -0.5 -14.4 2
v -7.592 -14.4 2
v -0.5 -14.4 4.36
v -0.5 -17.58 4.36
v -1.6 -17.58 -2
v -3 -6.859 -1.109
v -3 -7.249 -0.849
v -3 -7.509 -0.459
v -3 -7.6 0
v -3 -7.509 0.459
v -3 -7.249 0.849
v -3 -6.859 1.109
v -3 -6.4 1.2
v -3 -5.941 1.109
v -3 -5.551 0.849
v -3 -5.291 0.459
v -3 -5.2 0
v -3 -5.291 -0.459
v -3 -5.551 -0.849
v -3 -5.941 -1.109
v -3 -6.4 -1.2
v -7.42 -9.363 2
v -7.351 -7.332 3.474
v -7.258 -4.602 3.115
v -7.213 -3.285 1.798
v -7.197 -2.8 0
v -7.592 -14.4 4.36
v -6.4 -17.58 -2
v -6.4 -17.58 2.8
v -6.4 -15.6 1.2
v -6.4 -15.6 2.8
v -1.6 -15.6 1.2
v -1.6 -15.6 2.8
v -1.6 -8.6 -2
v -1.6 -8.6 1.2
v -6.4 -8.6 -2
v -6.4 -8.6 1.2
v -5.8 -4.842 1.393
v -5.8 -7.148 1.921
v -5.8 -5.6 1.936
v -2.298 -3.857 -1.7
v -1.781 -6.52 -1.7
v -1.6 -5.504 -1.7
v -1.791 -4.645 -1.7
v -3.082 -7.817 -1.7
v -6.2 -4.602 -1.7
v -0.84 -6.4 -1.2
v -0.84 -5.941 -1.109
v -0.84 -5.551 -0.849
v -0.84 -5.291 -0.459
v -0.84 -5.2 0
v -0.84 -5.291 0.459
v -0.84 -5.551 0.849
v -0.84 -5.941 1.109
v -0.84 -6.4 1.2
v -0.84 -6.859 1.109
v -0.84 -7.249 0.849
v -0.84 -7.509 0.459
v -0.84 -7.6 0
v -0.84 -7.509 -0.459
v -0.84 -7.249 -0.849
v -0.84 -6.859 -1.109
v -2.02 -4.3 -1.7
v -2.3 -7.299 -1.7
v -3 -7.762 -1.7
v -5.702 -3.857 -1.7
v -4.634 -3.284 -1.7
v -3.366 -3.284 -1.7
v -5.8 -4.3 0.699
v -3 -4.3 0.699
v -5.8 -6.518 2.074
v -3 -7.765 1.574
v -3 -7.297 1.881
v -3 -6.518 2.074
v -3 -5.6 1.936
v -3 -4.842 1.393
v -5.8 -7.148 -1.7
v -5.8 -7.148 -1.7
v -5.8 -4.3 -1.7
v -5.8 -4.3 -1.7
v -4 -3.114 -1.7
v -3.519 -3.243 -1.7
v -3.519 -3.243 -1.7
v -3.519 -3.243 -1.7
v -4.481 -3.243 -1.7
v -4.481 -3.243 -1.7
v -4.481 -3.243 -1.7
v -4 -3.114 -1.393
v -6.2 -4.602 -1.7
v -5.702 -3.857 -1.7
v -3 -4.3 -1.7
v -3 -4.3 -1.7
v -3 -7.762 -1.7
v -3 -7.762 -1.7
v -4 -11.2 -2
v -4.918 -11.383 -2
v -5.697 -11.903 -2
v -6.217 -12.682 -2
v -6.4 -13.6 -2
v -6.4 -13.6 -2
v -6.4 -13.6 -2
v -6.217 -14.518 -2
v -5.697 -15.297 -2
v -4.918 -15.817 -2
v -4 -16 -2
v -3.082 -15.817 -2
v -2.303 -15.297 -2
v -1.783 -14.518 -2
v -1.6 -13.6 -2
v -1.6 -13.6 -2
v -1.6 -13.6 -2
v -1.783 -12.682 -2
v -2.303 -11.903 -2
v -3.082 -11.383 -2
v -4 -11.2 -3.6
v -4.918 -11.383 -3.6
v -5.697 -11.903 -3.6
v -6.217 -12.682 -3.6
v -6.4 -13.6 -3.6
v -6.217 -14.518 -3.6
v -5.697 -15.297 -3.6
v -4.918 -15.817 -3.6
v -4 -16 -3.6
v -3.082 -15.817 -3.6
v -2.303 -15.297 -3.6
v -1.783 -14.518 -3.6
v -1.6 -13.6 -3.6
v -1.783 -12.682 -3.6
v -2.303 -11.903 -3.6
v -3.082 -11.383 -3.6
v -5.697 -7.297 1.881
v -4.918 -7.817 1.541
v -4 -8 1.311
v -3.082 -7.817 1.541
v -4.634 -3.284 -1.797
v -5.702 -3.857 -2.545
v -6.2 -4.602 -3.117
v -6.4 -5.469 -3.476
v -6.212 -6.526 -3.6
v -5.703 -7.299 -3.6
v -4.918 -7.817 -3.6
v -4 -8 -3.6
v -3.082 -7.817 -3.6
v -2.3 -7.299 -3.6
v -1.781 -6.52 -3.6
v -1.6 -5.469 -3.476
v -1.792 -4.602 -3.117
v -2.298 -3.857 -2.545
v -3.366 -3.284 -1.797
v -7.197 -2.8 0
v -7.2 -2.925 -0.932
v -7.213 -3.285 1.798
v -7.2 -2.925 0.93
v -7.258 -4.602 3.115
v -7.233 -3.857 2.543
v -7.351 -7.332 3.474
v -7.319 -6.4 3.597
v -7.42 -9.363 2
v -7.42 -9.363 2
v -7.406 -8.944 2.543
v -0.84 -9.363 2
v -0.84 -9.363 2
v -0.84 -8.944 2.543
v -0.84 -8.199 3.115
v -7.381 -8.199 3.115
v -0.84 -7.332 3.474
v -0.84 -6.4 3.597
v -0.84 -5.469 3.474
v -7.287 -5.469 3.474
v -0.84 -4.602 3.115
v -0.84 -3.857 2.543
v -0.84 -3.285 1.798
v -0.84 -2.925 0.93
v -0.84 -2.8 0
v -0.84 -2.925 -0.932
v -0.84 -3.285 -1.798
v -7.208 -3.285 -1.798
v -0.84 -3.857 -2.545
v -7.233 -3.857 -2.545
v -0.84 -4.602 -3.117
v -7.258 -4.602 -3.117
v -0.84 -5.469 -3.476
v -7.287 -5.469 -3.476
v -0.84 -6.4 -3.6
v -7.319 -6.4 -3.599
v -0.84 -9.665 2
v -0.84 -9.665 2
v -0.84 -10.18 0.806
v -0.84 -10.299 0
v -0.84 -10.173 -0.932
v -0.84 -9.86 -1.85
v -0.84 -9.376 -2.545
v -7.7 -17.58 -3.6
v -7.7 -17.58 -3.6
v -0.84 -8.792 -3.117
v -0.84 -8.336 -3.481
v -0.84 -8.118 -3.6
v -0.84 -8.118 -3.6
v -0.5 -8.118 -3.6
v -0.5 -8.118 -3.6
v -0.5 -8.336 -3.481
v -0.5 -8.792 -3.117
v -0.5 -9.376 -2.545
v -0.5 -9.86 -1.85
v -0.5 -10.173 -0.932
v -0.5 -10.299 0
v -0.5 -10.18 0.806
v -0.5 -9.665 2
v -0.5 -9.665 2
v -1.6 -17.58 2.8
v -1.6 -17.58 2.8
v -1.6 -17.58 -2
v -1.6 -17.58 -2
v -0.5 -14.4 2
v -0.5 -14.4 2
v -0.5 -14.4 4.36
v -0.5 -14.4 4.36
v -0.5 -17.58 4.36
v -0.5 -17.58 4.36
v -0.5 -17.58 -3.6
v -0.5 -17.58 -3.6
v -3 -6.4 -1.2
v -3 -6.859 -1.109
v -3 -7.249 -0.849
v -3 -7.509 -0.459
v -3 -7.6 0
v -3 -7.509 0.459
v -3 -7.249 0.849
v -3 -6.859 1.109
v -3 -6.4 1.2
v -3 -5.941 1.109
v -3 -5.551 0.849
v -3 -5.291 0.459
v -3 -5.2 0
v -3 -5.291 -0.459
v -3 -5.551 -0.849
v -3 -5.941 -1.109
v -6.4 -17.58 -2
v -6.4 -17.58 -2
v -7.592 -14.4 4.36
v -7.592 -14.4 4.36
v -7.592 -14.4 2
v -7.592 -14.4 2
v -6.4 -15.6 1.2
v -6.4 -15.6 1.2
v -6.4 -15.6 2.8
v -6.4 -15.6 2.8
v -1.6 -15.6 2.8
v -1.6 -15.6 2.8
v -1.6 -15.6 1.2
v -1.6 -15.6 1.2
v -1.6 -8.6 1.2
v -1.6 -8.6 1.2
v -6.4 -8.6 1.2
v -6.4 -8.6 1.2
v -1.6 -8.6 -2
v -1.6 -8.6 -2
v -6.4 -8.6 -2
v -6.4 -8.6 -2
v -6.4 -17.58 2.8
v -6.4 -17.58 2.8
v -7.7 -17.58 4.36
v -7.7 -17.58 4.36
v -5.8 -7.148 1.921
v -5.8 -7.148 1.921
v -5.8 -6.518 2.074
v -5.8 -5.6 1.936
v -5.8 -4.842 1.393
v -3 -7.765 1.574
v -3 -7.765 1.574
v -2.298 -3.857 -1.7
v -2.02 -4.3 -1.7
v -1.791 -4.645 -1.7
v -1.781 -6.52 -1.7
v -2.3 -7.299 -1.7
v -1.6 -5.504 -1.7
v -3.366 -3.284 -1.7
v -6.4 -5.469 -1.7
v -6.212 -6.526 -1.7
v -4.634 -3.284 -1.7
v -0.84 -5.941 -1.109
v -0.84 -6.4 -1.2
v -0.84 -5.551 -0.849
v -0.84 -5.291 -0.459
v -0.84 -5.2 0
v -0.84 -5.291 0.459
v -0.84 -5.551 0.849
v -0.84 -5.941 1.109
v -0.84 -6.4 1.2
v -0.84 -6.859 1.109
v -0.84 -7.249 0.849
v -0.84 -7.509 0.459
v -0.84 -7.6 0
v -0.84 -7.509 -0.459
v -0.84 -7.249 -0.849
v -0.84 -6.859 -1.109
v -5.8 -4.3 0.699
v -5.8 -4.3 0.699
v -3 -4.3 0.699
v -3 -4.3 0.699
v -3 -4.842 1.393
v -3 -5.6 1.936
v -3 -6.518 2.074
v -3 -7.297 1.881
vt 0.057 0.609
vt 0.069 0.635
vt 0.061 0.587
vt 0.061 0.587
vt 0.061 0.587
vt 0.069 0.573
vt 0.061 0.587
vt 0.057 0.609
vt 0.061 0.587
vt 0.057 0.609
vt 0.057 0.609
vt 0.061 0.587
vt 0.061 0.628
vt 0.061 0.628
vt 0.057 0.609
vt 0.061 0.628
vt 0.057 0.609
vt 0.057 0.609
vt 0.069 0.573
vt 0.072 0.57
vt 0.061 0.587
vt 0.072 0.57
vt 0.072 0.57
vt 0.061 0.587
vt 0.061 0.587
vt 0.069 0.635
vt 0.069 0.573
vt 0.088 0.559
vt 0.072 0.57
vt 0.088 0.559
vt 0.072 0.57
vt 0.072 0.57
vt 0.088 0.559
vt 0.285 0.66
vt 0.295 0.657
vt 0.285 0.66
vt 0.128 0.482
vt 0.145 0.471
vt 0.128 0.482
vt 0.145 0.471
vt 0.145 0.471
vt 0.128 0.482
vt 0.128 0.482
vt 0.128 0.482
vt 0.108 0.486
vt 0.128 0.482
vt 0.108 0.486
vt 0.108 0.486
vt 0.088 0.482
vt 0.108 0.486
vt 0.088 0.482
vt 0.108 0.486
vt 0.108 0.486
vt 0.088 0.482
vt 0.072 0.471
vt 0.088 0.482
vt 0.072 0.471
vt 0.088 0.482
vt 0.088 0.482
vt 0.072 0.471
vt 0.06 0.454
vt 0.072 0.471
vt 0.06 0.454
vt 0.072 0.471
vt 0.072 0.471
vt 0.06 0.454
vt 0.057 0.434
vt 0.06 0.454
vt 0.057 0.434
vt 0.06 0.454
vt 0.06 0.454
vt 0.057 0.434
vt 0.06 0.414
vt 0.057 0.434
vt 0.06 0.414
vt 0.057 0.434
vt 0.057 0.434
vt 0.06 0.414
vt 0.072 0.398
vt 0.06 0.414
vt 0.072 0.398
vt 0.06 0.414
vt 0.06 0.414
vt 0.072 0.398
vt 0.088 0.386
vt 0.072 0.398
vt 0.088 0.386
vt 0.072 0.398
vt 0.072 0.398
vt 0.088 0.386
vt 0.108 0.382
vt 0.088 0.386
vt 0.108 0.382
vt 0.088 0.386
vt 0.088 0.386
vt 0.108 0.382
vt 0.128 0.386
vt 0.108 0.382
vt 0.128 0.386
vt 0.108 0.382
vt 0.108 0.382
vt 0.128 0.386
vt 0.145 0.398
vt 0.128 0.386
vt 0.145 0.398
vt 0.128 0.386
vt 0.128 0.386
vt 0.145 0.398
vt 0.156 0.414
vt 0.145 0.398
vt 0.156 0.414
vt 0.145 0.398
vt 0.145 0.398
vt 0.156 0.414
vt 0.16 0.434
vt 0.156 0.414
vt 0.16 0.434
vt 0.156 0.414
vt 0.156 0.414
vt 0.16 0.434
vt 0.156 0.454
vt 0.16 0.434
vt 0.156 0.454
vt 0.16 0.434
vt 0.16 0.434
vt 0.156 0.454
vt 0.145 0.471
vt 0.156 0.454
vt 0.145 0.471
vt 0.156 0.454
vt 0.156 0.454
vt 0.145 0.471
vt 0.563 0.348
vt 0.563 0.417
vt 0.391 0.348
vt 0.563 0.417
vt 0.512 0.417
vt 0.391 0.348
vt 0.745 0.519
vt 0.604 0.525
vt 0.753 0.417
vt 0.604 0.525
vt 0.6 0.417
vt 0.753 0.417
vt 0.604 0.534
vt 0.604 0.525
vt 0.745 0.534
vt 0.604 0.525
vt 0.745 0.525
vt 0.745 0.534
vt 0.605 0.569
vt 0.604 0.55
vt 0.745 0.569
vt 0.604 0.55
vt 0.745 0.55
vt 0.745 0.569
vt 0.606 0.609
vt 0.606 0.589
vt 0.745 0.609
vt 0.606 0.589
vt 0.745 0.589
vt 0.745 0.609
vt 0.959 0.547
vt 0.961 0.552
vt 0.959 0.547
vt 0.961 0.552
vt 0.961 0.552
vt 0.959 0.547
vt 0.951 0.538
vt 0.959 0.547
vt 0.951 0.538
vt 0.959 0.547
vt 0.959 0.547
vt 0.951 0.538
vt 0.939 0.525
vt 0.951 0.538
vt 0.939 0.525
vt 0.951 0.538
vt 0.951 0.538
vt 0.939 0.525
vt 0.924 0.515
vt 0.939 0.525
vt 0.924 0.515
vt 0.939 0.525
vt 0.939 0.525
vt 0.924 0.515
vt 0.904 0.508
vt 0.924 0.515
vt 0.904 0.508
vt 0.924 0.515
vt 0.924 0.515
vt 0.904 0.508
vt 0.884 0.505
vt 0.904 0.508
vt 0.884 0.505
vt 0.904 0.508
vt 0.904 0.508
vt 0.884 0.505
vt 0.867 0.508
vt 0.884 0.505
vt 0.867 0.508
vt 0.884 0.505
vt 0.884 0.505
vt 0.867 0.508
vt 0.841 0.519
vt 0.867 0.508
vt 0.841 0.519
vt 0.867 0.508
vt 0.867 0.508
vt 0.841 0.519
vt 0.057 0.542
vt 0.057 0.542
vt 0.16 0.542
vt 0.057 0.542
vt 0.16 0.542
vt 0.16 0.542
vt 0.79 0.417
vt 0.79 0.348
vt 0.841 0.417
vt 0.79 0.348
vt 0.961 0.348
vt 0.841 0.417
vt 0.604 0.55
vt 0.604 0.534
vt 0.745 0.55
vt 0.604 0.534
vt 0.745 0.534
vt 0.745 0.55
vt 0.606 0.589
vt 0.605 0.569
vt 0.745 0.589
vt 0.605 0.569
vt 0.745 0.569
vt 0.745 0.589
vt 0.607 0.628
vt 0.606 0.609
vt 0.745 0.628
vt 0.606 0.609
vt 0.745 0.609
vt 0.745 0.628
vt 0.753 0.519
vt 0.745 0.519
vt 0.753 0.417
vt 0.745 0.519
vt 0.745 0.525
vt 0.604 0.525
vt 0.16 0.391
vt 0.057 0.391
vt 0.16 0.391
vt 0.057 0.391
vt 0.057 0.391
vt 0.16 0.391
vt 0.057 0.391
vt 0.16 0.391
vt 0.057 0.348
vt 0.16 0.391
vt 0.16 0.348
vt 0.057 0.348
vt 0.184 0.348
vt 0.028 0.348
vt 0.16 0.348
vt 0.028 0.348
vt 0.057 0.348
vt 0.16 0.348
vt 0.753 0.417
vt 0.6 0.417
vt 0.753 0.348
vt 0.6 0.417
vt 0.598 0.348
vt 0.753 0.348
vt 0.057 0.391
vt 0.057 0.542
vt 0.16 0.391
vt 0.057 0.542
vt 0.16 0.542
vt 0.16 0.391
vt 0.057 0.391
vt 0.057 0.391
vt 0.057 0.348
vt 0.057 0.391
vt 0.057 0.348
vt 0.057 0.348
vt 0.354 0.664
vt 0.353 0.667
vt 0.217 0.664
vt 0.353 0.667
vt 0.217 0.667
vt 0.217 0.664
vt 0.608 0.656
vt 0.608 0.644
vt 0.745 0.656
vt 0.608 0.644
vt 0.745 0.644
vt 0.745 0.656
vt 0.6 0.417
vt 0.753 0.417
vt 0.6 0.417
vt 0.753 0.417
vt 0.753 0.417
vt 0.6 0.417
vt 0.217 0.609
vt 0.217 0.589
vt 0.233 0.609
vt 0.217 0.589
vt 0.237 0.587
vt 0.233 0.609
vt 0.285 0.66
vt 0.354 0.664
vt 0.217 0.664
vt 0.608 0.667
vt 0.608 0.664
vt 0.745 0.667
vt 0.608 0.664
vt 0.745 0.664
vt 0.745 0.667
vt 0.608 0.664
vt 0.608 0.656
vt 0.745 0.664
vt 0.608 0.656
vt 0.745 0.656
vt 0.745 0.664
vt 0.16 0.391
vt 0.16 0.391
vt 0.16 0.348
vt 0.16 0.391
vt 0.16 0.348
vt 0.16 0.348
vt 0.608 0.644
vt 0.607 0.628
vt 0.745 0.644
vt 0.607 0.628
vt 0.745 0.628
vt 0.745 0.644
vt 0.069 0.573
vt 0.072 0.57
vt 0.069 0.573
vt 0.072 0.57
vt 0.072 0.57
vt 0.069 0.573
vt 0.088 0.559
vt 0.088 0.559
vt 0.072 0.57
vt 0.088 0.559
vt 0.072 0.57
vt 0.072 0.57
vt 0.108 0.555
vt 0.088 0.559
vt 0.108 0.555
vt 0.088 0.559
vt 0.088 0.559
vt 0.108 0.555
vt 0.128 0.559
vt 0.13 0.56
vt 0.128 0.559
vt 0.13 0.56
vt 0.13 0.56
vt 0.128 0.559
vt 0.128 0.559
vt 0.108 0.555
vt 0.128 0.559
vt 0.108 0.555
vt 0.108 0.555
vt 0.128 0.559
vt 0.128 0.559
vt 0.13 0.57
vt 0.13 0.56
vt 0.156 0.628
vt 0.156 0.627
vt 0.145 0.644
vt 0.156 0.627
vt 0.151 0.635
vt 0.145 0.644
vt 0.145 0.57
vt 0.145 0.57
vt 0.156 0.587
vt 0.145 0.57
vt 0.156 0.587
vt 0.156 0.587
vt 0.16 0.609
vt 0.156 0.587
vt 0.16 0.609
vt 0.156 0.587
vt 0.156 0.587
vt 0.16 0.609
vt 0.156 0.628
vt 0.16 0.609
vt 0.156 0.627
vt 0.16 0.609
vt 0.16 0.609
vt 0.156 0.627
vt 0.151 0.635
vt 0.145 0.644
vt 0.145 0.644
vt 0.13 0.56
vt 0.145 0.57
vt 0.145 0.57
vt 0.145 0.57
vt 0.128 0.559
vt 0.13 0.56
vt 0.128 0.559
vt 0.128 0.559
vt 0.13 0.56
vt 0.108 0.555
vt 0.088 0.559
vt 0.108 0.555
vt 0.088 0.559
vt 0.088 0.559
vt 0.108 0.555
vt 0.128 0.559
vt 0.108 0.555
vt 0.128 0.559
vt 0.108 0.555
vt 0.108 0.555
vt 0.128 0.559
vt 0.145 0.644
vt 0.151 0.635
vt 0.13 0.635
vt 0.16 0.348
vt 0.057 0.348
vt 0.184 0.348
vt 0.057 0.348
vt 0.028 0.348
vt 0.184 0.348
vt 0.16 0.348
vt 0.16 0.391
vt 0.16 0.434
vt 0.16 0.542
vt 0.16 0.434
vt 0.16 0.542
vt 0.16 0.434
vt 0.16 0.391
vt 0.16 0.542
vt 0.057 0.348
vt 0.057 0.434
vt 0.057 0.391
vt 0.057 0.542
vt 0.057 0.542
vt 0.057 0.434
vt 0.057 0.542
vt 0.057 0.391
vt 0.057 0.434
vt 0.156 0.454
vt 0.16 0.434
vt 0.16 0.542
vt 0.057 0.542
vt 0.057 0.434
vt 0.06 0.454
vt 0.145 0.471
vt 0.156 0.454
vt 0.16 0.542
vt 0.057 0.542
vt 0.06 0.454
vt 0.072 0.471
vt 0.128 0.482
vt 0.145 0.471
vt 0.16 0.542
vt 0.057 0.542
vt 0.072 0.471
vt 0.088 0.482
vt 0.108 0.486
vt 0.128 0.482
vt 0.16 0.542
vt 0.057 0.542
vt 0.088 0.482
vt 0.108 0.486
vt 0.057 0.542
vt 0.108 0.486
vt 0.16 0.542
vt 0.16 0.434
vt 0.156 0.414
vt 0.16 0.348
vt 0.156 0.414
vt 0.145 0.398
vt 0.16 0.348
vt 0.145 0.398
vt 0.128 0.386
vt 0.16 0.348
vt 0.057 0.348
vt 0.16 0.348
vt 0.108 0.382
vt 0.108 0.382
vt 0.088 0.386
vt 0.057 0.348
vt 0.088 0.386
vt 0.072 0.398
vt 0.057 0.348
vt 0.072 0.398
vt 0.06 0.414
vt 0.057 0.348
vt 0.06 0.414
vt 0.057 0.434
vt 0.057 0.348
vt 0.108 0.382
vt 0.16 0.348
vt 0.128 0.386
vt 0.469 0.667
vt 0.449 0.664
vt 0.489 0.664
vt 0.508 0.656
vt 0.489 0.664
vt 0.43 0.656
vt 0.489 0.664
vt 0.449 0.664
vt 0.43 0.656
vt 0.43 0.656
vt 0.414 0.644
vt 0.508 0.656
vt 0.414 0.644
vt 0.524 0.644
vt 0.508 0.656
vt 0.536 0.628
vt 0.524 0.644
vt 0.402 0.628
vt 0.524 0.644
vt 0.414 0.644
vt 0.402 0.628
vt 0.402 0.628
vt 0.394 0.609
vt 0.536 0.628
vt 0.394 0.609
vt 0.544 0.609
vt 0.536 0.628
vt 0.544 0.609
vt 0.394 0.609
vt 0.546 0.589
vt 0.394 0.609
vt 0.391 0.589
vt 0.546 0.589
vt 0.544 0.569
vt 0.546 0.589
vt 0.524 0.534
vt 0.546 0.589
vt 0.512 0.525
vt 0.524 0.534
vt 0.524 0.534
vt 0.536 0.55
vt 0.544 0.569
vt 0.391 0.589
vt 0.512 0.525
vt 0.546 0.589
vt 0.391 0.589
vt 0.391 0.348
vt 0.512 0.525
vt 0.391 0.348
vt 0.512 0.417
vt 0.512 0.525
vt 0.336 0.609
vt 0.332 0.586
vt 0.355 0.609
vt 0.332 0.586
vt 0.356 0.589
vt 0.355 0.609
vt 0.057 0.348
vt 0.057 0.348
vt 0.028 0.348
vt 0.057 0.348
vt 0.028 0.348
vt 0.028 0.348
vt 0.16 0.348
vt 0.16 0.348
vt 0.184 0.348
vt 0.16 0.348
vt 0.184 0.348
vt 0.184 0.348
vt 0.217 0.552
vt 0.209 0.348
vt 0.233 0.434
vt 0.233 0.434
vt 0.209 0.348
vt 0.237 0.414
vt 0.237 0.414
vt 0.209 0.348
vt 0.248 0.397
vt 0.248 0.397
vt 0.209 0.348
vt 0.265 0.386
vt 0.265 0.386
vt 0.209 0.348
vt 0.285 0.382
vt 0.285 0.382
vt 0.364 0.348
vt 0.304 0.386
vt 0.304 0.386
vt 0.364 0.348
vt 0.321 0.397
vt 0.321 0.397
vt 0.364 0.348
vt 0.332 0.414
vt 0.332 0.414
vt 0.364 0.348
vt 0.336 0.434
vt 0.336 0.434
vt 0.364 0.348
vt 0.356 0.589
vt 0.217 0.552
vt 0.233 0.434
vt 0.237 0.454
vt 0.332 0.454
vt 0.336 0.434
vt 0.356 0.589
vt 0.217 0.552
vt 0.237 0.454
vt 0.248 0.471
vt 0.321 0.471
vt 0.332 0.454
vt 0.356 0.589
vt 0.248 0.57
vt 0.237 0.587
vt 0.217 0.552
vt 0.237 0.587
vt 0.217 0.589
vt 0.217 0.552
vt 0.304 0.559
vt 0.285 0.555
vt 0.304 0.482
vt 0.285 0.555
vt 0.285 0.486
vt 0.304 0.482
vt 0.285 0.486
vt 0.285 0.555
vt 0.265 0.482
vt 0.285 0.555
vt 0.265 0.559
vt 0.265 0.482
vt 0.285 0.382
vt 0.209 0.348
vt 0.364 0.348
vt 0.304 0.482
vt 0.321 0.57
vt 0.304 0.559
vt 0.217 0.552
vt 0.248 0.471
vt 0.265 0.559
vt 0.248 0.471
vt 0.265 0.482
vt 0.265 0.559
vt 0.304 0.482
vt 0.321 0.471
vt 0.321 0.57
vt 0.321 0.471
vt 0.356 0.589
vt 0.321 0.57
vt 0.332 0.586
vt 0.321 0.57
vt 0.356 0.589
vt 0.248 0.57
vt 0.217 0.552
vt 0.265 0.559
vt 0.209 0.552
vt 0.209 0.348
vt 0.217 0.552
vt 0.951 0.538
vt 0.939 0.525
vt 0.961 0.348
vt 0.951 0.538
vt 0.961 0.348
vt 0.959 0.547
vt 0.959 0.547
vt 0.961 0.348
vt 0.961 0.552
vt 0.841 0.519
vt 0.841 0.417
vt 0.867 0.508
vt 0.867 0.508
vt 0.841 0.417
vt 0.884 0.505
vt 0.884 0.505
vt 0.841 0.417
vt 0.904 0.508
vt 0.841 0.417
vt 0.961 0.348
vt 0.904 0.508
vt 0.961 0.348
vt 0.939 0.525
vt 0.924 0.515
vt 0.961 0.348
vt 0.924 0.515
vt 0.904 0.508
vt 0.176 0.579
vt 0.13 0.579
vt 0.176 0.589
vt 0.13 0.579
vt 0.13 0.589
vt 0.176 0.589
vt 0.176 0.599
vt 0.13 0.599
vt 0.176 0.608
vt 0.13 0.599
vt 0.13 0.608
vt 0.176 0.608
vt 0.176 0.613
vt 0.13 0.613
vt 0.176 0.615
vt 0.13 0.613
vt 0.13 0.615
vt 0.176 0.615
vt 0.176 0.589
vt 0.13 0.589
vt 0.176 0.579
vt 0.13 0.589
vt 0.13 0.579
vt 0.176 0.579
vt 0.176 0.613
vt 0.13 0.613
vt 0.176 0.608
vt 0.13 0.613
vt 0.13 0.608
vt 0.176 0.608
vt 0.176 0.571
vt 0.13 0.571
vt 0.176 0.565
vt 0.13 0.571
vt 0.13 0.565
vt 0.176 0.565
vt 0.176 0.599
vt 0.13 0.599
vt 0.176 0.589
vt 0.13 0.599
vt 0.13 0.589
vt 0.176 0.589
vt 0.176 0.564
vt 0.13 0.564
vt 0.176 0.565
vt 0.13 0.564
vt 0.13 0.565
vt 0.176 0.565
vt 0.176 0.571
vt 0.13 0.571
vt 0.176 0.579
vt 0.13 0.571
vt 0.13 0.579
vt 0.176 0.579
vt 0.176 0.589
vt 0.13 0.589
vt 0.176 0.599
vt 0.13 0.589
vt 0.13 0.599
vt 0.176 0.599
vt 0.176 0.608
vt 0.13 0.608
vt 0.176 0.613
vt 0.13 0.608
vt 0.13 0.613
vt 0.176 0.613
vt 0.176 0.615
vt 0.13 0.615
vt 0.176 0.613
vt 0.13 0.615
vt 0.13 0.613
vt 0.176 0.613
vt 0.176 0.579
vt 0.13 0.579
vt 0.176 0.571
vt 0.13 0.579
vt 0.13 0.571
vt 0.176 0.571
vt 0.176 0.608
vt 0.13 0.608
vt 0.176 0.599
vt 0.13 0.608
vt 0.13 0.599
vt 0.176 0.599
vt 0.176 0.565
vt 0.13 0.565
vt 0.176 0.564
vt 0.13 0.565
vt 0.13 0.564
vt 0.176 0.564
vt 0.176 0.565
vt 0.13 0.565
vt 0.176 0.571
vt 0.13 0.565
vt 0.13 0.571
vt 0.176 0.571
vt 0.061 0.628
vt 0.061 0.628
vt 0.072 0.644
vt 0.061 0.628
vt 0.072 0.644
vt 0.072 0.644
vt 0.336 0.609
vt 0.355 0.609
vt 0.332 0.628
vt 0.355 0.609
vt 0.355 0.628
vt 0.332 0.628
vt 0.233 0.609
vt 0.237 0.628
vt 0.217 0.609
vt 0.237 0.628
vt 0.217 0.628
vt 0.217 0.609
vt 0.061 0.628
vt 0.069 0.635
vt 0.057 0.609
vt 0.069 0.635
vt 0.061 0.628
vt 0.072 0.644
vt 0.13 0.635
vt 0.145 0.57
vt 0.13 0.56
vt 0.13 0.635
vt 0.156 0.587
vt 0.145 0.57
vt 0.13 0.635
vt 0.16 0.609
vt 0.156 0.587
vt 0.13 0.635
vt 0.156 0.627
vt 0.16 0.609
vt 0.13 0.635
vt 0.151 0.635
vt 0.156 0.627
vt 0.095 0.657
vt 0.098 0.657
vt 0.095 0.657
vt 0.119 0.657
vt 0.13 0.635
vt 0.098 0.657
vt 0.285 0.66
vt 0.285 0.66
vt 0.274 0.657
vt 0.119 0.657
vt 0.098 0.657
vt 0.108 0.66
vt 0.122 0.657
vt 0.122 0.657
vt 0.119 0.657
vt 0.332 0.628
vt 0.355 0.628
vt 0.321 0.644
vt 0.355 0.628
vt 0.354 0.644
vt 0.321 0.644
vt 0.237 0.628
vt 0.248 0.644
vt 0.217 0.628
vt 0.248 0.644
vt 0.217 0.644
vt 0.217 0.628
vt 0.095 0.657
vt 0.095 0.657
vt 0.072 0.644
vt 0.095 0.657
vt 0.072 0.644
vt 0.072 0.644
vt 0.122 0.657
vt 0.145 0.644
vt 0.122 0.657
vt 0.145 0.644
vt 0.145 0.644
vt 0.122 0.657
vt 0.119 0.657
vt 0.122 0.657
vt 0.13 0.635
vt 0.122 0.657
vt 0.145 0.644
vt 0.13 0.635
vt 0.095 0.657
vt 0.098 0.657
vt 0.13 0.635
vt 0.095 0.657
vt 0.13 0.635
vt 0.072 0.644
vt 0.13 0.635
vt 0.069 0.635
vt 0.072 0.644
vt 0.321 0.644
vt 0.354 0.644
vt 0.298 0.656
vt 0.354 0.644
vt 0.354 0.656
vt 0.298 0.656
vt 0.248 0.644
vt 0.271 0.656
vt 0.217 0.644
vt 0.271 0.656
vt 0.217 0.656
vt 0.217 0.644
vt 0.274 0.657
vt 0.217 0.664
vt 0.271 0.656
vt 0.217 0.664
vt 0.217 0.656
vt 0.271 0.656
vt 0.285 0.66
vt 0.295 0.657
vt 0.354 0.664
vt 0.285 0.66
vt 0.217 0.664
vt 0.274 0.657
vt 0.295 0.657
vt 0.298 0.656
vt 0.354 0.664
vt 0.298 0.656
vt 0.354 0.656
vt 0.354 0.664
vt 0.13 0.635
vt 0.13 0.623
vt 0.069 0.635
vt 0.13 0.623
vt 0.069 0.623
vt 0.069 0.635
vt 0.069 0.635
vt 0.13 0.635
vt 0.069 0.635
vt 0.13 0.635
vt 0.13 0.635
vt 0.069 0.635
vt 0.13 0.607
vt 0.069 0.607
vt 0.13 0.623
vt 0.069 0.607
vt 0.069 0.623
vt 0.13 0.623
vt 0.13 0.587
vt 0.069 0.587
vt 0.13 0.607
vt 0.069 0.587
vt 0.069 0.607
vt 0.13 0.607
vt 0.108 0.555
vt 0.088 0.559
vt 0.128 0.559
vt 0.072 0.57
vt 0.13 0.57
vt 0.088 0.559
vt 0.13 0.57
vt 0.128 0.559
vt 0.088 0.559
vt 0.069 0.573
vt 0.069 0.587
vt 0.072 0.57
vt 0.13 0.587
vt 0.13 0.57
vt 0.069 0.587
vt 0.13 0.57
vt 0.072 0.57
vt 0.069 0.587
vt 0.13 0.579
vt 0.13 0.57
vt 0.13 0.589
vt 0.13 0.57
vt 0.13 0.587
vt 0.13 0.589
vt 0.13 0.564
vt 0.13 0.56
vt 0.13 0.56
vt 0.13 0.564
vt 0.13 0.565
vt 0.13 0.56
vt 0.13 0.565
vt 0.13 0.571
vt 0.13 0.56
vt 0.13 0.571
vt 0.13 0.579
vt 0.13 0.56
vt 0.13 0.579
vt 0.13 0.589
vt 0.13 0.56
vt 0.13 0.623
vt 0.13 0.635
vt 0.13 0.613
vt 0.13 0.635
vt 0.13 0.615
vt 0.13 0.613
vt 0.13 0.565
vt 0.13 0.56
vt 0.13 0.571
vt 0.13 0.589
vt 0.13 0.635
vt 0.13 0.56
vt 0.13 0.607
vt 0.13 0.599
vt 0.13 0.587
vt 0.13 0.599
vt 0.13 0.589
vt 0.13 0.587
vt 0.13 0.565
vt 0.13 0.564
vt 0.13 0.56
vt 0.13 0.623
vt 0.13 0.608
vt 0.13 0.607
vt 0.13 0.608
vt 0.13 0.599
vt 0.13 0.607
vt 0.13 0.599
vt 0.13 0.635
vt 0.13 0.589
vt 0.069 0.573
vt 0.069 0.623
vt 0.069 0.573
vt 0.069 0.623
vt 0.069 0.587
vt 0.069 0.573
vt 0.13 0.571
vt 0.13 0.56
vt 0.13 0.579
vt 0.13 0.56
vt 0.13 0.57
vt 0.13 0.579
vt 0.13 0.608
vt 0.13 0.635
vt 0.13 0.599
vt 0.13 0.623
vt 0.13 0.613
vt 0.13 0.608
vt 0.13 0.613
vt 0.13 0.635
vt 0.13 0.608
vt 0.069 0.623
vt 0.069 0.573
vt 0.069 0.635
vt 0.069 0.573
vt 0.069 0.635
vt 0.069 0.635
vt 0.13 0.615
vt 0.13 0.635
vt 0.13 0.613
vt 0.13 0.635
vt 0.13 0.635
vt 0.13 0.613
vt 0.069 0.623
vt 0.069 0.607
vt 0.069 0.587
vt 0.939 0.525
vt 0.902 0.571
vt 0.924 0.515
vt 0.902 0.571
vt 0.894 0.565
vt 0.924 0.515
vt 0.884 0.563
vt 0.867 0.508
vt 0.884 0.505
vt 0.841 0.525
vt 0.841 0.519
vt 0.867 0.508
vt 0.894 0.565
vt 0.884 0.563
vt 0.904 0.508
vt 0.884 0.563
vt 0.884 0.505
vt 0.904 0.508
vt 0.894 0.613
vt 0.902 0.607
vt 0.904 0.664
vt 0.902 0.607
vt 0.923 0.656
vt 0.904 0.664
vt 0.866 0.571
vt 0.86 0.579
vt 0.829 0.534
vt 0.86 0.579
vt 0.817 0.55
vt 0.829 0.534
vt 0.908 0.579
vt 0.902 0.571
vt 0.951 0.538
vt 0.902 0.571
vt 0.939 0.525
vt 0.951 0.538
vt 0.959 0.547
vt 0.908 0.579
vt 0.951 0.538
vt 0.884 0.615
vt 0.894 0.613
vt 0.884 0.667
vt 0.894 0.613
vt 0.904 0.664
vt 0.884 0.667
vt 0.829 0.644
vt 0.866 0.607
vt 0.845 0.656
vt 0.866 0.607
vt 0.874 0.613
vt 0.845 0.656
vt 0.86 0.579
vt 0.809 0.569
vt 0.817 0.55
vt 0.961 0.589
vt 0.959 0.609
vt 0.91 0.589
vt 0.959 0.609
vt 0.908 0.599
vt 0.91 0.589
vt 0.91 0.589
vt 0.908 0.579
vt 0.961 0.589
vt 0.845 0.656
vt 0.874 0.613
vt 0.864 0.664
vt 0.874 0.613
vt 0.884 0.615
vt 0.864 0.664
vt 0.902 0.607
vt 0.939 0.644
vt 0.923 0.656
vt 0.959 0.609
vt 0.951 0.628
vt 0.908 0.599
vt 0.806 0.589
vt 0.809 0.569
vt 0.858 0.589
vt 0.809 0.569
vt 0.86 0.579
vt 0.858 0.589
vt 0.817 0.628
vt 0.809 0.609
vt 0.86 0.599
vt 0.874 0.565
vt 0.866 0.571
vt 0.841 0.525
vt 0.866 0.571
vt 0.829 0.534
vt 0.841 0.525
vt 0.817 0.628
vt 0.86 0.599
vt 0.829 0.644
vt 0.86 0.599
vt 0.866 0.607
vt 0.829 0.644
vt 0.959 0.547
vt 0.961 0.552
vt 0.908 0.579
vt 0.961 0.552
vt 0.961 0.589
vt 0.908 0.579
vt 0.902 0.607
vt 0.908 0.599
vt 0.939 0.644
vt 0.908 0.599
vt 0.951 0.628
vt 0.939 0.644
vt 0.858 0.589
vt 0.86 0.599
vt 0.806 0.589
vt 0.86 0.599
vt 0.809 0.609
vt 0.806 0.589
vt 0.841 0.525
vt 0.867 0.508
vt 0.874 0.565
vt 0.867 0.508
vt 0.884 0.563
vt 0.874 0.565
vt 0.864 0.664
vt 0.884 0.615
vt 0.884 0.667
vt 0.924 0.515
vt 0.894 0.565
vt 0.904 0.508
usemtl MB_138_official_75
s off
f 10100/12265 10092/12266 10098/12267
f 10143/12268 10483/12269 10281/12270
f 10143/12271 10142/12272 10483/12273
f 10142/12274 10482/12275 10483/12276
f 10141/12277 10293/12278 10142/12279
f 10293/12280 10482/12281 10142/12282
f 10281/12283 10096/12284 10143/12285
f 10096/12286 10144/12287 10143/12288
f 10098/12289 10092/12290 10091/12291
f 10145/12292 10144/12293 10095/12294
f 10144/12295 10096/12296 10095/12297
f 10097/12298 10101/12299 10138/12300
f 10133/12301 10132/12302 10117/12303
f 10132/12304 10116/12305 10117/12306
f 10133/12307 10117/12308 10118/12309
f 10117/12310 10102/12311 10118/12312
f 10119/12313 10118/12314 10103/12315
f 10118/12316 10102/12317 10103/12318
f 10120/12319 10119/12320 10104/12321
f 10119/12322 10103/12323 10104/12324
f 10121/12325 10120/12326 10105/12327
f 10120/12328 10104/12329 10105/12330
f 10122/12331 10121/12332 10106/12333
f 10121/12334 10105/12335 10106/12336
f 10123/12337 10122/12338 10107/12339
f 10122/12340 10106/12341 10107/12342
f 10124/12343 10123/12344 10108/12345
f 10123/12346 10107/12347 10108/12348
f 10125/12349 10124/12350 10109/12351
f 10124/12352 10108/12353 10109/12354
f 10126/12355 10125/12356 10110/12357
f 10125/12358 10109/12359 10110/12360
f 10127/12361 10126/12362 10111/12363
f 10126/12364 10110/12365 10111/12366
f 10128/12367 10127/12368 10112/12369
f 10127/12370 10111/12371 10112/12372
f 10129/12373 10128/12374 10113/12375
f 10128/12376 10112/12377 10113/12378
f 10130/12379 10129/12380 10114/12381
f 10129/12382 10113/12383 10114/12384
f 10131/12385 10130/12386 10115/12387
f 10130/12388 10114/12389 10115/12390
f 10132/12391 10131/12392 10116/12393
f 10131/12394 10115/12395 10116/12396
f 10203/12397 10444/12398 10202/12399
f 10444/12400 10206/12401 10202/12402
f 10183/12403 10362/12404 10418/12405
f 10362/12406 10446/12407 10418/12408
f 10172/12409 10226/12410 10156/12411
f 10226/12412 10155/12413 10156/12414
f 10227/12415 10173/12416 10158/12417
f 10173/12418 10157/12419 10158/12420
f 10175/12421 10174/12422 10160/12423
f 10174/12424 10159/12425 10160/12426
f 10193/12427 10192/12428 10190/12429
f 10192/12430 10191/12431 10190/12432
f 10194/12433 10193/12434 10189/12435
f 10193/12436 10190/12437 10189/12438
f 10195/12439 10194/12440 10188/12441
f 10194/12442 10189/12443 10188/12444
f 10196/12445 10195/12446 10187/12447
f 10195/12448 10188/12449 10187/12450
f 10197/12451 10196/12452 10186/12453
f 10196/12454 10187/12455 10186/12456
f 10198/12457 10197/12458 10185/12459
f 10197/12460 10186/12461 10185/12462
f 10199/12463 10198/12464 10184/12465
f 10198/12466 10185/12467 10184/12468
f 10200/12469 10199/12470 10390/12471
f 10199/12472 10184/12473 10390/12474
f 10241/12475 10240/12476 10239/12477
f 10240/12478 10238/12479 10239/12480
f 10207/12481 10208/12482 10205/12483
f 10208/12484 10424/12485 10205/12486
f 10173/12487 10172/12488 10157/12489
f 10172/12490 10156/12491 10157/12492
f 10174/12493 10227/12494 10159/12495
f 10227/12496 10158/12497 10159/12498
f 10228/12499 10175/12500 10161/12501
f 10175/12502 10160/12503 10161/12504
f 10412/12505 10183/12506 10418/12507
f 10183/12508 10365/12509 10362/12510
f 10237/12511 10235/12512 10236/12513
f 10235/12514 10234/12515 10236/12516
f 10450/12517 10452/12518 10233/12519
f 10452/12520 10415/12521 10233/12522
f 10422/12523 10466/12524 10414/12525
f 10466/12526 10464/12527 10414/12528
f 10420/12529 10231/12530 10423/12531
f 10231/12532 10467/12533 10423/12534
f 10448/12535 10458/12536 10454/12537
f 10458/12538 10456/12539 10454/12540
f 10449/12541 10451/12542 10442/12543
f 10451/12544 10465/12545 10442/12546
f 10178/12547 10230/12548 10166/12549
f 10230/12550 10165/12551 10166/12552
f 10229/12553 10176/12554 10163/12555
f 10176/12556 10162/12557 10163/12558
f 10445/12559 10421/12560 10447/12561
f 10421/12562 10419/12563 10447/12564
f 10170/12565 10154/12566 10150/12567
f 10154/12568 10349/12569 10150/12570
f 10292/12571 10178/12572 10166/12573
f 10230/12574 10177/12575 10165/12576
f 10177/12577 10164/12578 10165/12579
f 10177/12580 10229/12581 10164/12582
f 10229/12583 10163/12584 10164/12585
f 10453/12586 10455/12587 10204/12588
f 10455/12589 10209/12590 10204/12591
f 10176/12592 10228/12593 10162/12594
f 10228/12595 10161/12596 10162/12597
f 10243/12598 10134/12599 10281/12600
f 10134/12601 10096/12602 10281/12603
f 10135/12604 10095/12605 10134/12606
f 10095/12607 10096/12608 10134/12609
f 10094/12610 10095/12611 10136/12612
f 10095/12613 10135/12614 10136/12615
f 10137/12616 10276/12617 10249/12618
f 10276/12619 10269/12620 10249/12621
f 10249/12622 10094/12623 10137/12624
f 10094/12625 10136/12626 10137/12627
f 10338/12628 10277/12629 10474/12630
f 10151/12631 10248/12632 10152/12633
f 10248/12634 10476/12635 10152/12636
f 10148/12637 10268/12638 10149/12639
f 10268/12640 10246/12641 10149/12642
f 10350/12643 10149/12644 10247/12645
f 10149/12646 10246/12647 10247/12648
f 10151/12649 10350/12650 10248/12651
f 10350/12652 10247/12653 10248/12654
f 10476/12655 10475/12656 10152/12657
f 10269/12658 10268/12659 10148/12660
f 10148/12661 10147/12662 10269/12663
f 10147/12664 10249/12665 10269/12666
f 10146/12667 10145/12668 10094/12669
f 10145/12670 10095/12671 10094/12672
f 10147/12673 10146/12674 10249/12675
f 10146/12676 10094/12677 10249/12678
f 10245/12679 10267/12680 10093/12681
f 10416/12682 10232/12683 10425/12684
f 10232/12685 10397/12686 10425/12687
f 10209/12688 10455/12689 10313/12690
f 10460/12691 10313/12692 10457/12693
f 10313/12694 10455/12695 10457/12696
f 10442/12697 10303/12698 10449/12699
f 10462/12700 10459/12701 10303/12702
f 10459/12703 10449/12704 10303/12705
f 10316/12706 10315/12707 10461/12708
f 10463/12709 10304/12710 10302/12711
f 10317/12712 10316/12713 10461/12714
f 10463/12715 10302/12716 10301/12717
f 10318/12718 10317/12719 10461/12720
f 10463/12721 10301/12722 10300/12723
f 10299/12724 10318/12725 10461/12726
f 10463/12727 10300/12728 10299/12729
f 10463/12730 10299/12731 10461/12732
f 10314/12733 10312/12734 10417/12735
f 10312/12736 10311/12737 10417/12738
f 10311/12739 10310/12740 10417/12741
f 10443/12742 10417/12743 10309/12744
f 10309/12745 10308/12746 10443/12747
f 10308/12748 10307/12749 10443/12750
f 10307/12751 10306/12752 10443/12753
f 10306/12754 10305/12755 10443/12756
f 10309/12757 10417/12758 10310/12759
f 10354/12760 10355/12761 10357/12762
f 10356/12763 10357/12764 10179/12765
f 10357/12766 10355/12767 10179/12768
f 10179/12769 10180/12770 10356/12771
f 10180/12772 10359/12773 10356/12774
f 10358/12775 10359/12776 10181/12777
f 10359/12778 10180/12779 10181/12780
f 10181/12781 10182/12782 10358/12783
f 10182/12784 10373/12785 10358/12786
f 10373/12787 10182/12788 10361/12789
f 10182/12790 10171/12791 10361/12792
f 10360/12793 10361/12794 10364/12795
f 10361/12796 10363/12797 10364/12798
f 10364/12799 10369/12800 10360/12801
f 10171/12802 10363/12803 10361/12804
f 10171/12805 10202/12806 10363/12807
f 10202/12808 10206/12809 10363/12810
f 10342/12811 10343/12812 10387/12813
f 10343/12814 10389/12815 10387/12816
f 10232/12817 10464/12818 10397/12819
f 10464/12820 10466/12821 10397/12822
f 10414/12823 10416/12824 10422/12825
f 10416/12826 10425/12827 10422/12828
f 10401/12829 10201/12830 10331/12831
f 10331/12832 10201/12833 10330/12834
f 10330/12835 10201/12836 10329/12837
f 10329/12838 10201/12839 10328/12840
f 10328/12841 10201/12842 10327/12843
f 10327/12844 10398/12845 10326/12846
f 10326/12847 10398/12848 10325/12849
f 10325/12850 10398/12851 10324/12852
f 10324/12853 10398/12854 10323/12855
f 10323/12856 10398/12857 10389/12858
f 10401/12859 10331/12860 10332/12861
f 10322/12862 10323/12863 10389/12864
f 10401/12865 10332/12866 10333/12867
f 10321/12868 10322/12869 10389/12870
f 10348/12871 10349/12872 10401/12873
f 10349/12874 10154/12875 10401/12876
f 10345/12877 10346/12878 10320/12879
f 10346/12880 10319/12881 10320/12882
f 10319/12883 10346/12884 10334/12885
f 10346/12886 10347/12887 10334/12888
f 10327/12889 10201/12890 10398/12891
f 10320/12892 10344/12893 10345/12894
f 10401/12895 10333/12896 10347/12897
f 10333/12898 10334/12899 10347/12900
f 10320/12901 10321/12902 10344/12903
f 10321/12904 10389/12905 10344/12906
f 10343/12907 10344/12908 10389/12909
f 10348/12910 10401/12911 10347/12912
f 10403/12913 10201/12914 10401/12915
f 10406/12916 10407/12917 10424/12918
f 10406/12919 10424/12920 10405/12921
f 10405/12922 10424/12923 10404/12924
f 10413/12925 10205/12926 10411/12927
f 10411/12928 10205/12929 10410/12930
f 10410/12931 10205/12932 10409/12933
f 10205/12934 10424/12935 10409/12936
f 10424/12937 10407/12938 10408/12939
f 10424/12940 10408/12941 10409/12942
f 10260/12943 10216/12944 10259/12945
f 10216/12946 10217/12947 10259/12948
f 10258/12949 10218/12950 10257/12951
f 10218/12952 10219/12953 10257/12954
f 10256/12955 10220/12956 10255/12957
f 10220/12958 10221/12959 10255/12960
f 10251/12961 10225/12962 10266/12963
f 10225/12964 10210/12965 10266/12966
f 10254/12967 10222/12968 10253/12969
f 10222/12970 10223/12971 10253/12972
f 10265/12973 10211/12974 10264/12975
f 10211/12976 10212/12977 10264/12978
f 10252/12979 10224/12980 10251/12981
f 10224/12982 10225/12983 10251/12984
f 10263/12985 10213/12986 10262/12987
f 10213/12988 10214/12989 10262/12990
f 10261/12991 10215/12992 10260/12993
f 10215/12994 10216/12995 10260/12996
f 10259/12997 10217/12998 10258/12999
f 10217/13000 10218/13001 10258/13002
f 10257/13003 10219/13004 10256/13005
f 10219/13006 10220/13007 10256/13008
f 10255/13009 10221/13010 10254/13011
f 10221/13012 10222/13013 10254/13014
f 10266/13015 10210/13016 10265/13017
f 10210/13018 10211/13019 10265/13020
f 10253/13021 10223/13022 10252/13023
f 10223/13024 10224/13025 10252/13026
f 10264/13027 10212/13028 10263/13029
f 10212/13030 10213/13031 10263/13032
f 10262/13033 10214/13034 10261/13035
f 10214/13036 10215/13037 10261/13038
f 10293/13039 10141/13040 10270/13041
f 10141/13042 10140/13043 10270/13044
f 10342/13045 10387/13046 10341/13047
f 10387/13048 10385/13049 10341/13050
f 10150/13051 10351/13052 10170/13053
f 10351/13054 10169/13055 10170/13056
f 10250/13057 10092/13058 10100/13059
f 10092/13060 10250/13061 10294/13062
f 10093/13063 10479/13064 10297/13065
f 10093/13066 10478/13067 10479/13068
f 10093/13069 10480/13070 10478/13071
f 10093/13072 10477/13073 10480/13074
f 10093/13075 10267/13076 10477/13077
f 10139/13078 10289/13079 10271/13080
f 10286/13081 10093/13082 10290/13083
f 10097/13084 10138/13085 10099/13086
f 10286/13087 10290/13088 10285/13089
f 10153/13090 10272/13091 10287/13092
f 10341/13093 10385/13094 10340/13095
f 10385/13096 10383/13097 10340/13098
f 10351/13099 10352/13100 10169/13101
f 10352/13102 10168/13103 10169/13104
f 10139/13105 10271/13106 10140/13107
f 10271/13108 10270/13109 10140/13110
f 10153/13111 10152/13112 10272/13113
f 10152/13114 10475/13115 10272/13116
f 10286/13117 10481/13118 10093/13119
f 10481/13120 10245/13121 10093/13122
f 10484/13123 10290/13124 10093/13125
f 10484/13126 10093/13127 10294/13128
f 10093/13129 10092/13130 10294/13131
f 10340/13132 10383/13133 10339/13134
f 10383/13135 10381/13136 10339/13137
f 10352/13138 10353/13139 10168/13140
f 10353/13141 10167/13142 10168/13143
f 10288/13144 10166/13145 10353/13146
f 10166/13147 10167/13148 10353/13149
f 10292/13150 10291/13151 10178/13152
f 10292/13153 10166/13154 10288/13155
f 10291/13156 10339/13157 10178/13158
f 10339/13159 10381/13160 10178/13161
f 10274/13162 10280/13163 10273/13164
f 10280/13165 10242/13166 10273/13167
f 10283/13168 10295/13169 10501/13170
f 10295/13171 10503/13172 10501/13173
f 10279/13174 10244/13175 10280/13176
f 10244/13177 10242/13178 10280/13179
f 10278/13180 10275/13181 10279/13182
f 10275/13183 10244/13184 10279/13185
f 10337/13186 10336/13187 10338/13188
f 10335/13189 10277/13190 10336/13191
f 10277/13192 10338/13193 10336/13194
f 10468/13195 10275/13196 10335/13197
f 10278/13198 10277/13199 10275/13200
f 10277/13201 10335/13202 10275/13203
f 10433/13204 10508/13205 10434/13206
f 10508/13207 10507/13208 10434/13209
f 10430/13210 10298/13211 10473/13212
f 10430/13213 10429/13214 10298/13215
f 10429/13216 10428/13217 10298/13218
f 10428/13219 10427/13220 10298/13221
f 10427/13222 10426/13223 10298/13224
f 10505/13225 10504/13226 10437/13227
f 10504/13228 10438/13229 10437/13230
f 10431/13231 10473/13232 10432/13233
f 10426/13234 10296/13235 10298/13236
f 10506/13237 10435/13238 10507/13239
f 10435/13240 10434/13241 10507/13242
f 10431/13243 10430/13244 10473/13245
f 10505/13246 10436/13247 10506/13248
f 10436/13249 10435/13250 10506/13251
f 10441/13252 10296/13253 10426/13254
f 10282/13255 10472/13256 10469/13257
f 10472/13258 10470/13259 10469/13260
f 10432/13261 10473/13262 10433/13263
f 10473/13264 10508/13265 10433/13266
f 10440/13267 10296/13268 10441/13269
f 10505/13270 10437/13271 10436/13272
f 10439/13273 10296/13274 10440/13275
f 10472/13276 10282/13277 10502/13278
f 10282/13279 10284/13280 10502/13281
f 10438/13282 10504/13283 10439/13284
f 10504/13285 10296/13286 10439/13287
f 10472/13288 10471/13289 10470/13290
f 10396/13291 10499/13292 10395/13293
f 10499/13294 10498/13295 10395/13296
f 10497/13297 10392/13298 10393/13299
f 10366/13300 10391/13301 10392/13302
f 10498/13303 10497/13304 10394/13305
f 10497/13306 10393/13307 10394/13308
f 10488/13309 10487/13310 10379/13311
f 10487/13312 10380/13313 10379/13314
f 10495/13315 10494/13316 10367/13317
f 10494/13318 10368/13319 10367/13320
f 10500/13321 10499/13322 10399/13323
f 10499/13324 10396/13325 10399/13326
f 10400/13327 10500/13328 10399/13329
f 10489/13330 10488/13331 10378/13332
f 10488/13333 10379/13334 10378/13335
f 10375/13336 10491/13337 10376/13338
f 10491/13339 10490/13340 10376/13341
f 10494/13342 10370/13343 10368/13344
f 10388/13345 10386/13346 10486/13347
f 10386/13348 10485/13349 10486/13350
f 10486/13351 10500/13352 10388/13353
f 10376/13354 10490/13355 10377/13356
f 10490/13357 10489/13358 10377/13359
f 10487/13360 10382/13361 10380/13362
f 10386/13363 10384/13364 10485/13365
f 10371/13366 10370/13367 10493/13368
f 10370/13369 10494/13370 10493/13371
f 10374/13372 10372/13373 10492/13374
f 10496/13375 10495/13376 10366/13377
f 10495/13378 10367/13379 10366/13380
f 10374/13381 10492/13382 10375/13383
f 10492/13384 10491/13385 10375/13386
f 10400/13387 10402/13388 10500/13389
f 10402/13390 10388/13391 10500/13392
f 10487/13393 10485/13394 10382/13395
f 10485/13396 10384/13397 10382/13398
f 10493/13399 10492/13400 10371/13401
f 10492/13402 10372/13403 10371/13404
f 10366/13405 10392/13406 10496/13407
f 10392/13408 10497/13409 10496/13410
f 10377/13411 10489/13412 10378/13413
f 10395/13414 10498/13415 10394/13416
o Part.15
v 5.8 -7.148 -1.7
v 5.8 -4.3 -1.7
v 3 -4.3 -1.7
v 4 -8 -1.7
v 4.918 -7.817 -1.7
v 5.703 -7.299 -1.7
v 4 -3.114 -1.7
v 6.212 -6.526 -1.7
v 3.519 -3.243 -1.7
v 6.4 -5.469 -1.7
v 4.481 -3.243 -1.7
v 4 -11.2 -2
v 4.918 -11.383 -2
v 5.697 -11.903 -2
v 6.217 -12.682 -2
v 6.4 -13.6 -2
v 6.217 -14.518 -2
v 5.697 -15.297 -2
v 4.918 -15.817 -2
v 4 -16 -2
v 3.082 -15.817 -2
v 2.303 -15.297 -2
v 1.783 -14.518 -2
v 1.6 -13.6 -2
v 1.783 -12.682 -2
v 2.303 -11.903 -2
v 3.082 -11.383 -2
v 4 -11.2 -3.6
v 4.918 -11.383 -3.6
v 5.697 -11.903 -3.6
v 6.217 -12.682 -3.6
v 6.4 -13.6 -3.6
v 6.217 -14.518 -3.6
v 5.697 -15.297 -3.6
v 4.918 -15.817 -3.6
v 4 -16 -3.6
v 3.082 -15.817 -3.6
v 2.303 -15.297 -3.6
v 1.783 -14.518 -3.6
v 1.6 -13.6 -3.6
v 1.783 -12.682 -3.6
v 2.303 -11.903 -3.6
v 3.082 -11.383 -3.6
v 5.697 -7.297 1.881
v 4.918 -7.817 1.541
v 4 -8 1.311
v 3.082 -7.817 1.541
v 4 -3.114 -1.393
v 4.634 -3.284 -1.797
v 5.702 -3.857 -2.545
v 6.2 -4.602 -3.117
v 6.4 -5.469 -3.476
v 6.212 -6.526 -3.6
v 5.703 -7.299 -3.6
v 4.918 -7.817 -3.6
v 4 -8 -3.6
v 3.082 -7.817 -3.6
v 2.3 -7.299 -3.6
v 1.781 -6.52 -3.6
v 1.6 -5.469 -3.476
v 1.792 -4.602 -3.117
v 2.298 -3.857 -2.545
v 3.366 -3.284 -1.797
v 0.84 -6.4 -3.6
v 0.84 -9.363 2
v 0.84 -8.944 2.543
v 0.84 -8.199 3.115
v 0.84 -7.332 3.474
v 0.84 -6.4 3.597
v 0.84 -5.469 3.474
v 0.84 -4.602 3.115
v 0.84 -3.857 2.543
v 0.84 -3.285 1.798
v 0.84 -2.925 0.93
v 0.84 -2.8 0
v 0.84 -2.925 -0.932
v 0.84 -3.285 -1.798
v 0.84 -3.857 -2.545
v 0.84 -4.602 -3.117
v 0.84 -5.469 -3.476
v 7.319 -6.4 -3.599
v 7.406 -8.944 2.543
v 7.381 -8.199 3.115
v 7.319 -6.4 3.597
v 7.287 -5.469 3.474
v 7.233 -3.857 2.543
v 7.2 -2.925 0.93
v 7.2 -2.925 -0.932
v 7.208 -3.285 -1.798
v 7.233 -3.857 -2.545
v 7.258 -4.602 -3.117
v 7.287 -5.469 -3.476
v 0.84 -9.665 2
v 0.84 -10.18 0.806
v 0.84 -10.299 0
v 0.84 -10.173 -0.932
v 0.84 -9.86 -1.85
v 0.84 -9.376 -2.545
v 0.84 -8.792 -3.117
v 0.84 -8.336 -3.481
v 0.84 -8.118 -3.6
v 0.5 -8.118 -3.6
v 0.5 -8.336 -3.481
v 0.5 -8.792 -3.117
v 0.5 -9.376 -2.545
v 0.5 -9.86 -1.85
v 0.5 -10.173 -0.932
v 0.5 -10.299 0
v 0.5 -10.18 0.806
v 0.5 -9.665 2
v 0.5 -17.58 -3.6
v 7.7 -17.58 -3.6
v 7.7 -17.58 4.36
v 1.6 -17.58 2.8
v 0.5 -14.4 2
v 7.592 -14.4 2
v 0.5 -14.4 4.36
v 0.5 -17.58 4.36
v 1.6 -17.58 -2
v 3 -6.859 -1.109
v 3 -7.249 -0.849
v 3 -7.509 -0.459
v 3 -7.6 0
v 3 -7.509 0.459
v 3 -7.249 0.849
v 3 -6.859 1.109
v 3 -6.4 1.2
v 3 -5.941 1.109
v 3 -5.551 0.849
v 3 -5.291 0.459
v 3 -5.2 0
v 3 -5.291 -0.459
v 3 -5.551 -0.849
v 3 -5.941 -1.109
v 3 -6.4 -1.2
v 7.42 -9.363 2
v 7.351 -7.332 3.474
v 7.258 -4.602 3.115
v 7.213 -3.285 1.798
v 7.197 -2.8 0
v 7.592 -14.4 4.36
v 6.4 -17.58 -2
v 6.4 -17.58 2.8
v 6.4 -15.6 1.2
v 6.4 -15.6 2.8
v 1.6 -15.6 1.2
v 1.6 -15.6 2.8
v 1.6 -8.6 -2
v 1.6 -8.6 1.2
v 6.4 -8.6 -2
v 6.4 -8.6 1.2
v 5.8 -4.842 1.393
v 5.8 -7.148 1.921
v 5.8 -5.6 1.936
v 2.298 -3.857 -1.7
v 1.781 -6.52 -1.7
v 1.6 -5.504 -1.7
v 1.791 -4.645 -1.7
v 3.082 -7.817 -1.7
v 6.2 -4.602 -1.7
v 0.84 -6.4 -1.2
v 0.84 -5.941 -1.109
v 0.84 -5.551 -0.849
v 0.84 -5.291 -0.459
v 0.84 -5.2 0
v 0.84 -5.291 0.459
v 0.84 -5.551 0.849
v 0.84 -5.941 1.109
v 0.84 -6.4 1.2
v 0.84 -6.859 1.109
v 0.84 -7.249 0.849
v 0.84 -7.509 0.459
v 0.84 -7.6 0
v 0.84 -7.509 -0.459
v 0.84 -7.249 -0.849
v 0.84 -6.859 -1.109
v 2.02 -4.3 -1.7
v 2.3 -7.299 -1.7
v 3 -7.762 -1.7
v 5.702 -3.857 -1.7
v 4.634 -3.284 -1.7
v 3.366 -3.284 -1.7
v 5.8 -4.3 0.699
v 3 -4.3 0.699
v 5.8 -6.518 2.074
v 3 -7.765 1.574
v 3 -7.297 1.881
v 3 -6.518 2.074
v 3 -5.6 1.936
v 3 -4.842 1.393
v 5.8 -7.148 -1.7
v 5.8 -7.148 -1.7
v 5.8 -4.3 -1.7
v 5.8 -4.3 -1.7
v 4 -3.114 -1.7
v 3.519 -3.243 -1.7
v 3.519 -3.243 -1.7
v 3.519 -3.243 -1.7
v 4.481 -3.243 -1.7
v 4.481 -3.243 -1.7
v 4.481 -3.243 -1.7
v 4 -3.114 -1.393
v 6.2 -4.602 -1.7
v 5.702 -3.857 -1.7
v 3 -4.3 -1.7
v 3 -4.3 -1.7
v 3 -7.762 -1.7
v 3 -7.762 -1.7
v 4 -11.2 -2
v 4.918 -11.383 -2
v 5.697 -11.903 -2
v 6.217 -12.682 -2
v 6.4 -13.6 -2
v 6.4 -13.6 -2
v 6.4 -13.6 -2
v 6.217 -14.518 -2
v 5.697 -15.297 -2
v 4.918 -15.817 -2
v 4 -16 -2
v 3.082 -15.817 -2
v 2.303 -15.297 -2
v 1.783 -14.518 -2
v 1.6 -13.6 -2
v 1.6 -13.6 -2
v 1.6 -13.6 -2
v 1.783 -12.682 -2
v 2.303 -11.903 -2
v 3.082 -11.383 -2
v 4 -11.2 -3.6
v 4.918 -11.383 -3.6
v 5.697 -11.903 -3.6
v 6.217 -12.682 -3.6
v 6.4 -13.6 -3.6
v 6.217 -14.518 -3.6
v 5.697 -15.297 -3.6
v 4.918 -15.817 -3.6
v 4 -16 -3.6
v 3.082 -15.817 -3.6
v 2.303 -15.297 -3.6
v 1.783 -14.518 -3.6
v 1.6 -13.6 -3.6
v 1.783 -12.682 -3.6
v 2.303 -11.903 -3.6
v 3.082 -11.383 -3.6
v 5.697 -7.297 1.881
v 4.918 -7.817 1.541
v 4 -8 1.311
v 3.082 -7.817 1.541
v 4.634 -3.284 -1.797
v 5.702 -3.857 -2.545
v 6.2 -4.602 -3.117
v 6.4 -5.469 -3.476
v 6.212 -6.526 -3.6
v 5.703 -7.299 -3.6
v 4.918 -7.817 -3.6
v 4 -8 -3.6
v 3.082 -7.817 -3.6
v 2.3 -7.299 -3.6
v 1.781 -6.52 -3.6
v 1.6 -5.469 -3.476
v 1.792 -4.602 -3.117
v 2.298 -3.857 -2.545
v 3.366 -3.284 -1.797
v 7.197 -2.8 0
v 7.2 -2.925 -0.932
v 7.213 -3.285 1.798
v 7.2 -2.925 0.93
v 7.258 -4.602 3.115
v 7.233 -3.857 2.543
v 7.351 -7.332 3.474
v 7.319 -6.4 3.597
v 7.42 -9.363 2
v 7.42 -9.363 2
v 7.406 -8.944 2.543
v 0.84 -9.363 2
v 0.84 -9.363 2
v 0.84 -8.944 2.543
v 0.84 -8.199 3.115
v 7.381 -8.199 3.115
v 0.84 -7.332 3.474
v 0.84 -6.4 3.597
v 0.84 -5.469 3.474
v 7.287 -5.469 3.474
v 0.84 -4.602 3.115
v 0.84 -3.857 2.543
v 0.84 -3.285 1.798
v 0.84 -2.925 0.93
v 0.84 -2.8 0
v 0.84 -2.925 -0.932
v 0.84 -3.285 -1.798
v 7.208 -3.285 -1.798
v 0.84 -3.857 -2.545
v 7.233 -3.857 -2.545
v 0.84 -4.602 -3.117
v 7.258 -4.602 -3.117
v 0.84 -5.469 -3.476
v 7.287 -5.469 -3.476
v 0.84 -6.4 -3.6
v 7.319 -6.4 -3.599
v 0.84 -9.665 2
v 0.84 -9.665 2
v 0.84 -10.18 0.806
v 0.84 -10.299 0
v 0.84 -10.173 -0.932
v 0.84 -9.86 -1.85
v 0.84 -9.376 -2.545
v 7.7 -17.58 -3.6
v 7.7 -17.58 -3.6
v 0.84 -8.792 -3.117
v 0.84 -8.336 -3.481
v 0.84 -8.118 -3.6
v 0.84 -8.118 -3.6
v 0.5 -8.118 -3.6
v 0.5 -8.118 -3.6
v 0.5 -8.336 -3.481
v 0.5 -8.792 -3.117
v 0.5 -9.376 -2.545
v 0.5 -9.86 -1.85
v 0.5 -10.173 -0.932
v 0.5 -10.299 0
v 0.5 -10.18 0.806
v 0.5 -9.665 2
v 0.5 -9.665 2
v 1.6 -17.58 2.8
v 1.6 -17.58 2.8
v 1.6 -17.58 -2
v 1.6 -17.58 -2
v 0.5 -14.4 2
v 0.5 -14.4 2
v 0.5 -14.4 4.36
v 0.5 -14.4 4.36
v 0.5 -17.58 4.36
v 0.5 -17.58 4.36
v 0.5 -17.58 -3.6
v 0.5 -17.58 -3.6
v 3 -6.4 -1.2
v 3 -6.859 -1.109
v 3 -7.249 -0.849
v 3 -7.509 -0.459
v 3 -7.6 0
v 3 -7.509 0.459
v 3 -7.249 0.849
v 3 -6.859 1.109
v 3 -6.4 1.2
v 3 -5.941 1.109
v 3 -5.551 0.849
v 3 -5.291 0.459
v 3 -5.2 0
v 3 -5.291 -0.459
v 3 -5.551 -0.849
v 3 -5.941 -1.109
v 6.4 -17.58 -2
v 6.4 -17.58 -2
v 7.592 -14.4 4.36
v 7.592 -14.4 4.36
v 7.592 -14.4 2
v 7.592 -14.4 2
v 6.4 -15.6 1.2
v 6.4 -15.6 1.2
v 6.4 -15.6 2.8
v 6.4 -15.6 2.8
v 1.6 -15.6 2.8
v 1.6 -15.6 2.8
v 1.6 -15.6 1.2
v 1.6 -15.6 1.2
v 1.6 -8.6 1.2
v 1.6 -8.6 1.2
v 6.4 -8.6 1.2
v 6.4 -8.6 1.2
v 1.6 -8.6 -2
v 1.6 -8.6 -2
v 6.4 -8.6 -2
v 6.4 -8.6 -2
v 6.4 -17.58 2.8
v 6.4 -17.58 2.8
v 7.7 -17.58 4.36
v 7.7 -17.58 4.36
v 5.8 -7.148 1.921
v 5.8 -7.148 1.921
v 5.8 -6.518 2.074
v 5.8 -5.6 1.936
v 5.8 -4.842 1.393
v 3 -7.765 1.574
v 3 -7.765 1.574
v 2.298 -3.857 -1.7
v 2.02 -4.3 -1.7
v 1.791 -4.645 -1.7
v 1.781 -6.52 -1.7
v 2.3 -7.299 -1.7
v 1.6 -5.504 -1.7
v 3.366 -3.284 -1.7
v 6.4 -5.469 -1.7
v 6.212 -6.526 -1.7
v 4.634 -3.284 -1.7
v 0.84 -5.941 -1.109
v 0.84 -6.4 -1.2
v 0.84 -5.551 -0.849
v 0.84 -5.291 -0.459
v 0.84 -5.2 0
v 0.84 -5.291 0.459
v 0.84 -5.551 0.849
v 0.84 -5.941 1.109
v 0.84 -6.4 1.2
v 0.84 -6.859 1.109
v 0.84 -7.249 0.849
v 0.84 -7.509 0.459
v 0.84 -7.6 0
v 0.84 -7.509 -0.459
v 0.84 -7.249 -0.849
v 0.84 -6.859 -1.109
v 5.8 -4.3 0.699
v 5.8 -4.3 0.699
v 3 -4.3 0.699
v 3 -4.3 0.699
v 3 -4.842 1.393
v 3 -5.6 1.936
v 3 -6.518 2.074
v 3 -7.297 1.881
vt 0.953 0.609
vt 0.949 0.587
vt 0.94 0.635
vt 0.949 0.587
vt 0.94 0.573
vt 0.949 0.587
vt 0.949 0.587
vt 0.949 0.587
vt 0.953 0.609
vt 0.949 0.587
vt 0.953 0.609
vt 0.953 0.609
vt 0.949 0.628
vt 0.953 0.609
vt 0.949 0.628
vt 0.953 0.609
vt 0.953 0.609
vt 0.949 0.628
vt 0.94 0.573
vt 0.949 0.587
vt 0.938 0.57
vt 0.949 0.587
vt 0.938 0.57
vt 0.938 0.57
vt 0.949 0.587
vt 0.94 0.573
vt 0.94 0.635
vt 0.921 0.559
vt 0.921 0.559
vt 0.938 0.57
vt 0.921 0.559
vt 0.938 0.57
vt 0.938 0.57
vt 0.725 0.66
vt 0.725 0.66
vt 0.715 0.657
vt 0.882 0.482
vt 0.882 0.482
vt 0.865 0.471
vt 0.882 0.482
vt 0.865 0.471
vt 0.865 0.471
vt 0.882 0.482
vt 0.901 0.486
vt 0.882 0.482
vt 0.901 0.486
vt 0.901 0.486
vt 0.882 0.482
vt 0.921 0.482
vt 0.921 0.482
vt 0.901 0.486
vt 0.921 0.482
vt 0.901 0.486
vt 0.901 0.486
vt 0.938 0.471
vt 0.938 0.471
vt 0.921 0.482
vt 0.938 0.471
vt 0.921 0.482
vt 0.921 0.482
vt 0.949 0.454
vt 0.949 0.454
vt 0.938 0.471
vt 0.949 0.454
vt 0.938 0.471
vt 0.938 0.471
vt 0.953 0.434
vt 0.953 0.434
vt 0.949 0.454
vt 0.953 0.434
vt 0.949 0.454
vt 0.949 0.454
vt 0.949 0.414
vt 0.949 0.414
vt 0.953 0.434
vt 0.949 0.414
vt 0.953 0.434
vt 0.953 0.434
vt 0.938 0.398
vt 0.938 0.398
vt 0.949 0.414
vt 0.938 0.398
vt 0.949 0.414
vt 0.949 0.414
vt 0.921 0.386
vt 0.921 0.386
vt 0.938 0.398
vt 0.921 0.386
vt 0.938 0.398
vt 0.938 0.398
vt 0.901 0.382
vt 0.901 0.382
vt 0.921 0.386
vt 0.901 0.382
vt 0.921 0.386
vt 0.921 0.386
vt 0.882 0.386
vt 0.882 0.386
vt 0.901 0.382
vt 0.882 0.386
vt 0.901 0.382
vt 0.901 0.382
vt 0.865 0.398
vt 0.865 0.398
vt 0.882 0.386
vt 0.865 0.398
vt 0.882 0.386
vt 0.882 0.386
vt 0.854 0.414
vt 0.854 0.414
vt 0.865 0.398
vt 0.854 0.414
vt 0.865 0.398
vt 0.865 0.398
vt 0.85 0.434
vt 0.85 0.434
vt 0.854 0.414
vt 0.85 0.434
vt 0.854 0.414
vt 0.854 0.414
vt 0.854 0.454
vt 0.854 0.454
vt 0.85 0.434
vt 0.854 0.454
vt 0.85 0.434
vt 0.85 0.434
vt 0.865 0.471
vt 0.865 0.471
vt 0.854 0.454
vt 0.865 0.471
vt 0.854 0.454
vt 0.854 0.454
vt 0.447 0.348
vt 0.618 0.348
vt 0.447 0.417
vt 0.618 0.348
vt 0.498 0.417
vt 0.447 0.417
vt 0.264 0.519
vt 0.257 0.417
vt 0.406 0.525
vt 0.257 0.417
vt 0.41 0.417
vt 0.406 0.525
vt 0.406 0.534
vt 0.264 0.534
vt 0.406 0.525
vt 0.264 0.534
vt 0.264 0.525
vt 0.406 0.525
vt 0.405 0.569
vt 0.264 0.569
vt 0.405 0.55
vt 0.264 0.569
vt 0.264 0.55
vt 0.405 0.55
vt 0.403 0.609
vt 0.264 0.609
vt 0.404 0.589
vt 0.264 0.609
vt 0.264 0.589
vt 0.404 0.589
vt 0.051 0.547
vt 0.051 0.547
vt 0.048 0.552
vt 0.051 0.547
vt 0.048 0.552
vt 0.048 0.552
vt 0.059 0.538
vt 0.059 0.538
vt 0.051 0.547
vt 0.059 0.538
vt 0.051 0.547
vt 0.051 0.547
vt 0.071 0.525
vt 0.071 0.525
vt 0.059 0.538
vt 0.071 0.525
vt 0.059 0.538
vt 0.059 0.538
vt 0.086 0.515
vt 0.086 0.515
vt 0.071 0.525
vt 0.086 0.515
vt 0.071 0.525
vt 0.071 0.525
vt 0.106 0.508
vt 0.106 0.508
vt 0.086 0.515
vt 0.106 0.508
vt 0.086 0.515
vt 0.086 0.515
vt 0.126 0.505
vt 0.126 0.505
vt 0.106 0.508
vt 0.126 0.505
vt 0.106 0.508
vt 0.106 0.508
vt 0.143 0.508
vt 0.143 0.508
vt 0.126 0.505
vt 0.143 0.508
vt 0.126 0.505
vt 0.126 0.505
vt 0.169 0.519
vt 0.169 0.519
vt 0.143 0.508
vt 0.169 0.519
vt 0.143 0.508
vt 0.143 0.508
vt 0.953 0.542
vt 0.85 0.542
vt 0.953 0.542
vt 0.85 0.542
vt 0.85 0.542
vt 0.953 0.542
vt 0.22 0.417
vt 0.169 0.417
vt 0.22 0.348
vt 0.169 0.417
vt 0.048 0.348
vt 0.22 0.348
vt 0.405 0.55
vt 0.264 0.55
vt 0.406 0.534
vt 0.264 0.55
vt 0.264 0.534
vt 0.406 0.534
vt 0.404 0.589
vt 0.264 0.589
vt 0.405 0.569
vt 0.264 0.589
vt 0.264 0.569
vt 0.405 0.569
vt 0.403 0.628
vt 0.264 0.628
vt 0.403 0.609
vt 0.264 0.628
vt 0.264 0.609
vt 0.403 0.609
vt 0.257 0.519
vt 0.257 0.417
vt 0.264 0.519
vt 0.264 0.519
vt 0.406 0.525
vt 0.264 0.525
vt 0.85 0.391
vt 0.85 0.391
vt 0.953 0.391
vt 0.85 0.391
vt 0.953 0.391
vt 0.953 0.391
vt 0.953 0.391
vt 0.953 0.348
vt 0.85 0.391
vt 0.953 0.348
vt 0.85 0.348
vt 0.85 0.391
vt 0.826 0.348
vt 0.85 0.348
vt 0.981 0.348
vt 0.85 0.348
vt 0.953 0.348
vt 0.981 0.348
vt 0.257 0.417
vt 0.257 0.348
vt 0.41 0.417
vt 0.257 0.348
vt 0.412 0.348
vt 0.41 0.417
vt 0.953 0.391
vt 0.85 0.391
vt 0.953 0.542
vt 0.85 0.391
vt 0.85 0.542
vt 0.953 0.542
vt 0.953 0.391
vt 0.953 0.348
vt 0.953 0.391
vt 0.953 0.348
vt 0.953 0.348
vt 0.953 0.391
vt 0.656 0.664
vt 0.793 0.664
vt 0.656 0.667
vt 0.793 0.664
vt 0.793 0.667
vt 0.656 0.667
vt 0.402 0.656
vt 0.264 0.656
vt 0.402 0.644
vt 0.264 0.656
vt 0.264 0.644
vt 0.402 0.644
vt 0.41 0.417
vt 0.41 0.417
vt 0.257 0.417
vt 0.41 0.417
vt 0.257 0.417
vt 0.257 0.417
vt 0.793 0.609
vt 0.777 0.609
vt 0.793 0.589
vt 0.777 0.609
vt 0.773 0.587
vt 0.793 0.589
vt 0.725 0.66
vt 0.793 0.664
vt 0.656 0.664
vt 0.401 0.667
vt 0.264 0.667
vt 0.401 0.664
vt 0.264 0.667
vt 0.264 0.664
vt 0.401 0.664
vt 0.401 0.664
vt 0.264 0.664
vt 0.402 0.656
vt 0.264 0.664
vt 0.264 0.656
vt 0.402 0.656
vt 0.85 0.391
vt 0.85 0.348
vt 0.85 0.391
vt 0.85 0.348
vt 0.85 0.348
vt 0.85 0.391
vt 0.402 0.644
vt 0.264 0.644
vt 0.403 0.628
vt 0.264 0.644
vt 0.264 0.628
vt 0.403 0.628
vt 0.94 0.573
vt 0.94 0.573
vt 0.938 0.57
vt 0.94 0.573
vt 0.938 0.57
vt 0.938 0.57
vt 0.921 0.559
vt 0.938 0.57
vt 0.921 0.559
vt 0.938 0.57
vt 0.938 0.57
vt 0.921 0.559
vt 0.901 0.555
vt 0.901 0.555
vt 0.921 0.559
vt 0.901 0.555
vt 0.921 0.559
vt 0.921 0.559
vt 0.882 0.559
vt 0.882 0.559
vt 0.88 0.56
vt 0.882 0.559
vt 0.88 0.56
vt 0.88 0.56
vt 0.882 0.559
vt 0.882 0.559
vt 0.901 0.555
vt 0.882 0.559
vt 0.901 0.555
vt 0.901 0.555
vt 0.882 0.559
vt 0.88 0.56
vt 0.88 0.57
vt 0.854 0.628
vt 0.865 0.644
vt 0.854 0.627
vt 0.865 0.644
vt 0.859 0.635
vt 0.854 0.627
vt 0.865 0.57
vt 0.854 0.587
vt 0.865 0.57
vt 0.854 0.587
vt 0.854 0.587
vt 0.865 0.57
vt 0.85 0.609
vt 0.85 0.609
vt 0.854 0.587
vt 0.85 0.609
vt 0.854 0.587
vt 0.854 0.587
vt 0.854 0.628
vt 0.854 0.627
vt 0.85 0.609
vt 0.854 0.627
vt 0.85 0.609
vt 0.85 0.609
vt 0.859 0.635
vt 0.865 0.644
vt 0.865 0.644
vt 0.88 0.56
vt 0.865 0.57
vt 0.865 0.57
vt 0.865 0.57
vt 0.88 0.56
vt 0.882 0.559
vt 0.88 0.56
vt 0.882 0.559
vt 0.882 0.559
vt 0.901 0.555
vt 0.901 0.555
vt 0.921 0.559
vt 0.901 0.555
vt 0.921 0.559
vt 0.921 0.559
vt 0.882 0.559
vt 0.882 0.559
vt 0.901 0.555
vt 0.882 0.559
vt 0.901 0.555
vt 0.901 0.555
vt 0.865 0.644
vt 0.88 0.635
vt 0.859 0.635
vt 0.85 0.348
vt 0.826 0.348
vt 0.953 0.348
vt 0.826 0.348
vt 0.981 0.348
vt 0.953 0.348
vt 0.85 0.348
vt 0.85 0.434
vt 0.85 0.391
vt 0.85 0.542
vt 0.85 0.542
vt 0.85 0.434
vt 0.85 0.542
vt 0.85 0.391
vt 0.85 0.434
vt 0.953 0.348
vt 0.953 0.391
vt 0.953 0.434
vt 0.953 0.542
vt 0.953 0.434
vt 0.953 0.542
vt 0.953 0.434
vt 0.953 0.391
vt 0.953 0.542
vt 0.854 0.454
vt 0.85 0.542
vt 0.85 0.434
vt 0.953 0.542
vt 0.949 0.454
vt 0.953 0.434
vt 0.865 0.471
vt 0.85 0.542
vt 0.854 0.454
vt 0.953 0.542
vt 0.938 0.471
vt 0.949 0.454
vt 0.882 0.482
vt 0.85 0.542
vt 0.865 0.471
vt 0.953 0.542
vt 0.921 0.482
vt 0.938 0.471
vt 0.901 0.486
vt 0.85 0.542
vt 0.882 0.482
vt 0.953 0.542
vt 0.901 0.486
vt 0.921 0.482
vt 0.953 0.542
vt 0.85 0.542
vt 0.901 0.486
vt 0.85 0.434
vt 0.85 0.348
vt 0.854 0.414
vt 0.854 0.414
vt 0.85 0.348
vt 0.865 0.398
vt 0.865 0.398
vt 0.85 0.348
vt 0.882 0.386
vt 0.953 0.348
vt 0.901 0.382
vt 0.85 0.348
vt 0.901 0.382
vt 0.953 0.348
vt 0.921 0.386
vt 0.921 0.386
vt 0.953 0.348
vt 0.938 0.398
vt 0.938 0.398
vt 0.953 0.348
vt 0.949 0.414
vt 0.949 0.414
vt 0.953 0.348
vt 0.953 0.434
vt 0.901 0.382
vt 0.882 0.386
vt 0.85 0.348
vt 0.541 0.667
vt 0.521 0.664
vt 0.561 0.664
vt 0.502 0.656
vt 0.579 0.656
vt 0.521 0.664
vt 0.579 0.656
vt 0.561 0.664
vt 0.521 0.664
vt 0.579 0.656
vt 0.502 0.656
vt 0.596 0.644
vt 0.502 0.656
vt 0.486 0.644
vt 0.596 0.644
vt 0.474 0.628
vt 0.608 0.628
vt 0.486 0.644
vt 0.608 0.628
vt 0.596 0.644
vt 0.486 0.644
vt 0.608 0.628
vt 0.474 0.628
vt 0.616 0.609
vt 0.474 0.628
vt 0.466 0.609
vt 0.616 0.609
vt 0.466 0.609
vt 0.463 0.589
vt 0.616 0.609
vt 0.463 0.589
vt 0.618 0.589
vt 0.616 0.609
vt 0.466 0.569
vt 0.486 0.534
vt 0.463 0.589
vt 0.486 0.534
vt 0.498 0.525
vt 0.463 0.589
vt 0.486 0.534
vt 0.466 0.569
vt 0.474 0.55
vt 0.618 0.589
vt 0.463 0.589
vt 0.498 0.525
vt 0.618 0.589
vt 0.498 0.525
vt 0.618 0.348
vt 0.498 0.525
vt 0.498 0.417
vt 0.618 0.348
vt 0.673 0.609
vt 0.654 0.609
vt 0.677 0.586
vt 0.654 0.609
vt 0.654 0.589
vt 0.677 0.586
vt 0.953 0.348
vt 0.981 0.348
vt 0.953 0.348
vt 0.981 0.348
vt 0.981 0.348
vt 0.953 0.348
vt 0.85 0.348
vt 0.826 0.348
vt 0.85 0.348
vt 0.826 0.348
vt 0.826 0.348
vt 0.85 0.348
vt 0.793 0.552
vt 0.777 0.434
vt 0.8 0.348
vt 0.777 0.434
vt 0.773 0.414
vt 0.8 0.348
vt 0.773 0.414
vt 0.762 0.397
vt 0.8 0.348
vt 0.762 0.397
vt 0.745 0.386
vt 0.8 0.348
vt 0.745 0.386
vt 0.725 0.382
vt 0.8 0.348
vt 0.725 0.382
vt 0.705 0.386
vt 0.645 0.348
vt 0.705 0.386
vt 0.688 0.397
vt 0.645 0.348
vt 0.688 0.397
vt 0.677 0.414
vt 0.645 0.348
vt 0.677 0.414
vt 0.673 0.434
vt 0.645 0.348
vt 0.673 0.434
vt 0.654 0.589
vt 0.645 0.348
vt 0.793 0.552
vt 0.773 0.454
vt 0.777 0.434
vt 0.677 0.454
vt 0.654 0.589
vt 0.673 0.434
vt 0.793 0.552
vt 0.762 0.471
vt 0.773 0.454
vt 0.688 0.471
vt 0.654 0.589
vt 0.677 0.454
vt 0.762 0.57
vt 0.793 0.552
vt 0.773 0.587
vt 0.793 0.552
vt 0.793 0.589
vt 0.773 0.587
vt 0.705 0.559
vt 0.705 0.482
vt 0.725 0.555
vt 0.705 0.482
vt 0.725 0.486
vt 0.725 0.555
vt 0.725 0.486
vt 0.745 0.482
vt 0.725 0.555
vt 0.745 0.482
vt 0.745 0.559
vt 0.725 0.555
vt 0.725 0.382
vt 0.645 0.348
vt 0.8 0.348
vt 0.705 0.482
vt 0.705 0.559
vt 0.688 0.57
vt 0.793 0.552
vt 0.745 0.559
vt 0.762 0.471
vt 0.745 0.559
vt 0.745 0.482
vt 0.762 0.471
vt 0.705 0.482
vt 0.688 0.57
vt 0.688 0.471
vt 0.688 0.57
vt 0.654 0.589
vt 0.688 0.471
vt 0.677 0.586
vt 0.654 0.589
vt 0.688 0.57
vt 0.762 0.57
vt 0.745 0.559
vt 0.793 0.552
vt 0.8 0.552
vt 0.793 0.552
vt 0.8 0.348
vt 0.059 0.538
vt 0.048 0.348
vt 0.071 0.525
vt 0.059 0.538
vt 0.051 0.547
vt 0.048 0.348
vt 0.051 0.547
vt 0.048 0.552
vt 0.048 0.348
vt 0.169 0.519
vt 0.143 0.508
vt 0.169 0.417
vt 0.143 0.508
vt 0.126 0.505
vt 0.169 0.417
vt 0.126 0.505
vt 0.106 0.508
vt 0.169 0.417
vt 0.169 0.417
vt 0.106 0.508
vt 0.048 0.348
vt 0.048 0.348
vt 0.086 0.515
vt 0.071 0.525
vt 0.048 0.348
vt 0.106 0.508
vt 0.086 0.515
vt 0.833 0.579
vt 0.833 0.589
vt 0.88 0.579
vt 0.833 0.589
vt 0.88 0.589
vt 0.88 0.579
vt 0.833 0.599
vt 0.833 0.608
vt 0.88 0.599
vt 0.833 0.608
vt 0.88 0.608
vt 0.88 0.599
vt 0.833 0.613
vt 0.833 0.615
vt 0.88 0.613
vt 0.833 0.615
vt 0.88 0.615
vt 0.88 0.613
vt 0.833 0.589
vt 0.833 0.579
vt 0.88 0.589
vt 0.833 0.579
vt 0.88 0.579
vt 0.88 0.589
vt 0.833 0.613
vt 0.833 0.608
vt 0.88 0.613
vt 0.833 0.608
vt 0.88 0.608
vt 0.88 0.613
vt 0.833 0.571
vt 0.833 0.565
vt 0.88 0.571
vt 0.833 0.565
vt 0.88 0.565
vt 0.88 0.571
vt 0.833 0.599
vt 0.833 0.589
vt 0.88 0.599
vt 0.833 0.589
vt 0.88 0.589
vt 0.88 0.599
vt 0.833 0.564
vt 0.833 0.565
vt 0.88 0.564
vt 0.833 0.565
vt 0.88 0.565
vt 0.88 0.564
vt 0.833 0.571
vt 0.833 0.579
vt 0.88 0.571
vt 0.833 0.579
vt 0.88 0.579
vt 0.88 0.571
vt 0.833 0.589
vt 0.833 0.599
vt 0.88 0.589
vt 0.833 0.599
vt 0.88 0.599
vt 0.88 0.589
vt 0.833 0.608
vt 0.833 0.613
vt 0.88 0.608
vt 0.833 0.613
vt 0.88 0.613
vt 0.88 0.608
vt 0.833 0.615
vt 0.833 0.613
vt 0.88 0.615
vt 0.833 0.613
vt 0.88 0.613
vt 0.88 0.615
vt 0.833 0.579
vt 0.833 0.571
vt 0.88 0.579
vt 0.833 0.571
vt 0.88 0.571
vt 0.88 0.579
vt 0.833 0.608
vt 0.833 0.599
vt 0.88 0.608
vt 0.833 0.599
vt 0.88 0.599
vt 0.88 0.608
vt 0.833 0.565
vt 0.833 0.564
vt 0.88 0.565
vt 0.833 0.564
vt 0.88 0.564
vt 0.88 0.565
vt 0.833 0.565
vt 0.833 0.571
vt 0.88 0.565
vt 0.833 0.571
vt 0.88 0.571
vt 0.88 0.565
vt 0.949 0.628
vt 0.938 0.644
vt 0.949 0.628
vt 0.938 0.644
vt 0.938 0.644
vt 0.949 0.628
vt 0.673 0.609
vt 0.678 0.628
vt 0.654 0.609
vt 0.678 0.628
vt 0.655 0.628
vt 0.654 0.609
vt 0.777 0.609
vt 0.793 0.609
vt 0.773 0.628
vt 0.793 0.609
vt 0.793 0.628
vt 0.773 0.628
vt 0.949 0.628
vt 0.953 0.609
vt 0.94 0.635
vt 0.94 0.635
vt 0.938 0.644
vt 0.949 0.628
vt 0.88 0.635
vt 0.88 0.56
vt 0.865 0.57
vt 0.88 0.635
vt 0.865 0.57
vt 0.854 0.587
vt 0.88 0.635
vt 0.854 0.587
vt 0.85 0.609
vt 0.88 0.635
vt 0.85 0.609
vt 0.854 0.627
vt 0.88 0.635
vt 0.854 0.627
vt 0.859 0.635
vt 0.915 0.657
vt 0.915 0.657
vt 0.912 0.657
vt 0.891 0.657
vt 0.912 0.657
vt 0.88 0.635
vt 0.725 0.66
vt 0.735 0.657
vt 0.725 0.66
vt 0.891 0.657
vt 0.901 0.66
vt 0.912 0.657
vt 0.888 0.657
vt 0.891 0.657
vt 0.888 0.657
vt 0.678 0.628
vt 0.688 0.644
vt 0.655 0.628
vt 0.688 0.644
vt 0.655 0.644
vt 0.655 0.628
vt 0.773 0.628
vt 0.793 0.628
vt 0.762 0.644
vt 0.793 0.628
vt 0.793 0.644
vt 0.762 0.644
vt 0.915 0.657
vt 0.938 0.644
vt 0.915 0.657
vt 0.938 0.644
vt 0.938 0.644
vt 0.915 0.657
vt 0.888 0.657
vt 0.888 0.657
vt 0.865 0.644
vt 0.888 0.657
vt 0.865 0.644
vt 0.865 0.644
vt 0.891 0.657
vt 0.88 0.635
vt 0.888 0.657
vt 0.88 0.635
vt 0.865 0.644
vt 0.888 0.657
vt 0.915 0.657
vt 0.88 0.635
vt 0.912 0.657
vt 0.915 0.657
vt 0.938 0.644
vt 0.88 0.635
vt 0.938 0.644
vt 0.94 0.635
vt 0.88 0.635
vt 0.688 0.644
vt 0.711 0.656
vt 0.655 0.644
vt 0.711 0.656
vt 0.656 0.656
vt 0.655 0.644
vt 0.762 0.644
vt 0.793 0.644
vt 0.739 0.656
vt 0.793 0.644
vt 0.793 0.656
vt 0.739 0.656
vt 0.735 0.657
vt 0.739 0.656
vt 0.793 0.664
vt 0.739 0.656
vt 0.793 0.656
vt 0.793 0.664
vt 0.725 0.66
vt 0.656 0.664
vt 0.715 0.657
vt 0.725 0.66
vt 0.735 0.657
vt 0.793 0.664
vt 0.715 0.657
vt 0.656 0.664
vt 0.711 0.656
vt 0.656 0.664
vt 0.656 0.656
vt 0.711 0.656
vt 0.88 0.635
vt 0.94 0.635
vt 0.88 0.623
vt 0.94 0.635
vt 0.94 0.623
vt 0.88 0.623
vt 0.94 0.635
vt 0.94 0.635
vt 0.88 0.635
vt 0.94 0.635
vt 0.88 0.635
vt 0.88 0.635
vt 0.88 0.607
vt 0.88 0.623
vt 0.94 0.607
vt 0.88 0.623
vt 0.94 0.623
vt 0.94 0.607
vt 0.88 0.587
vt 0.88 0.607
vt 0.94 0.587
vt 0.88 0.607
vt 0.94 0.607
vt 0.94 0.587
vt 0.901 0.555
vt 0.882 0.559
vt 0.921 0.559
vt 0.938 0.57
vt 0.921 0.559
vt 0.88 0.57
vt 0.921 0.559
vt 0.882 0.559
vt 0.88 0.57
vt 0.94 0.573
vt 0.938 0.57
vt 0.94 0.587
vt 0.88 0.587
vt 0.94 0.587
vt 0.88 0.57
vt 0.94 0.587
vt 0.938 0.57
vt 0.88 0.57
vt 0.88 0.579
vt 0.88 0.589
vt 0.88 0.57
vt 0.88 0.589
vt 0.88 0.587
vt 0.88 0.57
vt 0.88 0.564
vt 0.88 0.56
vt 0.88 0.56
vt 0.88 0.564
vt 0.88 0.56
vt 0.88 0.565
vt 0.88 0.565
vt 0.88 0.56
vt 0.88 0.571
vt 0.88 0.571
vt 0.88 0.56
vt 0.88 0.579
vt 0.88 0.579
vt 0.88 0.56
vt 0.88 0.589
vt 0.88 0.623
vt 0.88 0.613
vt 0.88 0.635
vt 0.88 0.613
vt 0.88 0.615
vt 0.88 0.635
vt 0.88 0.565
vt 0.88 0.571
vt 0.88 0.56
vt 0.88 0.589
vt 0.88 0.56
vt 0.88 0.635
vt 0.88 0.607
vt 0.88 0.587
vt 0.88 0.599
vt 0.88 0.587
vt 0.88 0.589
vt 0.88 0.599
vt 0.88 0.565
vt 0.88 0.56
vt 0.88 0.564
vt 0.88 0.623
vt 0.88 0.607
vt 0.88 0.608
vt 0.88 0.607
vt 0.88 0.599
vt 0.88 0.608
vt 0.88 0.599
vt 0.88 0.589
vt 0.88 0.635
vt 0.94 0.573
vt 0.94 0.573
vt 0.94 0.623
vt 0.94 0.573
vt 0.94 0.587
vt 0.94 0.623
vt 0.88 0.571
vt 0.88 0.579
vt 0.88 0.56
vt 0.88 0.579
vt 0.88 0.57
vt 0.88 0.56
vt 0.88 0.608
vt 0.88 0.599
vt 0.88 0.635
vt 0.88 0.623
vt 0.88 0.608
vt 0.88 0.613
vt 0.88 0.613
vt 0.88 0.608
vt 0.88 0.635
vt 0.94 0.623
vt 0.94 0.635
vt 0.94 0.573
vt 0.94 0.635
vt 0.94 0.635
vt 0.94 0.573
vt 0.88 0.615
vt 0.88 0.613
vt 0.88 0.635
vt 0.88 0.635
vt 0.88 0.613
vt 0.88 0.635
vt 0.94 0.623
vt 0.94 0.587
vt 0.94 0.607
vt 0.071 0.525
vt 0.086 0.515
vt 0.107 0.571
vt 0.086 0.515
vt 0.116 0.565
vt 0.107 0.571
vt 0.126 0.563
vt 0.126 0.505
vt 0.143 0.508
vt 0.169 0.525
vt 0.143 0.508
vt 0.169 0.519
vt 0.116 0.565
vt 0.106 0.508
vt 0.126 0.563
vt 0.106 0.508
vt 0.126 0.505
vt 0.126 0.563
vt 0.116 0.613
vt 0.106 0.664
vt 0.107 0.607
vt 0.106 0.664
vt 0.087 0.656
vt 0.107 0.607
vt 0.144 0.571
vt 0.18 0.534
vt 0.15 0.579
vt 0.18 0.534
vt 0.193 0.55
vt 0.15 0.579
vt 0.102 0.579
vt 0.059 0.538
vt 0.107 0.571
vt 0.059 0.538
vt 0.071 0.525
vt 0.107 0.571
vt 0.051 0.547
vt 0.059 0.538
vt 0.102 0.579
vt 0.126 0.615
vt 0.126 0.667
vt 0.116 0.613
vt 0.126 0.667
vt 0.106 0.664
vt 0.116 0.613
vt 0.18 0.644
vt 0.164 0.656
vt 0.144 0.607
vt 0.164 0.656
vt 0.136 0.613
vt 0.144 0.607
vt 0.15 0.579
vt 0.193 0.55
vt 0.201 0.569
vt 0.048 0.589
vt 0.1 0.589
vt 0.051 0.609
vt 0.1 0.589
vt 0.102 0.599
vt 0.051 0.609
vt 0.1 0.589
vt 0.048 0.589
vt 0.102 0.579
vt 0.164 0.656
vt 0.146 0.664
vt 0.136 0.613
vt 0.146 0.664
vt 0.126 0.615
vt 0.136 0.613
vt 0.107 0.607
vt 0.087 0.656
vt 0.071 0.644
vt 0.051 0.609
vt 0.102 0.599
vt 0.059 0.628
vt 0.203 0.589
vt 0.152 0.589
vt 0.201 0.569
vt 0.152 0.589
vt 0.15 0.579
vt 0.201 0.569
vt 0.193 0.628
vt 0.15 0.599
vt 0.201 0.609
vt 0.136 0.565
vt 0.169 0.525
vt 0.144 0.571
vt 0.169 0.525
vt 0.18 0.534
vt 0.144 0.571
vt 0.193 0.628
vt 0.18 0.644
vt 0.15 0.599
vt 0.18 0.644
vt 0.144 0.607
vt 0.15 0.599
vt 0.051 0.547
vt 0.102 0.579
vt 0.048 0.552
vt 0.102 0.579
vt 0.048 0.589
vt 0.048 0.552
vt 0.107 0.607
vt 0.071 0.644
vt 0.102 0.599
vt 0.071 0.644
vt 0.059 0.628
vt 0.102 0.599
vt 0.152 0.589
vt 0.203 0.589
vt 0.15 0.599
vt 0.203 0.589
vt 0.201 0.609
vt 0.15 0.599
vt 0.169 0.525
vt 0.136 0.565
vt 0.143 0.508
vt 0.136 0.565
vt 0.126 0.563
vt 0.143 0.508
vt 0.146 0.664
vt 0.126 0.667
vt 0.126 0.615
vt 0.086 0.515
vt 0.106 0.508
vt 0.116 0.565
usemtl MB_138_official_76
s off
f 10518/13417 10516/13418 10510/13419
f 10561/13420 10699/13421 10901/13422
f 10561/13423 10901/13424 10560/13425
f 10901/13426 10900/13427 10560/13428
f 10559/13429 10560/13430 10711/13431
f 10560/13432 10900/13433 10711/13434
f 10699/13435 10561/13436 10514/13437
f 10561/13438 10562/13439 10514/13440
f 10516/13441 10509/13442 10510/13443
f 10563/13444 10513/13445 10562/13446
f 10513/13447 10514/13448 10562/13449
f 10515/13450 10556/13451 10519/13452
f 10551/13453 10535/13454 10550/13455
f 10535/13456 10534/13457 10550/13458
f 10551/13459 10536/13460 10535/13461
f 10536/13462 10520/13463 10535/13464
f 10537/13465 10521/13466 10536/13467
f 10521/13468 10520/13469 10536/13470
f 10538/13471 10522/13472 10537/13473
f 10522/13474 10521/13475 10537/13476
f 10539/13477 10523/13478 10538/13479
f 10523/13480 10522/13481 10538/13482
f 10540/13483 10524/13484 10539/13485
f 10524/13486 10523/13487 10539/13488
f 10541/13489 10525/13490 10540/13491
f 10525/13492 10524/13493 10540/13494
f 10542/13495 10526/13496 10541/13497
f 10526/13498 10525/13499 10541/13500
f 10543/13501 10527/13502 10542/13503
f 10527/13504 10526/13505 10542/13506
f 10544/13507 10528/13508 10543/13509
f 10528/13510 10527/13511 10543/13512
f 10545/13513 10529/13514 10544/13515
f 10529/13516 10528/13517 10544/13518
f 10546/13519 10530/13520 10545/13521
f 10530/13522 10529/13523 10545/13524
f 10547/13525 10531/13526 10546/13527
f 10531/13528 10530/13529 10546/13530
f 10548/13531 10532/13532 10547/13533
f 10532/13534 10531/13535 10547/13536
f 10549/13537 10533/13538 10548/13539
f 10533/13540 10532/13541 10548/13542
f 10550/13543 10534/13544 10549/13545
f 10534/13546 10533/13547 10549/13548
f 10621/13549 10620/13550 10862/13551
f 10620/13552 10624/13553 10862/13554
f 10601/13555 10836/13556 10780/13557
f 10836/13558 10864/13559 10780/13560
f 10590/13561 10574/13562 10644/13563
f 10574/13564 10573/13565 10644/13566
f 10645/13567 10576/13568 10591/13569
f 10576/13570 10575/13571 10591/13572
f 10593/13573 10578/13574 10592/13575
f 10578/13576 10577/13577 10592/13578
f 10611/13579 10608/13580 10610/13581
f 10608/13582 10609/13583 10610/13584
f 10612/13585 10607/13586 10611/13587
f 10607/13588 10608/13589 10611/13590
f 10613/13591 10606/13592 10612/13593
f 10606/13594 10607/13595 10612/13596
f 10614/13597 10605/13598 10613/13599
f 10605/13600 10606/13601 10613/13602
f 10615/13603 10604/13604 10614/13605
f 10604/13606 10605/13607 10614/13608
f 10616/13609 10603/13610 10615/13611
f 10603/13612 10604/13613 10615/13614
f 10617/13615 10602/13616 10616/13617
f 10602/13618 10603/13619 10616/13620
f 10618/13621 10808/13622 10617/13623
f 10808/13624 10602/13625 10617/13626
f 10659/13627 10657/13628 10658/13629
f 10657/13630 10656/13631 10658/13632
f 10625/13633 10623/13634 10626/13635
f 10623/13636 10842/13637 10626/13638
f 10591/13639 10575/13640 10590/13641
f 10575/13642 10574/13643 10590/13644
f 10592/13645 10577/13646 10645/13647
f 10577/13648 10576/13649 10645/13650
f 10646/13651 10579/13652 10593/13653
f 10579/13654 10578/13655 10593/13656
f 10830/13657 10836/13658 10601/13659
f 10601/13660 10780/13661 10783/13662
f 10655/13663 10654/13664 10653/13665
f 10654/13666 10652/13667 10653/13668
f 10868/13669 10651/13670 10870/13671
f 10651/13672 10833/13673 10870/13674
f 10840/13675 10832/13676 10884/13677
f 10832/13678 10882/13679 10884/13680
f 10838/13681 10841/13682 10649/13683
f 10841/13684 10885/13685 10649/13686
f 10866/13687 10872/13688 10876/13689
f 10872/13690 10874/13691 10876/13692
f 10867/13693 10860/13694 10869/13695
f 10860/13696 10883/13697 10869/13698
f 10596/13699 10584/13700 10648/13701
f 10584/13702 10583/13703 10648/13704
f 10647/13705 10581/13706 10594/13707
f 10581/13708 10580/13709 10594/13710
f 10863/13711 10865/13712 10839/13713
f 10865/13714 10837/13715 10839/13716
f 10588/13717 10568/13718 10572/13719
f 10568/13720 10767/13721 10572/13722
f 10710/13723 10584/13724 10596/13725
f 10648/13726 10583/13727 10595/13728
f 10583/13729 10582/13730 10595/13731
f 10595/13732 10582/13733 10647/13734
f 10582/13735 10581/13736 10647/13737
f 10871/13738 10622/13739 10873/13740
f 10622/13741 10627/13742 10873/13743
f 10594/13744 10580/13745 10646/13746
f 10580/13747 10579/13748 10646/13749
f 10661/13750 10699/13751 10552/13752
f 10699/13753 10514/13754 10552/13755
f 10553/13756 10552/13757 10513/13758
f 10552/13759 10514/13760 10513/13761
f 10512/13762 10554/13763 10513/13764
f 10554/13765 10553/13766 10513/13767
f 10555/13768 10667/13769 10694/13770
f 10667/13771 10687/13772 10694/13773
f 10667/13774 10555/13775 10512/13776
f 10555/13777 10554/13778 10512/13779
f 10756/13780 10892/13781 10695/13782
f 10569/13783 10570/13784 10666/13785
f 10570/13786 10894/13787 10666/13788
f 10566/13789 10567/13790 10686/13791
f 10567/13792 10664/13793 10686/13794
f 10768/13795 10665/13796 10567/13797
f 10665/13798 10664/13799 10567/13800
f 10569/13801 10666/13802 10768/13803
f 10666/13804 10665/13805 10768/13806
f 10894/13807 10570/13808 10893/13809
f 10687/13810 10566/13811 10686/13812
f 10566/13813 10687/13814 10565/13815
f 10687/13816 10667/13817 10565/13818
f 10564/13819 10512/13820 10563/13821
f 10512/13822 10513/13823 10563/13824
f 10565/13825 10667/13826 10564/13827
f 10667/13828 10512/13829 10564/13830
f 10663/13831 10511/13832 10685/13833
f 10834/13834 10843/13835 10650/13836
f 10843/13837 10815/13838 10650/13839
f 10627/13840 10731/13841 10873/13842
f 10878/13843 10875/13844 10731/13845
f 10875/13846 10873/13847 10731/13848
f 10860/13849 10867/13850 10721/13851
f 10880/13852 10721/13853 10877/13854
f 10721/13855 10867/13856 10877/13857
f 10734/13858 10879/13859 10733/13860
f 10881/13861 10720/13862 10722/13863
f 10735/13864 10879/13865 10734/13866
f 10881/13867 10719/13868 10720/13869
f 10736/13870 10879/13871 10735/13872
f 10881/13873 10718/13874 10719/13875
f 10717/13876 10879/13877 10736/13878
f 10881/13879 10717/13880 10718/13881
f 10881/13882 10879/13883 10717/13884
f 10732/13885 10835/13886 10730/13887
f 10730/13888 10835/13889 10729/13890
f 10729/13891 10835/13892 10728/13893
f 10861/13894 10727/13895 10835/13896
f 10727/13897 10861/13898 10726/13899
f 10726/13900 10861/13901 10725/13902
f 10725/13903 10861/13904 10724/13905
f 10724/13906 10861/13907 10723/13908
f 10727/13909 10728/13910 10835/13911
f 10772/13912 10775/13913 10773/13914
f 10774/13915 10597/13916 10775/13917
f 10597/13918 10773/13919 10775/13920
f 10597/13921 10774/13922 10598/13923
f 10774/13924 10777/13925 10598/13926
f 10776/13927 10599/13928 10777/13929
f 10599/13930 10598/13931 10777/13932
f 10599/13933 10776/13934 10600/13935
f 10776/13936 10791/13937 10600/13938
f 10791/13939 10779/13940 10600/13941
f 10779/13942 10589/13943 10600/13944
f 10778/13945 10782/13946 10779/13947
f 10782/13948 10781/13949 10779/13950
f 10782/13951 10778/13952 10787/13953
f 10589/13954 10779/13955 10781/13956
f 10589/13957 10781/13958 10620/13959
f 10781/13960 10624/13961 10620/13962
f 10760/13963 10805/13964 10761/13965
f 10805/13966 10807/13967 10761/13968
f 10650/13969 10815/13970 10882/13971
f 10815/13972 10884/13973 10882/13974
f 10832/13975 10840/13976 10834/13977
f 10840/13978 10843/13979 10834/13980
f 10819/13981 10749/13982 10619/13983
f 10749/13984 10748/13985 10619/13986
f 10748/13987 10747/13988 10619/13989
f 10747/13990 10746/13991 10619/13992
f 10746/13993 10745/13994 10619/13995
f 10745/13996 10744/13997 10816/13998
f 10744/13999 10743/14000 10816/14001
f 10743/14002 10742/14003 10816/14004
f 10742/14005 10741/14006 10816/14007
f 10741/14008 10807/14009 10816/14010
f 10819/14011 10750/14012 10749/14013
f 10740/14014 10807/14015 10741/14016
f 10819/14017 10751/14018 10750/14019
f 10739/14020 10807/14021 10740/14022
f 10766/14023 10819/14024 10767/14025
f 10819/14026 10572/14027 10767/14028
f 10763/14029 10738/14030 10764/14031
f 10738/14032 10737/14033 10764/14034
f 10737/14035 10752/14036 10764/14037
f 10752/14038 10765/14039 10764/14040
f 10745/14041 10816/14042 10619/14043
f 10738/14044 10763/14045 10762/14046
f 10819/14047 10765/14048 10751/14049
f 10765/14050 10752/14051 10751/14052
f 10738/14053 10762/14054 10739/14055
f 10762/14056 10807/14057 10739/14058
f 10761/14059 10807/14060 10762/14061
f 10766/14062 10765/14063 10819/14064
f 10821/14065 10819/14066 10619/14067
f 10824/14068 10842/14069 10825/14070
f 10824/14071 10823/14072 10842/14073
f 10823/14074 10822/14075 10842/14076
f 10831/14077 10829/14078 10623/14079
f 10829/14080 10828/14081 10623/14082
f 10828/14083 10827/14084 10623/14085
f 10623/14086 10827/14087 10842/14088
f 10842/14089 10826/14090 10825/14091
f 10842/14092 10827/14093 10826/14094
f 10678/14095 10677/14096 10634/14097
f 10677/14098 10635/14099 10634/14100
f 10676/14101 10675/14102 10636/14103
f 10675/14104 10637/14105 10636/14106
f 10674/14107 10673/14108 10638/14109
f 10673/14110 10639/14111 10638/14112
f 10669/14113 10684/14114 10643/14115
f 10684/14116 10628/14117 10643/14118
f 10672/14119 10671/14120 10640/14121
f 10671/14122 10641/14123 10640/14124
f 10683/14125 10682/14126 10629/14127
f 10682/14128 10630/14129 10629/14130
f 10670/14131 10669/14132 10642/14133
f 10669/14134 10643/14135 10642/14136
f 10681/14137 10680/14138 10631/14139
f 10680/14140 10632/14141 10631/14142
f 10679/14143 10678/14144 10633/14145
f 10678/14146 10634/14147 10633/14148
f 10677/14149 10676/14150 10635/14151
f 10676/14152 10636/14153 10635/14154
f 10675/14155 10674/14156 10637/14157
f 10674/14158 10638/14159 10637/14160
f 10673/14161 10672/14162 10639/14163
f 10672/14164 10640/14165 10639/14166
f 10684/14167 10683/14168 10628/14169
f 10683/14170 10629/14171 10628/14172
f 10671/14173 10670/14174 10641/14175
f 10670/14176 10642/14177 10641/14178
f 10682/14179 10681/14180 10630/14181
f 10681/14182 10631/14183 10630/14184
f 10680/14185 10679/14186 10632/14187
f 10679/14188 10633/14189 10632/14190
f 10711/14191 10688/14192 10559/14193
f 10688/14194 10558/14195 10559/14196
f 10760/14197 10759/14198 10805/14199
f 10759/14200 10803/14201 10805/14202
f 10568/14203 10588/14204 10769/14205
f 10588/14206 10587/14207 10769/14208
f 10668/14209 10518/14210 10510/14211
f 10510/14212 10712/14213 10668/14214
f 10511/14215 10715/14216 10897/14217
f 10511/14218 10897/14219 10896/14220
f 10511/14221 10896/14222 10898/14223
f 10511/14224 10898/14225 10895/14226
f 10511/14227 10895/14228 10685/14229
f 10557/14230 10689/14231 10707/14232
f 10704/14233 10708/14234 10511/14235
f 10515/14236 10517/14237 10556/14238
f 10704/14239 10703/14240 10708/14241
f 10571/14242 10705/14243 10690/14244
f 10759/14245 10758/14246 10803/14247
f 10758/14248 10801/14249 10803/14250
f 10769/14251 10587/14252 10770/14253
f 10587/14254 10586/14255 10770/14256
f 10557/14257 10558/14258 10689/14259
f 10558/14260 10688/14261 10689/14262
f 10571/14263 10690/14264 10570/14265
f 10690/14266 10893/14267 10570/14268
f 10704/14269 10511/14270 10899/14271
f 10511/14272 10663/14273 10899/14274
f 10902/14275 10511/14276 10708/14277
f 10902/14278 10712/14279 10511/14280
f 10712/14281 10510/14282 10511/14283
f 10758/14284 10757/14285 10801/14286
f 10757/14287 10799/14288 10801/14289
f 10770/14290 10586/14291 10771/14292
f 10586/14293 10585/14294 10771/14295
f 10706/14296 10771/14297 10584/14298
f 10771/14299 10585/14300 10584/14301
f 10710/14302 10596/14303 10709/14304
f 10710/14305 10706/14306 10584/14307
f 10709/14308 10596/14309 10757/14310
f 10596/14311 10799/14312 10757/14313
f 10692/14314 10691/14315 10698/14316
f 10691/14317 10660/14318 10698/14319
f 10701/14320 10919/14321 10713/14322
f 10919/14323 10921/14324 10713/14325
f 10697/14326 10698/14327 10662/14328
f 10698/14329 10660/14330 10662/14331
f 10696/14332 10697/14333 10693/14334
f 10697/14335 10662/14336 10693/14337
f 10755/14338 10756/14339 10754/14340
f 10753/14341 10754/14342 10695/14343
f 10754/14344 10756/14345 10695/14346
f 10886/14347 10753/14348 10693/14349
f 10696/14350 10693/14351 10695/14352
f 10693/14353 10753/14354 10695/14355
f 10851/14356 10852/14357 10926/14358
f 10852/14359 10925/14360 10926/14361
f 10848/14362 10891/14363 10716/14364
f 10848/14365 10716/14366 10847/14367
f 10847/14368 10716/14369 10846/14370
f 10846/14371 10716/14372 10845/14373
f 10845/14374 10716/14375 10844/14376
f 10923/14377 10855/14378 10922/14379
f 10855/14380 10856/14381 10922/14382
f 10849/14383 10850/14384 10891/14385
f 10844/14386 10716/14387 10714/14388
f 10924/14389 10925/14390 10853/14391
f 10925/14392 10852/14393 10853/14394
f 10849/14395 10891/14396 10848/14397
f 10923/14398 10924/14399 10854/14400
f 10924/14401 10853/14402 10854/14403
f 10859/14404 10844/14405 10714/14406
f 10700/14407 10887/14408 10890/14409
f 10887/14410 10888/14411 10890/14412
f 10850/14413 10851/14414 10891/14415
f 10851/14416 10926/14417 10891/14418
f 10858/14419 10859/14420 10714/14421
f 10923/14422 10854/14423 10855/14424
f 10857/14425 10858/14426 10714/14427
f 10890/14428 10920/14429 10700/14430
f 10920/14431 10702/14432 10700/14433
f 10856/14434 10857/14435 10922/14436
f 10922/14437 10857/14438 10714/14439
f 10890/14440 10888/14441 10889/14442
f 10814/14443 10813/14444 10917/14445
f 10813/14446 10916/14447 10917/14448
f 10915/14449 10811/14450 10810/14451
f 10784/14452 10810/14453 10809/14454
f 10916/14455 10812/14456 10915/14457
f 10812/14458 10811/14459 10915/14460
f 10906/14461 10797/14462 10905/14463
f 10797/14464 10798/14465 10905/14466
f 10913/14467 10785/14468 10912/14469
f 10785/14470 10786/14471 10912/14472
f 10918/14473 10817/14474 10917/14475
f 10817/14476 10814/14477 10917/14478
f 10818/14479 10817/14480 10918/14481
f 10907/14482 10796/14483 10906/14484
f 10796/14485 10797/14486 10906/14487
f 10793/14488 10794/14489 10909/14490
f 10794/14491 10908/14492 10909/14493
f 10912/14494 10786/14495 10788/14496
f 10806/14497 10904/14498 10804/14499
f 10904/14500 10903/14501 10804/14502
f 10904/14503 10806/14504 10918/14505
f 10794/14506 10795/14507 10908/14508
f 10795/14509 10907/14510 10908/14511
f 10905/14512 10798/14513 10800/14514
f 10804/14515 10903/14516 10802/14517
f 10789/14518 10911/14519 10788/14520
f 10911/14521 10912/14522 10788/14523
f 10792/14524 10910/14525 10790/14526
f 10914/14527 10784/14528 10913/14529
f 10784/14530 10785/14531 10913/14532
f 10792/14533 10793/14534 10910/14535
f 10793/14536 10909/14537 10910/14538
f 10818/14539 10918/14540 10820/14541
f 10918/14542 10806/14543 10820/14544
f 10905/14545 10800/14546 10903/14547
f 10800/14548 10802/14549 10903/14550
f 10911/14551 10789/14552 10910/14553
f 10789/14554 10790/14555 10910/14556
f 10784/14557 10914/14558 10810/14559
f 10914/14560 10915/14561 10810/14562
f 10795/14563 10796/14564 10907/14565
f 10813/14566 10812/14567 10916/14568
o Part.16
v 1.058 22.38 1.188
v 0 22.38 0.577
v 0.5 22.38 -0.289
v 1.558 22.38 0.322
v -1.557 22.38 0.322
v -0.5 22.38 -0.289
v -1.057 22.38 1.188
v 0.5 22.38 -1.512
v 1.545 22.38 0.414
v -0.5 22.38 -1.512
v 4.337 22.047 0
v 4.839 21.122 1.297
v 4.585 21.637 1.229
v 4.19 22.047 1.123
v 3.691 22.309 0.989
v 3.139 22.38 0.841
v 3.691 13.991 0.989
v 4.19 14.253 1.123
v 4.585 14.663 1.229
v 4.839 15.178 1.297
v 2.318 21.3 0.621
v 1.545 24.4 0.414
v 2.318 24.4 0.621
v 2.318 22.38 0.621
v 4.926 20.55 1.32
v 4.926 15.75 1.32
v 3.139 13.9 0.841
v 3.139 12.82 0.841
v 2.318 12.82 0.621
v 2.078 12.82 1.2
v 2.815 12.82 1.625
v 2.815 13.9 1.625
v 4.417 15.75 2.55
v 4.417 20.55 2.55
v 2.078 22.38 1.2
v 2.078 24.4 1.2
v 1.386 24.4 0.8
v 2.078 21.3 1.2
v 4.338 15.178 2.505
v 4.111 14.663 2.373
v 3.756 14.253 2.169
v 3.31 13.991 1.911
v 2.815 22.38 1.625
v 3.31 22.309 1.911
v 3.756 22.047 2.169
v 4.111 21.637 2.373
v 4.338 21.122 2.505
v 3.542 21.122 3.542
v 3.356 21.637 3.356
v 3.067 22.047 3.067
v 2.702 22.309 2.702
v 2.298 22.38 2.298
v 2.702 13.991 2.702
v 3.067 14.253 3.067
v 3.356 14.663 3.356
v 3.542 15.178 3.542
v 1.697 21.3 1.697
v 1.131 24.4 1.131
v 1.697 24.4 1.697
v 1.697 22.38 1.697
v 3.606 20.55 3.606
v 3.606 15.75 3.606
v 2.298 13.9 2.298
v 2.298 12.82 2.298
v 1.697 12.82 1.697
v 1.2 12.82 2.078
v 1.625 12.82 2.815
v 1.625 13.9 2.815
v 2.55 15.75 4.417
v 2.55 20.55 4.417
v 1.2 22.38 2.078
v 1.2 24.4 2.078
v 0.8 24.4 1.386
v 0.8 21.3 1.386
v 1.2 21.3 2.078
v 2.505 15.178 4.338
v 2.373 14.663 4.111
v 2.169 14.253 3.756
v 1.911 13.991 3.31
v 1.625 22.38 2.815
v 1.911 22.309 3.31
v 2.169 22.047 3.756
v 2.373 21.637 4.111
v 2.505 21.122 4.338
v 1.297 21.122 4.839
v 1.229 21.637 4.585
v 1.123 22.047 4.19
v 0.989 22.309 3.691
v 0.841 22.38 3.139
v 0.989 13.991 3.691
v 1.123 14.253 4.19
v 1.229 14.663 4.585
v 1.297 15.178 4.839
v 0.621 21.3 2.318
v 0.414 21.3 1.545
v 0.414 24.4 1.545
v 0.621 24.4 2.318
v 0.621 22.38 2.318
v 1.32 20.55 4.926
v 1.32 15.75 4.926
v 0.841 13.9 3.139
v 0.841 12.82 3.139
v 0.621 12.82 2.318
v 0 12.82 2.4
v 0 12.82 3.25
v 0 13.9 3.25
v 0 15.75 5.1
v 0 20.55 5.1
v 0 22.38 2.4
v 0 24.4 2.4
v 0 24.4 1.6
v 0 21.3 1.6
v 0 21.3 2.4
v 0 15.178 5.009
v 0 14.663 4.747
v 0 14.253 4.337
v 0 13.991 3.822
v 0 22.38 3.25
v 0 22.309 3.822
v 0 22.047 4.337
v 0 21.637 4.747
v 0 21.122 5.009
v -1.297 21.122 4.839
v -1.229 21.637 4.585
v -1.123 22.047 4.19
v -0.989 22.309 3.691
v -0.841 22.38 3.139
v -0.989 13.991 3.691
v -1.123 14.253 4.19
v -1.229 14.663 4.585
v -1.297 15.178 4.839
v -0.621 21.3 2.318
v -0.414 21.3 1.545
v -0.414 24.4 1.545
v -0.621 24.4 2.318
v -0.621 22.38 2.318
v -1.32 20.55 4.926
v -1.32 15.75 4.926
v -0.841 13.9 3.139
v -0.841 12.82 3.139
v -0.621 12.82 2.318
v -1.2 12.82 2.078
v -1.625 12.82 2.815
v -1.625 13.9 2.815
v -2.55 15.75 4.417
v -2.55 20.55 4.417
v -1.2 22.38 2.078
v -1.2 24.4 2.078
v -0.8 24.4 1.386
v -0.8 21.3 1.386
v -1.2 21.3 2.078
v -2.505 15.178 4.338
v -2.373 14.663 4.111
v -2.169 14.253 3.756
v -1.911 13.991 3.31
v -1.625 22.38 2.815
v -1.911 22.309 3.31
v -2.169 22.047 3.756
v -2.373 21.637 4.111
v -2.505 21.122 4.338
v -3.542 21.122 3.542
v -3.356 21.637 3.356
v -3.067 22.047 3.067
v -2.702 22.309 2.702
v -2.298 22.38 2.298
v -2.702 13.991 2.702
v -3.067 14.253 3.067
v -3.356 14.663 3.356
v -3.542 15.178 3.542
v -1.697 21.3 1.697
v -1.131 24.4 1.131
v -1.697 24.4 1.697
v -1.697 22.38 1.697
v -3.606 20.55 3.606
v -3.606 15.75 3.606
v -2.298 13.9 2.298
v -2.298 12.82 2.298
v -1.697 12.82 1.697
v -2.078 12.82 1.2
v -2.815 12.82 1.625
v -2.815 13.9 1.625
v -4.417 15.75 2.55
v -4.417 20.55 2.55
v -2.078 22.38 1.2
v -2.078 24.4 1.2
v -1.386 24.4 0.8
v -2.078 21.3 1.2
v -4.338 15.178 2.505
v -4.111 14.663 2.373
v -3.756 14.253 2.169
v -3.31 13.991 1.911
v -2.815 22.38 1.625
v -3.31 22.309 1.911
v -3.756 22.047 2.169
v -4.111 21.637 2.373
v -4.338 21.122 2.505
v -4.839 21.122 1.297
v -4.585 21.637 1.229
v -4.19 22.047 1.123
v -3.691 22.309 0.989
v -3.139 22.38 0.841
v -3.691 13.991 0.989
v -4.19 14.253 1.123
v -4.585 14.663 1.229
v -4.839 15.178 1.297
v -2.318 21.3 0.621
v -1.545 24.4 0.414
v -2.318 24.4 0.621
v -2.318 22.38 0.621
v -4.926 20.55 1.32
v -4.926 15.75 1.32
v -3.139 13.9 0.841
v -3.139 12.82 0.841
v -2.318 12.82 0.621
v -2.4 12.82 0
v -3.25 12.82 0
v -3.25 13.9 0
v -5.1 15.75 0
v -5.1 20.55 0
v -2.4 22.38 0
v -2.4 24.4 0
v -1.6 24.4 0
v -1.6 21.3 0
v -2.4 21.3 0
v -5.009 15.178 0
v -4.747 14.663 0
v -4.337 14.253 0
v -3.822 13.991 0
v -3.25 22.38 0
v -3.822 22.309 0
v -4.337 22.047 0
v -4.747 21.637 0
v -5.009 21.122 0
v -4.839 21.122 -1.297
v -4.585 21.637 -1.229
v -4.19 22.047 -1.123
v -3.691 22.309 -0.989
v -3.139 22.38 -0.841
v -3.691 13.991 -0.989
v -4.19 14.253 -1.123
v -4.585 14.663 -1.229
v -4.839 15.178 -1.297
v -2.318 21.3 -0.621
v -1.545 21.3 -0.414
v -1.545 24.4 -0.414
v -2.318 24.4 -0.621
v -2.318 22.38 -0.621
v -4.926 20.55 -1.32
v -4.926 15.75 -1.32
v -3.139 13.9 -0.841
v -3.139 12.82 -0.841
v -2.318 12.82 -0.621
v -2.078 12.82 -1.2
v -2.815 12.82 -1.625
v -2.815 13.9 -1.625
v -4.417 15.75 -2.55
v -4.417 20.55 -2.55
v -2.078 22.38 -1.2
v -2.078 24.4 -1.2
v -1.386 24.4 -0.8
v -1.386 21.3 -0.8
v -2.078 21.3 -1.2
v -4.338 15.178 -2.505
v -4.111 14.663 -2.373
v -3.756 14.253 -2.169
v -3.31 13.991 -1.911
v -2.815 22.38 -1.625
v -3.31 22.309 -1.911
v -3.756 22.047 -2.169
v -4.111 21.637 -2.373
v -4.338 21.122 -2.505
v -3.542 21.122 -3.542
v -3.356 21.637 -3.356
v -3.067 22.047 -3.067
v -2.702 22.309 -2.702
v -2.298 22.38 -2.298
v -2.702 13.991 -2.702
v -3.067 14.253 -3.067
v -3.356 14.663 -3.356
v -3.542 15.178 -3.542
v -1.697 21.3 -1.697
v -1.131 21.3 -1.131
v -1.131 24.4 -1.131
v -1.697 24.4 -1.697
v -1.697 22.38 -1.697
v -3.606 20.55 -3.606
v -3.606 15.75 -3.606
v -2.298 13.9 -2.298
v -2.298 12.82 -2.298
v -1.697 12.82 -1.697
v -1.2 12.82 -2.078
v -1.625 12.82 -2.815
v -1.625 13.9 -2.815
v -2.55 15.75 -4.417
v -2.55 20.55 -4.417
v -1.2 22.38 -2.078
v -1.2 24.4 -2.078
v -0.8 24.4 -1.386
v -0.8 21.3 -1.386
v -1.2 21.3 -2.078
v -2.505 15.178 -4.338
v -2.373 14.663 -4.111
v -2.169 14.253 -3.756
v -1.911 13.991 -3.31
v -1.625 22.38 -2.815
v -1.911 22.309 -3.31
v -2.169 22.047 -3.756
v -2.373 21.637 -4.111
v -2.505 21.122 -4.338
v -1.297 21.122 -4.839
v -1.229 21.637 -4.585
v -1.123 22.047 -4.19
v -0.989 22.309 -3.691
v -0.841 22.38 -3.139
v -0.989 13.991 -3.691
v -1.123 14.253 -4.19
v -1.229 14.663 -4.585
v -1.297 15.178 -4.839
v -0.621 21.3 -2.318
v -0.414 24.4 -1.545
v -0.621 24.4 -2.318
v -0.621 22.38 -2.318
v -1.32 20.55 -4.926
v -1.32 15.75 -4.926
v -0.841 13.9 -3.139
v -0.841 12.82 -3.139
v -0.621 12.82 -2.318
v 0 12.82 -2.4
v 0 12.82 -3.25
v 0 13.9 -3.25
v 0 15.75 -5.1
v 0 20.55 -5.1
v 0 22.38 -2.4
v 0 24.4 -2.4
v 0 24.4 -1.6
v 0 21.3 -2.4
v 0 15.178 -5.009
v 0 14.663 -4.747
v 0 14.253 -4.337
v 0 13.991 -3.822
v 0 22.38 -3.25
v 0 22.309 -3.822
v 0 22.047 -4.337
v 0 21.637 -4.747
v 0 21.122 -5.009
v 1.297 21.122 -4.839
v 1.229 21.637 -4.585
v 1.123 22.047 -4.19
v 0.989 22.309 -3.691
v 0.841 22.38 -3.139
v 0.989 13.991 -3.691
v 1.123 14.253 -4.19
v 1.229 14.663 -4.585
v 1.297 15.178 -4.839
v 0.621 21.3 -2.318
v 0.414 24.4 -1.545
v 0.621 24.4 -2.318
v 0.621 22.38 -2.318
v 1.32 20.55 -4.926
v 1.32 15.75 -4.926
v 0.841 13.9 -3.139
v 0.841 12.82 -3.139
v 0.621 12.82 -2.318
v 1.2 12.82 -2.078
v 1.625 12.82 -2.815
v 1.625 13.9 -2.815
v 2.55 15.75 -4.417
v 2.55 20.55 -4.417
v 1.2 22.38 -2.078
v 1.2 24.4 -2.078
v 0.8 24.4 -1.386
v 0.8 21.3 -1.386
v 1.2 21.3 -2.078
v 2.505 15.178 -4.338
v 2.373 14.663 -4.111
v 2.169 14.253 -3.756
v 1.911 13.991 -3.31
v 1.625 22.38 -2.815
v 1.911 22.309 -3.31
v 2.169 22.047 -3.756
v 2.373 21.637 -4.111
v 2.505 21.122 -4.338
v 3.542 21.122 -3.542
v 3.356 21.637 -3.356
v 3.067 22.047 -3.067
v 2.702 22.309 -2.702
v 2.298 22.38 -2.298
v 2.702 13.991 -2.702
v 3.067 14.253 -3.067
v 3.356 14.663 -3.356
v 3.542 15.178 -3.542
v 1.697 21.3 -1.697
v 1.131 21.3 -1.131
v 1.131 24.4 -1.131
v 1.697 24.4 -1.697
v 1.697 22.38 -1.697
v 3.606 20.55 -3.606
v 3.606 15.75 -3.606
v 2.298 13.9 -2.298
v 2.298 12.82 -2.298
v 1.697 12.82 -1.697
v 2.078 12.82 -1.2
v 2.815 12.82 -1.625
v 2.815 13.9 -1.625
v 4.417 15.75 -2.55
v 4.417 20.55 -2.55
v 2.078 22.38 -1.2
v 2.078 24.4 -1.2
v 1.386 24.4 -0.8
v 1.386 21.3 -0.8
v 2.078 21.3 -1.2
v 4.338 15.178 -2.505
v 4.111 14.663 -2.373
v 3.756 14.253 -2.169
v 3.31 13.991 -1.911
v 2.815 22.38 -1.625
v 3.31 22.309 -1.911
v 3.756 22.047 -2.169
v 4.111 21.637 -2.373
v 4.338 21.122 -2.505
v 4.839 21.122 -1.297
v 4.585 21.637 -1.229
v 4.19 22.047 -1.123
v 3.691 22.309 -0.989
v 3.139 22.38 -0.841
v 3.691 13.991 -0.989
v 4.19 14.253 -1.123
v 4.585 14.663 -1.229
v 4.839 15.178 -1.297
v 2.318 21.3 -0.621
v 1.545 21.3 -0.414
v 1.545 24.4 -0.414
v 2.318 24.4 -0.621
v 2.318 22.38 -0.621
v 4.926 20.55 -1.32
v 4.926 15.75 -1.32
v 3.139 13.9 -0.841
v 3.139 12.82 -0.841
v 2.318 12.82 -0.621
v 2.4 12.82 0
v 3.25 12.82 0
v 3.25 13.9 0
v 5.1 15.75 0
v 5.1 20.55 0
v 2.4 22.38 0
v 2.4 24.4 0
v 1.6 24.4 0
v 1.6 21.3 0
v 2.4 21.3 0
v 5.009 15.178 0
v 4.747 14.663 0
v 4.337 14.253 0
v 3.822 13.991 0
v 3.25 22.38 0
v 3.822 22.309 0
v 4.747 21.637 0
v 5.009 21.122 0
v 1.386 22.38 0.8
v 1.131 22.38 1.131
v 0.8 22.38 1.386
v 0.414 22.38 1.545
v 0 22.38 1.6
v -0.414 22.38 1.545
v -0.8 22.38 1.386
v -1.131 22.38 1.131
v -1.386 22.38 0.8
v -1.545 22.38 0.414
v -1.6 22.38 0
v -1.545 22.38 -0.414
v -1.386 22.38 -0.8
v -1.131 22.38 -1.131
v -0.8 22.38 -1.386
v -0.414 22.38 -1.545
v 0 22.38 -1.6
v 0.414 22.38 -1.545
v 0.8 22.38 -1.386
v 1.131 22.38 -1.131
v 1.386 22.38 -0.8
v 1.545 22.38 -0.414
v 1.6 22.38 0
v 1.058 21.3 1.188
v 0 21.3 0.577
v 0.5 21.3 -0.289
v 1.558 21.3 0.322
v -1.557 21.3 0.322
v -0.5 21.3 -0.289
v -1.057 21.3 1.188
v 0.5 21.3 -1.512
v -0.5 21.3 -1.512
v 4.926 20.5 1.32
v 4.417 20.5 2.55
v 3.606 20.5 3.606
v 2.55 20.5 4.417
v 1.32 20.5 4.926
v 0 20.5 5.1
v -1.32 20.5 4.926
v -2.55 20.5 4.417
v -3.606 20.5 3.606
v -4.417 20.5 2.55
v -4.926 20.5 1.32
v -5.1 20.5 0
v -4.926 20.5 -1.32
v -4.417 20.5 -2.55
v -3.606 20.5 -3.606
v -2.55 20.5 -4.417
v -1.32 20.5 -4.926
v 0 20.5 -5.1
v 1.32 20.5 -4.926
v 2.55 20.5 -4.417
v 3.606 20.5 -3.606
v 4.417 20.5 -2.55
v 4.926 20.5 -1.32
v 5.1 20.5 0
v 4.926 15.8 1.32
v 3.606 15.8 3.606
v 1.32 15.8 4.926
v -1.32 15.8 4.926
v -3.606 15.8 3.606
v -4.926 15.8 1.32
v -4.926 15.8 -1.32
v -3.606 15.8 -3.606
v -1.32 15.8 -4.926
v 1.32 15.8 -4.926
v 3.606 15.8 -3.606
v 4.926 15.8 -1.32
v 4.417 15.8 2.55
v 2.55 15.8 4.417
v 0 15.8 5.1
v -2.55 15.8 4.417
v -4.417 15.8 2.55
v -5.1 15.8 0
v -4.417 15.8 -2.55
v -2.55 15.8 -4.417
v 0 15.8 -5.1
v 2.55 15.8 -4.417
v 4.417 15.8 -2.55
v 5.1 15.8 0
v 1.058 22.38 1.188
v 1.058 22.38 1.188
v 0 22.38 0.577
v 0 22.38 0.577
v 0.5 22.38 -0.289
v 0.5 22.38 -0.289
v 1.558 22.38 0.322
v 1.558 22.38 0.322
v -1.557 22.38 0.322
v -1.557 22.38 0.322
v -0.5 22.38 -0.289
v -0.5 22.38 -0.289
v 2.318 12.82 0.621
v 2.078 12.82 1.2
v 3.139 12.82 0.841
v 2.815 12.82 1.625
v 3.139 13.9 0.841
v 2.815 13.9 1.625
v 2.318 22.38 0.621
v 2.078 22.38 1.2
v 2.318 24.4 0.621
v 2.078 24.4 1.2
v 1.545 24.4 0.414
v 1.386 24.4 0.8
v 0 21.3 0.577
v 0 21.3 0.577
v 2.318 21.3 0.621
v 2.078 21.3 1.2
v 1.697 22.38 1.697
v 2.298 13.9 2.298
v 1.697 12.82 1.697
v 1.697 21.3 1.697
v 1.131 24.4 1.131
v 1.697 24.4 1.697
v 2.298 12.82 2.298
v 1.2 12.82 2.078
v 1.625 12.82 2.815
v 1.625 13.9 2.815
v 1.2 22.38 2.078
v 1.2 24.4 2.078
v 0.8 24.4 1.386
v 1.2 21.3 2.078
v 0.621 22.38 2.318
v 0.841 13.9 3.139
v 0.621 12.82 2.318
v 0.621 21.3 2.318
v 0.8 21.3 1.386
v 0.414 21.3 1.545
v 0.414 24.4 1.545
v 0.621 24.4 2.318
v 0.841 12.82 3.139
v 0 12.82 2.4
v 0 12.82 3.25
v 0 13.9 3.25
v 0 22.38 2.4
v 0 24.4 2.4
v 0 24.4 1.6
v 0 21.3 1.6
v 0 21.3 2.4
v -0.621 22.38 2.318
v -0.841 13.9 3.139
v -0.621 12.82 2.318
v -0.621 21.3 2.318
v -0.414 21.3 1.545
v -0.414 24.4 1.545
v -0.621 24.4 2.318
v -0.841 12.82 3.139
v -1.2 12.82 2.078
v -1.625 12.82 2.815
v -1.625 13.9 2.815
v -1.2 22.38 2.078
v -1.2 24.4 2.078
v -0.8 24.4 1.386
v -0.8 21.3 1.386
v -1.2 21.3 2.078
v -1.697 22.38 1.697
v -2.298 13.9 2.298
v -1.697 12.82 1.697
v -1.697 21.3 1.697
v -1.131 24.4 1.131
v -1.697 24.4 1.697
v -2.298 12.82 2.298
v -2.078 12.82 1.2
v -2.815 12.82 1.625
v -2.815 13.9 1.625
v -2.078 22.38 1.2
v -2.078 24.4 1.2
v -1.386 24.4 0.8
v -0.5 22.38 -1.512
v -0.5 22.38 -1.512
v -0.5 21.3 -1.512
v -0.5 21.3 -1.512
v -2.078 21.3 1.2
v -2.318 22.38 0.621
v -3.139 13.9 0.841
v -2.318 12.82 0.621
v -2.318 21.3 0.621
v -1.545 24.4 0.414
v -2.318 24.4 0.621
v -3.139 12.82 0.841
v -2.4 12.82 0
v -3.25 12.82 0
v -3.25 13.9 0
v -2.4 22.38 0
v -2.4 24.4 0
v -1.6 24.4 0
v -2.4 21.3 0
v -2.318 22.38 -0.621
v -3.139 13.9 -0.841
v -2.318 12.82 -0.621
v -2.318 21.3 -0.621
v -1.6 21.3 0
v -1.545 21.3 -0.414
v -1.545 24.4 -0.414
v -2.318 24.4 -0.621
v -3.139 12.82 -0.841
v -2.078 12.82 -1.2
v -2.815 12.82 -1.625
v -2.815 13.9 -1.625
v -2.078 22.38 -1.2
v -2.078 24.4 -1.2
v -1.386 24.4 -0.8
v -1.386 21.3 -0.8
v -2.078 21.3 -1.2
v -1.697 22.38 -1.697
v -2.298 13.9 -2.298
v -1.697 12.82 -1.697
v -1.697 21.3 -1.697
v -1.131 21.3 -1.131
v -1.131 24.4 -1.131
v -1.697 24.4 -1.697
v -2.298 12.82 -2.298
v -1.2 12.82 -2.078
v -1.625 12.82 -2.815
v -1.625 13.9 -2.815
v -1.2 22.38 -2.078
v -1.2 24.4 -2.078
v -0.8 24.4 -1.386
v -0.8 21.3 -1.386
v -1.2 21.3 -2.078
v -0.621 22.38 -2.318
v -0.841 13.9 -3.139
v -0.621 12.82 -2.318
v -0.621 21.3 -2.318
v -0.414 24.4 -1.545
v -0.621 24.4 -2.318
v -0.841 12.82 -3.139
v 0 12.82 -2.4
v 0 12.82 -3.25
v 0 13.9 -3.25
v 0 22.38 -2.4
v 0 24.4 -2.4
v 0 24.4 -1.6
v -0.5 21.3 -0.289
v -0.5 21.3 -0.289
v 0 21.3 -2.4
v 0.621 22.38 -2.318
v 0.841 13.9 -3.139
v 0.621 12.82 -2.318
v 0.621 21.3 -2.318
v 0.414 24.4 -1.545
v 0.621 24.4 -2.318
v 0.841 12.82 -3.139
v 1.2 12.82 -2.078
v 1.625 12.82 -2.815
v 1.625 13.9 -2.815
v 1.2 22.38 -2.078
v 1.2 24.4 -2.078
v 0.8 24.4 -1.386
v 1.2 21.3 -2.078
v 1.697 22.38 -1.697
v 2.298 13.9 -2.298
v 1.697 12.82 -1.697
v 1.697 21.3 -1.697
v 0.8 21.3 -1.386
v 1.131 21.3 -1.131
v 1.131 24.4 -1.131
v 1.697 24.4 -1.697
v 2.298 12.82 -2.298
v 2.078 12.82 -1.2
v 2.815 12.82 -1.625
v 2.815 13.9 -1.625
v 2.078 22.38 -1.2
v 2.078 24.4 -1.2
v 1.386 24.4 -0.8
v 1.386 21.3 -0.8
v 2.078 21.3 -1.2
v 2.318 22.38 -0.621
v 3.139 13.9 -0.841
v 2.318 12.82 -0.621
v 2.318 21.3 -0.621
v 1.545 21.3 -0.414
v 1.545 24.4 -0.414
v 2.318 24.4 -0.621
v 3.139 12.82 -0.841
v 2.4 12.82 0
v 3.25 12.82 0
v 3.25 13.9 0
v 2.4 22.38 0
v 2.4 24.4 0
v 1.6 24.4 0
v 1.6 21.3 0
v 2.4 21.3 0
v 0.5 22.38 -1.512
v 0.5 22.38 -1.512
v -1.057 22.38 1.188
v -1.057 22.38 1.188
v -1.057 21.3 1.188
v -1.057 21.3 1.188
v 0.5 21.3 -1.512
v 0.5 21.3 -1.512
v 0.5 21.3 -0.289
v 0.5 21.3 -0.289
v -1.557 21.3 0.322
v -1.557 21.3 0.322
v 1.558 21.3 0.322
v 1.558 21.3 0.322
v 1.058 21.3 1.188
v 1.058 21.3 1.188
v 0.414 22.38 -1.545
v 0 22.38 -1.6
v -0.414 22.38 -1.545
v 1.131 22.38 1.131
v -1.545 22.38 0.414
v -1.386 22.38 0.8
v -1.131 22.38 1.131
v 1.386 22.38 0.8
v 1.545 22.38 0.414
vt 0.962 0.103
vt 0.967 0.103
vt 0.953 0.103
vt 0.967 0.103
vt 0.957 0.103
vt 0.953 0.103
vt 0.78 0.914
vt 0.77 0.914
vt 0.785 0.882
vt 0.77 0.914
vt 0.775 0.882
vt 0.785 0.882
vt 0.78 0.914
vt 0.765 0.943
vt 0.77 0.914
vt 0.765 0.943
vt 0.756 0.943
vt 0.77 0.914
vt 0.765 0.943
vt 0.742 0.966
vt 0.756 0.943
vt 0.742 0.966
vt 0.734 0.966
vt 0.756 0.943
vt 0.742 0.966
vt 0.713 0.981
vt 0.734 0.966
vt 0.713 0.981
vt 0.706 0.981
vt 0.734 0.966
vt 0.988 0.102
vt 0.983 0.103
vt 0.987 0.102
vt 0.983 0.103
vt 0.982 0.103
vt 0.987 0.102
vt 0.983 0.103
vt 0.975 0.103
vt 0.982 0.103
vt 0.975 0.103
vt 0.974 0.103
vt 0.982 0.103
vt 0.988 0.025
vt 0.987 0.025
vt 0.983 0.024
vt 0.987 0.025
vt 0.982 0.024
vt 0.983 0.024
vt 0.713 0.514
vt 0.742 0.529
vt 0.706 0.514
vt 0.742 0.529
vt 0.734 0.529
vt 0.706 0.514
vt 0.742 0.529
vt 0.765 0.552
vt 0.734 0.529
vt 0.765 0.552
vt 0.756 0.552
vt 0.734 0.529
vt 0.765 0.552
vt 0.78 0.581
vt 0.756 0.552
vt 0.78 0.581
vt 0.77 0.581
vt 0.756 0.552
vt 0.78 0.581
vt 0.785 0.613
vt 0.77 0.581
vt 0.785 0.613
vt 0.775 0.613
vt 0.77 0.581
vt 0.975 0.093
vt 0.975 0.014
vt 0.974 0.093
vt 0.975 0.014
vt 0.974 0.014
vt 0.974 0.093
vt 0.953 0.093
vt 0.958 0.093
vt 0.957 0.093
vt 0.966 0.103
vt 0.967 0.103
vt 0.963 0.103
vt 0.968 0.122
vt 0.967 0.122
vt 0.975 0.122
vt 0.967 0.122
vt 0.974 0.122
vt 0.975 0.122
vt 0.975 0.122
vt 0.974 0.122
vt 0.975 0.103
vt 0.974 0.122
vt 0.974 0.103
vt 0.975 0.103
vt 0.785 0.617
vt 0.775 0.617
vt 0.785 0.613
vt 0.775 0.617
vt 0.775 0.613
vt 0.785 0.613
vt 0.983 0.024
vt 0.982 0.024
vt 0.983 0.014
vt 0.982 0.024
vt 0.982 0.014
vt 0.983 0.014
vt 0.983 0.014
vt 0.982 0.014
vt 0.975 0.014
vt 0.982 0.014
vt 0.974 0.014
vt 0.975 0.014
vt 0.982 0.014
vt 0.979 0.014
vt 0.974 0.014
vt 0.979 0.014
vt 0.972 0.014
vt 0.974 0.014
vt 0.982 0.024
vt 0.979 0.024
vt 0.982 0.014
vt 0.979 0.024
vt 0.979 0.014
vt 0.982 0.014
vt 0.775 0.617
vt 0.747 0.617
vt 0.775 0.613
vt 0.747 0.617
vt 0.747 0.613
vt 0.775 0.613
vt 0.974 0.122
vt 0.972 0.122
vt 0.974 0.103
vt 0.972 0.122
vt 0.972 0.103
vt 0.974 0.103
vt 0.967 0.122
vt 0.966 0.122
vt 0.974 0.122
vt 0.966 0.122
vt 0.972 0.122
vt 0.974 0.122
vt 0.967 0.103
vt 0.966 0.103
vt 0.967 0.122
vt 0.966 0.103
vt 0.966 0.122
vt 0.967 0.122
vt 0.972 0.093
vt 0.968 0.093
vt 0.962 0.093
vt 0.968 0.093
vt 0.964 0.093
vt 0.962 0.093
vt 0.974 0.093
vt 0.974 0.014
vt 0.972 0.093
vt 0.974 0.014
vt 0.972 0.014
vt 0.972 0.093
vt 0.77 0.581
vt 0.775 0.613
vt 0.742 0.581
vt 0.775 0.613
vt 0.747 0.613
vt 0.742 0.581
vt 0.756 0.552
vt 0.77 0.581
vt 0.73 0.552
vt 0.77 0.581
vt 0.742 0.581
vt 0.73 0.552
vt 0.734 0.529
vt 0.756 0.552
vt 0.71 0.529
vt 0.756 0.552
vt 0.73 0.552
vt 0.71 0.529
vt 0.706 0.514
vt 0.734 0.529
vt 0.685 0.514
vt 0.734 0.529
vt 0.71 0.529
vt 0.685 0.514
vt 0.987 0.025
vt 0.983 0.025
vt 0.982 0.024
vt 0.983 0.025
vt 0.979 0.024
vt 0.982 0.024
vt 0.982 0.103
vt 0.974 0.103
vt 0.979 0.103
vt 0.974 0.103
vt 0.972 0.103
vt 0.979 0.103
vt 0.987 0.102
vt 0.982 0.103
vt 0.983 0.102
vt 0.982 0.103
vt 0.979 0.103
vt 0.983 0.102
vt 0.734 0.966
vt 0.706 0.981
vt 0.71 0.966
vt 0.706 0.981
vt 0.685 0.981
vt 0.71 0.966
vt 0.756 0.943
vt 0.734 0.966
vt 0.73 0.943
vt 0.734 0.966
vt 0.71 0.966
vt 0.73 0.943
vt 0.77 0.914
vt 0.756 0.943
vt 0.742 0.914
vt 0.756 0.943
vt 0.73 0.943
vt 0.742 0.914
vt 0.77 0.914
vt 0.742 0.914
vt 0.775 0.882
vt 0.742 0.914
vt 0.747 0.882
vt 0.775 0.882
vt 0.742 0.914
vt 0.698 0.914
vt 0.747 0.882
vt 0.698 0.914
vt 0.701 0.882
vt 0.747 0.882
vt 0.742 0.914
vt 0.73 0.943
vt 0.698 0.914
vt 0.73 0.943
vt 0.687 0.943
vt 0.698 0.914
vt 0.73 0.943
vt 0.71 0.966
vt 0.687 0.943
vt 0.71 0.966
vt 0.671 0.966
vt 0.687 0.943
vt 0.71 0.966
vt 0.685 0.981
vt 0.671 0.966
vt 0.685 0.981
vt 0.651 0.981
vt 0.671 0.966
vt 0.983 0.102
vt 0.979 0.103
vt 0.978 0.102
vt 0.979 0.103
vt 0.974 0.103
vt 0.978 0.102
vt 0.979 0.103
vt 0.972 0.103
vt 0.974 0.103
vt 0.972 0.103
vt 0.968 0.103
vt 0.974 0.103
vt 0.983 0.025
vt 0.978 0.025
vt 0.979 0.024
vt 0.978 0.025
vt 0.974 0.024
vt 0.979 0.024
vt 0.685 0.514
vt 0.71 0.529
vt 0.651 0.514
vt 0.71 0.529
vt 0.671 0.529
vt 0.651 0.514
vt 0.71 0.529
vt 0.73 0.552
vt 0.671 0.529
vt 0.73 0.552
vt 0.687 0.552
vt 0.671 0.529
vt 0.73 0.552
vt 0.742 0.581
vt 0.687 0.552
vt 0.742 0.581
vt 0.698 0.581
vt 0.687 0.552
vt 0.742 0.581
vt 0.747 0.613
vt 0.698 0.581
vt 0.747 0.613
vt 0.701 0.613
vt 0.698 0.581
vt 0.972 0.093
vt 0.972 0.014
vt 0.968 0.093
vt 0.972 0.014
vt 0.968 0.014
vt 0.968 0.093
vt 0.948 0.093
vt 0.953 0.093
vt 0.938 0.093
vt 0.953 0.093
vt 0.943 0.093
vt 0.938 0.093
vt 0.966 0.103
vt 0.963 0.103
vt 0.966 0.122
vt 0.963 0.103
vt 0.963 0.122
vt 0.966 0.122
vt 0.966 0.122
vt 0.963 0.122
vt 0.972 0.122
vt 0.963 0.122
vt 0.968 0.122
vt 0.972 0.122
vt 0.972 0.122
vt 0.968 0.122
vt 0.972 0.103
vt 0.968 0.122
vt 0.968 0.103
vt 0.972 0.103
vt 0.747 0.617
vt 0.701 0.617
vt 0.747 0.613
vt 0.701 0.617
vt 0.701 0.613
vt 0.747 0.613
vt 0.979 0.024
vt 0.974 0.024
vt 0.979 0.014
vt 0.974 0.024
vt 0.974 0.014
vt 0.979 0.014
vt 0.979 0.014
vt 0.974 0.014
vt 0.972 0.014
vt 0.974 0.014
vt 0.968 0.014
vt 0.972 0.014
vt 0.974 0.014
vt 0.968 0.014
vt 0.968 0.014
vt 0.968 0.014
vt 0.964 0.014
vt 0.968 0.014
vt 0.974 0.024
vt 0.968 0.024
vt 0.974 0.014
vt 0.968 0.024
vt 0.968 0.014
vt 0.974 0.014
vt 0.701 0.617
vt 0.642 0.617
vt 0.701 0.613
vt 0.642 0.617
vt 0.642 0.613
vt 0.701 0.613
vt 0.968 0.122
vt 0.964 0.122
vt 0.968 0.103
vt 0.964 0.122
vt 0.964 0.103
vt 0.968 0.103
vt 0.963 0.122
vt 0.96 0.122
vt 0.968 0.122
vt 0.96 0.122
vt 0.964 0.122
vt 0.968 0.122
vt 0.967 0.103
vt 0.962 0.103
vt 0.967 0.103
vt 0.962 0.103
vt 0.963 0.103
vt 0.967 0.103
vt 0.937 0.093
vt 0.943 0.093
vt 0.942 0.093
vt 0.943 0.093
vt 0.945 0.093
vt 0.942 0.093
vt 0.968 0.093
vt 0.968 0.014
vt 0.964 0.093
vt 0.968 0.014
vt 0.964 0.014
vt 0.964 0.093
vt 0.698 0.581
vt 0.701 0.613
vt 0.639 0.581
vt 0.701 0.613
vt 0.642 0.613
vt 0.639 0.581
vt 0.687 0.552
vt 0.698 0.581
vt 0.632 0.552
vt 0.698 0.581
vt 0.639 0.581
vt 0.632 0.552
vt 0.671 0.529
vt 0.687 0.552
vt 0.621 0.529
vt 0.687 0.552
vt 0.632 0.552
vt 0.621 0.529
vt 0.651 0.514
vt 0.671 0.529
vt 0.606 0.514
vt 0.671 0.529
vt 0.621 0.529
vt 0.606 0.514
vt 0.978 0.025
vt 0.97 0.025
vt 0.974 0.024
vt 0.97 0.025
vt 0.968 0.024
vt 0.974 0.024
vt 0.974 0.103
vt 0.968 0.103
vt 0.968 0.103
vt 0.968 0.103
vt 0.964 0.103
vt 0.968 0.103
vt 0.978 0.102
vt 0.974 0.103
vt 0.97 0.102
vt 0.974 0.103
vt 0.968 0.103
vt 0.97 0.102
vt 0.671 0.966
vt 0.651 0.981
vt 0.621 0.966
vt 0.651 0.981
vt 0.606 0.981
vt 0.621 0.966
vt 0.687 0.943
vt 0.671 0.966
vt 0.632 0.943
vt 0.671 0.966
vt 0.621 0.966
vt 0.632 0.943
vt 0.698 0.914
vt 0.687 0.943
vt 0.639 0.914
vt 0.687 0.943
vt 0.632 0.943
vt 0.639 0.914
vt 0.698 0.914
vt 0.639 0.914
vt 0.701 0.882
vt 0.639 0.914
vt 0.642 0.882
vt 0.701 0.882
vt 0.639 0.914
vt 0.572 0.914
vt 0.642 0.882
vt 0.572 0.914
vt 0.573 0.882
vt 0.642 0.882
vt 0.639 0.914
vt 0.632 0.943
vt 0.572 0.914
vt 0.632 0.943
vt 0.568 0.943
vt 0.572 0.914
vt 0.632 0.943
vt 0.621 0.966
vt 0.568 0.943
vt 0.621 0.966
vt 0.562 0.966
vt 0.568 0.943
vt 0.621 0.966
vt 0.606 0.981
vt 0.562 0.966
vt 0.606 0.981
vt 0.554 0.981
vt 0.562 0.966
vt 0.97 0.102
vt 0.968 0.103
vt 0.962 0.102
vt 0.968 0.103
vt 0.96 0.103
vt 0.962 0.102
vt 0.968 0.103
vt 0.964 0.103
vt 0.96 0.103
vt 0.964 0.103
vt 0.958 0.103
vt 0.96 0.103
vt 0.97 0.025
vt 0.962 0.025
vt 0.968 0.024
vt 0.962 0.025
vt 0.96 0.024
vt 0.968 0.024
vt 0.606 0.514
vt 0.621 0.529
vt 0.554 0.514
vt 0.621 0.529
vt 0.562 0.529
vt 0.554 0.514
vt 0.621 0.529
vt 0.632 0.552
vt 0.562 0.529
vt 0.632 0.552
vt 0.568 0.552
vt 0.562 0.529
vt 0.632 0.552
vt 0.639 0.581
vt 0.568 0.552
vt 0.639 0.581
vt 0.572 0.581
vt 0.568 0.552
vt 0.639 0.581
vt 0.642 0.613
vt 0.572 0.581
vt 0.642 0.613
vt 0.573 0.613
vt 0.572 0.581
vt 0.964 0.093
vt 0.964 0.014
vt 0.958 0.093
vt 0.964 0.014
vt 0.958 0.014
vt 0.958 0.093
vt 0.964 0.093
vt 0.958 0.093
vt 0.96 0.093
vt 0.958 0.093
vt 0.957 0.093
vt 0.96 0.093
vt 0.96 0.103
vt 0.957 0.103
vt 0.96 0.122
vt 0.957 0.103
vt 0.957 0.122
vt 0.96 0.122
vt 0.96 0.122
vt 0.957 0.122
vt 0.964 0.122
vt 0.957 0.122
vt 0.958 0.122
vt 0.964 0.122
vt 0.964 0.122
vt 0.958 0.122
vt 0.964 0.103
vt 0.958 0.122
vt 0.958 0.103
vt 0.964 0.103
vt 0.642 0.617
vt 0.573 0.617
vt 0.642 0.613
vt 0.573 0.617
vt 0.573 0.613
vt 0.642 0.613
vt 0.968 0.024
vt 0.96 0.024
vt 0.968 0.014
vt 0.96 0.024
vt 0.96 0.014
vt 0.968 0.014
vt 0.968 0.014
vt 0.96 0.014
vt 0.964 0.014
vt 0.96 0.014
vt 0.958 0.014
vt 0.964 0.014
vt 0.96 0.014
vt 0.953 0.014
vt 0.958 0.014
vt 0.953 0.014
vt 0.953 0.014
vt 0.958 0.014
vt 0.96 0.024
vt 0.953 0.024
vt 0.96 0.014
vt 0.953 0.024
vt 0.953 0.014
vt 0.96 0.014
vt 0.573 0.617
vt 0.499 0.617
vt 0.573 0.613
vt 0.499 0.617
vt 0.499 0.613
vt 0.573 0.613
vt 0.958 0.122
vt 0.953 0.122
vt 0.958 0.103
vt 0.953 0.122
vt 0.953 0.103
vt 0.958 0.103
vt 0.957 0.122
vt 0.953 0.122
vt 0.958 0.122
vt 0.953 0.122
vt 0.953 0.122
vt 0.958 0.122
vt 0.957 0.103
vt 0.953 0.103
vt 0.957 0.122
vt 0.953 0.103
vt 0.953 0.122
vt 0.957 0.122
vt 0.958 0.093
vt 0.953 0.093
vt 0.957 0.093
vt 0.953 0.093
vt 0.953 0.093
vt 0.957 0.093
vt 0.958 0.093
vt 0.958 0.014
vt 0.953 0.093
vt 0.958 0.014
vt 0.953 0.014
vt 0.953 0.093
vt 0.572 0.581
vt 0.573 0.613
vt 0.499 0.581
vt 0.573 0.613
vt 0.499 0.613
vt 0.499 0.581
vt 0.568 0.552
vt 0.572 0.581
vt 0.499 0.552
vt 0.572 0.581
vt 0.499 0.581
vt 0.499 0.552
vt 0.562 0.529
vt 0.568 0.552
vt 0.499 0.529
vt 0.568 0.552
vt 0.499 0.552
vt 0.499 0.529
vt 0.554 0.514
vt 0.562 0.529
vt 0.499 0.514
vt 0.562 0.529
vt 0.499 0.529
vt 0.499 0.514
vt 0.962 0.025
vt 0.953 0.025
vt 0.96 0.024
vt 0.953 0.025
vt 0.953 0.024
vt 0.96 0.024
vt 0.96 0.103
vt 0.958 0.103
vt 0.953 0.103
vt 0.958 0.103
vt 0.953 0.103
vt 0.953 0.103
vt 0.962 0.102
vt 0.96 0.103
vt 0.953 0.102
vt 0.96 0.103
vt 0.953 0.103
vt 0.953 0.102
vt 0.562 0.966
vt 0.554 0.981
vt 0.499 0.966
vt 0.554 0.981
vt 0.499 0.981
vt 0.499 0.966
vt 0.568 0.943
vt 0.562 0.966
vt 0.499 0.943
vt 0.562 0.966
vt 0.499 0.966
vt 0.499 0.943
vt 0.572 0.914
vt 0.568 0.943
vt 0.499 0.914
vt 0.568 0.943
vt 0.499 0.943
vt 0.499 0.914
vt 0.572 0.914
vt 0.499 0.914
vt 0.573 0.882
vt 0.499 0.914
vt 0.499 0.882
vt 0.573 0.882
vt 0.499 0.914
vt 0.426 0.914
vt 0.499 0.882
vt 0.426 0.914
vt 0.425 0.882
vt 0.499 0.882
vt 0.499 0.914
vt 0.499 0.943
vt 0.426 0.914
vt 0.499 0.943
vt 0.43 0.943
vt 0.426 0.914
vt 0.499 0.943
vt 0.499 0.966
vt 0.43 0.943
vt 0.499 0.966
vt 0.436 0.966
vt 0.43 0.943
vt 0.499 0.966
vt 0.499 0.981
vt 0.436 0.966
vt 0.499 0.981
vt 0.444 0.981
vt 0.436 0.966
vt 0.953 0.102
vt 0.953 0.103
vt 0.944 0.102
vt 0.953 0.103
vt 0.945 0.103
vt 0.944 0.102
vt 0.953 0.103
vt 0.953 0.103
vt 0.945 0.103
vt 0.953 0.103
vt 0.947 0.103
vt 0.945 0.103
vt 0.953 0.025
vt 0.944 0.025
vt 0.953 0.024
vt 0.944 0.025
vt 0.945 0.024
vt 0.953 0.024
vt 0.499 0.514
vt 0.499 0.529
vt 0.444 0.514
vt 0.499 0.529
vt 0.436 0.529
vt 0.444 0.514
vt 0.499 0.529
vt 0.499 0.552
vt 0.436 0.529
vt 0.499 0.552
vt 0.43 0.552
vt 0.436 0.529
vt 0.499 0.552
vt 0.499 0.581
vt 0.43 0.552
vt 0.499 0.581
vt 0.426 0.581
vt 0.43 0.552
vt 0.499 0.581
vt 0.499 0.613
vt 0.426 0.581
vt 0.499 0.613
vt 0.425 0.613
vt 0.426 0.581
vt 0.953 0.093
vt 0.953 0.014
vt 0.947 0.093
vt 0.953 0.014
vt 0.947 0.014
vt 0.947 0.093
vt 0.953 0.093
vt 0.947 0.093
vt 0.953 0.093
vt 0.947 0.093
vt 0.949 0.093
vt 0.953 0.093
vt 0.953 0.103
vt 0.949 0.103
vt 0.953 0.122
vt 0.949 0.103
vt 0.949 0.122
vt 0.953 0.122
vt 0.953 0.122
vt 0.949 0.122
vt 0.953 0.122
vt 0.949 0.122
vt 0.947 0.122
vt 0.953 0.122
vt 0.953 0.122
vt 0.947 0.122
vt 0.953 0.103
vt 0.947 0.122
vt 0.947 0.103
vt 0.953 0.103
vt 0.499 0.617
vt 0.425 0.617
vt 0.499 0.613
vt 0.425 0.617
vt 0.425 0.613
vt 0.499 0.613
vt 0.953 0.024
vt 0.945 0.024
vt 0.953 0.014
vt 0.945 0.024
vt 0.945 0.014
vt 0.953 0.014
vt 0.953 0.014
vt 0.945 0.014
vt 0.953 0.014
vt 0.945 0.014
vt 0.947 0.014
vt 0.953 0.014
vt 0.945 0.014
vt 0.938 0.014
vt 0.947 0.014
vt 0.938 0.014
vt 0.942 0.014
vt 0.947 0.014
vt 0.945 0.024
vt 0.938 0.024
vt 0.945 0.014
vt 0.938 0.024
vt 0.938 0.014
vt 0.945 0.014
vt 0.425 0.617
vt 0.356 0.617
vt 0.425 0.613
vt 0.356 0.617
vt 0.356 0.613
vt 0.425 0.613
vt 0.947 0.122
vt 0.942 0.122
vt 0.947 0.103
vt 0.942 0.122
vt 0.942 0.103
vt 0.947 0.103
vt 0.949 0.122
vt 0.945 0.122
vt 0.947 0.122
vt 0.945 0.122
vt 0.942 0.122
vt 0.947 0.122
vt 0.949 0.103
vt 0.945 0.103
vt 0.949 0.122
vt 0.945 0.103
vt 0.945 0.122
vt 0.949 0.122
vt 0.947 0.093
vt 0.942 0.093
vt 0.949 0.093
vt 0.942 0.093
vt 0.945 0.093
vt 0.949 0.093
vt 0.947 0.093
vt 0.947 0.014
vt 0.942 0.093
vt 0.947 0.014
vt 0.942 0.014
vt 0.942 0.093
vt 0.426 0.581
vt 0.425 0.613
vt 0.359 0.581
vt 0.425 0.613
vt 0.356 0.613
vt 0.359 0.581
vt 0.43 0.552
vt 0.426 0.581
vt 0.366 0.552
vt 0.426 0.581
vt 0.359 0.581
vt 0.366 0.552
vt 0.436 0.529
vt 0.43 0.552
vt 0.377 0.529
vt 0.43 0.552
vt 0.366 0.552
vt 0.377 0.529
vt 0.444 0.514
vt 0.436 0.529
vt 0.392 0.514
vt 0.436 0.529
vt 0.377 0.529
vt 0.392 0.514
vt 0.944 0.025
vt 0.935 0.025
vt 0.945 0.024
vt 0.935 0.025
vt 0.938 0.024
vt 0.945 0.024
vt 0.945 0.103
vt 0.947 0.103
vt 0.938 0.103
vt 0.947 0.103
vt 0.942 0.103
vt 0.938 0.103
vt 0.944 0.102
vt 0.945 0.103
vt 0.935 0.102
vt 0.945 0.103
vt 0.938 0.103
vt 0.935 0.102
vt 0.436 0.966
vt 0.444 0.981
vt 0.377 0.966
vt 0.444 0.981
vt 0.392 0.981
vt 0.377 0.966
vt 0.43 0.943
vt 0.436 0.966
vt 0.366 0.943
vt 0.436 0.966
vt 0.377 0.966
vt 0.366 0.943
vt 0.426 0.914
vt 0.43 0.943
vt 0.359 0.914
vt 0.43 0.943
vt 0.366 0.943
vt 0.359 0.914
vt 0.426 0.914
vt 0.359 0.914
vt 0.425 0.882
vt 0.359 0.914
vt 0.356 0.882
vt 0.425 0.882
vt 0.359 0.914
vt 0.3 0.914
vt 0.356 0.882
vt 0.3 0.914
vt 0.297 0.882
vt 0.356 0.882
vt 0.359 0.914
vt 0.366 0.943
vt 0.3 0.914
vt 0.366 0.943
vt 0.311 0.943
vt 0.3 0.914
vt 0.366 0.943
vt 0.377 0.966
vt 0.311 0.943
vt 0.377 0.966
vt 0.327 0.966
vt 0.311 0.943
vt 0.377 0.966
vt 0.392 0.981
vt 0.327 0.966
vt 0.392 0.981
vt 0.347 0.981
vt 0.327 0.966
vt 0.935 0.102
vt 0.938 0.103
vt 0.928 0.102
vt 0.938 0.103
vt 0.931 0.103
vt 0.928 0.102
vt 0.938 0.103
vt 0.942 0.103
vt 0.931 0.103
vt 0.942 0.103
vt 0.937 0.103
vt 0.931 0.103
vt 0.935 0.025
vt 0.928 0.025
vt 0.938 0.024
vt 0.928 0.025
vt 0.931 0.024
vt 0.938 0.024
vt 0.392 0.514
vt 0.377 0.529
vt 0.347 0.514
vt 0.377 0.529
vt 0.327 0.529
vt 0.347 0.514
vt 0.377 0.529
vt 0.366 0.552
vt 0.327 0.529
vt 0.366 0.552
vt 0.311 0.552
vt 0.327 0.529
vt 0.366 0.552
vt 0.359 0.581
vt 0.311 0.552
vt 0.359 0.581
vt 0.3 0.581
vt 0.311 0.552
vt 0.359 0.581
vt 0.356 0.613
vt 0.3 0.581
vt 0.356 0.613
vt 0.297 0.613
vt 0.3 0.581
vt 0.942 0.093
vt 0.942 0.014
vt 0.937 0.093
vt 0.942 0.014
vt 0.937 0.014
vt 0.937 0.093
vt 0.943 0.093
vt 0.933 0.093
vt 0.938 0.093
vt 0.933 0.093
vt 0.931 0.093
vt 0.938 0.093
vt 0.96 0.122
vt 0.962 0.103
vt 0.96 0.103
vt 0.945 0.122
vt 0.942 0.122
vt 0.942 0.122
vt 0.942 0.122
vt 0.937 0.122
vt 0.942 0.122
vt 0.942 0.122
vt 0.937 0.122
vt 0.942 0.103
vt 0.937 0.122
vt 0.937 0.103
vt 0.942 0.103
vt 0.356 0.617
vt 0.297 0.617
vt 0.356 0.613
vt 0.297 0.617
vt 0.297 0.613
vt 0.356 0.613
vt 0.938 0.024
vt 0.931 0.024
vt 0.938 0.014
vt 0.931 0.024
vt 0.931 0.014
vt 0.938 0.014
vt 0.938 0.014
vt 0.931 0.014
vt 0.942 0.014
vt 0.931 0.014
vt 0.937 0.014
vt 0.942 0.014
vt 0.931 0.014
vt 0.927 0.014
vt 0.937 0.014
vt 0.927 0.014
vt 0.933 0.014
vt 0.937 0.014
vt 0.931 0.024
vt 0.927 0.024
vt 0.931 0.014
vt 0.927 0.024
vt 0.927 0.014
vt 0.931 0.014
vt 0.297 0.617
vt 0.251 0.617
vt 0.297 0.613
vt 0.251 0.617
vt 0.251 0.613
vt 0.297 0.613
vt 0.937 0.122
vt 0.933 0.122
vt 0.937 0.103
vt 0.933 0.122
vt 0.933 0.103
vt 0.937 0.103
vt 0.942 0.122
vt 0.94 0.122
vt 0.937 0.122
vt 0.94 0.122
vt 0.933 0.122
vt 0.937 0.122
vt 0.942 0.103
vt 0.94 0.103
vt 0.942 0.122
vt 0.94 0.103
vt 0.94 0.122
vt 0.942 0.122
vt 0.975 0.093
vt 0.974 0.093
vt 0.968 0.093
vt 0.974 0.093
vt 0.967 0.093
vt 0.968 0.093
vt 0.937 0.093
vt 0.937 0.014
vt 0.933 0.093
vt 0.937 0.014
vt 0.933 0.014
vt 0.933 0.093
vt 0.3 0.581
vt 0.297 0.613
vt 0.256 0.581
vt 0.297 0.613
vt 0.251 0.613
vt 0.256 0.581
vt 0.311 0.552
vt 0.3 0.581
vt 0.268 0.552
vt 0.3 0.581
vt 0.256 0.581
vt 0.268 0.552
vt 0.327 0.529
vt 0.311 0.552
vt 0.288 0.529
vt 0.311 0.552
vt 0.268 0.552
vt 0.288 0.529
vt 0.347 0.514
vt 0.327 0.529
vt 0.313 0.514
vt 0.327 0.529
vt 0.288 0.529
vt 0.313 0.514
vt 0.928 0.025
vt 0.922 0.025
vt 0.931 0.024
vt 0.922 0.025
vt 0.927 0.024
vt 0.931 0.024
vt 0.931 0.103
vt 0.937 0.103
vt 0.927 0.103
vt 0.937 0.103
vt 0.933 0.103
vt 0.927 0.103
vt 0.928 0.102
vt 0.931 0.103
vt 0.922 0.102
vt 0.931 0.103
vt 0.927 0.103
vt 0.922 0.102
vt 0.327 0.966
vt 0.347 0.981
vt 0.288 0.966
vt 0.347 0.981
vt 0.313 0.981
vt 0.288 0.966
vt 0.311 0.943
vt 0.327 0.966
vt 0.268 0.943
vt 0.327 0.966
vt 0.288 0.966
vt 0.268 0.943
vt 0.3 0.914
vt 0.311 0.943
vt 0.256 0.914
vt 0.311 0.943
vt 0.268 0.943
vt 0.256 0.914
vt 0.3 0.914
vt 0.256 0.914
vt 0.297 0.882
vt 0.256 0.914
vt 0.251 0.882
vt 0.297 0.882
vt 0.256 0.914
vt 0.228 0.914
vt 0.251 0.882
vt 0.228 0.914
vt 0.223 0.882
vt 0.251 0.882
vt 0.256 0.914
vt 0.268 0.943
vt 0.228 0.914
vt 0.268 0.943
vt 0.242 0.943
vt 0.228 0.914
vt 0.268 0.943
vt 0.288 0.966
vt 0.242 0.943
vt 0.288 0.966
vt 0.264 0.966
vt 0.242 0.943
vt 0.288 0.966
vt 0.313 0.981
vt 0.264 0.966
vt 0.313 0.981
vt 0.292 0.981
vt 0.264 0.966
vt 0.922 0.102
vt 0.927 0.103
vt 0.918 0.102
vt 0.927 0.103
vt 0.924 0.103
vt 0.918 0.102
vt 0.927 0.103
vt 0.933 0.103
vt 0.924 0.103
vt 0.933 0.103
vt 0.931 0.103
vt 0.924 0.103
vt 0.922 0.025
vt 0.918 0.025
vt 0.927 0.024
vt 0.918 0.025
vt 0.924 0.024
vt 0.927 0.024
vt 0.313 0.514
vt 0.288 0.529
vt 0.292 0.514
vt 0.288 0.529
vt 0.264 0.529
vt 0.292 0.514
vt 0.288 0.529
vt 0.268 0.552
vt 0.264 0.529
vt 0.268 0.552
vt 0.242 0.552
vt 0.264 0.529
vt 0.268 0.552
vt 0.256 0.581
vt 0.242 0.552
vt 0.256 0.581
vt 0.228 0.581
vt 0.242 0.552
vt 0.256 0.581
vt 0.251 0.613
vt 0.228 0.581
vt 0.251 0.613
vt 0.223 0.613
vt 0.228 0.581
vt 0.933 0.093
vt 0.933 0.014
vt 0.931 0.093
vt 0.933 0.014
vt 0.931 0.014
vt 0.931 0.093
vt 0.953 0.093
vt 0.957 0.093
vt 0.947 0.093
vt 0.957 0.093
vt 0.948 0.093
vt 0.947 0.093
vt 0.94 0.103
vt 0.938 0.103
vt 0.94 0.122
vt 0.938 0.103
vt 0.938 0.122
vt 0.94 0.122
vt 0.94 0.122
vt 0.938 0.122
vt 0.933 0.122
vt 0.938 0.122
vt 0.931 0.122
vt 0.933 0.122
vt 0.933 0.122
vt 0.931 0.122
vt 0.933 0.103
vt 0.931 0.122
vt 0.931 0.103
vt 0.933 0.103
vt 0.251 0.617
vt 0.223 0.617
vt 0.251 0.613
vt 0.223 0.617
vt 0.223 0.613
vt 0.251 0.613
vt 0.927 0.024
vt 0.924 0.024
vt 0.927 0.014
vt 0.924 0.024
vt 0.924 0.014
vt 0.927 0.014
vt 0.927 0.014
vt 0.924 0.014
vt 0.933 0.014
vt 0.924 0.014
vt 0.931 0.014
vt 0.933 0.014
vt 0.924 0.014
vt 0.923 0.014
vt 0.931 0.014
vt 0.923 0.014
vt 0.93 0.014
vt 0.931 0.014
vt 0.924 0.024
vt 0.923 0.024
vt 0.924 0.014
vt 0.923 0.024
vt 0.923 0.014
vt 0.924 0.014
vt 0.223 0.617
vt 0.213 0.617
vt 0.223 0.613
vt 0.213 0.617
vt 0.213 0.613
vt 0.223 0.613
vt 0.931 0.122
vt 0.93 0.122
vt 0.931 0.103
vt 0.93 0.122
vt 0.93 0.103
vt 0.931 0.103
vt 0.938 0.122
vt 0.938 0.122
vt 0.931 0.122
vt 0.938 0.122
vt 0.93 0.122
vt 0.931 0.122
vt 0.963 0.122
vt 0.963 0.103
vt 0.96 0.122
vt 0.963 0.103
vt 0.962 0.103
vt 0.96 0.122
vt 0.931 0.093
vt 0.93 0.093
vt 0.938 0.093
vt 0.93 0.093
vt 0.938 0.093
vt 0.938 0.093
vt 0.931 0.093
vt 0.931 0.014
vt 0.93 0.093
vt 0.931 0.014
vt 0.93 0.014
vt 0.93 0.093
vt 0.228 0.581
vt 0.223 0.613
vt 0.218 0.581
vt 0.223 0.613
vt 0.213 0.613
vt 0.218 0.581
vt 0.242 0.552
vt 0.228 0.581
vt 0.233 0.552
vt 0.228 0.581
vt 0.218 0.581
vt 0.233 0.552
vt 0.264 0.529
vt 0.242 0.552
vt 0.256 0.529
vt 0.242 0.552
vt 0.233 0.552
vt 0.256 0.529
vt 0.292 0.514
vt 0.264 0.529
vt 0.285 0.514
vt 0.264 0.529
vt 0.256 0.529
vt 0.285 0.514
vt 0.918 0.025
vt 0.917 0.025
vt 0.924 0.024
vt 0.917 0.025
vt 0.923 0.024
vt 0.924 0.024
vt 0.924 0.103
vt 0.931 0.103
vt 0.923 0.103
vt 0.931 0.103
vt 0.93 0.103
vt 0.923 0.103
vt 0.918 0.102
vt 0.924 0.103
vt 0.917 0.102
vt 0.924 0.103
vt 0.923 0.103
vt 0.917 0.102
vt 0.264 0.966
vt 0.292 0.981
vt 0.256 0.966
vt 0.292 0.981
vt 0.285 0.981
vt 0.256 0.966
vt 0.242 0.943
vt 0.264 0.966
vt 0.233 0.943
vt 0.264 0.966
vt 0.256 0.966
vt 0.233 0.943
vt 0.228 0.914
vt 0.242 0.943
vt 0.218 0.914
vt 0.242 0.943
vt 0.233 0.943
vt 0.218 0.914
vt 0.228 0.914
vt 0.218 0.914
vt 0.223 0.882
vt 0.218 0.914
vt 0.213 0.882
vt 0.223 0.882
vt 0.78 0.418
vt 0.77 0.418
vt 0.785 0.386
vt 0.77 0.418
vt 0.775 0.386
vt 0.785 0.386
vt 0.78 0.418
vt 0.765 0.447
vt 0.77 0.418
vt 0.765 0.447
vt 0.756 0.447
vt 0.77 0.418
vt 0.765 0.447
vt 0.742 0.47
vt 0.756 0.447
vt 0.742 0.47
vt 0.734 0.47
vt 0.756 0.447
vt 0.742 0.47
vt 0.713 0.484
vt 0.734 0.47
vt 0.713 0.484
vt 0.706 0.484
vt 0.734 0.47
vt 0.917 0.102
vt 0.923 0.103
vt 0.918 0.102
vt 0.923 0.103
vt 0.924 0.103
vt 0.918 0.102
vt 0.923 0.103
vt 0.93 0.103
vt 0.924 0.103
vt 0.93 0.103
vt 0.931 0.103
vt 0.924 0.103
vt 0.917 0.025
vt 0.918 0.025
vt 0.923 0.024
vt 0.918 0.025
vt 0.924 0.024
vt 0.923 0.024
vt 0.713 0.018
vt 0.742 0.033
vt 0.706 0.018
vt 0.742 0.033
vt 0.734 0.033
vt 0.706 0.018
vt 0.742 0.033
vt 0.765 0.056
vt 0.734 0.033
vt 0.765 0.056
vt 0.756 0.056
vt 0.734 0.033
vt 0.765 0.056
vt 0.78 0.084
vt 0.756 0.056
vt 0.78 0.084
vt 0.77 0.084
vt 0.756 0.056
vt 0.78 0.084
vt 0.785 0.117
vt 0.77 0.084
vt 0.785 0.117
vt 0.775 0.117
vt 0.77 0.084
vt 0.93 0.093
vt 0.93 0.014
vt 0.931 0.093
vt 0.93 0.014
vt 0.931 0.014
vt 0.931 0.093
vt 0.93 0.093
vt 0.931 0.093
vt 0.938 0.093
vt 0.931 0.093
vt 0.938 0.093
vt 0.938 0.093
vt 0.938 0.103
vt 0.938 0.103
vt 0.938 0.122
vt 0.938 0.103
vt 0.938 0.122
vt 0.938 0.122
vt 0.938 0.122
vt 0.938 0.122
vt 0.93 0.122
vt 0.938 0.122
vt 0.931 0.122
vt 0.93 0.122
vt 0.93 0.122
vt 0.931 0.122
vt 0.93 0.103
vt 0.931 0.122
vt 0.931 0.103
vt 0.93 0.103
vt 0.785 0.12
vt 0.775 0.12
vt 0.785 0.117
vt 0.775 0.12
vt 0.775 0.117
vt 0.785 0.117
vt 0.923 0.024
vt 0.924 0.024
vt 0.923 0.014
vt 0.924 0.024
vt 0.924 0.014
vt 0.923 0.014
vt 0.923 0.014
vt 0.924 0.014
vt 0.93 0.014
vt 0.924 0.014
vt 0.931 0.014
vt 0.93 0.014
vt 0.924 0.014
vt 0.927 0.014
vt 0.931 0.014
vt 0.927 0.014
vt 0.933 0.014
vt 0.931 0.014
vt 0.924 0.024
vt 0.927 0.024
vt 0.924 0.014
vt 0.927 0.024
vt 0.927 0.014
vt 0.924 0.014
vt 0.775 0.12
vt 0.747 0.12
vt 0.775 0.117
vt 0.747 0.12
vt 0.747 0.117
vt 0.775 0.117
vt 0.931 0.122
vt 0.933 0.122
vt 0.931 0.103
vt 0.933 0.122
vt 0.933 0.103
vt 0.931 0.103
vt 0.938 0.122
vt 0.94 0.122
vt 0.931 0.122
vt 0.94 0.122
vt 0.933 0.122
vt 0.931 0.122
vt 0.938 0.103
vt 0.94 0.103
vt 0.938 0.122
vt 0.94 0.103
vt 0.94 0.122
vt 0.938 0.122
vt 0.931 0.093
vt 0.933 0.093
vt 0.938 0.093
vt 0.933 0.093
vt 0.94 0.093
vt 0.938 0.093
vt 0.931 0.093
vt 0.931 0.014
vt 0.933 0.093
vt 0.931 0.014
vt 0.933 0.014
vt 0.933 0.093
vt 0.77 0.084
vt 0.775 0.117
vt 0.742 0.084
vt 0.775 0.117
vt 0.747 0.117
vt 0.742 0.084
vt 0.756 0.056
vt 0.77 0.084
vt 0.729 0.056
vt 0.77 0.084
vt 0.742 0.084
vt 0.729 0.056
vt 0.734 0.033
vt 0.756 0.056
vt 0.71 0.033
vt 0.756 0.056
vt 0.729 0.056
vt 0.71 0.033
vt 0.706 0.018
vt 0.734 0.033
vt 0.685 0.018
vt 0.734 0.033
vt 0.71 0.033
vt 0.685 0.018
vt 0.918 0.025
vt 0.922 0.025
vt 0.924 0.024
vt 0.922 0.025
vt 0.927 0.024
vt 0.924 0.024
vt 0.924 0.103
vt 0.931 0.103
vt 0.927 0.103
vt 0.931 0.103
vt 0.933 0.103
vt 0.927 0.103
vt 0.918 0.102
vt 0.924 0.103
vt 0.922 0.102
vt 0.924 0.103
vt 0.927 0.103
vt 0.922 0.102
vt 0.734 0.47
vt 0.706 0.484
vt 0.71 0.47
vt 0.706 0.484
vt 0.685 0.484
vt 0.71 0.47
vt 0.756 0.447
vt 0.734 0.47
vt 0.729 0.447
vt 0.734 0.47
vt 0.71 0.47
vt 0.729 0.447
vt 0.77 0.418
vt 0.756 0.447
vt 0.742 0.418
vt 0.756 0.447
vt 0.729 0.447
vt 0.742 0.418
vt 0.77 0.418
vt 0.742 0.418
vt 0.775 0.386
vt 0.742 0.418
vt 0.747 0.386
vt 0.775 0.386
vt 0.742 0.418
vt 0.698 0.418
vt 0.747 0.386
vt 0.698 0.418
vt 0.701 0.386
vt 0.747 0.386
vt 0.742 0.418
vt 0.729 0.447
vt 0.698 0.418
vt 0.729 0.447
vt 0.687 0.447
vt 0.698 0.418
vt 0.729 0.447
vt 0.71 0.47
vt 0.687 0.447
vt 0.71 0.47
vt 0.671 0.47
vt 0.687 0.447
vt 0.71 0.47
vt 0.685 0.484
vt 0.671 0.47
vt 0.685 0.484
vt 0.65 0.484
vt 0.671 0.47
vt 0.922 0.102
vt 0.927 0.103
vt 0.928 0.102
vt 0.927 0.103
vt 0.931 0.103
vt 0.928 0.102
vt 0.927 0.103
vt 0.933 0.103
vt 0.931 0.103
vt 0.933 0.103
vt 0.937 0.103
vt 0.931 0.103
vt 0.922 0.025
vt 0.928 0.025
vt 0.927 0.024
vt 0.928 0.025
vt 0.931 0.024
vt 0.927 0.024
vt 0.685 0.018
vt 0.71 0.033
vt 0.65 0.018
vt 0.71 0.033
vt 0.671 0.033
vt 0.65 0.018
vt 0.71 0.033
vt 0.729 0.056
vt 0.671 0.033
vt 0.729 0.056
vt 0.687 0.056
vt 0.671 0.033
vt 0.729 0.056
vt 0.742 0.084
vt 0.687 0.056
vt 0.742 0.084
vt 0.698 0.084
vt 0.687 0.056
vt 0.742 0.084
vt 0.747 0.117
vt 0.698 0.084
vt 0.747 0.117
vt 0.701 0.117
vt 0.698 0.084
vt 0.933 0.093
vt 0.933 0.014
vt 0.937 0.093
vt 0.933 0.014
vt 0.937 0.014
vt 0.937 0.093
vt 0.933 0.093
vt 0.937 0.093
vt 0.94 0.093
vt 0.937 0.093
vt 0.942 0.093
vt 0.94 0.093
vt 0.94 0.103
vt 0.942 0.103
vt 0.94 0.122
vt 0.942 0.103
vt 0.942 0.122
vt 0.94 0.122
vt 0.94 0.122
vt 0.942 0.122
vt 0.933 0.122
vt 0.942 0.122
vt 0.937 0.122
vt 0.933 0.122
vt 0.933 0.122
vt 0.937 0.122
vt 0.933 0.103
vt 0.937 0.122
vt 0.937 0.103
vt 0.933 0.103
vt 0.747 0.12
vt 0.701 0.12
vt 0.747 0.117
vt 0.701 0.12
vt 0.701 0.117
vt 0.747 0.117
vt 0.927 0.024
vt 0.931 0.024
vt 0.927 0.014
vt 0.931 0.024
vt 0.931 0.014
vt 0.927 0.014
vt 0.927 0.014
vt 0.931 0.014
vt 0.933 0.014
vt 0.931 0.014
vt 0.937 0.014
vt 0.933 0.014
vt 0.931 0.014
vt 0.938 0.014
vt 0.937 0.014
vt 0.938 0.014
vt 0.942 0.014
vt 0.937 0.014
vt 0.931 0.024
vt 0.938 0.024
vt 0.931 0.014
vt 0.938 0.024
vt 0.938 0.014
vt 0.931 0.014
vt 0.701 0.12
vt 0.642 0.12
vt 0.701 0.117
vt 0.642 0.12
vt 0.642 0.117
vt 0.701 0.117
vt 0.937 0.122
vt 0.942 0.122
vt 0.937 0.103
vt 0.942 0.122
vt 0.942 0.103
vt 0.937 0.103
vt 0.942 0.122
vt 0.945 0.122
vt 0.937 0.122
vt 0.945 0.122
vt 0.942 0.122
vt 0.937 0.122
vt 0.942 0.103
vt 0.945 0.103
vt 0.942 0.122
vt 0.945 0.103
vt 0.945 0.122
vt 0.942 0.122
vt 0.937 0.093
vt 0.942 0.093
vt 0.942 0.093
vt 0.942 0.093
vt 0.945 0.093
vt 0.942 0.093
vt 0.937 0.093
vt 0.937 0.014
vt 0.942 0.093
vt 0.937 0.014
vt 0.942 0.014
vt 0.942 0.093
vt 0.698 0.084
vt 0.701 0.117
vt 0.639 0.084
vt 0.701 0.117
vt 0.642 0.117
vt 0.639 0.084
vt 0.687 0.056
vt 0.698 0.084
vt 0.632 0.056
vt 0.698 0.084
vt 0.639 0.084
vt 0.632 0.056
vt 0.671 0.033
vt 0.687 0.056
vt 0.621 0.033
vt 0.687 0.056
vt 0.632 0.056
vt 0.621 0.033
vt 0.65 0.018
vt 0.671 0.033
vt 0.606 0.018
vt 0.671 0.033
vt 0.621 0.033
vt 0.606 0.018
vt 0.928 0.025
vt 0.935 0.025
vt 0.931 0.024
vt 0.935 0.025
vt 0.938 0.024
vt 0.931 0.024
vt 0.931 0.103
vt 0.937 0.103
vt 0.938 0.103
vt 0.937 0.103
vt 0.942 0.103
vt 0.938 0.103
vt 0.928 0.102
vt 0.931 0.103
vt 0.935 0.102
vt 0.931 0.103
vt 0.938 0.103
vt 0.935 0.102
vt 0.671 0.47
vt 0.65 0.484
vt 0.621 0.47
vt 0.65 0.484
vt 0.606 0.484
vt 0.621 0.47
vt 0.687 0.447
vt 0.671 0.47
vt 0.632 0.447
vt 0.671 0.47
vt 0.621 0.47
vt 0.632 0.447
vt 0.698 0.418
vt 0.687 0.447
vt 0.639 0.418
vt 0.687 0.447
vt 0.632 0.447
vt 0.639 0.418
vt 0.698 0.418
vt 0.639 0.418
vt 0.701 0.386
vt 0.639 0.418
vt 0.642 0.386
vt 0.701 0.386
vt 0.639 0.418
vt 0.572 0.418
vt 0.642 0.386
vt 0.572 0.418
vt 0.573 0.386
vt 0.642 0.386
vt 0.639 0.418
vt 0.632 0.447
vt 0.572 0.418
vt 0.632 0.447
vt 0.568 0.447
vt 0.572 0.418
vt 0.632 0.447
vt 0.621 0.47
vt 0.568 0.447
vt 0.621 0.47
vt 0.562 0.47
vt 0.568 0.447
vt 0.621 0.47
vt 0.606 0.484
vt 0.562 0.47
vt 0.606 0.484
vt 0.554 0.484
vt 0.562 0.47
vt 0.935 0.102
vt 0.938 0.103
vt 0.944 0.102
vt 0.938 0.103
vt 0.945 0.103
vt 0.944 0.102
vt 0.938 0.103
vt 0.942 0.103
vt 0.945 0.103
vt 0.942 0.103
vt 0.947 0.103
vt 0.945 0.103
vt 0.935 0.025
vt 0.944 0.025
vt 0.938 0.024
vt 0.944 0.025
vt 0.945 0.024
vt 0.938 0.024
vt 0.606 0.018
vt 0.621 0.033
vt 0.554 0.018
vt 0.621 0.033
vt 0.562 0.033
vt 0.554 0.018
vt 0.621 0.033
vt 0.632 0.056
vt 0.562 0.033
vt 0.632 0.056
vt 0.568 0.056
vt 0.562 0.033
vt 0.632 0.056
vt 0.639 0.084
vt 0.568 0.056
vt 0.639 0.084
vt 0.572 0.084
vt 0.568 0.056
vt 0.639 0.084
vt 0.642 0.117
vt 0.572 0.084
vt 0.642 0.117
vt 0.573 0.117
vt 0.572 0.084
vt 0.942 0.093
vt 0.942 0.014
vt 0.947 0.093
vt 0.942 0.014
vt 0.947 0.014
vt 0.947 0.093
vt 0.964 0.093
vt 0.96 0.093
vt 0.962 0.093
vt 0.968 0.122
vt 0.968 0.103
vt 0.967 0.103
vt 0.945 0.122
vt 0.949 0.122
vt 0.942 0.122
vt 0.949 0.122
vt 0.947 0.122
vt 0.942 0.122
vt 0.942 0.122
vt 0.947 0.122
vt 0.942 0.103
vt 0.947 0.122
vt 0.947 0.103
vt 0.942 0.103
vt 0.642 0.12
vt 0.573 0.12
vt 0.642 0.117
vt 0.573 0.12
vt 0.573 0.117
vt 0.642 0.117
vt 0.938 0.024
vt 0.945 0.024
vt 0.938 0.014
vt 0.945 0.024
vt 0.945 0.014
vt 0.938 0.014
vt 0.938 0.014
vt 0.945 0.014
vt 0.942 0.014
vt 0.945 0.014
vt 0.947 0.014
vt 0.942 0.014
vt 0.945 0.014
vt 0.953 0.014
vt 0.947 0.014
vt 0.953 0.014
vt 0.953 0.014
vt 0.947 0.014
vt 0.945 0.024
vt 0.953 0.024
vt 0.945 0.014
vt 0.953 0.024
vt 0.953 0.014
vt 0.945 0.014
vt 0.573 0.12
vt 0.499 0.12
vt 0.573 0.117
vt 0.499 0.12
vt 0.499 0.117
vt 0.573 0.117
vt 0.947 0.122
vt 0.953 0.122
vt 0.947 0.103
vt 0.953 0.122
vt 0.953 0.103
vt 0.947 0.103
vt 0.949 0.122
vt 0.953 0.122
vt 0.947 0.122
vt 0.953 0.122
vt 0.953 0.122
vt 0.947 0.122
vt 0.949 0.103
vt 0.953 0.103
vt 0.949 0.122
vt 0.953 0.103
vt 0.953 0.122
vt 0.949 0.122
vt 0.962 0.093
vt 0.953 0.093
vt 0.967 0.093
vt 0.953 0.093
vt 0.957 0.093
vt 0.967 0.093
vt 0.947 0.093
vt 0.947 0.014
vt 0.953 0.093
vt 0.947 0.014
vt 0.953 0.014
vt 0.953 0.093
vt 0.572 0.084
vt 0.573 0.117
vt 0.499 0.084
vt 0.573 0.117
vt 0.499 0.117
vt 0.499 0.084
vt 0.568 0.056
vt 0.572 0.084
vt 0.499 0.056
vt 0.572 0.084
vt 0.499 0.084
vt 0.499 0.056
vt 0.562 0.033
vt 0.568 0.056
vt 0.499 0.033
vt 0.568 0.056
vt 0.499 0.056
vt 0.499 0.033
vt 0.554 0.018
vt 0.562 0.033
vt 0.499 0.018
vt 0.562 0.033
vt 0.499 0.033
vt 0.499 0.018
vt 0.944 0.025
vt 0.953 0.025
vt 0.945 0.024
vt 0.953 0.025
vt 0.953 0.024
vt 0.945 0.024
vt 0.945 0.103
vt 0.947 0.103
vt 0.953 0.103
vt 0.947 0.103
vt 0.953 0.103
vt 0.953 0.103
vt 0.944 0.102
vt 0.945 0.103
vt 0.953 0.102
vt 0.945 0.103
vt 0.953 0.103
vt 0.953 0.102
vt 0.562 0.47
vt 0.554 0.484
vt 0.499 0.47
vt 0.554 0.484
vt 0.499 0.484
vt 0.499 0.47
vt 0.568 0.447
vt 0.562 0.47
vt 0.499 0.447
vt 0.562 0.47
vt 0.499 0.47
vt 0.499 0.447
vt 0.572 0.418
vt 0.568 0.447
vt 0.499 0.418
vt 0.568 0.447
vt 0.499 0.447
vt 0.499 0.418
vt 0.572 0.418
vt 0.499 0.418
vt 0.573 0.386
vt 0.499 0.418
vt 0.499 0.386
vt 0.573 0.386
vt 0.499 0.418
vt 0.426 0.418
vt 0.499 0.386
vt 0.426 0.418
vt 0.425 0.386
vt 0.499 0.386
vt 0.499 0.418
vt 0.499 0.447
vt 0.426 0.418
vt 0.499 0.447
vt 0.43 0.447
vt 0.426 0.418
vt 0.499 0.447
vt 0.499 0.47
vt 0.43 0.447
vt 0.499 0.47
vt 0.436 0.47
vt 0.43 0.447
vt 0.499 0.47
vt 0.499 0.484
vt 0.436 0.47
vt 0.499 0.484
vt 0.443 0.484
vt 0.436 0.47
vt 0.953 0.102
vt 0.953 0.103
vt 0.962 0.102
vt 0.953 0.103
vt 0.96 0.103
vt 0.962 0.102
vt 0.953 0.103
vt 0.953 0.103
vt 0.96 0.103
vt 0.953 0.103
vt 0.958 0.103
vt 0.96 0.103
vt 0.953 0.025
vt 0.962 0.025
vt 0.953 0.024
vt 0.962 0.025
vt 0.96 0.024
vt 0.953 0.024
vt 0.499 0.018
vt 0.499 0.033
vt 0.443 0.018
vt 0.499 0.033
vt 0.436 0.033
vt 0.443 0.018
vt 0.499 0.033
vt 0.499 0.056
vt 0.436 0.033
vt 0.499 0.056
vt 0.43 0.056
vt 0.436 0.033
vt 0.499 0.056
vt 0.499 0.084
vt 0.43 0.056
vt 0.499 0.084
vt 0.426 0.084
vt 0.43 0.056
vt 0.499 0.084
vt 0.499 0.117
vt 0.426 0.084
vt 0.499 0.117
vt 0.425 0.117
vt 0.426 0.084
vt 0.953 0.093
vt 0.953 0.014
vt 0.958 0.093
vt 0.953 0.014
vt 0.958 0.014
vt 0.958 0.093
vt 0.957 0.093
vt 0.957 0.093
vt 0.948 0.093
vt 0.957 0.093
vt 0.948 0.093
vt 0.948 0.093
vt 0.953 0.103
vt 0.957 0.103
vt 0.953 0.122
vt 0.957 0.103
vt 0.957 0.122
vt 0.953 0.122
vt 0.953 0.122
vt 0.957 0.122
vt 0.953 0.122
vt 0.957 0.122
vt 0.958 0.122
vt 0.953 0.122
vt 0.953 0.122
vt 0.958 0.122
vt 0.953 0.103
vt 0.958 0.122
vt 0.958 0.103
vt 0.953 0.103
vt 0.499 0.12
vt 0.425 0.12
vt 0.499 0.117
vt 0.425 0.12
vt 0.425 0.117
vt 0.499 0.117
vt 0.953 0.024
vt 0.96 0.024
vt 0.953 0.014
vt 0.96 0.024
vt 0.96 0.014
vt 0.953 0.014
vt 0.953 0.014
vt 0.96 0.014
vt 0.953 0.014
vt 0.96 0.014
vt 0.958 0.014
vt 0.953 0.014
vt 0.96 0.014
vt 0.968 0.014
vt 0.958 0.014
vt 0.968 0.014
vt 0.964 0.014
vt 0.958 0.014
vt 0.96 0.024
vt 0.968 0.024
vt 0.96 0.014
vt 0.968 0.024
vt 0.968 0.014
vt 0.96 0.014
vt 0.425 0.12
vt 0.356 0.12
vt 0.425 0.117
vt 0.356 0.12
vt 0.356 0.117
vt 0.425 0.117
vt 0.958 0.122
vt 0.964 0.122
vt 0.958 0.103
vt 0.964 0.122
vt 0.964 0.103
vt 0.958 0.103
vt 0.957 0.122
vt 0.96 0.122
vt 0.958 0.122
vt 0.96 0.122
vt 0.964 0.122
vt 0.958 0.122
vt 0.967 0.122
vt 0.968 0.122
vt 0.967 0.103
vt 0.968 0.122
vt 0.967 0.103
vt 0.967 0.103
vt 0.953 0.093
vt 0.948 0.093
vt 0.957 0.093
vt 0.958 0.093
vt 0.958 0.014
vt 0.964 0.093
vt 0.958 0.014
vt 0.964 0.014
vt 0.964 0.093
vt 0.426 0.084
vt 0.425 0.117
vt 0.359 0.084
vt 0.425 0.117
vt 0.356 0.117
vt 0.359 0.084
vt 0.43 0.056
vt 0.426 0.084
vt 0.366 0.056
vt 0.426 0.084
vt 0.359 0.084
vt 0.366 0.056
vt 0.436 0.033
vt 0.43 0.056
vt 0.377 0.033
vt 0.43 0.056
vt 0.366 0.056
vt 0.377 0.033
vt 0.443 0.018
vt 0.436 0.033
vt 0.392 0.018
vt 0.436 0.033
vt 0.377 0.033
vt 0.392 0.018
vt 0.962 0.025
vt 0.97 0.025
vt 0.96 0.024
vt 0.97 0.025
vt 0.968 0.024
vt 0.96 0.024
vt 0.96 0.103
vt 0.958 0.103
vt 0.968 0.103
vt 0.958 0.103
vt 0.964 0.103
vt 0.968 0.103
vt 0.962 0.102
vt 0.96 0.103
vt 0.97 0.102
vt 0.96 0.103
vt 0.968 0.103
vt 0.97 0.102
vt 0.436 0.47
vt 0.443 0.484
vt 0.377 0.47
vt 0.443 0.484
vt 0.392 0.484
vt 0.377 0.47
vt 0.43 0.447
vt 0.436 0.47
vt 0.366 0.447
vt 0.436 0.47
vt 0.377 0.47
vt 0.366 0.447
vt 0.426 0.418
vt 0.43 0.447
vt 0.359 0.418
vt 0.43 0.447
vt 0.366 0.447
vt 0.359 0.418
vt 0.426 0.418
vt 0.359 0.418
vt 0.425 0.386
vt 0.359 0.418
vt 0.356 0.386
vt 0.425 0.386
vt 0.359 0.418
vt 0.3 0.418
vt 0.356 0.386
vt 0.3 0.418
vt 0.297 0.386
vt 0.356 0.386
vt 0.359 0.418
vt 0.366 0.447
vt 0.3 0.418
vt 0.366 0.447
vt 0.311 0.447
vt 0.3 0.418
vt 0.366 0.447
vt 0.377 0.47
vt 0.311 0.447
vt 0.377 0.47
vt 0.327 0.47
vt 0.311 0.447
vt 0.377 0.47
vt 0.392 0.484
vt 0.327 0.47
vt 0.392 0.484
vt 0.347 0.484
vt 0.327 0.47
vt 0.97 0.102
vt 0.968 0.103
vt 0.978 0.102
vt 0.968 0.103
vt 0.974 0.103
vt 0.978 0.102
vt 0.968 0.103
vt 0.964 0.103
vt 0.974 0.103
vt 0.964 0.103
vt 0.968 0.103
vt 0.974 0.103
vt 0.97 0.025
vt 0.978 0.025
vt 0.968 0.024
vt 0.978 0.025
vt 0.974 0.024
vt 0.968 0.024
vt 0.392 0.018
vt 0.377 0.033
vt 0.347 0.018
vt 0.377 0.033
vt 0.327 0.033
vt 0.347 0.018
vt 0.377 0.033
vt 0.366 0.056
vt 0.327 0.033
vt 0.366 0.056
vt 0.311 0.056
vt 0.327 0.033
vt 0.366 0.056
vt 0.359 0.084
vt 0.311 0.056
vt 0.359 0.084
vt 0.3 0.084
vt 0.311 0.056
vt 0.359 0.084
vt 0.356 0.117
vt 0.3 0.084
vt 0.356 0.117
vt 0.297 0.117
vt 0.3 0.084
vt 0.964 0.093
vt 0.964 0.014
vt 0.968 0.093
vt 0.964 0.014
vt 0.968 0.014
vt 0.968 0.093
vt 0.964 0.093
vt 0.968 0.093
vt 0.96 0.093
vt 0.968 0.093
vt 0.963 0.093
vt 0.96 0.093
vt 0.96 0.103
vt 0.963 0.103
vt 0.96 0.122
vt 0.963 0.103
vt 0.963 0.122
vt 0.96 0.122
vt 0.96 0.122
vt 0.963 0.122
vt 0.964 0.122
vt 0.963 0.122
vt 0.968 0.122
vt 0.964 0.122
vt 0.964 0.122
vt 0.968 0.122
vt 0.964 0.103
vt 0.968 0.122
vt 0.968 0.103
vt 0.964 0.103
vt 0.356 0.12
vt 0.297 0.12
vt 0.356 0.117
vt 0.297 0.12
vt 0.297 0.117
vt 0.356 0.117
vt 0.968 0.024
vt 0.974 0.024
vt 0.968 0.014
vt 0.974 0.024
vt 0.974 0.014
vt 0.968 0.014
vt 0.968 0.014
vt 0.974 0.014
vt 0.964 0.014
vt 0.974 0.014
vt 0.968 0.014
vt 0.964 0.014
vt 0.974 0.014
vt 0.979 0.014
vt 0.968 0.014
vt 0.979 0.014
vt 0.972 0.014
vt 0.968 0.014
vt 0.974 0.024
vt 0.979 0.024
vt 0.974 0.014
vt 0.979 0.024
vt 0.979 0.014
vt 0.974 0.014
vt 0.297 0.12
vt 0.251 0.12
vt 0.297 0.117
vt 0.251 0.12
vt 0.251 0.117
vt 0.297 0.117
vt 0.968 0.122
vt 0.972 0.122
vt 0.968 0.103
vt 0.972 0.122
vt 0.972 0.103
vt 0.968 0.103
vt 0.963 0.122
vt 0.966 0.122
vt 0.968 0.122
vt 0.966 0.122
vt 0.972 0.122
vt 0.968 0.122
vt 0.963 0.103
vt 0.966 0.103
vt 0.963 0.122
vt 0.966 0.103
vt 0.966 0.122
vt 0.963 0.122
vt 0.968 0.093
vt 0.972 0.093
vt 0.963 0.093
vt 0.972 0.093
vt 0.966 0.093
vt 0.963 0.093
vt 0.968 0.093
vt 0.968 0.014
vt 0.972 0.093
vt 0.968 0.014
vt 0.972 0.014
vt 0.972 0.093
vt 0.3 0.084
vt 0.297 0.117
vt 0.256 0.084
vt 0.297 0.117
vt 0.251 0.117
vt 0.256 0.084
vt 0.311 0.056
vt 0.3 0.084
vt 0.268 0.056
vt 0.3 0.084
vt 0.256 0.084
vt 0.268 0.056
vt 0.327 0.033
vt 0.311 0.056
vt 0.288 0.033
vt 0.311 0.056
vt 0.268 0.056
vt 0.288 0.033
vt 0.347 0.018
vt 0.327 0.033
vt 0.313 0.018
vt 0.327 0.033
vt 0.288 0.033
vt 0.313 0.018
vt 0.978 0.025
vt 0.983 0.025
vt 0.974 0.024
vt 0.983 0.025
vt 0.979 0.024
vt 0.974 0.024
vt 0.974 0.103
vt 0.968 0.103
vt 0.979 0.103
vt 0.968 0.103
vt 0.972 0.103
vt 0.979 0.103
vt 0.978 0.102
vt 0.974 0.103
vt 0.983 0.102
vt 0.974 0.103
vt 0.979 0.103
vt 0.983 0.102
vt 0.327 0.47
vt 0.347 0.484
vt 0.288 0.47
vt 0.347 0.484
vt 0.313 0.484
vt 0.288 0.47
vt 0.311 0.447
vt 0.327 0.47
vt 0.268 0.447
vt 0.327 0.47
vt 0.288 0.47
vt 0.268 0.447
vt 0.3 0.418
vt 0.311 0.447
vt 0.256 0.418
vt 0.311 0.447
vt 0.268 0.447
vt 0.256 0.418
vt 0.3 0.418
vt 0.256 0.418
vt 0.297 0.386
vt 0.256 0.418
vt 0.251 0.386
vt 0.297 0.386
vt 0.256 0.418
vt 0.228 0.418
vt 0.251 0.386
vt 0.228 0.418
vt 0.223 0.386
vt 0.251 0.386
vt 0.256 0.418
vt 0.268 0.447
vt 0.228 0.418
vt 0.268 0.447
vt 0.242 0.447
vt 0.228 0.418
vt 0.268 0.447
vt 0.288 0.47
vt 0.242 0.447
vt 0.288 0.47
vt 0.264 0.47
vt 0.242 0.447
vt 0.288 0.47
vt 0.313 0.484
vt 0.264 0.47
vt 0.313 0.484
vt 0.292 0.484
vt 0.264 0.47
vt 0.983 0.102
vt 0.979 0.103
vt 0.987 0.102
vt 0.979 0.103
vt 0.982 0.103
vt 0.987 0.102
vt 0.979 0.103
vt 0.972 0.103
vt 0.982 0.103
vt 0.972 0.103
vt 0.974 0.103
vt 0.982 0.103
vt 0.983 0.025
vt 0.987 0.025
vt 0.979 0.024
vt 0.987 0.025
vt 0.982 0.024
vt 0.979 0.024
vt 0.313 0.018
vt 0.288 0.033
vt 0.292 0.018
vt 0.288 0.033
vt 0.264 0.033
vt 0.292 0.018
vt 0.288 0.033
vt 0.268 0.056
vt 0.264 0.033
vt 0.268 0.056
vt 0.242 0.056
vt 0.264 0.033
vt 0.268 0.056
vt 0.256 0.084
vt 0.242 0.056
vt 0.256 0.084
vt 0.228 0.084
vt 0.242 0.056
vt 0.256 0.084
vt 0.251 0.117
vt 0.228 0.084
vt 0.251 0.117
vt 0.223 0.117
vt 0.228 0.084
vt 0.972 0.093
vt 0.972 0.014
vt 0.974 0.093
vt 0.972 0.014
vt 0.974 0.014
vt 0.974 0.093
vt 0.972 0.093
vt 0.974 0.093
vt 0.966 0.093
vt 0.974 0.093
vt 0.967 0.093
vt 0.966 0.093
vt 0.966 0.103
vt 0.967 0.103
vt 0.966 0.122
vt 0.967 0.103
vt 0.967 0.122
vt 0.966 0.122
vt 0.966 0.122
vt 0.967 0.122
vt 0.972 0.122
vt 0.967 0.122
vt 0.974 0.122
vt 0.972 0.122
vt 0.972 0.122
vt 0.974 0.122
vt 0.972 0.103
vt 0.974 0.122
vt 0.974 0.103
vt 0.972 0.103
vt 0.251 0.12
vt 0.223 0.12
vt 0.251 0.117
vt 0.223 0.12
vt 0.223 0.117
vt 0.251 0.117
vt 0.979 0.024
vt 0.982 0.024
vt 0.979 0.014
vt 0.982 0.024
vt 0.982 0.014
vt 0.979 0.014
vt 0.979 0.014
vt 0.982 0.014
vt 0.972 0.014
vt 0.982 0.014
vt 0.974 0.014
vt 0.972 0.014
vt 0.982 0.014
vt 0.983 0.014
vt 0.974 0.014
vt 0.983 0.014
vt 0.975 0.014
vt 0.974 0.014
vt 0.982 0.024
vt 0.983 0.024
vt 0.982 0.014
vt 0.983 0.024
vt 0.983 0.014
vt 0.982 0.014
vt 0.223 0.12
vt 0.213 0.12
vt 0.223 0.117
vt 0.213 0.12
vt 0.213 0.117
vt 0.223 0.117
vt 0.974 0.122
vt 0.975 0.122
vt 0.974 0.103
vt 0.975 0.122
vt 0.975 0.103
vt 0.974 0.103
vt 0.967 0.122
vt 0.968 0.122
vt 0.974 0.122
vt 0.968 0.122
vt 0.975 0.122
vt 0.974 0.122
vt 0.967 0.103
vt 0.968 0.103
vt 0.967 0.122
vt 0.968 0.103
vt 0.968 0.122
vt 0.967 0.122
vt 0.974 0.093
vt 0.975 0.093
vt 0.967 0.093
vt 0.975 0.093
vt 0.968 0.093
vt 0.967 0.093
vt 0.974 0.093
vt 0.974 0.014
vt 0.975 0.093
vt 0.974 0.014
vt 0.975 0.014
vt 0.975 0.093
vt 0.228 0.084
vt 0.223 0.117
vt 0.218 0.084
vt 0.223 0.117
vt 0.213 0.117
vt 0.218 0.084
vt 0.242 0.056
vt 0.228 0.084
vt 0.233 0.056
vt 0.228 0.084
vt 0.218 0.084
vt 0.233 0.056
vt 0.264 0.033
vt 0.242 0.056
vt 0.256 0.033
vt 0.242 0.056
vt 0.233 0.056
vt 0.256 0.033
vt 0.292 0.018
vt 0.264 0.033
vt 0.285 0.018
vt 0.264 0.033
vt 0.256 0.033
vt 0.285 0.018
vt 0.987 0.025
vt 0.988 0.025
vt 0.982 0.024
vt 0.988 0.025
vt 0.983 0.024
vt 0.982 0.024
vt 0.982 0.103
vt 0.974 0.103
vt 0.983 0.103
vt 0.974 0.103
vt 0.975 0.103
vt 0.983 0.103
vt 0.987 0.102
vt 0.982 0.103
vt 0.988 0.102
vt 0.982 0.103
vt 0.983 0.103
vt 0.988 0.102
vt 0.285 0.484
vt 0.256 0.47
vt 0.292 0.484
vt 0.256 0.47
vt 0.264 0.47
vt 0.292 0.484
vt 0.256 0.47
vt 0.233 0.447
vt 0.264 0.47
vt 0.233 0.447
vt 0.242 0.447
vt 0.264 0.47
vt 0.228 0.418
vt 0.242 0.447
vt 0.218 0.418
vt 0.242 0.447
vt 0.233 0.447
vt 0.218 0.418
vt 0.228 0.418
vt 0.218 0.418
vt 0.223 0.386
vt 0.218 0.418
vt 0.213 0.386
vt 0.223 0.386
vt 0.953 0.103
vt 0.957 0.103
vt 0.948 0.103
vt 0.938 0.103
vt 0.943 0.103
vt 0.948 0.103
vt 0.943 0.103
vt 0.953 0.103
vt 0.948 0.103
vt 0.957 0.103
vt 0.948 0.103
vt 0.957 0.103
vt 0.948 0.103
vt 0.948 0.103
vt 0.957 0.103
vt 0.967 0.093
vt 0.968 0.093
vt 0.967 0.103
vt 0.968 0.093
vt 0.968 0.103
vt 0.967 0.103
vt 0.966 0.093
vt 0.967 0.093
vt 0.966 0.103
vt 0.967 0.093
vt 0.967 0.103
vt 0.966 0.103
vt 0.963 0.093
vt 0.966 0.093
vt 0.963 0.103
vt 0.966 0.093
vt 0.966 0.103
vt 0.963 0.103
vt 0.96 0.093
vt 0.963 0.093
vt 0.96 0.103
vt 0.963 0.093
vt 0.963 0.103
vt 0.96 0.103
vt 0.942 0.093
vt 0.945 0.093
vt 0.942 0.103
vt 0.945 0.093
vt 0.945 0.103
vt 0.942 0.103
vt 0.94 0.093
vt 0.942 0.093
vt 0.94 0.103
vt 0.942 0.093
vt 0.942 0.103
vt 0.94 0.103
vt 0.938 0.093
vt 0.94 0.093
vt 0.938 0.103
vt 0.94 0.093
vt 0.94 0.103
vt 0.938 0.103
vt 0.938 0.093
vt 0.938 0.093
vt 0.938 0.103
vt 0.938 0.093
vt 0.938 0.103
vt 0.938 0.103
vt 0.962 0.103
vt 0.953 0.103
vt 0.962 0.093
vt 0.953 0.103
vt 0.953 0.093
vt 0.962 0.093
vt 0.957 0.103
vt 0.967 0.103
vt 0.957 0.093
vt 0.967 0.103
vt 0.967 0.093
vt 0.957 0.093
vt 0.949 0.093
vt 0.945 0.093
vt 0.949 0.103
vt 0.945 0.093
vt 0.945 0.103
vt 0.949 0.103
vt 0.953 0.093
vt 0.949 0.093
vt 0.953 0.103
vt 0.949 0.093
vt 0.949 0.103
vt 0.953 0.103
vt 0.957 0.093
vt 0.953 0.093
vt 0.957 0.103
vt 0.953 0.093
vt 0.953 0.103
vt 0.957 0.103
vt 0.96 0.093
vt 0.957 0.093
vt 0.96 0.103
vt 0.957 0.093
vt 0.957 0.103
vt 0.96 0.103
vt 0.938 0.103
vt 0.948 0.103
vt 0.938 0.093
vt 0.948 0.103
vt 0.948 0.093
vt 0.938 0.093
vt 0.957 0.103
vt 0.957 0.103
vt 0.957 0.093
vt 0.957 0.103
vt 0.957 0.093
vt 0.957 0.093
vt 0.953 0.103
vt 0.943 0.103
vt 0.953 0.093
vt 0.943 0.103
vt 0.943 0.093
vt 0.953 0.093
vt 0.948 0.103
vt 0.948 0.103
vt 0.948 0.093
vt 0.948 0.103
vt 0.948 0.093
vt 0.948 0.093
vt 0.957 0.103
vt 0.957 0.103
vt 0.948 0.103
vt 0.957 0.103
vt 0.949 0.103
vt 0.948 0.103
vt 0.953 0.103
vt 0.949 0.103
vt 0.957 0.103
vt 0.957 0.103
vt 0.957 0.103
vt 0.957 0.122
vt 0.957 0.103
vt 0.96 0.122
vt 0.957 0.122
vt 0.96 0.103
vt 0.96 0.122
vt 0.957 0.103
vt 0.945 0.122
vt 0.948 0.103
vt 0.949 0.122
vt 0.948 0.103
vt 0.949 0.103
vt 0.949 0.122
vt 0.945 0.103
vt 0.948 0.103
vt 0.945 0.122
vt 0.938 0.122
vt 0.938 0.103
vt 0.938 0.122
vt 0.938 0.103
vt 0.938 0.103
vt 0.938 0.122
vt 0.938 0.122
vt 0.938 0.103
vt 0.938 0.103
vt 0.942 0.122
vt 0.945 0.122
vt 0.942 0.103
vt 0.945 0.122
vt 0.943 0.103
vt 0.942 0.103
vt 0.945 0.122
vt 0.945 0.103
vt 0.943 0.103
vt 0.943 0.103
vt 0.938 0.103
vt 0.942 0.103
vt 0.938 0.103
vt 0.938 0.103
vt 0.942 0.103
vt 0.94 0.103
vt 0.942 0.103
vt 0.938 0.103
vt 0.945 0.093
vt 0.943 0.093
vt 0.945 0.103
vt 0.943 0.093
vt 0.943 0.103
vt 0.945 0.103
vt 0.938 0.103
vt 0.938 0.103
vt 0.938 0.093
vt 0.938 0.103
vt 0.938 0.093
vt 0.938 0.093
vt 0.96 0.103
vt 0.962 0.103
vt 0.96 0.093
vt 0.962 0.103
vt 0.962 0.093
vt 0.96 0.093
vt 0.968 0.093
vt 0.967 0.093
vt 0.968 0.103
vt 0.967 0.093
vt 0.967 0.103
vt 0.968 0.103
vt 0.96 0.103
vt 0.957 0.103
vt 0.96 0.093
vt 0.957 0.103
vt 0.957 0.093
vt 0.96 0.093
vt 0.948 0.093
vt 0.948 0.103
vt 0.945 0.093
vt 0.948 0.103
vt 0.945 0.103
vt 0.945 0.093
vt 0.937 0.093
vt 0.933 0.093
vt 0.943 0.093
vt 0.958 0.093
vt 0.964 0.093
vt 0.957 0.093
vt 0.964 0.093
vt 0.96 0.093
vt 0.957 0.093
vt 0.942 0.093
vt 0.947 0.093
vt 0.945 0.093
vt 0.947 0.093
vt 0.948 0.093
vt 0.945 0.093
vt 0.974 0.093
vt 0.972 0.093
vt 0.967 0.093
vt 0.972 0.093
vt 0.962 0.093
vt 0.967 0.093
vt 0.223 0.386
vt 0.213 0.386
vt 0.223 0.382
vt 0.213 0.386
vt 0.213 0.382
vt 0.223 0.382
vt 0.251 0.386
vt 0.223 0.386
vt 0.251 0.382
vt 0.223 0.386
vt 0.223 0.382
vt 0.251 0.382
vt 0.297 0.386
vt 0.251 0.386
vt 0.297 0.382
vt 0.251 0.386
vt 0.251 0.382
vt 0.297 0.382
vt 0.356 0.386
vt 0.297 0.386
vt 0.356 0.382
vt 0.297 0.386
vt 0.297 0.382
vt 0.356 0.382
vt 0.425 0.386
vt 0.356 0.386
vt 0.425 0.382
vt 0.356 0.386
vt 0.356 0.382
vt 0.425 0.382
vt 0.499 0.386
vt 0.425 0.386
vt 0.499 0.382
vt 0.425 0.386
vt 0.425 0.382
vt 0.499 0.382
vt 0.573 0.386
vt 0.499 0.386
vt 0.573 0.382
vt 0.499 0.386
vt 0.499 0.382
vt 0.573 0.382
vt 0.642 0.386
vt 0.573 0.386
vt 0.642 0.382
vt 0.573 0.386
vt 0.573 0.382
vt 0.642 0.382
vt 0.701 0.386
vt 0.642 0.386
vt 0.701 0.382
vt 0.642 0.386
vt 0.642 0.382
vt 0.701 0.382
vt 0.747 0.386
vt 0.701 0.386
vt 0.747 0.382
vt 0.701 0.386
vt 0.701 0.382
vt 0.747 0.382
vt 0.775 0.386
vt 0.747 0.386
vt 0.775 0.382
vt 0.747 0.386
vt 0.747 0.382
vt 0.775 0.382
vt 0.785 0.386
vt 0.775 0.386
vt 0.785 0.382
vt 0.775 0.386
vt 0.775 0.382
vt 0.785 0.382
vt 0.223 0.882
vt 0.213 0.882
vt 0.223 0.878
vt 0.213 0.882
vt 0.213 0.878
vt 0.223 0.878
vt 0.251 0.882
vt 0.223 0.882
vt 0.251 0.878
vt 0.223 0.882
vt 0.223 0.878
vt 0.251 0.878
vt 0.297 0.882
vt 0.251 0.882
vt 0.297 0.878
vt 0.251 0.882
vt 0.251 0.878
vt 0.297 0.878
vt 0.356 0.882
vt 0.297 0.882
vt 0.356 0.878
vt 0.297 0.882
vt 0.297 0.878
vt 0.356 0.878
vt 0.425 0.882
vt 0.356 0.882
vt 0.425 0.878
vt 0.356 0.882
vt 0.356 0.878
vt 0.425 0.878
vt 0.499 0.882
vt 0.425 0.882
vt 0.499 0.878
vt 0.425 0.882
vt 0.425 0.878
vt 0.499 0.878
vt 0.573 0.882
vt 0.499 0.882
vt 0.573 0.878
vt 0.499 0.882
vt 0.499 0.878
vt 0.573 0.878
vt 0.642 0.882
vt 0.573 0.882
vt 0.642 0.878
vt 0.573 0.882
vt 0.573 0.878
vt 0.642 0.878
vt 0.701 0.882
vt 0.642 0.882
vt 0.701 0.878
vt 0.642 0.882
vt 0.642 0.878
vt 0.701 0.878
vt 0.747 0.882
vt 0.701 0.882
vt 0.747 0.878
vt 0.701 0.882
vt 0.701 0.878
vt 0.747 0.878
vt 0.775 0.882
vt 0.747 0.882
vt 0.775 0.878
vt 0.747 0.882
vt 0.747 0.878
vt 0.775 0.878
vt 0.785 0.882
vt 0.775 0.882
vt 0.785 0.878
vt 0.775 0.882
vt 0.775 0.878
vt 0.785 0.878
vt 0.223 0.382
vt 0.213 0.382
vt 0.223 0.12
vt 0.213 0.382
vt 0.213 0.12
vt 0.223 0.12
vt 0.251 0.382
vt 0.223 0.382
vt 0.251 0.12
vt 0.223 0.382
vt 0.223 0.12
vt 0.251 0.12
vt 0.297 0.382
vt 0.251 0.382
vt 0.297 0.12
vt 0.251 0.382
vt 0.251 0.12
vt 0.297 0.12
vt 0.356 0.382
vt 0.297 0.382
vt 0.356 0.12
vt 0.297 0.382
vt 0.297 0.12
vt 0.356 0.12
vt 0.425 0.382
vt 0.356 0.382
vt 0.425 0.12
vt 0.356 0.382
vt 0.356 0.12
vt 0.425 0.12
vt 0.499 0.382
vt 0.425 0.382
vt 0.499 0.12
vt 0.425 0.382
vt 0.425 0.12
vt 0.499 0.12
vt 0.573 0.382
vt 0.499 0.382
vt 0.573 0.12
vt 0.499 0.382
vt 0.499 0.12
vt 0.573 0.12
vt 0.642 0.382
vt 0.573 0.382
vt 0.642 0.12
vt 0.573 0.382
vt 0.573 0.12
vt 0.642 0.12
vt 0.701 0.382
vt 0.642 0.382
vt 0.701 0.12
vt 0.642 0.382
vt 0.642 0.12
vt 0.701 0.12
vt 0.747 0.382
vt 0.701 0.382
vt 0.747 0.12
vt 0.701 0.382
vt 0.701 0.12
vt 0.747 0.12
vt 0.775 0.382
vt 0.747 0.382
vt 0.775 0.12
vt 0.747 0.382
vt 0.747 0.12
vt 0.775 0.12
vt 0.785 0.382
vt 0.775 0.382
vt 0.785 0.12
vt 0.775 0.382
vt 0.775 0.12
vt 0.785 0.12
vt 0.223 0.878
vt 0.213 0.878
vt 0.223 0.617
vt 0.213 0.878
vt 0.213 0.617
vt 0.223 0.617
vt 0.251 0.878
vt 0.223 0.878
vt 0.251 0.617
vt 0.223 0.878
vt 0.223 0.617
vt 0.251 0.617
vt 0.297 0.878
vt 0.251 0.878
vt 0.297 0.617
vt 0.251 0.878
vt 0.251 0.617
vt 0.297 0.617
vt 0.356 0.878
vt 0.297 0.878
vt 0.356 0.617
vt 0.297 0.878
vt 0.297 0.617
vt 0.356 0.617
vt 0.425 0.878
vt 0.356 0.878
vt 0.425 0.617
vt 0.356 0.878
vt 0.356 0.617
vt 0.425 0.617
vt 0.499 0.878
vt 0.425 0.878
vt 0.499 0.617
vt 0.425 0.878
vt 0.425 0.617
vt 0.499 0.617
vt 0.573 0.878
vt 0.499 0.878
vt 0.573 0.617
vt 0.499 0.878
vt 0.499 0.617
vt 0.573 0.617
vt 0.642 0.878
vt 0.573 0.878
vt 0.642 0.617
vt 0.573 0.878
vt 0.573 0.617
vt 0.642 0.617
vt 0.701 0.878
vt 0.642 0.878
vt 0.701 0.617
vt 0.642 0.878
vt 0.642 0.617
vt 0.701 0.617
vt 0.747 0.878
vt 0.701 0.878
vt 0.747 0.617
vt 0.701 0.878
vt 0.701 0.617
vt 0.747 0.617
vt 0.775 0.878
vt 0.747 0.878
vt 0.775 0.617
vt 0.747 0.878
vt 0.747 0.617
vt 0.775 0.617
vt 0.785 0.878
vt 0.775 0.878
vt 0.785 0.617
vt 0.775 0.878
vt 0.775 0.617
vt 0.785 0.617
usemtl MB_283_official_3200
s off
f 11464/14569 11470/14570 11466/14571
f 11470/14572 11468/14573 11466/14574
f 11383/14575 10938/14576 11370/14577
f 10938/14578 10951/14579 11370/14580
f 11383/14581 11382/14582 10938/14583
f 11382/14584 10939/14585 10938/14586
f 11382/14587 10937/14588 10939/14589
f 10937/14590 10940/14591 10939/14592
f 10937/14593 11381/14594 10940/14595
f 11381/14596 10941/14597 10940/14598
f 11381/14599 11380/14600 10941/14601
f 11380/14602 10942/14603 10941/14604
f 11380/14605 11371/14606 10942/14607
f 11371/14608 11482/14609 10942/14610
f 11379/14611 10943/14612 11368/14613
f 10943/14614 11480/14615 11368/14616
f 11379/14617 11378/14618 10943/14619
f 11378/14620 10944/14621 10943/14622
f 11378/14623 11377/14624 10944/14625
f 11377/14626 10945/14627 10944/14628
f 11377/14629 11376/14630 10945/14631
f 11376/14632 10946/14633 10945/14634
f 11376/14635 11369/14636 10946/14637
f 11369/14638 10952/14639 10946/14640
f 11375/14641 11366/14642 11490/14643
f 11366/14644 11476/14645 11490/14646
f 11619/14647 11623/14648 11673/14649
f 11384/14650 10935/14651 11385/14652
f 11664/14653 10948/14654 11372/14655
f 10948/14656 11484/14657 11372/14658
f 11663/14659 10949/14660 11662/14661
f 10949/14662 10950/14663 11662/14664
f 11463/14665 11440/14666 11369/14667
f 11440/14668 10952/14669 11369/14670
f 11661/14671 10953/14672 11367/14673
f 10953/14674 11478/14675 11367/14676
f 11660/14677 10954/14678 11659/14679
f 10954/14680 10955/14681 11659/14682
f 10954/14683 11479/14684 10955/14685
f 11479/14686 11477/14687 10955/14688
f 10953/14689 11481/14690 11478/14691
f 11481/14692 10957/14693 11478/14694
f 11440/14695 11452/14696 10952/14697
f 11452/14698 10959/14699 10952/14700
f 10949/14701 11485/14702 10950/14703
f 11485/14704 11483/14705 10950/14706
f 10948/14707 10963/14708 11484/14709
f 10963/14710 10962/14711 11484/14712
f 11691/14713 11690/14714 11486/14715
f 11690/14716 11487/14717 11486/14718
f 10964/14719 10983/14720 11681/14721
f 10983/14722 11505/14723 11681/14724
f 11490/14725 11476/14726 11491/14727
f 11476/14728 10956/14729 11491/14730
f 10946/14731 10952/14732 10965/14733
f 10952/14734 10959/14735 10965/14736
f 10945/14737 10946/14738 10966/14739
f 10946/14740 10965/14741 10966/14742
f 10944/14743 10945/14744 10967/14745
f 10945/14746 10966/14747 10967/14748
f 10943/14749 10944/14750 10968/14751
f 10944/14752 10967/14753 10968/14754
f 10943/14755 10968/14756 11480/14757
f 10968/14758 10958/14759 11480/14760
f 10942/14761 11482/14762 10969/14763
f 11482/14764 10961/14765 10969/14766
f 10941/14767 10942/14768 10970/14769
f 10942/14770 10969/14771 10970/14772
f 10940/14773 10941/14774 10971/14775
f 10941/14776 10970/14777 10971/14778
f 10939/14779 10940/14780 10972/14781
f 10940/14782 10971/14783 10972/14784
f 10938/14785 10939/14786 10973/14787
f 10939/14788 10972/14789 10973/14790
f 10938/14791 10973/14792 10951/14793
f 10973/14794 10960/14795 10951/14796
f 10973/14797 10974/14798 10960/14799
f 10974/14800 10987/14801 10960/14802
f 10973/14803 10972/14804 10974/14805
f 10972/14806 10975/14807 10974/14808
f 10972/14809 10971/14810 10975/14811
f 10971/14812 10976/14813 10975/14814
f 10971/14815 10970/14816 10976/14817
f 10970/14818 10977/14819 10976/14820
f 10970/14821 10969/14822 10977/14823
f 10969/14824 10978/14825 10977/14826
f 10969/14827 10961/14828 10978/14829
f 10961/14830 11492/14831 10978/14832
f 10968/14833 10979/14834 10958/14835
f 10979/14836 11493/14837 10958/14838
f 10968/14839 10967/14840 10979/14841
f 10967/14842 10980/14843 10979/14844
f 10967/14845 10966/14846 10980/14847
f 10966/14848 10981/14849 10980/14850
f 10966/14851 10965/14852 10981/14853
f 10965/14854 10982/14855 10981/14856
f 10965/14857 10959/14858 10982/14859
f 10959/14860 10988/14861 10982/14862
f 11491/14863 10956/14864 11495/14865
f 10956/14866 11494/14867 11495/14868
f 11617/14869 11489/14870 11677/14871
f 11489/14872 11671/14873 11677/14874
f 11690/14875 11686/14876 11487/14877
f 11686/14878 11496/14879 11487/14880
f 10963/14881 10984/14882 10962/14883
f 10984/14884 11497/14885 10962/14886
f 11485/14887 10985/14888 11483/14889
f 10985/14890 10986/14891 11483/14892
f 11452/14893 11441/14894 10959/14895
f 11441/14896 10988/14897 10959/14898
f 11481/14899 10989/14900 10957/14901
f 10989/14902 11498/14903 10957/14904
f 11479/14905 10990/14906 11477/14907
f 10990/14908 10991/14909 11477/14910
f 10990/14911 11500/14912 10991/14913
f 11500/14914 11499/14915 10991/14916
f 10989/14917 11501/14918 11498/14919
f 11501/14920 10993/14921 11498/14922
f 11441/14923 11453/14924 10988/14925
f 11453/14926 10995/14927 10988/14928
f 10985/14929 11503/14930 10986/14931
f 11503/14932 11502/14933 10986/14934
f 10984/14935 11504/14936 11497/14937
f 11504/14938 10998/14939 11497/14940
f 11470/14941 11464/14942 10935/14943
f 11464/14944 11385/14945 10935/14946
f 11096/14947 11671/14948 11538/14949
f 11671/14950 11076/14951 11538/14952
f 11495/14953 11494/14954 11001/14955
f 11494/14956 10992/14957 11001/14958
f 10982/14959 10988/14960 11002/14961
f 10988/14962 10995/14963 11002/14964
f 10981/14965 10982/14966 11003/14967
f 10982/14968 11002/14969 11003/14970
f 10980/14971 10981/14972 11004/14973
f 10981/14974 11003/14975 11004/14976
f 10979/14977 10980/14978 11005/14979
f 10980/14980 11004/14981 11005/14982
f 10979/14983 11005/14984 11493/14985
f 11005/14986 10994/14987 11493/14988
f 10978/14989 11492/14990 11006/14991
f 11492/14992 10997/14993 11006/14994
f 10977/14995 10978/14996 11007/14997
f 10978/14998 11006/14999 11007/15000
f 10976/15001 10977/15002 11008/15003
f 10977/15004 11007/15005 11008/15006
f 10975/15007 10976/15008 11009/15009
f 10976/15010 11008/15011 11009/15012
f 10974/15013 10975/15014 11010/15015
f 10975/15016 11009/15017 11010/15018
f 10974/15019 11010/15020 10987/15021
f 11010/15022 10996/15023 10987/15024
f 11010/15025 11011/15026 10996/15027
f 11011/15028 11025/15029 10996/15030
f 11010/15031 11009/15032 11011/15033
f 11009/15034 11012/15035 11011/15036
f 11009/15037 11008/15038 11012/15039
f 11008/15040 11013/15041 11012/15042
f 11008/15043 11007/15044 11013/15045
f 11007/15046 11014/15047 11013/15048
f 11007/15049 11006/15050 11014/15051
f 11006/15052 11015/15053 11014/15054
f 11006/15055 10997/15056 11015/15057
f 10997/15058 11506/15059 11015/15060
f 11005/15061 11016/15062 10994/15063
f 11016/15064 11507/15065 10994/15066
f 11005/15067 11004/15068 11016/15069
f 11004/15070 11017/15071 11016/15072
f 11004/15073 11003/15074 11017/15075
f 11003/15076 11018/15077 11017/15078
f 11003/15079 11002/15080 11018/15081
f 11002/15082 11019/15083 11018/15084
f 11002/15085 10995/15086 11019/15087
f 10995/15088 11026/15089 11019/15090
f 11001/15091 10992/15092 11509/15093
f 10992/15094 11508/15095 11509/15096
f 11505/15097 11020/15098 11000/15099
f 11020/15100 11511/15101 11000/15102
f 11386/15103 11387/15104 10999/15105
f 11387/15106 11512/15107 10999/15108
f 11504/15109 11022/15110 10998/15111
f 11022/15112 11513/15113 10998/15114
f 11503/15115 11023/15116 11502/15117
f 11023/15118 11024/15119 11502/15120
f 11453/15121 11442/15122 10995/15123
f 11442/15124 11026/15125 10995/15126
f 11501/15127 11027/15128 10993/15129
f 11027/15130 11514/15131 10993/15132
f 11500/15133 11028/15134 11499/15135
f 11028/15136 11029/15137 11499/15138
f 11028/15139 11516/15140 11029/15141
f 11516/15142 11515/15143 11029/15144
f 11027/15145 11517/15146 11514/15147
f 11517/15148 11031/15149 11514/15150
f 11442/15151 11454/15152 11026/15153
f 11454/15154 11033/15155 11026/15156
f 11023/15157 11519/15158 11024/15159
f 11519/15160 11518/15161 11024/15162
f 11022/15163 11520/15164 11513/15165
f 11520/15166 11036/15167 11513/15168
f 11387/15169 11388/15170 11512/15171
f 11388/15172 11037/15173 11512/15174
f 11020/15175 11522/15176 11511/15177
f 11522/15178 11038/15179 11511/15180
f 11509/15181 11508/15182 11039/15183
f 11508/15184 11030/15185 11039/15186
f 11019/15187 11026/15188 11040/15189
f 11026/15190 11033/15191 11040/15192
f 11018/15193 11019/15194 11041/15195
f 11019/15196 11040/15197 11041/15198
f 11017/15199 11018/15200 11042/15201
f 11018/15202 11041/15203 11042/15204
f 11016/15205 11017/15206 11043/15207
f 11017/15208 11042/15209 11043/15210
f 11016/15211 11043/15212 11507/15213
f 11043/15214 11032/15215 11507/15216
f 11015/15217 11506/15218 11044/15219
f 11506/15220 11035/15221 11044/15222
f 11014/15223 11015/15224 11045/15225
f 11015/15226 11044/15227 11045/15228
f 11013/15229 11014/15230 11046/15231
f 11014/15232 11045/15233 11046/15234
f 11012/15235 11013/15236 11047/15237
f 11013/15238 11046/15239 11047/15240
f 11011/15241 11012/15242 11048/15243
f 11012/15244 11047/15245 11048/15246
f 11011/15247 11048/15248 11025/15249
f 11048/15250 11034/15251 11025/15252
f 11048/15253 11049/15254 11034/15255
f 11049/15256 11063/15257 11034/15258
f 11048/15259 11047/15260 11049/15261
f 11047/15262 11050/15263 11049/15264
f 11047/15265 11046/15266 11050/15267
f 11046/15268 11051/15269 11050/15270
f 11046/15271 11045/15272 11051/15273
f 11045/15274 11052/15275 11051/15276
f 11045/15277 11044/15278 11052/15279
f 11044/15280 11053/15281 11052/15282
f 11044/15283 11035/15284 11053/15285
f 11035/15286 11523/15287 11053/15288
f 11043/15289 11054/15290 11032/15291
f 11054/15292 11524/15293 11032/15294
f 11043/15295 11042/15296 11054/15297
f 11042/15298 11055/15299 11054/15300
f 11042/15301 11041/15302 11055/15303
f 11041/15304 11056/15305 11055/15306
f 11041/15307 11040/15308 11056/15309
f 11040/15310 11057/15311 11056/15312
f 11040/15313 11033/15314 11057/15315
f 11033/15316 11064/15317 11057/15318
f 11039/15319 11030/15320 11526/15321
f 11030/15322 11525/15323 11526/15324
f 11522/15325 11058/15326 11038/15327
f 11058/15328 11527/15329 11038/15330
f 11388/15331 11389/15332 11037/15333
f 11389/15334 11528/15335 11037/15336
f 11520/15337 11060/15338 11036/15339
f 11060/15340 11529/15341 11036/15342
f 11519/15343 11061/15344 11518/15345
f 11061/15346 11062/15347 11518/15348
f 11454/15349 11443/15350 11033/15351
f 11443/15352 11064/15353 11033/15354
f 11517/15355 11065/15356 11031/15357
f 11065/15358 11530/15359 11031/15360
f 11516/15361 11066/15362 11515/15363
f 11066/15364 11067/15365 11515/15366
f 11066/15367 11532/15368 11067/15369
f 11532/15370 11531/15371 11067/15372
f 11065/15373 11533/15374 11530/15375
f 11533/15376 11069/15377 11530/15378
f 11443/15379 11455/15380 11064/15381
f 11455/15382 11071/15383 11064/15384
f 11061/15385 11535/15386 11062/15387
f 11535/15388 11534/15389 11062/15390
f 11060/15391 11536/15392 11529/15393
f 11536/15394 11074/15395 11529/15396
f 11389/15397 11390/15398 11528/15399
f 11390/15400 11075/15401 11528/15402
f 11058/15403 11538/15404 11527/15405
f 11538/15406 11076/15407 11527/15408
f 11526/15409 11525/15410 11077/15411
f 11525/15412 11068/15413 11077/15414
f 11057/15415 11064/15416 11078/15417
f 11064/15418 11071/15419 11078/15420
f 11056/15421 11057/15422 11079/15423
f 11057/15424 11078/15425 11079/15426
f 11055/15427 11056/15428 11080/15429
f 11056/15430 11079/15431 11080/15432
f 11054/15433 11055/15434 11081/15435
f 11055/15436 11080/15437 11081/15438
f 11054/15439 11081/15440 11524/15441
f 11081/15442 11070/15443 11524/15444
f 11053/15445 11523/15446 11082/15447
f 11523/15448 11073/15449 11082/15450
f 11052/15451 11053/15452 11083/15453
f 11053/15454 11082/15455 11083/15456
f 11051/15457 11052/15458 11084/15459
f 11052/15460 11083/15461 11084/15462
f 11050/15463 11051/15464 11085/15465
f 11051/15466 11084/15467 11085/15468
f 11049/15469 11050/15470 11086/15471
f 11050/15472 11085/15473 11086/15474
f 11049/15475 11086/15476 11063/15477
f 11086/15478 11072/15479 11063/15480
f 11086/15481 11087/15482 11072/15483
f 11087/15484 11100/15485 11072/15486
f 11086/15487 11085/15488 11087/15489
f 11085/15490 11088/15491 11087/15492
f 11085/15493 11084/15494 11088/15495
f 11084/15496 11089/15497 11088/15498
f 11084/15499 11083/15500 11089/15501
f 11083/15502 11090/15503 11089/15504
f 11083/15505 11082/15506 11090/15507
f 11082/15508 11091/15509 11090/15510
f 11082/15511 11073/15512 11091/15513
f 11073/15514 11539/15515 11091/15516
f 11081/15517 11092/15518 11070/15519
f 11092/15520 11540/15521 11070/15522
f 11081/15523 11080/15524 11092/15525
f 11080/15526 11093/15527 11092/15528
f 11080/15529 11079/15530 11093/15531
f 11079/15532 11094/15533 11093/15534
f 11079/15535 11078/15536 11094/15537
f 11078/15538 11095/15539 11094/15540
f 11078/15541 11071/15542 11095/15543
f 11071/15544 11101/15545 11095/15546
f 11077/15547 11068/15548 11542/15549
f 11068/15550 11541/15551 11542/15552
f 11671/15553 11556/15554 11677/15555
f 11556/15556 11560/15557 11677/15558
f 10999/15559 11465/15560 11386/15561
f 11536/15562 11543/15563 11074/15564
f 11543/15565 11544/15566 11074/15567
f 11535/15568 11098/15569 11534/15570
f 11098/15571 11099/15572 11534/15573
f 11455/15574 11444/15575 11071/15576
f 11444/15577 11101/15578 11071/15579
f 11533/15580 11102/15581 11069/15582
f 11102/15583 11545/15584 11069/15585
f 11532/15586 11103/15587 11531/15588
f 11103/15589 11104/15590 11531/15591
f 11103/15592 11547/15593 11104/15594
f 11547/15595 11546/15596 11104/15597
f 11102/15598 11548/15599 11545/15600
f 11548/15601 11106/15602 11545/15603
f 11444/15604 11456/15605 11101/15606
f 11456/15607 11108/15608 11101/15609
f 11098/15610 11550/15611 11099/15612
f 11550/15613 11549/15614 11099/15615
f 11543/15616 11551/15617 11544/15618
f 11551/15619 11111/15620 11544/15621
f 11689/15622 11688/15623 11097/15624
f 11688/15625 11112/15626 11097/15627
f 11666/15628 10947/15629 11374/15630
f 10947/15631 11679/15632 11374/15633
f 11542/15634 11541/15635 11113/15636
f 11541/15637 11105/15638 11113/15639
f 11095/15640 11101/15641 11114/15642
f 11101/15643 11108/15644 11114/15645
f 11094/15646 11095/15647 11115/15648
f 11095/15649 11114/15650 11115/15651
f 11093/15652 11094/15653 11116/15654
f 11094/15655 11115/15656 11116/15657
f 11092/15658 11093/15659 11117/15660
f 11093/15661 11116/15662 11117/15663
f 11092/15664 11117/15665 11540/15666
f 11117/15667 11107/15668 11540/15669
f 11091/15670 11539/15671 11118/15672
f 11539/15673 11110/15674 11118/15675
f 11090/15676 11091/15677 11119/15678
f 11091/15679 11118/15680 11119/15681
f 11089/15682 11090/15683 11120/15684
f 11090/15685 11119/15686 11120/15687
f 11088/15688 11089/15689 11121/15690
f 11089/15691 11120/15692 11121/15693
f 11087/15694 11088/15695 11122/15696
f 11088/15697 11121/15698 11122/15699
f 11087/15700 11122/15701 11100/15702
f 11122/15703 11109/15704 11100/15705
f 11122/15706 11123/15707 11109/15708
f 11123/15709 11136/15710 11109/15711
f 11122/15712 11121/15713 11123/15714
f 11121/15715 11124/15716 11123/15717
f 11121/15718 11120/15719 11124/15720
f 11120/15721 11125/15722 11124/15723
f 11120/15724 11119/15725 11125/15726
f 11119/15727 11126/15728 11125/15729
f 11119/15730 11118/15731 11126/15732
f 11118/15733 11127/15734 11126/15735
f 11118/15736 11110/15737 11127/15738
f 11110/15739 11557/15740 11127/15741
f 11117/15742 11128/15743 11107/15744
f 11128/15745 11558/15746 11107/15747
f 11117/15748 11116/15749 11128/15750
f 11116/15751 11129/15752 11128/15753
f 11116/15754 11115/15755 11129/15756
f 11115/15757 11130/15758 11129/15759
f 11115/15760 11114/15761 11130/15762
f 11114/15763 11131/15764 11130/15765
f 11114/15766 11108/15767 11131/15768
f 11108/15769 11137/15770 11131/15771
f 11113/15772 11105/15773 11132/15774
f 11105/15775 11559/15776 11132/15777
f 11619/15778 11673/15779 11607/15780
f 11673/15781 11554/15782 11607/15783
f 11688/15784 11687/15785 11112/15786
f 11687/15787 11561/15788 11112/15789
f 11551/15790 11133/15791 11111/15792
f 11133/15793 11562/15794 11111/15795
f 11550/15796 11134/15797 11549/15798
f 11134/15799 11135/15800 11549/15801
f 11456/15802 11445/15803 11108/15804
f 11445/15805 11137/15806 11108/15807
f 11548/15808 11138/15809 11106/15810
f 11138/15811 11563/15812 11106/15813
f 11547/15814 11139/15815 11546/15816
f 11139/15817 11140/15818 11546/15819
f 11139/15820 11565/15821 11140/15822
f 11565/15823 11564/15824 11140/15825
f 11138/15826 11566/15827 11563/15828
f 11566/15829 11142/15830 11563/15831
f 11445/15832 11457/15833 11137/15834
f 11457/15835 11144/15836 11137/15837
f 11134/15838 11568/15839 11135/15840
f 11568/15841 11567/15842 11135/15843
f 11133/15844 11569/15845 11562/15846
f 11569/15847 11147/15848 11562/15849
f 11496/15850 11686/15851 10999/15852
f 11686/15853 11465/15854 10999/15855
f 11560/15856 11570/15857 11677/15858
f 11570/15859 11149/15860 11677/15861
f 11132/15862 11559/15863 11150/15864
f 11559/15865 11141/15866 11150/15867
f 11131/15868 11137/15869 11151/15870
f 11137/15871 11144/15872 11151/15873
f 11130/15874 11131/15875 11152/15876
f 11131/15877 11151/15878 11152/15879
f 11129/15880 11130/15881 11153/15882
f 11130/15883 11152/15884 11153/15885
f 11128/15886 11129/15887 11154/15888
f 11129/15889 11153/15890 11154/15891
f 11128/15892 11154/15893 11558/15894
f 11154/15895 11143/15896 11558/15897
f 11127/15898 11557/15899 11155/15900
f 11557/15901 11146/15902 11155/15903
f 11126/15904 11127/15905 11156/15906
f 11127/15907 11155/15908 11156/15909
f 11125/15910 11126/15911 11157/15912
f 11126/15913 11156/15914 11157/15915
f 11124/15916 11125/15917 11158/15918
f 11125/15919 11157/15920 11158/15921
f 11123/15922 11124/15923 11159/15924
f 11124/15925 11158/15926 11159/15927
f 11123/15928 11159/15929 11136/15930
f 11159/15931 11145/15932 11136/15933
f 11159/15934 11160/15935 11145/15936
f 11160/15937 11174/15938 11145/15939
f 11159/15940 11158/15941 11160/15942
f 11158/15943 11161/15944 11160/15945
f 11158/15946 11157/15947 11161/15948
f 11157/15949 11162/15950 11161/15951
f 11157/15952 11156/15953 11162/15954
f 11156/15955 11163/15956 11162/15957
f 11156/15958 11155/15959 11163/15960
f 11155/15961 11164/15962 11163/15963
f 11155/15964 11146/15965 11164/15966
f 11146/15967 11571/15968 11164/15969
f 11154/15970 11165/15971 11143/15972
f 11165/15973 11572/15974 11143/15975
f 11154/15976 11153/15977 11165/15978
f 11153/15979 11166/15980 11165/15981
f 11153/15982 11152/15983 11166/15984
f 11152/15985 11167/15986 11166/15987
f 11152/15988 11151/15989 11167/15990
f 11151/15991 11168/15992 11167/15993
f 11151/15994 11144/15995 11168/15996
f 11144/15997 11175/15998 11168/15999
f 11150/16000 11141/16001 11574/16002
f 11141/16003 11573/16004 11574/16005
f 11570/16006 11169/16007 11149/16008
f 11169/16009 11576/16010 11149/16011
f 11394/16012 11395/16013 11148/16014
f 11395/16015 11577/16016 11148/16017
f 11569/16018 11171/16019 11147/16020
f 11171/16021 11578/16022 11147/16023
f 11568/16024 11172/16025 11567/16026
f 11172/16027 11173/16028 11567/16029
f 11457/16030 11446/16031 11144/16032
f 11446/16033 11175/16034 11144/16035
f 11566/16036 11176/16037 11142/16038
f 11176/16039 11579/16040 11142/16041
f 11565/16042 11177/16043 11564/16044
f 11177/16045 11178/16046 11564/16047
f 11177/16048 11581/16049 11178/16050
f 11581/16051 11580/16052 11178/16053
f 11176/16054 11582/16055 11579/16056
f 11582/16057 11180/16058 11579/16059
f 11446/16060 11458/16061 11175/16062
f 11458/16063 11182/16064 11175/16065
f 11172/16066 11584/16067 11173/16068
f 11584/16069 11583/16070 11173/16071
f 11171/16072 11585/16073 11578/16074
f 11585/16075 11185/16076 11578/16077
f 11395/16078 11396/16079 11577/16080
f 11396/16081 11186/16082 11577/16083
f 11169/16084 11587/16085 11576/16086
f 11587/16087 11187/16088 11576/16089
f 11574/16090 11573/16091 11188/16092
f 11573/16093 11179/16094 11188/16095
f 11168/16096 11175/16097 11189/16098
f 11175/16099 11182/16100 11189/16101
f 11167/16102 11168/16103 11190/16104
f 11168/16105 11189/16106 11190/16107
f 11166/16108 11167/16109 11191/16110
f 11167/16111 11190/16112 11191/16113
f 11165/16114 11166/16115 11192/16116
f 11166/16117 11191/16118 11192/16119
f 11165/16120 11192/16121 11572/16122
f 11192/16123 11181/16124 11572/16125
f 11164/16126 11571/16127 11193/16128
f 11571/16129 11184/16130 11193/16131
f 11163/16132 11164/16133 11194/16134
f 11164/16135 11193/16136 11194/16137
f 11162/16138 11163/16139 11195/16140
f 11163/16141 11194/16142 11195/16143
f 11161/16144 11162/16145 11196/16146
f 11162/16147 11195/16148 11196/16149
f 11160/16150 11161/16151 11197/16152
f 11161/16153 11196/16154 11197/16155
f 11160/16156 11197/16157 11174/16158
f 11197/16159 11183/16160 11174/16161
f 11197/16162 11198/16163 11183/16164
f 11198/16165 11212/16166 11183/16167
f 11197/16168 11196/16169 11198/16170
f 11196/16171 11199/16172 11198/16173
f 11196/16174 11195/16175 11199/16176
f 11195/16177 11200/16178 11199/16179
f 11195/16180 11194/16181 11200/16182
f 11194/16183 11201/16184 11200/16185
f 11194/16186 11193/16187 11201/16188
f 11193/16189 11202/16190 11201/16191
f 11193/16192 11184/16193 11202/16194
f 11184/16195 11588/16196 11202/16197
f 11192/16198 11203/16199 11181/16200
f 11203/16201 11589/16202 11181/16203
f 11192/16204 11191/16205 11203/16206
f 11191/16207 11204/16208 11203/16209
f 11191/16210 11190/16211 11204/16212
f 11190/16213 11205/16214 11204/16215
f 11190/16216 11189/16217 11205/16218
f 11189/16219 11206/16220 11205/16221
f 11189/16222 11182/16223 11206/16224
f 11182/16225 11213/16226 11206/16227
f 11188/16228 11179/16229 11591/16230
f 11179/16231 11590/16232 11591/16233
f 11587/16234 11207/16235 11187/16236
f 11207/16237 11592/16238 11187/16239
f 11396/16240 11397/16241 11186/16242
f 11397/16243 11593/16244 11186/16245
f 11585/16246 11209/16247 11185/16248
f 11209/16249 11594/16250 11185/16251
f 11584/16252 11210/16253 11583/16254
f 11210/16255 11211/16256 11583/16257
f 11458/16258 11447/16259 11182/16260
f 11447/16261 11213/16262 11182/16263
f 11582/16264 11214/16265 11180/16266
f 11214/16267 11595/16268 11180/16269
f 11581/16270 11215/16271 11580/16272
f 11215/16273 11216/16274 11580/16275
f 11215/16276 11597/16277 11216/16278
f 11597/16279 11596/16280 11216/16281
f 11214/16282 11598/16283 11595/16284
f 11598/16285 11218/16286 11595/16287
f 11447/16288 11459/16289 11213/16290
f 11459/16291 11220/16292 11213/16293
f 11210/16294 11600/16295 11211/16296
f 11600/16297 11599/16298 11211/16299
f 11209/16300 11601/16301 11594/16302
f 11601/16303 11223/16304 11594/16305
f 11397/16306 11398/16307 11593/16308
f 11398/16309 11224/16310 11593/16311
f 11207/16312 11603/16313 11592/16314
f 11603/16315 11225/16316 11592/16317
f 11591/16318 11590/16319 11226/16320
f 11590/16321 11217/16322 11226/16323
f 11206/16324 11213/16325 11227/16326
f 11213/16327 11220/16328 11227/16329
f 11205/16330 11206/16331 11228/16332
f 11206/16333 11227/16334 11228/16335
f 11204/16336 11205/16337 11229/16338
f 11205/16339 11228/16340 11229/16341
f 11203/16342 11204/16343 11230/16344
f 11204/16345 11229/16346 11230/16347
f 11203/16348 11230/16349 11589/16350
f 11230/16351 11219/16352 11589/16353
f 11202/16354 11588/16355 11231/16356
f 11588/16357 11222/16358 11231/16359
f 11201/16360 11202/16361 11232/16362
f 11202/16363 11231/16364 11232/16365
f 11200/16366 11201/16367 11233/16368
f 11201/16369 11232/16370 11233/16371
f 11199/16372 11200/16373 11234/16374
f 11200/16375 11233/16376 11234/16377
f 11198/16378 11199/16379 11235/16380
f 11199/16381 11234/16382 11235/16383
f 11198/16384 11235/16385 11212/16386
f 11235/16387 11221/16388 11212/16389
f 11235/16390 11236/16391 11221/16392
f 11236/16393 11249/16394 11221/16395
f 11235/16396 11234/16397 11236/16398
f 11234/16399 11237/16400 11236/16401
f 11234/16402 11233/16403 11237/16404
f 11233/16405 11238/16406 11237/16407
f 11233/16408 11232/16409 11238/16410
f 11232/16411 11239/16412 11238/16413
f 11232/16414 11231/16415 11239/16416
f 11231/16417 11240/16418 11239/16419
f 11231/16420 11222/16421 11240/16422
f 11222/16423 11604/16424 11240/16425
f 11230/16426 11241/16427 11219/16428
f 11241/16429 11605/16430 11219/16431
f 11230/16432 11229/16433 11241/16434
f 11229/16435 11242/16436 11241/16437
f 11229/16438 11228/16439 11242/16440
f 11228/16441 11243/16442 11242/16443
f 11228/16444 11227/16445 11243/16446
f 11227/16447 11244/16448 11243/16449
f 11227/16450 11220/16451 11244/16452
f 11220/16453 11250/16454 11244/16455
f 11226/16456 11217/16457 11245/16458
f 11217/16459 11606/16460 11245/16461
f 11505/16462 11000/16463 11681/16464
f 11373/16465 11406/16466 11471/16467
f 11601/16468 11608/16469 11223/16470
f 11608/16471 11609/16472 11223/16473
f 11600/16474 11247/16475 11599/16476
f 11247/16477 11248/16478 11599/16479
f 11459/16480 11448/16481 11220/16482
f 11448/16483 11250/16484 11220/16485
f 11598/16486 11251/16487 11218/16488
f 11251/16489 11610/16490 11218/16491
f 11597/16492 11252/16493 11596/16494
f 11252/16495 11253/16496 11596/16497
f 11252/16498 11612/16499 11253/16500
f 11612/16501 11611/16502 11253/16503
f 11251/16504 11613/16505 11610/16506
f 11613/16507 11255/16508 11610/16509
f 11448/16510 11460/16511 11250/16512
f 11460/16513 11257/16514 11250/16515
f 11247/16516 11615/16517 11248/16518
f 11615/16519 11614/16520 11248/16521
f 11608/16522 11616/16523 11609/16524
f 11616/16525 11260/16526 11609/16527
f 11685/16528 11684/16529 11246/16530
f 11684/16531 11261/16532 11246/16533
f 11681/16534 11489/16535 11679/16536
f 11489/16537 11675/16538 11679/16539
f 11245/16540 11606/16541 11262/16542
f 11606/16543 11254/16544 11262/16545
f 11244/16546 11250/16547 11263/16548
f 11250/16549 11257/16550 11263/16551
f 11243/16552 11244/16553 11264/16554
f 11244/16555 11263/16556 11264/16557
f 11242/16558 11243/16559 11265/16560
f 11243/16561 11264/16562 11265/16563
f 11241/16564 11242/16565 11266/16566
f 11242/16567 11265/16568 11266/16569
f 11241/16570 11266/16571 11605/16572
f 11266/16573 11256/16574 11605/16575
f 11240/16576 11604/16577 11267/16578
f 11604/16579 11259/16580 11267/16581
f 11239/16582 11240/16583 11268/16584
f 11240/16585 11267/16586 11268/16587
f 11238/16588 11239/16589 11269/16590
f 11239/16591 11268/16592 11269/16593
f 11237/16594 11238/16595 11270/16596
f 11238/16597 11269/16598 11270/16599
f 11236/16600 11237/16601 11271/16602
f 11237/16603 11270/16604 11271/16605
f 11236/16606 11271/16607 11249/16608
f 11271/16609 11258/16610 11249/16611
f 11271/16612 11272/16613 11258/16614
f 11272/16615 11285/16616 11258/16617
f 11271/16618 11270/16619 11272/16620
f 11270/16621 11273/16622 11272/16623
f 11270/16624 11269/16625 11273/16626
f 11269/16627 11274/16628 11273/16629
f 11269/16630 11268/16631 11274/16632
f 11268/16633 11275/16634 11274/16635
f 11268/16636 11267/16637 11275/16638
f 11267/16639 11276/16640 11275/16641
f 11267/16642 11259/16643 11276/16644
f 11259/16645 11620/16646 11276/16647
f 11266/16648 11277/16649 11256/16650
f 11277/16651 11621/16652 11256/16653
f 11266/16654 11265/16655 11277/16656
f 11265/16657 11278/16658 11277/16659
f 11265/16660 11264/16661 11278/16662
f 11264/16663 11279/16664 11278/16665
f 11264/16666 11263/16667 11279/16668
f 11263/16669 11280/16670 11279/16671
f 11263/16672 11257/16673 11280/16674
f 11257/16675 11286/16676 11280/16677
f 11262/16678 11254/16679 11281/16680
f 11254/16681 11622/16682 11281/16683
f 11673/16684 11675/16685 11554/16686
f 11675/16687 11617/16688 11554/16689
f 11684/16690 11683/16691 11261/16692
f 11683/16693 11624/16694 11261/16695
f 11616/16696 11282/16697 11260/16698
f 11282/16699 11625/16700 11260/16701
f 11615/16702 11283/16703 11614/16704
f 11283/16705 11284/16706 11614/16707
f 11460/16708 11449/16709 11257/16710
f 11449/16711 11286/16712 11257/16713
f 11613/16714 11287/16715 11255/16716
f 11287/16717 11626/16718 11255/16719
f 11612/16720 11288/16721 11611/16722
f 11288/16723 11289/16724 11611/16725
f 11288/16726 11628/16727 11289/16728
f 11628/16729 11627/16730 11289/16731
f 11287/16732 11629/16733 11626/16734
f 11629/16735 11291/16736 11626/16737
f 11449/16738 11461/16739 11286/16740
f 11461/16741 11293/16742 11286/16743
f 11283/16744 11631/16745 11284/16746
f 11631/16747 11630/16748 11284/16749
f 11282/16750 11632/16751 11625/16752
f 11632/16753 11296/16754 11625/16755
f 11486/16756 11373/16757 11691/16758
f 11373/16759 11471/16760 11691/16761
f 11489/16762 11617/16763 11675/16764
f 11281/16765 11622/16766 11299/16767
f 11622/16768 11290/16769 11299/16770
f 11280/16771 11286/16772 11300/16773
f 11286/16774 11293/16775 11300/16776
f 11279/16777 11280/16778 11301/16779
f 11280/16780 11300/16781 11301/16782
f 11278/16783 11279/16784 11302/16785
f 11279/16786 11301/16787 11302/16788
f 11277/16789 11278/16790 11303/16791
f 11278/16792 11302/16793 11303/16794
f 11277/16795 11303/16796 11621/16797
f 11303/16798 11292/16799 11621/16800
f 11276/16801 11620/16802 11304/16803
f 11620/16804 11295/16805 11304/16806
f 11275/16807 11276/16808 11305/16809
f 11276/16810 11304/16811 11305/16812
f 11274/16813 11275/16814 11306/16815
f 11275/16816 11305/16817 11306/16818
f 11273/16819 11274/16820 11307/16821
f 11274/16822 11306/16823 11307/16824
f 11272/16825 11273/16826 11308/16827
f 11273/16828 11307/16829 11308/16830
f 11272/16831 11308/16832 11285/16833
f 11308/16834 11294/16835 11285/16836
f 11308/16837 11309/16838 11294/16839
f 11309/16840 11323/16841 11294/16842
f 11308/16843 11307/16844 11309/16845
f 11307/16846 11310/16847 11309/16848
f 11307/16849 11306/16850 11310/16851
f 11306/16852 11311/16853 11310/16854
f 11306/16855 11305/16856 11311/16857
f 11305/16858 11312/16859 11311/16860
f 11305/16861 11304/16862 11312/16863
f 11304/16864 11313/16865 11312/16866
f 11304/16867 11295/16868 11313/16869
f 11295/16870 11634/16871 11313/16872
f 11303/16873 11314/16874 11292/16875
f 11314/16876 11635/16877 11292/16878
f 11303/16879 11302/16880 11314/16881
f 11302/16882 11315/16883 11314/16884
f 11302/16885 11301/16886 11315/16887
f 11301/16888 11316/16889 11315/16890
f 11301/16891 11300/16892 11316/16893
f 11300/16894 11317/16895 11316/16896
f 11300/16897 11293/16898 11317/16899
f 11293/16900 11324/16901 11317/16902
f 11299/16903 11290/16904 11637/16905
f 11290/16906 11636/16907 11637/16908
f 11633/16909 11318/16910 11298/16911
f 11318/16912 11639/16913 11298/16914
f 11402/16915 11403/16916 11297/16917
f 11403/16918 11640/16919 11297/16920
f 11632/16921 11320/16922 11296/16923
f 11320/16924 11641/16925 11296/16926
f 11631/16927 11321/16928 11630/16929
f 11321/16930 11322/16931 11630/16932
f 11461/16933 11450/16934 11293/16935
f 11450/16936 11324/16937 11293/16938
f 11629/16939 11325/16940 11291/16941
f 11325/16942 11642/16943 11291/16944
f 11628/16945 11326/16946 11627/16947
f 11326/16948 11327/16949 11627/16950
f 11326/16951 11644/16952 11327/16953
f 11644/16954 11643/16955 11327/16956
f 11325/16957 11645/16958 11642/16959
f 11645/16960 11329/16961 11642/16962
f 11450/16963 11462/16964 11324/16965
f 11462/16966 11331/16967 11324/16968
f 11321/16969 11647/16970 11322/16971
f 11647/16972 11646/16973 11322/16974
f 11320/16975 11648/16976 11641/16977
f 11648/16978 11334/16979 11641/16980
f 11403/16981 11404/16982 11640/16983
f 11404/16984 11335/16985 11640/16986
f 11318/16987 11650/16988 11639/16989
f 11650/16990 11336/16991 11639/16992
f 11637/16993 11636/16994 11337/16995
f 11636/16996 11328/16997 11337/16998
f 11317/16999 11324/17000 11338/17001
f 11324/17002 11331/17003 11338/17004
f 11316/17005 11317/17006 11339/17007
f 11317/17008 11338/17009 11339/17010
f 11315/17011 11316/17012 11340/17013
f 11316/17014 11339/17015 11340/17016
f 11314/17017 11315/17018 11341/17019
f 11315/17020 11340/17021 11341/17022
f 11314/17023 11341/17024 11635/17025
f 11341/17026 11330/17027 11635/17028
f 11313/17029 11634/17030 11342/17031
f 11634/17032 11333/17033 11342/17034
f 11312/17035 11313/17036 11343/17037
f 11313/17038 11342/17039 11343/17040
f 11311/17041 11312/17042 11344/17043
f 11312/17044 11343/17045 11344/17046
f 11310/17047 11311/17048 11345/17049
f 11311/17050 11344/17051 11345/17052
f 11309/17053 11310/17054 11346/17055
f 11310/17056 11345/17057 11346/17058
f 11309/17059 11346/17060 11323/17061
f 11346/17062 11332/17063 11323/17064
f 11346/17065 11347/17066 11332/17067
f 11347/17068 11361/17069 11332/17070
f 11346/17071 11345/17072 11347/17073
f 11345/17074 11348/17075 11347/17076
f 11345/17077 11344/17078 11348/17079
f 11344/17080 11349/17081 11348/17082
f 11344/17083 11343/17084 11349/17085
f 11343/17086 11350/17087 11349/17088
f 11343/17089 11342/17090 11350/17091
f 11342/17092 11351/17093 11350/17094
f 11342/17095 11333/17096 11351/17097
f 11333/17098 11651/17099 11351/17100
f 11341/17101 11352/17102 11330/17103
f 11352/17104 11652/17105 11330/17106
f 11341/17107 11340/17108 11352/17109
f 11340/17110 11353/17111 11352/17112
f 11340/17113 11339/17114 11353/17115
f 11339/17116 11354/17117 11353/17118
f 11339/17119 11338/17120 11354/17121
f 11338/17122 11355/17123 11354/17124
f 11338/17125 11331/17126 11355/17127
f 11331/17128 11362/17129 11355/17130
f 11337/17131 11328/17132 11654/17133
f 11328/17134 11653/17135 11654/17136
f 11650/17137 11356/17138 11336/17139
f 11356/17140 11655/17141 11336/17142
f 11404/17143 11405/17144 11335/17145
f 11405/17146 11656/17147 11335/17148
f 11648/17149 11358/17150 11334/17151
f 11358/17152 11657/17153 11334/17154
f 11647/17155 11359/17156 11646/17157
f 11359/17158 11360/17159 11646/17160
f 11462/17161 11451/17162 11331/17163
f 11451/17164 11362/17165 11331/17166
f 11645/17167 11363/17168 11329/17169
f 11363/17170 11658/17171 11329/17172
f 11644/17173 11364/17174 11643/17175
f 11364/17176 11365/17177 11643/17178
f 11364/17179 11660/17180 11365/17181
f 11660/17182 11659/17183 11365/17184
f 11363/17185 11661/17186 11658/17187
f 11661/17188 11367/17189 11658/17190
f 11451/17191 11463/17192 11362/17193
f 11463/17194 11369/17195 11362/17196
f 11359/17197 11663/17198 11360/17199
f 11663/17200 11662/17201 11360/17202
f 11358/17203 11664/17204 11657/17205
f 11664/17206 11372/17207 11657/17208
f 11405/17209 11406/17210 11656/17211
f 11406/17212 11373/17213 11656/17214
f 11356/17215 11666/17216 11655/17217
f 11666/17218 11374/17219 11655/17220
f 11654/17221 11653/17222 11375/17223
f 11653/17224 11366/17225 11375/17226
f 11355/17227 11362/17228 11376/17229
f 11362/17230 11369/17231 11376/17232
f 11354/17233 11355/17234 11377/17235
f 11355/17236 11376/17237 11377/17238
f 11353/17239 11354/17240 11378/17241
f 11354/17242 11377/17243 11378/17244
f 11352/17245 11353/17246 11379/17247
f 11353/17248 11378/17249 11379/17250
f 11352/17251 11379/17252 11652/17253
f 11379/17254 11368/17255 11652/17256
f 11351/17257 11651/17258 11380/17259
f 11651/17260 11371/17261 11380/17262
f 11350/17263 11351/17264 11381/17265
f 11351/17266 11380/17267 11381/17268
f 11381/17269 10937/17270 11350/17271
f 10937/17272 11349/17273 11350/17274
f 10937/17275 11382/17276 11349/17277
f 11382/17278 11348/17279 11349/17280
f 11347/17281 11348/17282 11383/17283
f 11348/17284 11382/17285 11383/17286
f 11347/17287 11383/17288 11361/17289
f 11383/17290 11370/17291 11361/17292
f 11466/17293 11468/17294 11474/17295
f 11472/17296 11669/17297 11474/17298
f 11669/17299 11466/17300 11474/17301
f 11667/17302 11552/17303 11468/17304
f 11552/17305 11474/17306 11468/17307
f 11357/17308 11665/17309 11405/17310
f 11665/17311 11406/17312 11405/17313
f 11649/17314 11357/17315 11404/17316
f 11357/17317 11405/17318 11404/17319
f 11319/17320 11649/17321 11403/17322
f 11649/17323 11404/17324 11403/17325
f 11638/17326 11319/17327 11402/17328
f 11319/17329 11403/17330 11402/17331
f 11208/17332 11602/17333 11397/17334
f 11602/17335 11398/17336 11397/17337
f 11586/17338 11208/17339 11396/17340
f 11208/17341 11397/17342 11396/17343
f 11170/17344 11586/17345 11395/17346
f 11586/17347 11396/17348 11395/17349
f 11575/17350 11170/17351 11394/17352
f 11170/17353 11395/17354 11394/17355
f 10927/17356 11467/17357 11682/17358
f 11467/17359 11488/17360 11682/17361
f 11469/17362 10930/17363 11676/17364
f 10930/17365 11680/17366 11676/17367
f 11059/17368 11537/17369 11389/17370
f 11537/17371 11390/17372 11389/17373
f 11521/17374 11059/17375 11388/17376
f 11059/17377 11389/17378 11388/17379
f 11021/17380 11521/17381 11387/17382
f 11521/17383 11388/17384 11387/17385
f 11510/17386 11021/17387 11386/17388
f 11021/17389 11387/17390 11386/17391
f 11473/17392 11475/17393 11678/17394
f 11475/17395 11618/17396 11678/17397
f 11668/17398 10929/17399 11674/17400
f 10929/17401 11409/17402 11674/17403
f 10928/17404 11670/17405 11408/17406
f 11670/17407 11672/17408 11408/17409
f 10932/17410 11553/17411 11412/17412
f 11553/17413 11555/17414 11412/17415
f 11667/17416 11401/17417 11552/17418
f 11401/17419 11399/17420 11552/17421
f 11400/17422 11399/17423 11401/17424
f 11683/17425 10934/17426 11624/17427
f 10934/17428 11297/17429 11624/17430
f 11402/17431 11297/17432 10934/17433
f 11224/17434 10936/17435 11246/17436
f 10936/17437 11685/17438 11246/17439
f 11398/17440 10936/17441 11224/17442
f 11561/17443 11687/17444 11148/17445
f 11687/17446 10931/17447 11148/17448
f 11148/17449 10931/17450 11394/17451
f 11097/17452 11075/17453 11689/17454
f 11075/17455 10933/17456 11689/17457
f 11075/17458 11390/17459 10933/17460
f 11669/17461 11472/17462 11391/17463
f 11472/17464 11393/17465 11391/17466
f 11392/17467 11391/17468 11393/17469
f 11537/17470 11413/17471 11390/17472
f 11413/17473 10933/17474 11390/17475
f 11394/17476 10931/17477 11575/17478
f 10931/17479 11411/17480 11575/17481
f 11386/17482 11465/17483 11510/17484
f 11465/17485 11407/17486 11510/17487
f 11665/17488 11410/17489 11406/17490
f 11410/17491 11471/17492 11406/17493
f 11402/17494 10934/17495 11638/17496
f 10934/17497 11414/17498 11638/17499
f 11415/17500 10936/17501 11602/17502
f 10936/17503 11398/17504 11602/17505
f 11096/17506 11556/17507 11671/17508
f 11623/17509 11633/17510 11673/17511
f 11633/17512 11298/17513 11673/17514
f 11603/17515 11607/17516 11225/17517
f 11607/17518 11554/17519 11225/17520
f 10947/17521 10964/17522 11679/17523
f 10964/17524 11681/17525 11679/17526
f 11361/17527 11370/17528 11438/17529
f 11370/17530 11439/17531 11438/17532
f 11332/17533 11361/17534 11437/17535
f 11361/17536 11438/17537 11437/17538
f 11323/17539 11332/17540 11436/17541
f 11332/17542 11437/17543 11436/17544
f 11294/17545 11323/17546 11435/17547
f 11323/17548 11436/17549 11435/17550
f 11285/17551 11294/17552 11434/17553
f 11294/17554 11435/17555 11434/17556
f 11258/17557 11285/17558 11433/17559
f 11285/17560 11434/17561 11433/17562
f 11249/17563 11258/17564 11432/17565
f 11258/17566 11433/17567 11432/17568
f 11221/17569 11249/17570 11431/17571
f 11249/17572 11432/17573 11431/17574
f 11212/17575 11221/17576 11430/17577
f 11221/17578 11431/17579 11430/17580
f 11183/17581 11212/17582 11429/17583
f 11212/17584 11430/17585 11429/17586
f 11174/17587 11183/17588 11428/17589
f 11183/17590 11429/17591 11428/17592
f 11145/17593 11174/17594 11427/17595
f 11174/17596 11428/17597 11427/17598
f 11136/17599 11145/17600 11426/17601
f 11145/17602 11427/17603 11426/17604
f 11109/17605 11136/17606 11425/17607
f 11136/17608 11426/17609 11425/17610
f 11100/17611 11109/17612 11424/17613
f 11109/17614 11425/17615 11424/17616
f 11072/17617 11100/17618 11423/17619
f 11100/17620 11424/17621 11423/17622
f 11063/17623 11072/17624 11422/17625
f 11072/17626 11423/17627 11422/17628
f 11034/17629 11063/17630 11421/17631
f 11063/17632 11422/17633 11421/17634
f 11025/17635 11034/17636 11420/17637
f 11034/17638 11421/17639 11420/17640
f 10996/17641 11025/17642 11419/17643
f 11025/17644 11420/17645 11419/17646
f 10987/17647 10996/17648 11418/17649
f 10996/17650 11419/17651 11418/17652
f 10960/17653 10987/17654 11417/17655
f 10987/17656 11418/17657 11417/17658
f 10951/17659 10960/17660 11416/17661
f 10960/17662 11417/17663 11416/17664
f 11370/17665 10951/17666 11439/17667
f 10951/17668 11416/17669 11439/17670
f 11438/17671 11439/17672 11451/17673
f 11439/17674 11463/17675 11451/17676
f 11437/17677 11438/17678 11462/17679
f 11438/17680 11451/17681 11462/17682
f 11436/17683 11437/17684 11450/17685
f 11437/17686 11462/17687 11450/17688
f 11435/17689 11436/17690 11461/17691
f 11436/17692 11450/17693 11461/17694
f 11434/17695 11435/17696 11449/17697
f 11435/17698 11461/17699 11449/17700
f 11433/17701 11434/17702 11460/17703
f 11434/17704 11449/17705 11460/17706
f 11432/17707 11433/17708 11448/17709
f 11433/17710 11460/17711 11448/17712
f 11431/17713 11432/17714 11459/17715
f 11432/17716 11448/17717 11459/17718
f 11430/17719 11431/17720 11447/17721
f 11431/17722 11459/17723 11447/17724
f 11429/17725 11430/17726 11458/17727
f 11430/17728 11447/17729 11458/17730
f 11428/17731 11429/17732 11446/17733
f 11429/17734 11458/17735 11446/17736
f 11427/17737 11428/17738 11457/17739
f 11428/17740 11446/17741 11457/17742
f 11426/17743 11427/17744 11445/17745
f 11427/17746 11457/17747 11445/17748
f 11425/17749 11426/17750 11456/17751
f 11426/17752 11445/17753 11456/17754
f 11424/17755 11425/17756 11444/17757
f 11425/17758 11456/17759 11444/17760
f 11423/17761 11424/17762 11455/17763
f 11424/17764 11444/17765 11455/17766
f 11422/17767 11423/17768 11443/17769
f 11423/17770 11455/17771 11443/17772
f 11421/17773 11422/17774 11454/17775
f 11422/17776 11443/17777 11454/17778
f 11420/17779 11421/17780 11442/17781
f 11421/17782 11454/17783 11442/17784
f 11419/17785 11420/17786 11453/17787
f 11420/17788 11442/17789 11453/17790
f 11418/17791 11419/17792 11441/17793
f 11419/17794 11453/17795 11441/17796
f 11417/17797 11418/17798 11452/17799
f 11418/17800 11441/17801 11452/17802
f 11416/17803 11417/17804 11440/17805
f 11417/17806 11452/17807 11440/17808
f 11439/17809 11416/17810 11463/17811
f 11416/17812 11440/17813 11463/17814
