# www.mecabricks.com
mtllib Indiana Jones.mtl
o Part.1
v 9.65 21.349 11.312
v 9.593 21.67 11.827
v 9.627 21.482 11.391
v 9.608 21.589 11.515
v 9.596 21.655 11.667
v 9.664 21.268 12.274
v 9.6 21.629 11.981
v 9.616 21.538 12.117
v 9.638 21.412 12.221
v 10.358 16.77 11.209
v 10.784 17.156 11.322
v 11.025 17.663 11.49
v 10.836 18.725 11.886
v 10.35 16.821 11.005
v 10.773 17.224 11.045
v 11.009 17.756 11.105
v 11.022 18.338 11.176
v 10.809 18.88 11.245
v 10.405 19.299 11.305
v 9.869 19.532 11.344
v 10.347 16.839 10.766
v 10.77 17.243 10.743
v 11.005 17.779 10.707
v 11.019 18.363 10.665
v 10.805 18.907 10.623
v 10.401 19.328 10.586
v 9.865 19.563 10.561
v 10.353 16.804 10.504
v 10.779 17.193 10.4
v 11.019 17.704 10.244
v 11.033 18.224 10.162
v 10.429 19.173 9.721
v 9.896 19.393 9.616
v 10.375 16.685 10.265
v 10.78 17.072 10.198
v 10.465 18.976 9.353
v 9.98 18.925 8.749
v 11.029 17.738 10.139
v 10.864 18.732 10.363
v 10.626 18.941 9.712
v 10.211 18.981 8.974
v 11.723 14.974 5.769
v 11.522 15.416 5.377
v 10.554 15.92 4.821
v 10.947 13.684 6.715
v 11.412 14.037 6.494
v 11.685 14.489 6.161
v 11.111 15.748 5.043
v 10.434 16.624 10.28
v 10.872 17.088 10.198
v 11.102 17.754 10.136
v 11.088 18.233 10.162
v 11.044 18.764 10.363
v 10.88 18.986 9.712
v 10.524 19.04 9.051
v 10.014 18.914 8.464
v 10.553 16.179 21.085
v 10.428 16.883 21.347
v 10.328 17.449 21.17
v 10.401 17.036 21.374
v 10.372 17.199 21.348
v 10.346 17.346 21.273
v 10.335 17.412 20.563
v 10.318 17.505 21.036
v 10.316 17.521 20.867
v 10.322 17.489 20.702
v 11.51 17.567 11.425
v 11.224 16.688 11.764
v 11.568 17.23 12.354
v 11.421 17.26 12.374
v 11.271 17.234 12.374
v 11.142 17.155 12.354
v 11.134 17.166 12.297
v 11.256 17.252 12.269
v 11.401 17.283 12.237
v 11.548 17.256 12.205
v 11.506 17.225 12.062
v 11.362 17.255 12.105
v 11.226 17.23 12.168
v 11.118 17.154 12.242
v 11.096 17.123 12.198
v 11.186 17.173 12.086
v 11.309 17.18 11.998
v 11.448 17.144 11.946
v 11.385 17.025 11.876
v 11.251 17.071 11.932
v 11.141 17.089 12.036
v 11.072 17.077 12.17
v 11.049 17.024 12.166
v 11.098 16.99 12.025
v 11.195 16.942 11.919
v 11.325 16.886 11.861
v 11.277 16.748 11.904
v 11.152 16.814 11.959
v 11.065 16.892 12.056
v 11.031 16.971 12.181
v 11.02 16.927 12.217
v 11.046 16.81 12.122
v 11.127 16.707 12.046
v 11.25 16.632 11.998
v 11.247 16.555 12.131
v 11.123 16.636 12.168
v 11.043 16.757 12.216
v 11.019 16.897 12.268
v 11.053 17.038 12.317
v 11.201 16.186 14.673
v 11.167 16.045 14.625
v 11.191 15.904 14.572
v 11.271 15.784 14.524
v 11.395 15.703 14.487
v 11.29 16.303 14.71
v 11.419 16.382 14.731
v 11.569 16.408 14.731
v 11.716 16.378 14.711
v 10.287 16.171 10.996
v 10.554 14.655 11.71
v 10.498 14.962 13.006
v 10.428 15.357 13.25
v 11.699 15.012 20.591
v 11.479 15.557 20.802
v 11.052 15.976 20.98
v 10.969 13.473 20.081
v 11.423 13.885 20.201
v 11.68 14.425 20.38
v 11.044 18.214 11.688
v 10.436 19.119 12.054
v 9.903 19.335 12.164
v 10.547 14.691 12.627
v 10.566 14.583 12.172
v 10.512 14.895 11.31
v 10.447 15.267 11.034
v 10.368 15.715 10.923
v 11.347 17.043 14.974
v 11.327 16.456 14.763
v 11.07 15.916 14.584
v 10.616 15.504 14.464
v 10.131 18.237 15.482
v 10.699 18.007 15.364
v 11.126 17.588 15.185
v 10.015 19.793 12.324
v 10.725 19.505 12.175
v 11.259 18.982 11.953
v 11.534 18.3 11.689
v 11.189 16.891 11.201
v 10.621 16.377 11.051
v 10.656 16.173 11.614
v 11.294 18.778 12.516
v 10.761 19.302 12.739
v 10.05 19.59 12.888
v 11.317 18.646 12.882
v 11.189 18.568 12.862
v 11.039 18.541 12.861
v 10.891 18.57 12.881
v 10.88 18.597 12.83
v 11.018 18.591 12.768
v 11.161 18.632 12.74
v 11.289 18.717 12.75
v 11.223 18.816 12.656
v 11.101 18.725 12.652
v 10.973 18.661 12.701
v 10.855 18.636 12.794
v 10.82 18.679 12.778
v 10.907 18.742 12.671
v 11.017 18.829 12.613
v 11.131 18.93 12.612
v 11.027 19.04 12.627
v 10.921 18.932 12.626
v 10.834 18.819 12.681
v 10.78 18.721 12.783
v 10.741 18.755 12.811
v 10.763 18.883 12.731
v 10.828 19.014 12.691
v 10.927 19.13 12.697
v 10.845 19.186 12.813
v 10.752 19.066 12.798
v 10.705 18.922 12.813
v 10.71 18.777 12.855
v 10.691 18.782 12.909
v 10.669 18.933 12.914
v 10.706 19.079 12.93
v 10.795 19.2 12.955
v 10.784 19.169 13.105
v 10.695 19.051 13.068
v 10.661 18.91 13.019
v 10.687 18.77 12.967
v 10.767 18.651 12.918
v 10.915 17.799 15.275
v 10.835 17.918 15.323
v 10.809 18.058 15.375
v 10.843 18.199 15.424
v 10.932 18.317 15.461
v 11.039 17.718 15.238
v 11.187 17.689 15.218
v 11.337 17.716 15.218
v 11.465 17.794 15.238
v 10.221 18.605 15.61
v 11.741 17.112 14.975
v 10.827 15.189 14.337
v 11.592 17.964 12.618
v 10.073 19.457 13.254
v 11.545 17.362 11.988
v 11.569 18.097 12.252
v 10.679 16.041 11.98
v 10.415 15.433 13.278
v 10.332 15.911 11.955
v 10.309 16.043 11.589
v 10.273 16.247 11.026
v 10.465 16.687 19.681
v 9.865 19.56 10.651
v 9.976 19.512 10.627
v 9.981 19.484 11.336
v 10.014 19.289 12.141
v 9.924 19.795 12.33
v 9.938 19.716 12.548
v 8.319 21.114 11.31
v 8.262 21.434 11.825
v 8.296 21.246 11.39
v 8.276 21.354 11.514
v 8.265 21.42 11.665
v 8.332 21.032 12.273
v 8.269 21.393 11.979
v 8.285 21.303 12.116
v 8.307 21.176 12.22
v 8.928 21.552 11.826
v 8.985 21.231 11.311
v 8.93 21.537 11.666
v 8.942 21.471 11.515
v 8.961 21.364 11.39
v 8.998 21.15 12.274
v 8.973 21.294 12.221
v 8.95 21.421 12.117
v 8.935 21.511 11.98
v 9.226 16.57 11.208
v 8.693 16.786 11.32
v 8.293 17.18 11.486
v 8.105 18.242 11.883
v 9.318 19.34 12.204
v 9.803 16.609 10.99
v 9.217 16.621 11.003
v 8.681 16.854 11.043
v 8.277 17.273 11.101
v 8.064 17.815 11.172
v 8.078 18.397 11.242
v 8.314 18.929 11.303
v 8.737 19.332 11.343
v 9.283 19.544 11.357
v 9.8 16.627 10.774
v 9.214 16.639 10.765
v 8.678 16.873 10.741
v 8.274 17.295 10.704
v 8.061 17.839 10.661
v 8.074 18.424 10.619
v 8.309 18.958 10.584
v 8.732 19.363 10.56
v 9.279 19.576 10.552
v 9.806 16.597 10.539
v 9.221 16.603 10.503
v 8.688 16.823 10.397
v 8.287 17.22 10.241
v 8.096 17.704 10.159
v 8.338 18.803 9.719
v 8.764 19.192 9.615
v 9.311 19.399 9.579
v 9.828 16.474 10.29
v 9.242 16.484 10.263
v 8.728 16.708 10.196
v 8.373 18.606 9.351
v 8.848 18.725 8.747
v 9.417 18.809 8.485
v 8.266 17.249 10.136
v 8.079 18.239 10.36
v 8.233 18.518 9.709
v 8.61 18.697 8.972
v 8.572 14.417 5.766
v 8.611 14.901 5.374
v 9.349 15.707 4.82
v 9.935 15.906 4.742
v 10.361 13.486 6.793
v 9.742 13.47 6.713
v 9.185 13.643 6.491
v 8.774 13.974 6.158
v 8.884 15.353 5.041
v 10.148 14.696 5.768
v 9.424 18.77 8.229
v 9.848 16.359 10.316
v 9.207 16.406 10.279
v 8.637 16.692 10.196
v 8.192 17.239 10.133
v 8.041 17.694 10.158
v 7.899 18.208 10.359
v 7.979 18.473 9.709
v 8.297 18.645 9.048
v 8.82 18.702 8.463
v 9.224 15.944 21.083
v 9.862 16.212 21.14
v 9.779 16.688 19.824
v 9.099 16.648 21.346
v 8.999 17.213 21.169
v 9.072 16.801 21.372
v 9.043 16.964 21.346
v 9.017 17.11 21.271
v 9.006 17.177 20.562
v 8.989 17.269 21.034
v 8.986 17.286 20.866
v 8.992 17.254 20.7
v 9.671 17.295 20.563
v 9.664 17.331 21.17
v 9.657 17.371 20.701
v 9.651 17.404 20.867
v 9.654 17.387 21.035
v 9.763 16.766 21.347
v 9.682 17.228 21.272
v 9.708 17.081 21.347
v 9.736 16.919 21.373
v 7.87 16.923 11.421
v 8.44 16.195 11.761
v 7.929 16.586 12.35
v 8.057 16.665 12.371
v 8.207 16.691 12.371
v 8.355 16.662 12.351
v 8.359 16.675 12.293
v 8.215 16.714 12.265
v 8.069 16.693 12.233
v 7.94 16.617 12.201
v 7.99 16.603 12.058
v 8.115 16.68 12.101
v 8.251 16.703 12.165
v 8.378 16.669 12.239
v 8.41 16.648 12.195
v 8.308 16.664 12.083
v 8.19 16.628 11.994
v 8.072 16.547 11.942
v 8.173 16.457 11.873
v 8.283 16.546 11.929
v 8.38 16.6 12.033
v 8.448 16.613 12.167
v 8.488 16.571 12.163
v 8.454 16.522 12.022
v 8.379 16.444 11.916
v 8.277 16.347 11.857
v 8.369 16.233 11.901
v 8.464 16.339 11.955
v 8.518 16.442 12.053
v 8.524 16.527 12.178
v 8.548 16.49 12.215
v 8.564 16.371 12.12
v 8.524 16.246 12.043
v 8.434 16.134 11.995
v 8.463 16.063 12.127
v 8.551 16.181 12.165
v 8.585 16.322 12.213
v 8.559 16.462 12.266
v 8.479 16.582 12.314
v 8.627 15.73 14.67
v 8.707 15.61 14.622
v 8.733 15.47 14.57
v 8.699 15.329 14.521
v 8.611 15.21 14.484
v 8.503 15.81 14.707
v 8.355 15.839 14.727
v 8.205 15.813 14.727
v 8.077 15.734 14.706
v 9.811 16.565 11.17
v 9.499 16.032 10.996
v 9.767 14.516 11.709
v 9.711 14.823 13.005
v 9.641 15.217 13.249
v 8.548 14.454 20.587
v 8.568 15.042 20.799
v 8.825 15.582 20.978
v 10.386 13.254 20.038
v 9.764 13.26 20.079
v 9.196 13.49 20.198
v 8.769 13.91 20.376
v 8.086 17.69 11.685
v 8.345 18.749 12.051
v 8.771 19.134 12.163
v 9.759 14.552 12.627
v 9.779 14.444 12.171
v 9.725 14.755 11.309
v 9.659 15.128 11.033
v 9.58 15.576 10.922
v 8.196 16.485 14.971
v 8.416 15.941 14.76
v 8.843 15.521 14.581
v 9.411 15.291 14.462
v 10.033 15.285 14.421
v 9.509 18.243 15.524
v 8.926 18.023 15.481
v 8.472 17.613 15.361
v 8.215 17.073 15.182
v 10.124 14.733 20.589
v 9.237 19.801 12.376
v 8.508 19.527 12.322
v 7.94 19.013 12.172
v 7.619 18.338 11.948
v 7.595 17.603 11.684
v 8.404 16.399 11.198
v 9.114 16.11 11.049
v 9.893 16.103 10.998
v 9.15 15.907 11.612
v 7.655 18.134 12.512
v 7.976 18.809 12.735
v 8.544 19.323 12.886
v 9.272 19.597 12.939
v 7.678 18.002 12.878
v 7.825 17.973 12.858
v 7.975 17.998 12.858
v 8.104 18.076 12.878
v 8.105 18.106 12.827
v 7.978 18.053 12.765
v 7.829 18.043 12.736
v 7.681 18.079 12.746
v 7.708 18.194 12.652
v 7.854 18.15 12.649
v 7.997 18.134 12.698
v 8.116 18.151 12.791
v 8.134 18.203 12.775
v 8.03 18.233 12.668
v 7.897 18.277 12.609
v 7.756 18.333 12.608
v 7.815 18.472 12.624
v 7.953 18.407 12.622
v 8.073 18.33 12.678
v 8.157 18.256 12.78
v 8.181 18.302 12.808
v 8.118 18.415 12.728
v 8.012 18.516 12.688
v 7.878 18.591 12.694
v 7.936 18.671 12.81
v 8.064 18.59 12.795
v 8.158 18.472 12.81
v 8.203 18.333 12.852
v 8.219 18.345 12.906
v 8.188 18.493 12.911
v 8.103 18.618 12.927
v 7.978 18.702 12.952
v 7.999 18.677 13.102
v 8.123 18.596 13.065
v 8.203 18.475 13.016
v 8.227 18.335 12.964
v 8.193 18.195 12.915
v 8.341 17.343 15.272
v 8.375 17.483 15.32
v 8.351 17.623 15.372
v 8.271 17.744 15.421
v 8.147 17.825 15.458
v 8.252 17.224 15.234
v 8.123 17.146 15.214
v 7.973 17.121 15.214
v 7.826 17.15 15.234
v 9.443 18.613 15.661
v 8.715 18.339 15.608
v 7.802 16.415 14.97
v 9.321 14.922 14.335
v 10.099 14.915 14.283
v 7.654 17.267 12.614
v 10.118 14.825 11.31
v 10.153 14.621 12.627
v 10.173 14.514 12.171
v 10.053 15.198 11.034
v 9.974 15.646 10.923
v 10.034 15.287 13.249
v 10.16 14.585 11.709
v 10.105 14.893 13.005
v 9.295 19.465 13.305
v 8.567 19.191 13.252
v 7.906 16.718 11.984
v 7.631 17.4 12.248
v 9.173 15.774 11.978
v 9.627 15.293 13.277
v 9.544 15.771 11.954
v 9.521 15.904 11.588
v 9.486 16.108 11.025
v 9.135 16.451 19.679
v 9.28 19.569 10.692
v 8.733 19.359 10.65
v 8.645 19.276 10.625
v 8.649 19.248 11.334
v 8.683 19.054 12.139
v 8.593 19.559 12.329
v 8.607 19.48 12.547
v 9.246 19.748 12.521
v 9.6 21.629 11.981
v 9.593 21.67 11.827
v 9.596 21.655 11.667
v 9.608 21.589 11.515
v 9.627 21.482 11.391
v 9.65 21.349 11.312
v 9.664 21.268 12.274
v 9.638 21.412 12.221
v 9.616 21.538 12.117
v 9.976 19.512 10.627
v 10.358 16.77 11.209
v 10.784 17.156 11.322
v 11.025 17.663 11.49
v 11.033 18.224 10.162
v 10.864 18.732 10.363
v 10.864 18.732 10.363
v 9.98 18.925 8.749
v 9.417 18.809 8.485
v 10.375 16.685 10.265
v 10.78 17.072 10.198
v 11.029 17.738 10.139
v 9.828 16.474 10.29
v 10.465 18.976 9.353
v 10.211 18.981 8.974
v 10.626 18.941 9.712
v 11.412 14.037 6.494
v 11.685 14.489 6.161
v 11.723 14.974 5.769
v 10.361 13.486 6.793
v 10.947 13.684 6.715
v 10.554 15.92 4.821
v 9.935 15.906 4.742
v 11.522 15.416 5.377
v 11.111 15.748 5.043
v 9.848 16.359 10.316
v 10.434 16.624 10.28
v 9.424 18.77 8.229
v 10.014 18.914 8.464
v 10.872 17.088 10.198
v 11.102 17.754 10.136
v 11.088 18.233 10.162
v 11.044 18.764 10.363
v 11.044 18.764 10.363
v 10.88 18.986 9.712
v 10.524 19.04 9.051
v 10.318 17.505 21.036
v 10.328 17.449 21.17
v 10.401 17.036 21.374
v 10.428 16.883 21.347
v 10.372 17.199 21.348
v 10.346 17.346 21.273
v 10.335 17.412 20.563
v 10.322 17.489 20.702
v 10.316 17.521 20.867
v 10.553 16.179 21.085
v 10.553 16.179 21.085
v 11.568 17.23 12.354
v 11.548 17.256 12.205
v 11.506 17.225 12.062
v 11.448 17.144 11.946
v 11.385 17.025 11.876
v 11.325 16.886 11.861
v 11.277 16.748 11.904
v 11.25 16.632 11.998
v 11.247 16.555 12.131
v 11.201 16.186 14.673
v 11.167 16.045 14.625
v 11.29 16.303 14.71
v 11.191 15.904 14.572
v 11.271 15.784 14.524
v 11.395 15.703 14.487
v 11.395 15.703 14.487
v 11.419 16.382 14.731
v 11.569 16.408 14.731
v 11.716 16.378 14.711
v 11.716 16.378 14.711
v 10.512 14.895 11.31
v 10.447 15.267 11.034
v 11.699 15.012 20.591
v 11.68 14.425 20.38
v 10.616 15.504 14.464
v 10.033 15.285 14.421
v 10.969 13.473 20.081
v 11.423 13.885 20.201
v 11.347 17.043 14.974
v 11.327 16.456 14.763
v 10.465 16.687 19.681
v 10.465 16.687 19.681
v 9.509 18.243 15.524
v 10.131 18.237 15.482
v 10.436 19.119 12.054
v 9.903 19.335 12.164
v 10.699 18.007 15.364
v 11.126 17.588 15.185
v 11.07 15.916 14.584
v 10.498 14.962 13.006
v 10.428 15.357 13.25
v 11.479 15.557 20.802
v 10.368 15.715 10.923
v 10.547 14.691 12.627
v 10.566 14.583 12.172
v 11.052 15.976 20.98
v 10.386 13.254 20.038
v 10.287 16.171 10.996
v 10.554 14.655 11.71
v 9.237 19.801 12.376
v 10.015 19.793 12.324
v 10.725 19.505 12.175
v 11.259 18.982 11.953
v 11.534 18.3 11.689
v 11.189 16.891 11.201
v 10.621 16.377 11.051
v 11.317 18.646 12.882
v 11.289 18.717 12.75
v 11.223 18.816 12.656
v 11.131 18.93 12.612
v 11.027 19.04 12.627
v 10.927 19.13 12.697
v 10.845 19.186 12.813
v 10.795 19.2 12.955
v 10.784 19.169 13.105
v 10.915 17.799 15.275
v 10.835 17.918 15.323
v 11.039 17.718 15.238
v 10.809 18.058 15.375
v 10.843 18.199 15.424
v 10.932 18.317 15.461
v 10.932 18.317 15.461
v 11.187 17.689 15.218
v 11.337 17.716 15.218
v 11.465 17.794 15.238
v 11.465 17.794 15.238
v 9.443 18.613 15.661
v 10.221 18.605 15.61
v 10.827 15.189 14.337
v 10.099 14.915 14.283
v 11.51 17.567 11.425
v 11.741 17.112 14.975
v 10.273 16.247 11.026
v 10.273 16.247 11.026
v 10.415 15.433 13.278
v 10.415 15.433 13.278
v 10.332 15.911 11.955
v 10.309 16.043 11.589
v 10.034 15.287 13.249
v 9.779 16.688 19.824
v 11.044 18.214 11.688
v 10.836 18.725 11.886
v 9.318 19.34 12.204
v 9.811 16.565 11.17
v 9.938 19.716 12.548
v 8.269 21.393 11.979
v 8.262 21.434 11.825
v 8.265 21.42 11.665
v 8.276 21.354 11.514
v 8.296 21.246 11.39
v 8.319 21.114 11.31
v 8.332 21.032 12.273
v 8.307 21.176 12.22
v 8.285 21.303 12.116
v 8.645 19.276 10.625
v 9.226 16.57 11.208
v 8.693 16.786 11.32
v 8.293 17.18 11.486
v 8.096 17.704 10.159
v 8.079 18.239 10.36
v 8.079 18.239 10.36
v 8.848 18.725 8.747
v 9.242 16.484 10.263
v 8.728 16.708 10.196
v 8.266 17.249 10.136
v 8.373 18.606 9.351
v 8.61 18.697 8.972
v 8.233 18.518 9.709
v 9.185 13.643 6.491
v 8.774 13.974 6.158
v 8.572 14.417 5.766
v 9.742 13.47 6.713
v 9.349 15.707 4.82
v 8.611 14.901 5.374
v 8.884 15.353 5.041
v 9.207 16.406 10.279
v 8.82 18.702 8.463
v 8.637 16.692 10.196
v 8.192 17.239 10.133
v 8.041 17.694 10.158
v 7.899 18.208 10.359
v 7.899 18.208 10.359
v 7.979 18.473 9.709
v 8.297 18.645 9.048
v 8.989 17.269 21.034
v 8.999 17.213 21.169
v 9.072 16.801 21.372
v 9.099 16.648 21.346
v 9.043 16.964 21.346
v 9.017 17.11 21.271
v 9.006 17.177 20.562
v 8.992 17.254 20.7
v 8.986 17.286 20.866
v 9.224 15.944 21.083
v 9.224 15.944 21.083
v 7.929 16.586 12.35
v 7.94 16.617 12.201
v 7.99 16.603 12.058
v 8.072 16.547 11.942
v 8.173 16.457 11.873
v 8.277 16.347 11.857
v 8.369 16.233 11.901
v 8.434 16.134 11.995
v 8.463 16.063 12.127
v 8.627 15.73 14.67
v 8.707 15.61 14.622
v 8.503 15.81 14.707
v 8.733 15.47 14.57
v 8.699 15.329 14.521
v 8.611 15.21 14.484
v 8.611 15.21 14.484
v 8.355 15.839 14.727
v 8.205 15.813 14.727
v 8.077 15.734 14.706
v 8.077 15.734 14.706
v 9.725 14.755 11.309
v 9.659 15.128 11.033
v 8.548 14.454 20.587
v 8.769 13.91 20.376
v 9.411 15.291 14.462
v 9.764 13.26 20.079
v 9.196 13.49 20.198
v 8.196 16.485 14.971
v 8.416 15.941 14.76
v 9.135 16.451 19.679
v 9.135 16.451 19.679
v 8.926 18.023 15.481
v 8.345 18.749 12.051
v 8.771 19.134 12.163
v 8.472 17.613 15.361
v 8.215 17.073 15.182
v 8.843 15.521 14.581
v 9.711 14.823 13.005
v 9.641 15.217 13.249
v 8.568 15.042 20.799
v 9.58 15.576 10.922
v 9.759 14.552 12.627
v 9.779 14.444 12.171
v 8.825 15.582 20.978
v 9.499 16.032 10.996
v 9.767 14.516 11.709
v 8.508 19.527 12.322
v 7.94 19.013 12.172
v 7.619 18.338 11.948
v 7.595 17.603 11.684
v 8.404 16.399 11.198
v 9.114 16.11 11.049
v 7.678 18.002 12.878
v 7.681 18.079 12.746
v 7.708 18.194 12.652
v 7.756 18.333 12.608
v 7.815 18.472 12.624
v 7.878 18.591 12.694
v 7.936 18.671 12.81
v 7.978 18.702 12.952
v 7.999 18.677 13.102
v 8.341 17.343 15.272
v 8.375 17.483 15.32
v 8.252 17.224 15.234
v 8.351 17.623 15.372
v 8.271 17.744 15.421
v 8.147 17.825 15.458
v 8.147 17.825 15.458
v 8.123 17.146 15.214
v 7.973 17.121 15.214
v 7.826 17.15 15.234
v 7.826 17.15 15.234
v 8.715 18.339 15.608
v 9.321 14.922 14.335
v 7.87 16.923 11.421
v 7.802 16.415 14.97
v 9.486 16.108 11.025
v 9.486 16.108 11.025
v 9.627 15.293 13.277
v 9.627 15.293 13.277
v 9.544 15.771 11.954
v 9.521 15.904 11.588
v 8.086 17.69 11.685
v 8.105 18.242 11.883
v 8.607 19.48 12.547
usemtl MB_315
s off
f 483 214 229
f 214 490 229
f 224 485 226
f 485 486 226
f 226 486 227
f 486 487 227
f 227 487 228
f 487 488 228
f 1 225 488
f 225 228 488
f 229 490 230
f 490 491 230
f 230 491 231
f 491 492 231
f 231 492 232
f 492 484 232
f 232 484 224
f 484 485 224
f 1 209 225
f 209 476 225
f 3 9 489
f 9 6 489
f 4 8 3
f 8 9 3
f 5 7 4
f 7 8 4
f 7 5 2
f 493 209 1
f 575 574 20
f 574 19 20
f 496 495 16
f 495 15 16
f 574 631 19
f 631 18 19
f 631 125 18
f 125 17 18
f 494 363 14
f 363 238 14
f 125 496 17
f 496 16 17
f 632 575 246
f 575 20 246
f 495 494 15
f 494 14 15
f 16 15 23
f 15 22 23
f 19 18 26
f 18 25 26
f 18 17 25
f 17 24 25
f 17 16 24
f 16 23 24
f 14 238 21
f 238 247 21
f 15 14 22
f 14 21 22
f 246 20 255
f 20 27 255
f 20 19 27
f 19 26 27
f 21 247 28
f 247 256 28
f 22 21 29
f 21 28 29
f 255 27 263
f 27 33 263
f 27 26 33
f 26 32 33
f 23 22 30
f 22 29 30
f 506 32 508
f 26 25 498
f 24 23 497
f 23 30 497
f 263 33 501
f 33 500 501
f 507 500 33
f 30 29 504
f 29 503 504
f 32 26 508
f 26 498 508
f 25 24 498
f 24 497 498
f 497 30 504
f 28 256 502
f 256 505 502
f 29 28 503
f 28 502 503
f 33 32 507
f 32 506 507
f 528 527 517
f 527 516 517
f 519 513 522
f 513 509 522
f 528 517 521
f 517 514 521
f 522 509 523
f 509 510 523
f 520 521 515
f 521 514 515
f 523 510 524
f 510 511 524
f 518 512 519
f 512 513 519
f 516 527 511
f 527 525 511
f 43 42 283
f 277 44 283
f 48 43 283
f 44 48 283
f 46 45 283
f 45 278 283
f 42 47 283
f 47 46 283
f 511 525 524
f 34 264 49
f 264 285 49
f 35 34 50
f 34 49 50
f 38 35 51
f 35 50 51
f 31 38 52
f 38 51 52
f 499 31 526
f 31 52 526
f 40 39 54
f 39 53 54
f 36 55 41
f 36 40 55
f 40 54 55
f 37 41 56
f 41 55 56
f 37 56 269
f 56 284 269
f 576 573 585
f 573 208 585
f 532 311 538
f 311 295 538
f 571 629 535
f 629 306 535
f 532 531 311
f 531 314 311
f 531 533 314
f 533 313 314
f 533 534 313
f 534 312 313
f 534 530 312
f 530 307 312
f 306 308 535
f 308 536 535
f 308 309 536
f 309 537 536
f 309 310 537
f 310 529 537
f 310 307 529
f 307 530 529
f 570 63 539
f 63 58 539
f 60 58 66
f 58 63 66
f 61 60 65
f 60 66 65
f 62 61 64
f 61 65 64
f 64 59 62
f 73 72 105
f 73 74 72
f 74 71 72
f 74 75 71
f 75 70 71
f 75 541 70
f 541 540 70
f 78 542 75
f 542 541 75
f 79 78 74
f 78 75 74
f 80 79 73
f 79 74 73
f 80 73 105
f 81 80 105
f 81 82 80
f 82 79 80
f 82 83 79
f 83 78 79
f 83 543 78
f 543 542 78
f 86 544 83
f 544 543 83
f 87 86 82
f 86 83 82
f 88 87 81
f 87 82 81
f 88 81 105
f 89 88 105
f 89 90 88
f 90 87 88
f 90 91 87
f 91 86 87
f 91 545 86
f 545 544 86
f 94 546 91
f 546 545 91
f 95 94 90
f 94 91 90
f 96 95 89
f 95 90 89
f 96 89 105
f 97 96 105
f 97 98 96
f 98 95 96
f 98 99 95
f 99 94 95
f 99 547 94
f 547 546 94
f 102 548 99
f 548 547 99
f 103 102 98
f 102 99 98
f 104 103 97
f 103 98 97
f 104 97 105
f 101 68 100
f 100 68 93
f 93 68 92
f 92 68 85
f 69 76 201
f 77 201 76
f 84 201 77
f 84 85 201
f 549 550 105
f 550 104 105
f 551 549 72
f 549 105 72
f 550 552 104
f 552 103 104
f 552 553 103
f 553 102 103
f 553 554 102
f 554 548 102
f 556 551 71
f 551 72 71
f 557 556 70
f 556 71 70
f 558 557 540
f 557 70 540
f 572 296 573
f 296 208 573
f 465 459 579
f 459 583 579
f 562 563 568
f 563 569 568
f 567 566 578
f 566 564 578
f 459 460 583
f 460 584 583
f 563 567 569
f 567 578 569
f 585 581 576
f 581 577 576
f 566 586 564
f 586 565 564
f 461 462 561
f 462 582 561
f 460 464 584
f 464 588 584
f 581 562 577
f 562 568 577
f 458 461 560
f 461 561 560
f 57 585 208
f 464 458 588
f 458 560 588
f 628 465 580
f 465 579 580
f 400 587 462
f 587 582 462
f 115 205 118
f 371 122 392
f 120 121 392
f 121 538 392
f 119 120 392
f 538 295 392
f 123 124 392
f 122 123 392
f 124 119 392
f 624 626 618
f 626 203 618
f 594 68 595
f 68 146 595
f 590 149 591
f 149 148 591
f 589 405 590
f 405 149 590
f 633 10 622
f 10 145 622
f 11 144 10
f 144 145 10
f 67 12 593
f 12 630 593
f 630 13 593
f 13 592 593
f 126 127 141
f 127 140 141
f 127 237 140
f 237 393 140
f 11 12 144
f 12 67 144
f 126 141 13
f 141 592 13
f 153 154 186
f 152 155 153
f 155 154 153
f 151 156 152
f 156 155 152
f 596 597 151
f 597 156 151
f 597 598 156
f 598 159 156
f 156 159 155
f 159 160 155
f 155 160 154
f 160 161 154
f 154 161 186
f 161 162 186
f 160 163 161
f 163 162 161
f 159 164 160
f 164 163 160
f 598 599 159
f 599 164 159
f 599 600 164
f 600 167 164
f 164 167 163
f 167 168 163
f 163 168 162
f 168 169 162
f 162 169 186
f 169 170 186
f 168 171 169
f 171 170 169
f 167 172 168
f 172 171 168
f 600 601 167
f 601 172 167
f 601 602 172
f 602 175 172
f 172 175 171
f 175 176 171
f 171 176 170
f 176 177 170
f 170 177 186
f 177 178 186
f 176 179 177
f 179 178 177
f 175 180 176
f 180 179 176
f 602 603 175
f 603 180 175
f 603 604 180
f 604 183 180
f 180 183 179
f 183 184 179
f 179 184 178
f 184 185 178
f 178 185 186
f 591 148 166
f 591 166 142
f 142 166 147
f 181 148 182
f 174 148 181
f 173 148 174
f 166 148 173
f 147 166 165
f 147 165 158
f 157 147 158
f 150 147 157
f 185 606 186
f 606 605 186
f 186 605 153
f 605 607 153
f 184 608 185
f 608 606 185
f 183 609 184
f 609 608 184
f 604 610 183
f 610 609 183
f 153 607 152
f 607 612 152
f 152 612 151
f 612 613 151
f 151 613 596
f 613 614 596
f 85 594 620
f 68 594 85
f 405 466 149
f 466 200 149
f 626 627 203
f 627 146 203
f 199 150 621
f 150 615 621
f 150 199 147
f 199 202 147
f 147 202 142
f 202 143 142
f 456 198 387
f 198 136 387
f 109 136 555
f 136 198 555
f 112 113 134
f 113 133 134
f 113 559 133
f 559 197 133
f 143 202 620
f 202 201 620
f 199 621 69
f 621 114 69
f 107 106 135
f 106 134 135
f 108 107 135
f 106 111 134
f 111 112 134
f 133 194 139
f 194 193 139
f 194 133 195
f 133 197 195
f 109 108 136
f 108 135 136
f 190 611 137
f 611 196 137
f 193 192 139
f 192 187 139
f 187 188 139
f 188 138 139
f 188 189 138
f 137 138 190
f 138 189 190
f 196 616 137
f 616 388 137
f 622 587 400
f 580 625 628
f 149 200 148
f 200 182 148
f 200 466 617
f 466 452 617
f 182 200 191
f 200 617 191
f 85 620 201
f 201 202 69
f 202 199 69
f 101 203 68
f 203 146 68
f 595 146 623
f 146 627 623
f 203 101 618
f 101 110 618
f 117 132 118
f 132 115 118
f 131 132 128
f 132 117 128
f 130 131 129
f 131 128 129
f 129 116 130
f 463 624 619
f 624 618 619
f 115 206 205
f 115 207 206
f 205 204 118
f 622 400 633
f 211 210 489
f 211 489 212
f 212 489 213
f 6 634 489
f 634 213 489
f 483 229 482
f 229 641 482
f 224 226 636
f 226 637 636
f 226 227 637
f 227 638 637
f 227 228 638
f 228 639 638
f 228 225 639
f 225 215 639
f 229 230 641
f 230 642 641
f 230 231 642
f 231 643 642
f 231 232 643
f 232 635 643
f 232 224 635
f 224 636 635
f 476 477 225
f 477 215 225
f 217 640 223
f 640 220 223
f 218 217 222
f 217 223 222
f 219 218 221
f 218 222 221
f 221 216 219
f 644 215 477
f 718 245 717
f 245 244 717
f 647 241 646
f 241 240 646
f 717 244 768
f 244 243 768
f 768 243 375
f 243 242 375
f 645 239 363
f 239 238 363
f 375 242 647
f 242 241 647
f 632 246 718
f 246 245 718
f 646 240 645
f 240 239 645
f 241 250 240
f 250 249 240
f 244 253 243
f 253 252 243
f 243 252 242
f 252 251 242
f 242 251 241
f 251 250 241
f 239 248 238
f 248 247 238
f 240 249 239
f 249 248 239
f 246 255 245
f 255 254 245
f 245 254 244
f 254 253 244
f 248 257 247
f 257 256 247
f 249 258 248
f 258 257 248
f 255 263 254
f 263 262 254
f 254 262 253
f 262 261 253
f 250 259 249
f 259 258 249
f 655 657 261
f 253 649 252
f 251 648 250
f 648 259 250
f 263 501 262
f 501 651 262
f 656 262 651
f 259 654 258
f 654 653 258
f 261 657 253
f 657 649 253
f 252 649 251
f 649 648 251
f 648 654 259
f 257 652 256
f 652 505 256
f 258 653 257
f 653 652 257
f 262 656 261
f 656 655 261
f 673 664 672
f 664 663 672
f 665 667 661
f 667 658 661
f 673 666 664
f 666 662 664
f 667 668 658
f 668 659 658
f 520 515 666
f 515 662 666
f 668 669 659
f 669 660 659
f 518 665 512
f 665 661 512
f 663 660 672
f 660 670 672
f 275 283 274
f 277 283 276
f 282 283 275
f 276 283 282
f 280 283 279
f 279 283 278
f 274 283 281
f 281 283 280
f 660 669 670
f 265 286 264
f 286 285 264
f 266 287 265
f 287 286 265
f 270 288 266
f 288 287 266
f 260 289 270
f 289 288 270
f 650 671 260
f 671 289 260
f 272 291 271
f 291 290 271
f 267 273 292
f 267 292 272
f 292 291 272
f 268 293 273
f 293 292 273
f 268 269 293
f 269 284 293
f 719 728 716
f 728 475 716
f 677 683 311
f 683 295 311
f 715 680 629
f 680 306 629
f 677 311 676
f 311 314 676
f 676 314 678
f 314 313 678
f 678 313 679
f 313 312 679
f 679 312 675
f 312 307 675
f 306 680 308
f 680 681 308
f 308 681 309
f 681 682 309
f 309 682 310
f 682 674 310
f 310 674 307
f 674 675 307
f 714 684 302
f 684 297 302
f 299 305 297
f 305 302 297
f 300 304 299
f 304 305 299
f 301 303 300
f 303 304 300
f 303 301 298
f 321 353 320
f 321 320 322
f 320 319 322
f 322 319 323
f 319 318 323
f 323 318 686
f 318 685 686
f 326 323 687
f 323 686 687
f 327 322 326
f 322 323 326
f 328 321 327
f 321 322 327
f 328 353 321
f 329 353 328
f 329 328 330
f 328 327 330
f 330 327 331
f 327 326 331
f 331 326 688
f 326 687 688
f 334 331 689
f 331 688 689
f 335 330 334
f 330 331 334
f 336 329 335
f 329 330 335
f 336 353 329
f 337 353 336
f 337 336 338
f 336 335 338
f 338 335 339
f 335 334 339
f 339 334 690
f 334 689 690
f 342 339 691
f 339 690 691
f 343 338 342
f 338 339 342
f 344 337 343
f 337 338 343
f 344 353 337
f 345 353 344
f 345 344 346
f 344 343 346
f 346 343 347
f 343 342 347
f 347 342 692
f 342 691 692
f 350 347 693
f 347 692 693
f 351 346 350
f 346 347 350
f 352 345 351
f 345 346 351
f 352 353 345
f 349 348 316
f 348 341 316
f 341 340 316
f 340 333 316
f 317 468 324
f 325 324 468
f 332 325 468
f 332 468 333
f 694 353 695
f 353 352 695
f 696 320 694
f 320 353 694
f 695 352 697
f 352 351 697
f 697 351 698
f 351 350 698
f 698 350 699
f 350 693 699
f 701 319 696
f 319 320 696
f 702 318 701
f 318 319 701
f 703 685 702
f 685 318 702
f 572 716 296
f 716 475 296
f 465 722 459
f 722 726 459
f 707 712 708
f 712 713 708
f 711 721 710
f 721 709 710
f 459 726 460
f 726 727 460
f 708 713 711
f 713 721 711
f 728 719 724
f 719 720 724
f 710 709 586
f 709 565 586
f 461 706 462
f 706 725 462
f 460 727 464
f 727 730 464
f 724 720 707
f 720 712 707
f 458 705 461
f 705 706 461
f 294 475 728
f 464 730 458
f 730 705 458
f 628 723 465
f 723 722 465
f 400 462 729
f 462 725 729
f 364 367 472
f 371 392 372
f 369 392 370
f 370 392 683
f 368 392 369
f 683 392 295
f 373 392 374
f 372 392 373
f 374 392 368
f 763 758 765
f 758 470 765
f 735 736 316
f 736 401 316
f 731 732 404
f 732 403 404
f 589 731 405
f 731 404 405
f 633 761 233
f 761 399 233
f 234 233 398
f 233 399 398
f 315 734 235
f 734 767 235
f 767 734 236
f 734 733 236
f 376 395 377
f 395 394 377
f 377 394 237
f 394 393 237
f 234 398 235
f 398 315 235
f 376 236 395
f 236 733 395
f 409 442 410
f 408 409 411
f 409 410 411
f 407 408 412
f 408 411 412
f 737 407 738
f 407 412 738
f 738 412 739
f 412 415 739
f 412 411 415
f 411 416 415
f 411 410 416
f 410 417 416
f 410 442 417
f 417 442 418
f 416 417 419
f 417 418 419
f 415 416 420
f 416 419 420
f 739 415 740
f 415 420 740
f 740 420 741
f 420 423 741
f 420 419 423
f 419 424 423
f 419 418 424
f 418 425 424
f 418 442 425
f 425 442 426
f 424 425 427
f 425 426 427
f 423 424 428
f 424 427 428
f 741 423 742
f 423 428 742
f 742 428 743
f 428 431 743
f 428 427 431
f 427 432 431
f 427 426 432
f 426 433 432
f 426 442 433
f 433 442 434
f 432 433 435
f 433 434 435
f 431 432 436
f 432 435 436
f 743 431 744
f 431 436 744
f 744 436 745
f 436 439 745
f 436 435 439
f 435 440 439
f 435 434 440
f 434 441 440
f 434 442 441
f 732 422 403
f 732 396 422
f 396 402 422
f 437 438 403
f 430 437 403
f 429 430 403
f 422 429 403
f 402 421 422
f 402 414 421
f 413 414 402
f 406 413 402
f 441 442 747
f 442 746 747
f 442 409 746
f 409 748 746
f 440 441 749
f 441 747 749
f 439 440 750
f 440 749 750
f 745 439 751
f 439 750 751
f 409 408 748
f 408 753 748
f 408 407 753
f 407 754 753
f 407 737 754
f 737 755 754
f 333 759 735
f 316 333 735
f 405 404 466
f 404 467 466
f 765 470 766
f 470 401 766
f 457 760 406
f 760 756 406
f 406 402 457
f 402 469 457
f 402 396 469
f 396 397 469
f 456 387 455
f 387 386 455
f 357 700 386
f 700 455 386
f 360 384 361
f 384 383 361
f 361 383 704
f 383 454 704
f 397 759 469
f 759 468 469
f 457 317 760
f 317 362 760
f 355 385 354
f 385 384 354
f 356 385 355
f 354 384 359
f 359 384 360
f 383 391 450
f 391 449 450
f 450 451 383
f 451 454 383
f 357 386 356
f 386 385 356
f 446 389 752
f 389 453 752
f 449 391 448
f 448 391 443
f 443 391 444
f 391 390 444
f 444 390 445
f 389 446 390
f 446 445 390
f 453 389 616
f 389 388 616
f 761 400 729
f 723 628 764
f 404 403 467
f 403 438 467
f 467 757 466
f 757 452 466
f 438 447 467
f 447 757 467
f 333 468 759
f 468 317 469
f 317 457 469
f 349 316 470
f 316 401 470
f 736 762 401
f 762 766 401
f 470 758 349
f 758 358 349
f 366 367 382
f 367 364 382
f 381 378 382
f 378 366 382
f 380 379 381
f 379 378 381
f 379 380 365
f 463 619 763
f 619 758 763
f 364 472 473
f 364 473 474
f 472 367 471
f 761 633 400
f 479 640 478
f 479 480 640
f 480 481 640
f 220 640 769
f 640 481 769
o Part.2
v 5.085 35.888 0.974
v 6.068 36.026 1.329
v 1.614 39.487 -3.476
v 2.433 38.4 0.481
v 2.399 40.407 0.474
v 2.398 40.407 -0.48
v 4.301 34.24 -4.016
v 3.643 34.346 -3.605
v 3.416 33.975 -4.779
v 2.866 34.129 -4.245
v 1.989 33.968 -4.721
v 3.239 38.4 -0.519
v 3.208 39.985 -0.514
v 3.024 39.991 -1.257
v 2.72 39.991 -1.822
v 2.312 38.4 -2.318
v 1.817 39.991 -2.725
v 1.25 38.4 -3.027
v 0.635 39.991 -3.214
v 3.211 39.996 0.496
v 3.027 39.992 1.249
v 2.724 39.992 1.816
v 1.71 38.803 2.747
v 0.643 38.851 3.21
v 3.027 38.4 1.249
v 3.211 38.4 0.496
v 2.293 38.4 0.946
v 2.724 38.4 1.816
v 2.319 38.4 2.313
v 1.38 38.4 2.06
v 1.792 38.4 2.736
v 1.257 38.4 3.024
v 0.643 38.4 3.21
v 0.743 39.463 -3.76
v 1.25 39.991 -3.027
v 2.125 39.463 -3.189
v 2.088 38.821 -3.897
v 2.706 39.463 -2.713
v 2.312 39.991 -2.318
v 3.132 38.801 -3.14
v 2.46 38.801 -3.69
v 2.766 37.662 -4.311
v 3.613 37.603 -3.622
v 4.249 37.603 -2.846
v 3.684 38.801 -2.469
v 3.184 39.463 -2.133
v 3.538 39.463 -1.471
v 4.096 38.801 -1.703
v 4.722 37.603 -1.963
v 4.741 34.887 -1.978
v 4.265 34.601 -2.841
v 1.951 37.603 -4.728
v 0.992 37.603 -5.016
v 1.021 33.874 -5.01
v 3.757 39.463 -0.752
v 4.35 38.801 -0.871
v 5.014 37.603 -1.004
v 5.048 35.213 -1.016
v 5.161 35.547 -0.014
v 5.114 37.603 -0.006
v 4.435 38.801 -0.006
v 3.831 39.463 -0.005
v 3.275 39.992 -0.004
v 3.757 39.463 0.743
v 4.353 38.801 0.86
v 5.017 37.603 0.992
v 4.606 37.603 1.901
v 4.099 38.801 1.692
v 4.145 37.603 2.762
v 4.264 35.847 2.976
v 3.526 37.603 3.519
v 3.69 38.801 2.46
v 3.541 39.463 1.462
v 3.19 39.463 2.124
v 3.141 38.801 3.131
v 2.712 39.463 2.705
v 3.002 37.603 3.949
v 3.19 35.74 4.086
v 3.681 35.756 3.671
v 2.451 37.603 4.279
v 2.482 35.637 4.559
v 1.913 37.603 4.599
v 0.978 37.603 4.886
v 0.871 38.801 4.349
v 2.57 39.43 2.827
v 2.319 39.992 2.313
v 1.952 38.84 2.599
v 2.366 38.848 2.988
v 2.775 38.801 3.433
v 2.029 40.927 1.351
v 2.064 38.4 1.375
v 1.756 38.4 1.752
v 1.725 40.927 1.721
v 1.356 40.927 2.025
v 0.951 38.4 2.289
v 0.935 40.927 2.251
v 0.487 38.4 2.431
v 4.792 35.957 2.02
v 5.515 35.785 3.482
v 4.06 35.528 5.719
v 1.784 35.608 4.883
v 0.909 35.58 5.121
v 5.817 37.68 -0.842
v 5.725 38.063 -0.595
v 5.667 38.831 0.261
v 5.579 39.013 -0.033
v 5.457 39.481 0.685
v 5.363 39.674 0.388
v 5.128 40.154 1.129
v 5.034 40.367 0.843
v 4.376 41.016 1.341
v 3.683 41.295 2.028
v 2.874 41.879 2.047
v 1.08 42.071 2.675
v 5.65 38.071 -0.716
v 4.899 40.376 0.746
v 3.635 41.491 1.594
v 3.681 41.501 1.737
v 2.831 41.876 1.906
v 2.087 42.113 2.255
v 1.099 42.218 2.226
v 1.084 42.25 2.391
v 5.901 37.536 -0.518
v 5.903 37.484 -0.376
v 5.822 37.93 -0.295
v 5.827 37.853 -0.157
v 4.466 40.779 1.621
v 3.657 41.141 2.148
v 2.872 41.656 2.325
v 2.095 41.893 2.52
v 1.085 41.861 2.76
v 5.805 35.901 2.562
v 5.814 36.056 2.524
v 4.902 35.652 4.62
v 3.184 35.724 6.506
v 3.147 35.428 6.5
v 2.143 35.377 7.007
v 1.149 35.689 7.324
v 1.138 35.359 7.318
v 3.024 38.4 -1.257
v 2.059 38.4 -1.38
v 2.72 38.4 -1.822
v 1.751 38.4 -1.755
v 1.375 38.4 -2.063
v 1.817 38.4 -2.725
v 0.946 38.4 -2.292
v 0.635 38.4 -3.213
v 0.905 39.463 -4.816
v 1.832 39.486 -4.523
v 1.462 39.463 -3.543
v 2.076 39.51 -4.465
v 2.438 40.927 -0.003
v 2.445 40.407 -0.003
v 2.29 38.4 -0.951
v 2.431 38.4 -0.478
v 2.024 40.927 -1.357
v 0.93 40.927 -2.252
v 0.473 40.927 -2.391
v 0.481 38.4 -2.432
v 6.116 35.557 -0.058
v 5.991 36.078 -0.47
v 6.19 36.145 0.887
v 5.921 35.174 -1.217
v 6.092 36.545 -0.047
v 6.049 36.726 -0.447
v 5.939 36.346 -0.854
v 5.805 35.693 -1.508
v 5.491 34.79 -2.331
v 5.436 35.435 -2.565
v 5.747 36.18 -1.791
v 5.9 36.659 -1.276
v 5.976 36.98 -1.027
v 5.915 37.18 -1.481
v 5.817 36.939 -1.651
v 5.692 36.641 -2.06
v 5.393 36.039 -2.731
v 4.914 35.208 -3.436
v 4.938 34.503 -3.207
v 4.267 35.025 -4.211
v 4.862 35.965 -3.616
v 5.363 36.599 -2.841
v 5.677 37.101 -2.336
v 5.344 37.171 -3.011
v 4.85 36.599 -3.735
v 4.191 35.93 -4.404
v 3.349 34.893 -4.959
v 2.398 34.768 -5.469
v 3.269 35.865 -5.142
v 4.163 36.601 -4.535
v 4.816 37.263 -3.903
v 5.366 37.692 -3.131
v 4.121 37.355 -4.709
v 3.223 36.569 -5.286
v 2.341 35.826 -5.621
v 2.309 36.59 -5.756
v 3.175 37.41 -5.463
v 3.153 38.273 -5.673
v 2.282 37.455 -5.926
v 1.23 36.633 -6.097
v 1.22 37.507 -6.262
v 1.249 35.788 -5.96
v 1.289 34.677 -5.823
v 1.314 33.697 -5.67
v 2.457 33.786 -5.341
v 5.869 37.67 0.154
v 5.766 38.073 0.732
v 5.665 38.718 0.406
v 5.921 37.308 0.734
v 5.878 37.44 1.07
v 5.537 38.351 1.423
v 5.488 39.097 0.96
v 5.439 39.27 0.938
v 5.469 39.361 0.796
v 5.115 39.422 1.619
v 5.07 39.747 1.429
v 5.073 40.017 1.225
v 4.487 40.193 2.02
v 4.566 39.734 2.29
v 3.825 40.01 2.905
v 4.688 38.948 2.782
v 5.244 38.615 2.068
v 5.668 37.668 1.814
v 5.833 36.754 2.254
v 5.369 37.896 2.446
v 4.78 38.19 3.278
v 3.901 39.239 3.464
v 2.941 40.242 3.39
v 3.751 40.555 2.527
v 4.411 40.648 1.764
v 2.906 40.87 2.899
v 2.859 41.484 2.423
v 2.105 41.058 3.137
v 2.085 41.711 2.606
v 2.126 40.371 3.693
v 2.975 39.454 4.004
v 3.971 38.448 4.025
v 4.847 37.367 3.854
v 5.503 37.038 2.951
v 1.09 41.215 3.308
v 1.107 40.463 3.925
v 2.145 39.593 4.306
v 3.017 38.658 4.596
v 4.032 37.652 4.578
v 2.163 38.77 4.938
v 1.118 39.683 4.547
v 1.128 38.855 5.188
v 2.172 38.012 5.496
v 6.074 36.494 1.461
v 6.089 36.378 1.514
v 5.833 36.261 2.336
v 5.518 36.157 3.418
v 5.527 35.986 3.412
v 4.938 36.209 4.437
v 4.96 35.901 4.529
v 4.859 36.531 4.227
v 5.379 36.369 3.438
v 5.445 36.609 3.105
v 3.034 37.382 5.252
v 3.068 37.875 5.151
v 2.111 37.494 5.609
v 1.135 38.104 5.734
v 1.124 37.556 5.847
v 1.131 37.067 6.235
v 1.14 36.459 6.732
v 2.2 35.689 7.007
v 2.169 36.43 6.458
v 2.137 37.011 5.988
v 3.043 36.885 5.64
v 3.11 36.372 6.036
v 4.148 35.814 5.652
v 4.102 36.299 5.344
v 4.038 36.712 5.029
v 3.999 37.184 4.672
v 4.823 36.921 3.943
v 5.607 38.188 -2.19
v 5.36 38.93 -2.035
v 5.235 39.608 -0.893
v 5.494 39.046 -0.145
v 5.283 39.706 0.288
v 4.975 40.254 -0.135
v 4.682 40.345 -1.389
v 4.572 40.178 -2.203
v 4.777 39.252 -3.302
v 4.688 38.731 -4.211
v 4.234 39.346 -4.105
v 4.218 40.025 -3.308
v 3.922 40.846 -2.306
v 4.072 40.985 -1.488
v 4.566 40.675 -0.472
v 4.609 40.709 0.526
v 4.301 41.022 1.22
v 4.078 41.215 0.917
v 4.276 41.04 0.288
v 4.057 41.157 -0.774
v 3.168 41.462 -1.559
v 3.03 41.27 -2.33
v 3.666 40.632 -3.281
v 3.864 39.946 -4.038
v 3.651 39.398 -4.837
v 3.13 39.035 -5.707
v 2.956 39.413 -5.499
v 3.355 39.915 -4.718
v 3.361 40.493 -3.906
v 2.883 41.06 -3.146
v 2.247 41.461 -2.333
v 2.32 41.678 -1.498
v 3.236 41.623 -0.848
v 3.291 41.711 -0.188
v 3.895 41.377 0.062
v 3.849 41.447 0.56
v 3.626 41.549 0.255
v 3.352 41.687 0.798
v 3.498 41.574 1.263
v 2.773 41.891 1.617
v 2.685 41.965 1.082
v 2.592 42.016 0.56
v 3.33 41.73 0.36
v 2.43 41.961 -0.12
v 2.377 41.824 -0.781
v 1.707 41.769 -1.449
v 1.681 41.555 -2.324
v 2.175 41.253 -3.143
v 2.711 40.901 -3.717
v 2.096 40.983 -3.862
v 1.65 41.314 -3.165
v 1.606 41.076 -3.931
v 0.861 41.372 -3.168
v 0.887 41.626 -2.298
v 0.91 41.87 -1.431
v 1.725 41.931 -0.718
v 1.736 42.044 -0.081
v 1.862 42.105 0.606
v 1.945 42.099 1.195
v 2.027 42.09 1.816
v 2.084 42.108 2.113
v 1.092 42.209 1.948
v 1.044 42.196 1.325
v 0.997 42.175 0.66
v 0.964 42.12 -0.039
v 0.934 42.013 -0.677
v 0.839 41.067 -3.925
v 0.975 40.542 -5.17
v 0.909 40.797 -4.654
v 1.582 40.799 -4.538
v 2.044 40.809 -4.349
v 2.254 40.628 -4.627
v 1.749 40.576 -4.947
v 1.955 40.237 -5.447
v 1.099 40.202 -5.728
v 1.147 39.812 -6.143
v 1.134 39.464 -6.372
v 1.173 39.179 -6.513
v 2.18 39.455 -6.009
v 2.103 39.808 -5.817
v 2.779 39.887 -5.292
v 2.56 40.272 -5.02
v 2.993 40.361 -4.523
v 2.578 40.719 -4.26
v 2.215 38.801 3.778
v 1.949 38.838 3.265
v 1.257 38.851 3.024
v 1.485 38.825 3.571
v 1.702 38.801 4.095
v 0.759 38.825 3.793
v 5.726 37.757 -0.909
v 5.235 38.5 -3.272
v 4.005 38.901 -5.011
v 2.261 39.108 -6.177
v 1.192 38.435 -6.403
v 2.27 38.36 -6.149
v 4.108 38.117 -4.898
v 4.807 37.918 -4.065
v 5.695 37.449 -2.301
v 6.174 36.073 0.967
v 6.143 35.977 1.017
v 6.089 35.997 1.249
v 6.08 36.136 1.502
v 5.988 37.044 0.465
v 5.949 37.32 -0.072
v 2.25 40.927 -0.935
v 1.722 40.927 -1.726
v 1.351 40.927 -2.028
v 2.39 40.927 -0.478
v 2.39 40.927 0.473
v 2.253 40.927 0.93
v 0.478 40.927 2.389
v 5.421 39.602 0.525
v 5.117 40.293 0.978
v 5.637 38.945 0.096
v 4.447 40.938 1.461
v 3.696 41.443 1.874
v 2.094 42.044 2.395
v 1.079 42.214 2.539
v 5.874 37.608 -0.704
v 5.785 38.015 -0.459
v 2.883 41.815 2.183
v 6.214 36.105 1.024
v 6.265 36.179 1.179
v 6.185 36.045 1.053
v 6.23 36.134 1.283
v 6.145 36.194 1.414
v 6.182 36.322 1.44
v 6.261 36.23 1.284
v 6.266 36.381 1.209
v 6.18 36.464 1.368
v 6.228 36.18 0.927
v 6.279 36.291 1.075
v 6.14 36.58 -0.014
v 6.199 36.698 0.096
v 6.047 37.262 -0.133
v 6.131 37.138 -0.23
v 6.164 36.907 -0.375
v 6.104 36.773 -0.436
v 6.078 37.386 -0.72
v 5.99 37.488 -0.601
v 6.047 37.027 -1.003
v 6.113 37.147 -0.919
v 4.77 38.64 -4.229
v 4.839 38.473 -4.221
v 4.121 38.184 -4.929
v 4.138 38.369 -4.994
v 4.137 38.627 -5.055
v 4.088 38.798 -5.056
v 2.323 38.615 -6.296
v 2.3 38.447 -6.227
v 1.231 38.537 -6.532
v 1.251 38.692 -6.62
v 1.215 39.086 -6.592
v 1.243 38.914 -6.643
v 5.903 37.679 -1.035
v 5.986 37.567 -1.148
v 5.764 37.967 -2.26
v 5.693 38.12 -2.222
v 5.404 38.229 -3.259
v 5.331 38.4 -3.276
v 3.193 38.937 -5.777
v 3.222 38.773 -5.813
v 2.321 38.842 -6.305
v 2.296 39.026 -6.249
v 3.21 38.513 -5.773
v 3.176 38.337 -5.711
v 4.838 37.988 -4.097
v 4.863 38.201 -4.163
v 5.399 37.779 -3.16
v 5.422 37.976 -3.209
v 5.724 37.518 -2.301
v 5.759 37.702 -2.289
v 6.007 37.323 -1.336
v 5.957 37.226 -1.43
v 6.175 36.88 0.26
v 6.093 36.991 0.383
v -5.085 35.888 0.974
v -6.068 36.026 1.329
v -1.614 39.487 -3.476
v -2.433 38.4 0.481
v -2.399 40.407 0.474
v -2.398 40.407 -0.48
v -4.301 34.24 -4.016
v -3.643 34.346 -3.605
v -3.416 33.975 -4.779
v -2.866 34.129 -4.245
v -1.989 33.968 -4.721
v -3.239 38.4 -0.519
v -3.208 39.985 -0.514
v -3.024 39.991 -1.257
v -2.72 39.991 -1.822
v -2.312 38.4 -2.318
v -1.817 39.991 -2.725
v -1.25 38.4 -3.027
v -0.635 39.991 -3.214
v -3.211 39.996 0.496
v -3.027 39.992 1.249
v -2.724 39.992 1.816
v -1.71 38.803 2.747
v -0.643 38.851 3.21
v 0 38.851 3.274
v 0 38.4 3.274
v -3.027 38.4 1.249
v -3.211 38.4 0.496
v -2.293 38.4 0.946
v -2.724 38.4 1.816
v -2.319 38.4 2.313
v -1.38 38.4 2.06
v -1.792 38.4 2.736
v -1.257 38.4 3.024
v -0.643 38.4 3.21
v 0 38.4 2.48
v -0.743 39.463 -3.76
v -1.25 39.991 -3.027
v -2.125 39.463 -3.189
v -2.088 38.821 -3.897
v -2.706 39.463 -2.713
v -2.312 39.991 -2.318
v -3.132 38.801 -3.14
v -2.46 38.801 -3.69
v -2.766 37.662 -4.311
v -3.613 37.603 -3.622
v -4.249 37.603 -2.846
v -3.684 38.801 -2.469
v -3.184 39.463 -2.133
v -3.538 39.463 -1.471
v -4.096 38.801 -1.703
v -4.722 37.603 -1.963
v -4.741 34.887 -1.978
v -4.265 34.601 -2.841
v -1.951 37.603 -4.728
v -0.992 37.603 -5.016
v -1.021 33.874 -5.01
v -3.757 39.463 -0.752
v -4.35 38.801 -0.871
v -5.014 37.603 -1.004
v -5.048 35.213 -1.016
v -5.161 35.547 -0.014
v -5.114 37.603 -0.006
v -4.435 38.801 -0.006
v -3.831 39.463 -0.005
v -3.275 39.992 -0.004
v -3.757 39.463 0.743
v -4.353 38.801 0.86
v -5.017 37.603 0.992
v -4.606 37.603 1.901
v -4.099 38.801 1.692
v -4.145 37.603 2.762
v -4.264 35.847 2.976
v -3.526 37.603 3.519
v -3.69 38.801 2.46
v -3.541 39.463 1.462
v -3.19 39.463 2.124
v -3.141 38.801 3.131
v -2.712 39.463 2.705
v -3.002 37.603 3.949
v -3.19 35.74 4.086
v -3.681 35.756 3.671
v -2.451 37.603 4.279
v -2.482 35.637 4.559
v -1.913 37.603 4.599
v -0.978 37.603 4.886
v -0.871 38.801 4.349
v 0 37.603 4.981
v 0 39.991 -3.275
v 0 37.603 -5.113
v 0 33.825 -5.147
v -2.57 39.43 2.827
v -2.319 39.992 2.313
v -1.952 38.84 2.599
v -2.366 38.848 2.988
v -2.775 38.801 3.433
v -2.029 40.927 1.351
v -2.064 38.4 1.375
v -1.756 38.4 1.752
v -1.725 40.927 1.721
v -1.356 40.927 2.025
v -0.951 38.4 2.289
v -0.935 40.927 2.251
v -0.487 38.4 2.431
v -4.792 35.957 2.02
v -5.515 35.785 3.482
v -4.06 35.528 5.719
v -1.784 35.608 4.883
v -0.909 35.58 5.121
v 0 35.571 5.2
v 0 35.345 7.452
v -5.817 37.68 -0.842
v -5.725 38.063 -0.595
v -5.667 38.831 0.261
v -5.579 39.013 -0.033
v -5.457 39.481 0.685
v -5.363 39.674 0.388
v -5.128 40.154 1.129
v -5.034 40.367 0.843
v -4.376 41.016 1.341
v -3.683 41.295 2.028
v -2.874 41.879 2.047
v -1.08 42.071 2.675
v -5.65 38.071 -0.716
v -4.899 40.376 0.746
v -3.635 41.491 1.594
v -3.681 41.501 1.737
v -2.831 41.876 1.906
v -2.087 42.113 2.255
v -1.099 42.218 2.226
v -1.084 42.25 2.391
v 0 42.302 2.448
v -5.901 37.536 -0.518
v -5.903 37.484 -0.376
v -5.822 37.93 -0.295
v -5.827 37.853 -0.157
v -4.466 40.779 1.621
v -3.657 41.141 2.148
v -2.872 41.656 2.325
v -2.095 41.893 2.52
v -1.085 41.861 2.76
v 0 41.931 2.809
v 0 42.143 2.734
v -5.805 35.901 2.562
v -5.814 36.056 2.524
v -4.902 35.652 4.62
v -3.184 35.724 6.506
v -3.147 35.428 6.5
v -2.143 35.377 7.007
v -1.149 35.689 7.324
v -1.138 35.359 7.318
v -3.024 38.4 -1.257
v -2.059 38.4 -1.38
v -2.72 38.4 -1.822
v -1.751 38.4 -1.755
v -1.375 38.4 -2.063
v -1.817 38.4 -2.725
v -0.946 38.4 -2.292
v -0.635 38.4 -3.213
v 0 38.4 -3.274
v -0.905 39.463 -4.816
v -1.832 39.486 -4.523
v -1.462 39.463 -3.543
v -2.076 39.51 -4.465
v 0 39.463 -3.83
v 0 39.478 -4.858
v -2.438 40.927 -0.003
v -2.445 40.407 -0.003
v -2.29 38.4 -0.951
v -2.431 38.4 -0.478
v -2.024 40.927 -1.357
v -0.93 40.927 -2.252
v -0.473 40.927 -2.391
v -0.481 38.4 -2.432
v 0 38.4 -2.48
v -6.116 35.557 -0.058
v -5.991 36.078 -0.47
v -6.19 36.145 0.887
v -5.921 35.174 -1.217
v -6.092 36.545 -0.047
v -6.049 36.726 -0.447
v -5.939 36.346 -0.854
v -5.805 35.693 -1.508
v -5.491 34.79 -2.331
v -5.436 35.435 -2.565
v -5.747 36.18 -1.791
v -5.9 36.659 -1.276
v -5.976 36.98 -1.027
v -5.915 37.18 -1.481
v -5.817 36.939 -1.651
v -5.692 36.641 -2.06
v -5.393 36.039 -2.731
v -4.914 35.208 -3.436
v -4.938 34.503 -3.207
v -4.267 35.025 -4.211
v -4.862 35.965 -3.616
v -5.363 36.599 -2.841
v -5.677 37.101 -2.336
v -5.344 37.171 -3.011
v -4.85 36.599 -3.735
v -4.191 35.93 -4.404
v -3.349 34.893 -4.959
v -2.398 34.768 -5.469
v -3.269 35.865 -5.142
v -4.163 36.601 -4.535
v -4.816 37.263 -3.903
v -5.366 37.692 -3.131
v -4.121 37.355 -4.709
v -3.223 36.569 -5.286
v -2.341 35.826 -5.621
v -2.309 36.59 -5.756
v -3.175 37.41 -5.463
v -3.153 38.273 -5.673
v -2.282 37.455 -5.926
v -1.23 36.633 -6.097
v -1.22 37.507 -6.262
v 0 37.632 -6.421
v 0 36.737 -6.25
v 0 35.786 -6.14
v -1.249 35.788 -5.96
v -1.289 34.677 -5.823
v 0 34.668 -5.972
v 0 38.468 -6.567
v 0 33.658 -5.838
v -1.314 33.697 -5.67
v -2.457 33.786 -5.341
v -5.869 37.67 0.154
v -5.766 38.073 0.732
v -5.665 38.718 0.406
v -5.921 37.308 0.734
v -5.878 37.44 1.07
v -5.537 38.351 1.423
v -5.488 39.097 0.96
v -5.439 39.27 0.938
v -5.469 39.361 0.796
v -5.115 39.422 1.619
v -5.07 39.747 1.429
v -5.073 40.017 1.225
v -4.487 40.193 2.02
v -4.566 39.734 2.29
v -3.825 40.01 2.905
v -4.688 38.948 2.782
v -5.244 38.615 2.068
v -5.668 37.668 1.814
v -5.833 36.754 2.254
v -5.369 37.896 2.446
v -4.78 38.19 3.278
v -3.901 39.239 3.464
v -2.941 40.242 3.39
v -3.751 40.555 2.527
v -4.411 40.648 1.764
v -2.906 40.87 2.899
v -2.859 41.484 2.423
v -2.105 41.058 3.137
v -2.085 41.711 2.606
v -2.126 40.371 3.693
v -2.975 39.454 4.004
v -3.971 38.448 4.025
v -4.847 37.367 3.854
v -5.503 37.038 2.951
v -1.09 41.215 3.308
v -1.107 40.463 3.925
v -2.145 39.593 4.306
v -3.017 38.658 4.596
v -4.032 37.652 4.578
v -2.163 38.77 4.938
v -1.118 39.683 4.547
v 0 40.524 3.992
v 0 41.278 3.363
v 0 39.707 4.651
v -1.128 38.855 5.188
v -2.172 38.012 5.496
v 0 38.879 5.289
v -6.074 36.494 1.461
v -6.089 36.378 1.514
v -5.833 36.261 2.336
v -5.518 36.157 3.418
v -5.527 35.986 3.412
v -4.938 36.209 4.437
v -4.96 35.901 4.529
v -4.859 36.531 4.227
v -5.379 36.369 3.438
v -5.445 36.609 3.105
v -3.034 37.382 5.252
v -3.068 37.875 5.151
v -2.111 37.494 5.609
v -1.135 38.104 5.734
v -1.124 37.556 5.847
v 0 38.163 5.82
v 0 37.562 5.957
v 0 37.073 6.354
v -1.131 37.067 6.235
v -1.14 36.459 6.732
v 0 36.461 6.848
v 0 35.676 7.459
v -2.2 35.689 7.007
v -2.169 36.43 6.458
v -2.137 37.011 5.988
v -3.043 36.885 5.64
v -3.11 36.372 6.036
v -4.148 35.814 5.652
v -4.102 36.299 5.344
v -4.038 36.712 5.029
v -3.999 37.184 4.672
v -4.823 36.921 3.943
v -5.607 38.188 -2.19
v -5.36 38.93 -2.035
v -5.235 39.608 -0.893
v -5.494 39.046 -0.145
v -5.283 39.706 0.288
v -4.975 40.254 -0.135
v -4.682 40.345 -1.389
v -4.572 40.178 -2.203
v -4.777 39.252 -3.302
v -4.688 38.731 -4.211
v -4.234 39.346 -4.105
v -4.218 40.025 -3.308
v -3.922 40.846 -2.306
v -4.072 40.985 -1.488
v -4.566 40.675 -0.472
v -4.609 40.709 0.526
v -4.301 41.022 1.22
v -4.078 41.215 0.917
v -4.276 41.04 0.288
v -4.057 41.157 -0.774
v -3.168 41.462 -1.559
v -3.03 41.27 -2.33
v -3.666 40.632 -3.281
v -3.864 39.946 -4.038
v -3.651 39.398 -4.837
v -3.13 39.035 -5.707
v -2.956 39.413 -5.499
v -3.355 39.915 -4.718
v -3.361 40.493 -3.906
v -2.883 41.06 -3.146
v -2.247 41.461 -2.333
v -2.32 41.678 -1.498
v -3.236 41.623 -0.848
v -3.291 41.711 -0.188
v -3.895 41.377 0.062
v -3.849 41.447 0.56
v -3.626 41.549 0.255
v -3.352 41.687 0.798
v -3.498 41.574 1.263
v -2.773 41.891 1.617
v -2.685 41.965 1.082
v -2.592 42.016 0.56
v -3.33 41.73 0.36
v -2.43 41.961 -0.12
v -2.377 41.824 -0.781
v -1.707 41.769 -1.449
v -1.681 41.555 -2.324
v -2.175 41.253 -3.143
v -2.711 40.901 -3.717
v -2.096 40.983 -3.862
v -1.65 41.314 -3.165
v -1.606 41.076 -3.931
v -0.861 41.372 -3.168
v -0.887 41.626 -2.298
v -0.91 41.87 -1.431
v -1.725 41.931 -0.718
v -1.736 42.044 -0.081
v -1.862 42.105 0.606
v -1.945 42.099 1.195
v -2.027 42.09 1.816
v -2.084 42.108 2.113
v -1.092 42.209 1.948
v -1.044 42.196 1.325
v -0.997 42.175 0.66
v -0.964 42.12 -0.039
v -0.934 42.013 -0.677
v 0 42.053 -0.661
v 0 42.145 0.005
v 0 42.184 0.719
v 0 42.199 1.447
v 0 42.23 2.019
v 0 42.251 2.295
v 0 40.806 -4.712
v 0 41.142 -3.946
v 0 41.464 -3.149
v -0.839 41.067 -3.925
v 0 41.742 -2.275
v 0 41.903 -1.448
v 0 39.196 -6.598
v 0 39.468 -6.445
v 0 39.816 -6.232
v 0 40.199 -5.801
v 0 40.516 -5.27
v -0.975 40.542 -5.17
v -0.909 40.797 -4.654
v -1.582 40.799 -4.538
v -2.044 40.809 -4.349
v -2.254 40.628 -4.627
v -1.749 40.576 -4.947
v -1.955 40.237 -5.447
v -1.099 40.202 -5.728
v -1.147 39.812 -6.143
v -1.134 39.464 -6.372
v -1.173 39.179 -6.513
v -2.18 39.455 -6.009
v -2.103 39.808 -5.817
v -2.779 39.887 -5.292
v -2.56 40.272 -5.02
v -2.993 40.361 -4.523
v -2.578 40.719 -4.26
v -2.215 38.801 3.778
v -1.949 38.838 3.265
v -1.257 38.851 3.024
v -1.485 38.825 3.571
v -1.702 38.801 4.095
v -0.759 38.825 3.793
v 0 38.825 3.87
v 0 38.801 4.434
v -5.726 37.757 -0.909
v -5.235 38.5 -3.272
v -4.005 38.901 -5.011
v -2.261 39.108 -6.177
v -1.192 38.435 -6.403
v -2.27 38.36 -6.149
v -4.108 38.117 -4.898
v -4.807 37.918 -4.065
v -5.695 37.449 -2.301
v -6.174 36.073 0.967
v -6.143 35.977 1.017
v -6.089 35.997 1.249
v -6.08 36.136 1.502
v -5.988 37.044 0.465
v -5.949 37.32 -0.072
v -2.25 40.927 -0.935
v -1.722 40.927 -1.726
v -1.351 40.927 -2.028
v -2.39 40.927 -0.478
v -2.39 40.927 0.473
v -2.253 40.927 0.93
v 0 40.927 0
v -0.478 40.927 2.389
v 0 40.927 2.446
v 0 40.927 -2.446
v -5.421 39.602 0.525
v -5.117 40.293 0.978
v -5.637 38.945 0.096
v -4.447 40.938 1.461
v -3.696 41.443 1.874
v -2.094 42.044 2.395
v -1.079 42.214 2.539
v 0 42.262 2.598
v -5.874 37.608 -0.704
v -5.785 38.015 -0.459
v -2.883 41.815 2.183
v -6.214 36.105 1.024
v -6.265 36.179 1.179
v -6.185 36.045 1.053
v -6.23 36.134 1.283
v -6.145 36.194 1.414
v -6.182 36.322 1.44
v -6.261 36.23 1.284
v -6.266 36.381 1.209
v -6.18 36.464 1.368
v -6.228 36.18 0.927
v -6.279 36.291 1.075
v -6.14 36.58 -0.014
v -6.199 36.698 0.096
v -6.047 37.262 -0.133
v -6.131 37.138 -0.23
v -6.164 36.907 -0.375
v -6.104 36.773 -0.436
v -6.078 37.386 -0.72
v -5.99 37.488 -0.601
v -6.047 37.027 -1.003
v -6.113 37.147 -0.919
v -4.77 38.64 -4.229
v -4.839 38.473 -4.221
v -4.121 38.184 -4.929
v -4.138 38.369 -4.994
v -4.137 38.627 -5.055
v -4.088 38.798 -5.056
v -2.323 38.615 -6.296
v -2.3 38.447 -6.227
v -1.231 38.537 -6.532
v -1.251 38.692 -6.62
v -1.215 39.086 -6.592
v -1.243 38.914 -6.643
v -5.903 37.679 -1.035
v -5.986 37.567 -1.148
v -5.764 37.967 -2.26
v -5.693 38.12 -2.222
v -5.404 38.229 -3.259
v -5.331 38.4 -3.276
v -3.193 38.937 -5.777
v -3.222 38.773 -5.813
v -2.321 38.842 -6.305
v -2.296 39.026 -6.249
v 0 39.09 -6.696
v 0 38.909 -6.754
v 0 38.703 -6.743
v 0 38.544 -6.661
v -3.21 38.513 -5.773
v -3.176 38.337 -5.711
v -4.838 37.988 -4.097
v -4.863 38.201 -4.163
v -5.399 37.779 -3.16
v -5.422 37.976 -3.209
v -5.724 37.518 -2.301
v -5.759 37.702 -2.289
v -6.007 37.323 -1.336
v -5.957 37.226 -1.43
v -6.175 36.88 0.26
v -6.093 36.991 0.383
v 5.085 35.888 0.974
v 5.085 35.888 0.974
v 6.068 36.026 1.329
v 6.068 36.026 1.329
v 6.068 36.026 1.329
v 5.976 36.98 -1.027
v 5.915 37.18 -1.481
v 1.314 33.697 -5.67
v 2.457 33.786 -5.341
v 1.192 38.435 -6.403
v 2.27 38.36 -6.149
v 4.741 34.887 -1.978
v 4.265 34.601 -2.841
v 6.19 36.145 0.887
v 6.092 36.545 -0.047
v 0 39.196 -6.598
v 1.173 39.179 -6.513
v 3.147 35.428 6.5
v 2.143 35.377 7.007
v 6.049 36.726 -0.447
v 5.073 40.017 1.225
v 4.411 40.648 1.764
v 5.921 35.174 -1.217
v 5.491 34.79 -2.331
v 0.643 38.851 3.21
v 0 38.851 3.274
v 3.027 38.4 1.249
v 3.211 38.4 0.496
v 3.211 38.4 0.496
v 4.847 37.367 3.854
v 4.032 37.652 4.578
v 2.724 38.4 1.816
v 2.859 41.484 2.423
v 2.085 41.711 2.606
v 0.951 38.4 2.289
v 0.487 38.4 2.431
v 2.319 38.4 2.313
v 1.792 38.4 2.736
v 1.356 40.927 2.025
v 0.935 40.927 2.251
v 5.901 37.536 -0.518
v 5.903 37.484 -0.376
v 5.903 37.484 -0.376
v 5.988 37.044 0.465
v 5.949 37.32 -0.072
v 1.257 38.4 3.024
v 3.208 39.985 -0.514
v 3.208 39.985 -0.514
v 3.024 39.991 -1.257
v 5.494 39.046 -0.145
v 5.283 39.706 0.288
v 0.478 40.927 2.389
v 0 40.927 2.446
v 3.239 38.4 -0.519
v 3.239 38.4 -0.519
v 5.827 37.853 -0.157
v 6.116 35.557 -0.058
v 5.469 39.361 0.796
v 5.503 37.038 2.951
v 5.048 35.213 -1.016
v 5.161 35.547 -0.014
v 4.96 35.901 4.529
v 4.148 35.814 5.652
v 1.832 39.486 -4.523
v 2.076 39.51 -4.465
v 2.076 39.51 -4.465
v 0.481 38.4 -2.432
v 0 38.4 -2.48
v 2.433 38.4 0.481
v 2.433 38.4 0.481
v 2.399 40.407 0.474
v 2.399 40.407 0.474
v 0 33.658 -5.838
v 2.57 39.43 2.827
v 2.775 38.801 3.433
v 2.775 38.801 3.433
v 0.635 38.4 -3.213
v 0 38.4 -3.274
v 3.024 38.4 -1.257
v 2.72 38.4 -1.822
v 2.72 39.991 -1.822
v 2.319 39.992 2.313
v 2.319 39.992 2.313
v 1.952 38.84 2.599
v 1.952 38.84 2.599
v 2.366 38.848 2.988
v 1.085 41.861 2.76
v 0 41.931 2.809
v 2.059 38.4 -1.38
v 1.751 38.4 -1.755
v 6.074 36.494 1.461
v 6.074 36.494 1.461
v 6.089 36.378 1.514
v 2.215 38.801 3.778
v 1.702 38.801 4.095
v 0.93 40.927 -2.252
v 0.473 40.927 -2.391
v 1.375 38.4 -2.063
v 0.946 38.4 -2.292
v 4.264 35.847 2.976
v 3.681 35.756 3.671
v 5.527 35.986 3.412
v 2.25 40.927 -0.935
v 2.39 40.927 -0.478
v 0.643 38.4 3.21
v 3.211 39.996 0.496
v 3.211 39.996 0.496
v 3.027 39.992 1.249
v 5.445 36.609 3.105
v 1.725 40.927 1.721
v 2.724 39.992 1.816
v 4.108 38.117 -4.898
v 4.807 37.918 -4.065
v 5.665 38.718 0.406
v 6.143 35.977 1.017
v 6.143 35.977 1.017
v 6.089 35.997 1.249
v 2.088 38.821 -3.897
v 2.766 37.662 -4.311
v 6.174 36.073 0.967
v 3.635 41.491 1.594
v 2.831 41.876 1.906
v 3.034 37.382 5.252
v 2.111 37.494 5.609
v 2.064 38.4 1.375
v 1.756 38.4 1.752
v 5.833 36.754 2.254
v 4.938 34.503 -3.207
v 1.138 35.359 7.318
v 2.029 40.927 1.351
v 1.124 37.556 5.847
v 2.866 34.129 -4.245
v 1.989 33.968 -4.721
v 0.909 35.58 5.121
v 0 35.571 5.2
v 2.29 38.4 -0.951
v 2.431 38.4 -0.478
v 2.431 38.4 -0.478
v 3.19 35.74 4.086
v 2.482 35.637 4.559
v 1.135 38.104 5.734
v 0 38.163 5.82
v 1.784 35.608 4.883
v 3.643 34.346 -3.605
v 3.999 37.184 4.672
v 4.823 36.921 3.943
v 1.722 40.927 -1.726
v 1.351 40.927 -2.028
v 0.905 39.463 -4.816
v 2.39 40.927 0.473
v 2.253 40.927 0.93
v 4.301 34.24 -4.016
v 3.416 33.975 -4.779
v 3.184 35.724 6.506
v 5.805 35.901 2.562
v 5.515 35.785 3.482
v 0 37.562 5.957
v 2.438 40.927 -0.003
v 2.024 40.927 -1.357
v 0 38.468 -6.567
v 4.902 35.652 4.62
v 4.06 35.528 5.719
v 5.695 37.449 -2.301
v 5.366 37.692 -3.131
v 2.2 35.689 7.007
v 1.149 35.689 7.324
v 5.235 38.5 -3.272
v 4.688 38.731 -4.211
v 5.607 38.188 -2.19
v 4.899 40.376 0.746
v 4.301 41.022 1.22
v 6.08 36.136 1.502
v 6.08 36.136 1.502
v 5.814 36.056 2.524
v 2.084 42.108 2.113
v 3.657 41.141 2.148
v 3.068 37.875 5.151
v 0.871 38.801 4.349
v 0 35.676 7.459
v 1.099 42.218 2.226
v 0 42.251 2.295
v 1.614 39.487 -3.476
v 1.614 39.487 -3.476
v 2.261 39.108 -6.177
v 1.257 38.851 3.024
v 2.312 39.991 -2.318
v 1.817 39.991 -2.725
v 0 38.4 2.48
v 2.172 38.012 5.496
v 2.312 38.4 -2.318
v 1.817 38.4 -2.725
v 1.25 38.4 -3.027
v 2.293 38.4 0.946
v 1.021 33.874 -5.01
v 0 33.825 -5.147
v 2.398 40.407 -0.48
v 2.398 40.407 -0.48
v 0 39.991 -3.275
v 0.635 39.991 -3.214
v 1.38 38.4 2.06
v 5.874 37.608 -0.704
v 4.792 35.957 2.02
v 0 39.463 -3.83
v 0.743 39.463 -3.76
v 0 38.4 3.274
v 4.005 38.901 -5.011
v 3.13 39.035 -5.707
v 0 40.927 -2.446
v 5.726 37.757 -0.909
v 5.726 37.757 -0.909
v 5.65 38.071 -0.716
v 0 38.801 4.434
v 1.462 39.463 -3.543
v 1.71 38.803 2.747
v 3.153 38.273 -5.673
v 2.445 40.407 -0.003
v 5.817 37.68 -0.842
v 0 35.345 7.452
v 1.25 39.991 -3.027
v 0 39.478 -4.858
v -5.085 35.888 0.974
v -5.085 35.888 0.974
v -6.068 36.026 1.329
v -6.068 36.026 1.329
v -6.068 36.026 1.329
v -5.976 36.98 -1.027
v -5.915 37.18 -1.481
v -1.314 33.697 -5.67
v -2.457 33.786 -5.341
v -1.192 38.435 -6.403
v -2.27 38.36 -6.149
v -4.741 34.887 -1.978
v -4.265 34.601 -2.841
v -6.19 36.145 0.887
v -6.092 36.545 -0.047
v -1.173 39.179 -6.513
v -3.147 35.428 6.5
v -2.143 35.377 7.007
v -6.049 36.726 -0.447
v -5.073 40.017 1.225
v -4.411 40.648 1.764
v -5.921 35.174 -1.217
v -5.491 34.79 -2.331
v -0.643 38.851 3.21
v -3.027 38.4 1.249
v -3.211 38.4 0.496
v -3.211 38.4 0.496
v -4.847 37.367 3.854
v -4.032 37.652 4.578
v -2.724 38.4 1.816
v -2.859 41.484 2.423
v -2.085 41.711 2.606
v -0.951 38.4 2.289
v -0.487 38.4 2.431
v -2.319 38.4 2.313
v -1.792 38.4 2.736
v -1.356 40.927 2.025
v -0.935 40.927 2.251
v -5.901 37.536 -0.518
v -5.903 37.484 -0.376
v -5.903 37.484 -0.376
v -5.988 37.044 0.465
v -5.949 37.32 -0.072
v -1.257 38.4 3.024
v -3.208 39.985 -0.514
v -3.208 39.985 -0.514
v -3.024 39.991 -1.257
v -5.494 39.046 -0.145
v -5.283 39.706 0.288
v -0.478 40.927 2.389
v -3.239 38.4 -0.519
v -3.239 38.4 -0.519
v -5.827 37.853 -0.157
v -6.116 35.557 -0.058
v -5.469 39.361 0.796
v -5.503 37.038 2.951
v -5.048 35.213 -1.016
v -5.161 35.547 -0.014
v -4.96 35.901 4.529
v -4.148 35.814 5.652
v -1.832 39.486 -4.523
v -2.076 39.51 -4.465
v -2.076 39.51 -4.465
v -0.481 38.4 -2.432
v -2.433 38.4 0.481
v -2.433 38.4 0.481
v -2.399 40.407 0.474
v -2.399 40.407 0.474
v -2.57 39.43 2.827
v -2.775 38.801 3.433
v -2.775 38.801 3.433
v -0.635 38.4 -3.213
v -3.024 38.4 -1.257
v -2.72 38.4 -1.822
v -2.72 39.991 -1.822
v -2.319 39.992 2.313
v -2.319 39.992 2.313
v -1.952 38.84 2.599
v -1.952 38.84 2.599
v -2.366 38.848 2.988
v -1.085 41.861 2.76
v -2.059 38.4 -1.38
v -1.751 38.4 -1.755
v -6.074 36.494 1.461
v -6.074 36.494 1.461
v -6.089 36.378 1.514
v -2.215 38.801 3.778
v -1.702 38.801 4.095
v -0.93 40.927 -2.252
v -0.473 40.927 -2.391
v -1.375 38.4 -2.063
v -0.946 38.4 -2.292
v -4.264 35.847 2.976
v -3.681 35.756 3.671
v -5.527 35.986 3.412
v -2.25 40.927 -0.935
v -2.39 40.927 -0.478
v -0.643 38.4 3.21
v -3.211 39.996 0.496
v -3.211 39.996 0.496
v -3.027 39.992 1.249
v -5.445 36.609 3.105
v -1.725 40.927 1.721
v -2.724 39.992 1.816
v -4.108 38.117 -4.898
v -4.807 37.918 -4.065
v -5.665 38.718 0.406
v -6.143 35.977 1.017
v -6.143 35.977 1.017
v -6.089 35.997 1.249
v -2.088 38.821 -3.897
v -2.766 37.662 -4.311
v -6.174 36.073 0.967
v -3.635 41.491 1.594
v -2.831 41.876 1.906
v -3.034 37.382 5.252
v -2.111 37.494 5.609
v -2.064 38.4 1.375
v -1.756 38.4 1.752
v -5.833 36.754 2.254
v -4.938 34.503 -3.207
v -1.138 35.359 7.318
v -2.029 40.927 1.351
v -1.124 37.556 5.847
v -2.866 34.129 -4.245
v -1.989 33.968 -4.721
v -0.909 35.58 5.121
v -2.29 38.4 -0.951
v -2.431 38.4 -0.478
v -2.431 38.4 -0.478
v -3.19 35.74 4.086
v -2.482 35.637 4.559
v -1.135 38.104 5.734
v -1.784 35.608 4.883
v -3.643 34.346 -3.605
v -3.999 37.184 4.672
v -4.823 36.921 3.943
v -1.722 40.927 -1.726
v -1.351 40.927 -2.028
v -0.905 39.463 -4.816
v -2.39 40.927 0.473
v -2.253 40.927 0.93
v -4.301 34.24 -4.016
v -3.416 33.975 -4.779
v -3.184 35.724 6.506
v -5.805 35.901 2.562
v -5.515 35.785 3.482
v -2.438 40.927 -0.003
v -2.024 40.927 -1.357
v -4.902 35.652 4.62
v -4.06 35.528 5.719
v -5.695 37.449 -2.301
v -5.366 37.692 -3.131
v -2.2 35.689 7.007
v -1.149 35.689 7.324
v -5.235 38.5 -3.272
v -4.688 38.731 -4.211
v -5.607 38.188 -2.19
v -4.899 40.376 0.746
v -4.301 41.022 1.22
v -6.08 36.136 1.502
v -6.08 36.136 1.502
v -5.814 36.056 2.524
v -2.084 42.108 2.113
v -3.657 41.141 2.148
v -3.068 37.875 5.151
v -0.871 38.801 4.349
v -1.099 42.218 2.226
v -1.614 39.487 -3.476
v -1.614 39.487 -3.476
v -2.261 39.108 -6.177
v -1.257 38.851 3.024
v -2.312 39.991 -2.318
v -1.817 39.991 -2.725
v -2.172 38.012 5.496
v -2.312 38.4 -2.318
v -1.817 38.4 -2.725
v -1.25 38.4 -3.027
v -2.293 38.4 0.946
v -1.021 33.874 -5.01
v -2.398 40.407 -0.48
v -2.398 40.407 -0.48
v -0.635 39.991 -3.214
v -1.38 38.4 2.06
v -5.874 37.608 -0.704
v -4.792 35.957 2.02
v -0.743 39.463 -3.76
v -4.005 38.901 -5.011
v -3.13 39.035 -5.707
v -5.726 37.757 -0.909
v -5.726 37.757 -0.909
v -5.65 38.071 -0.716
v -1.462 39.463 -3.543
v -1.71 38.803 2.747
v -3.153 38.273 -5.673
v -2.445 40.407 -0.003
v -5.817 37.68 -0.842
v -1.25 39.991 -3.027
vt 0.688 0.251
vt 0.724 0.255
vt 0.724 0.256
vt 0.688 0.251
vt 0.726 0.254
vt 0.724 0.255
vt 0.561 0.382
vt 0.578 0.383
vt 0.578 0.358
vt 0.578 0.358
vt 0.578 0.383
vt 0.603 0.315
vt 0.619 0.4
vt 0.619 0.342
vt 0.59 0.415
vt 0.619 0.342
vt 0.591 0.342
vt 0.59 0.415
vt 0.637 0.453
vt 0.665 0.435
vt 0.637 0.455
vt 0.665 0.435
vt 0.662 0.438
vt 0.637 0.455
vt 0.718 0.309
vt 0.718 0.311
vt 0.715 0.322
vt 0.718 0.311
vt 0.715 0.325
vt 0.715 0.322
vt 0.525 0.342
vt 0.52 0.342
vt 0.502 0.342
vt 0.52 0.342
vt 0.502 0.342
vt 0.502 0.342
vt 0.622 0.25
vt 0.655 0.252
vt 0.624 0.214
vt 0.655 0.252
vt 0.658 0.219
vt 0.624 0.214
vt 0.619 0.4
vt 0.639 0.381
vt 0.622 0.4
vt 0.639 0.381
vt 0.642 0.381
vt 0.622 0.4
vt 0.625 0.398
vt 0.643 0.399
vt 0.635 0.379
vt 0.643 0.399
vt 0.657 0.377
vt 0.635 0.379
vt 0.585 0.368
vt 0.586 0.365
vt 0.545 0.371
vt 0.586 0.365
vt 0.547 0.367
vt 0.545 0.371
vt 0.682 0.2
vt 0.703 0.211
vt 0.658 0.204
vt 0.703 0.211
vt 0.675 0.214
vt 0.658 0.204
vt 0.718 0.225
vt 0.686 0.226
vt 0.703 0.211
vt 0.686 0.226
vt 0.675 0.214
vt 0.703 0.211
vt 0.586 0.342
vt 0.613 0.342
vt 0.578 0.342
vt 0.613 0.342
vt 0.602 0.342
vt 0.578 0.342
vt 0.502 0.247
vt 0.502 0.282
vt 0.548 0.247
vt 0.502 0.282
vt 0.547 0.278
vt 0.548 0.247
vt 0.613 0.342
vt 0.613 0.4
vt 0.602 0.342
vt 0.613 0.4
vt 0.602 0.4
vt 0.602 0.342
vt 0.525 0.4
vt 0.525 0.342
vt 0.502 0.4
vt 0.525 0.342
vt 0.502 0.342
vt 0.502 0.4
vt 0.602 0.342
vt 0.602 0.4
vt 0.587 0.342
vt 0.602 0.4
vt 0.587 0.4
vt 0.587 0.342
vt 0.601 0.4
vt 0.601 0.342
vt 0.587 0.4
vt 0.601 0.342
vt 0.587 0.342
vt 0.587 0.4
vt 0.569 0.4
vt 0.569 0.342
vt 0.548 0.4
vt 0.569 0.342
vt 0.548 0.342
vt 0.548 0.4
vt 0.577 0.342
vt 0.576 0.434
vt 0.566 0.342
vt 0.576 0.434
vt 0.565 0.434
vt 0.566 0.342
vt 0.548 0.342
vt 0.548 0.359
vt 0.526 0.342
vt 0.548 0.359
vt 0.526 0.359
vt 0.526 0.342
vt 0.587 0.4
vt 0.573 0.358
vt 0.587 0.342
vt 0.587 0.342
vt 0.573 0.358
vt 0.568 0.342
vt 0.568 0.342
vt 0.573 0.358
vt 0.565 0.357
vt 0.724 0.26
vt 0.726 0.262
vt 0.724 0.268
vt 0.726 0.262
vt 0.728 0.266
vt 0.724 0.268
vt 0.548 0.4
vt 0.548 0.342
vt 0.525 0.4
vt 0.548 0.342
vt 0.525 0.342
vt 0.525 0.4
vt 0.587 0.4
vt 0.587 0.342
vt 0.569 0.4
vt 0.587 0.342
vt 0.569 0.342
vt 0.569 0.4
vt 0.585 0.341
vt 0.586 0.344
vt 0.617 0.338
vt 0.586 0.344
vt 0.618 0.34
vt 0.617 0.338
vt 0.526 0.342
vt 0.526 0.359
vt 0.502 0.342
vt 0.526 0.359
vt 0.502 0.359
vt 0.502 0.342
vt 0.619 0.342
vt 0.619 0.4
vt 0.613 0.342
vt 0.619 0.4
vt 0.613 0.4
vt 0.613 0.342
vt 0.502 0.357
vt 0.502 0.358
vt 0.534 0.357
vt 0.502 0.358
vt 0.53 0.358
vt 0.534 0.357
vt 0.529 0.381
vt 0.535 0.381
vt 0.556 0.381
vt 0.535 0.381
vt 0.569 0.382
vt 0.556 0.381
vt 0.543 0.311
vt 0.544 0.294
vt 0.579 0.309
vt 0.544 0.294
vt 0.58 0.292
vt 0.579 0.309
vt 0.526 0.359
vt 0.53 0.358
vt 0.502 0.359
vt 0.53 0.358
vt 0.502 0.358
vt 0.502 0.359
vt 0.725 0.239
vt 0.691 0.238
vt 0.718 0.225
vt 0.691 0.238
vt 0.686 0.226
vt 0.718 0.225
vt 0.603 0.357
vt 0.617 0.357
vt 0.612 0.313
vt 0.617 0.357
vt 0.631 0.313
vt 0.612 0.313
vt 0.601 0.342
vt 0.577 0.342
vt 0.587 0.342
vt 0.577 0.342
vt 0.566 0.342
vt 0.587 0.342
vt 0.548 0.4
vt 0.556 0.381
vt 0.561 0.382
vt 0.675 0.214
vt 0.675 0.313
vt 0.658 0.204
vt 0.675 0.313
vt 0.657 0.313
vt 0.658 0.204
vt 0.719 0.303
vt 0.721 0.293
vt 0.723 0.301
vt 0.721 0.293
vt 0.725 0.291
vt 0.723 0.301
vt 0.613 0.447
vt 0.584 0.454
vt 0.618 0.454
vt 0.584 0.454
vt 0.587 0.462
vt 0.618 0.454
vt 0.578 0.358
vt 0.603 0.315
vt 0.592 0.357
vt 0.569 0.4
vt 0.58 0.381
vt 0.587 0.4
vt 0.58 0.381
vt 0.601 0.381
vt 0.587 0.4
vt 0.631 0.381
vt 0.639 0.381
vt 0.652 0.357
vt 0.639 0.381
vt 0.661 0.357
vt 0.652 0.357
vt 0.603 0.47
vt 0.6 0.472
vt 0.576 0.477
vt 0.6 0.472
vt 0.573 0.477
vt 0.576 0.477
vt 0.733 0.672
vt 0.792 0.684
vt 0.728 0.724
vt 0.792 0.684
vt 0.787 0.738
vt 0.728 0.724
vt 0.721 0.258
vt 0.725 0.239
vt 0.714 0.243
vt 0.725 0.239
vt 0.718 0.225
vt 0.714 0.243
vt 0.5 0.864
vt 0.559 0.863
vt 0.5 0.91
vt 0.559 0.863
vt 0.558 0.909
vt 0.5 0.91
vt 0.565 0.471
vt 0.565 0.465
vt 0.536 0.474
vt 0.565 0.465
vt 0.535 0.469
vt 0.536 0.474
vt 0.542 0.408
vt 0.502 0.408
vt 0.538 0.42
vt 0.502 0.408
vt 0.502 0.419
vt 0.538 0.42
vt 0.687 0.401
vt 0.689 0.406
vt 0.663 0.424
vt 0.689 0.406
vt 0.665 0.429
vt 0.663 0.424
vt 0.617 0.357
vt 0.634 0.313
vt 0.637 0.357
vt 0.634 0.313
vt 0.657 0.313
vt 0.637 0.357
vt 0.502 0.271
vt 0.502 0.243
vt 0.544 0.271
vt 0.502 0.243
vt 0.544 0.243
vt 0.544 0.271
vt 0.566 0.422
vt 0.538 0.42
vt 0.56 0.43
vt 0.538 0.42
vt 0.535 0.43
vt 0.56 0.43
vt 0.502 0.394
vt 0.544 0.394
vt 0.502 0.381
vt 0.544 0.394
vt 0.544 0.381
vt 0.502 0.381
vt 0.682 0.226
vt 0.682 0.2
vt 0.658 0.219
vt 0.682 0.2
vt 0.659 0.19
vt 0.658 0.219
vt 0.601 0.381
vt 0.596 0.38
vt 0.587 0.4
vt 0.535 0.46
vt 0.534 0.451
vt 0.502 0.464
vt 0.534 0.451
vt 0.502 0.454
vt 0.502 0.464
vt 0.579 0.394
vt 0.604 0.397
vt 0.582 0.381
vt 0.604 0.397
vt 0.61 0.379
vt 0.582 0.381
vt 0.618 0.306
vt 0.62 0.275
vt 0.586 0.308
vt 0.62 0.275
vt 0.587 0.276
vt 0.586 0.308
vt 0.661 0.357
vt 0.685 0.313
vt 0.652 0.357
vt 0.685 0.313
vt 0.67 0.313
vt 0.652 0.357
vt 0.675 0.313
vt 0.652 0.357
vt 0.657 0.313
vt 0.652 0.357
vt 0.637 0.357
vt 0.657 0.313
vt 0.538 0.313
vt 0.572 0.313
vt 0.535 0.239
vt 0.572 0.313
vt 0.567 0.24
vt 0.535 0.239
vt 0.685 0.313
vt 0.661 0.357
vt 0.689 0.313
vt 0.661 0.357
vt 0.664 0.357
vt 0.689 0.313
vt 0.721 0.312
vt 0.724 0.305
vt 0.721 0.303
vt 0.724 0.305
vt 0.725 0.297
vt 0.721 0.303
vt 0.5 0.811
vt 0.56 0.811
vt 0.5 0.864
vt 0.56 0.811
vt 0.559 0.863
vt 0.5 0.864
vt 0.584 0.454
vt 0.613 0.447
vt 0.582 0.446
vt 0.613 0.447
vt 0.607 0.439
vt 0.582 0.446
vt 0.602 0.4
vt 0.613 0.4
vt 0.619 0.381
vt 0.613 0.4
vt 0.631 0.381
vt 0.619 0.381
vt 0.661 0.357
vt 0.639 0.381
vt 0.652 0.357
vt 0.639 0.381
vt 0.631 0.381
vt 0.652 0.357
vt 0.631 0.381
vt 0.652 0.357
vt 0.619 0.381
vt 0.652 0.357
vt 0.637 0.357
vt 0.619 0.381
vt 0.832 0.797
vt 0.871 0.808
vt 0.82 0.846
vt 0.871 0.808
vt 0.864 0.855
vt 0.82 0.846
vt 0.685 0.313
vt 0.661 0.357
vt 0.675 0.313
vt 0.661 0.357
vt 0.652 0.357
vt 0.675 0.313
vt 0.688 0.251
vt 0.685 0.313
vt 0.691 0.238
vt 0.685 0.313
vt 0.689 0.313
vt 0.691 0.238
vt 0.661 0.357
vt 0.685 0.313
vt 0.664 0.357
vt 0.685 0.313
vt 0.689 0.313
vt 0.664 0.357
vt 0.639 0.381
vt 0.661 0.357
vt 0.642 0.381
vt 0.661 0.357
vt 0.664 0.357
vt 0.642 0.381
vt 0.728 0.287
vt 0.731 0.269
vt 0.728 0.28
vt 0.731 0.269
vt 0.731 0.265
vt 0.728 0.28
vt 0.637 0.357
vt 0.652 0.357
vt 0.653 0.313
vt 0.652 0.357
vt 0.67 0.313
vt 0.653 0.313
vt 0.698 0.277
vt 0.699 0.256
vt 0.679 0.277
vt 0.699 0.256
vt 0.68 0.253
vt 0.679 0.277
vt 0.686 0.226
vt 0.685 0.313
vt 0.675 0.214
vt 0.685 0.313
vt 0.675 0.313
vt 0.675 0.214
vt 0.601 0.381
vt 0.617 0.357
vt 0.618 0.381
vt 0.617 0.357
vt 0.637 0.357
vt 0.618 0.381
vt 0.648 0.298
vt 0.678 0.288
vt 0.649 0.315
vt 0.678 0.288
vt 0.679 0.305
vt 0.649 0.315
vt 0.661 0.357
vt 0.639 0.381
vt 0.664 0.357
vt 0.639 0.381
vt 0.642 0.381
vt 0.664 0.357
vt 0.658 0.204
vt 0.657 0.313
vt 0.635 0.194
vt 0.657 0.313
vt 0.634 0.313
vt 0.635 0.194
vt 0.539 0.48
vt 0.537 0.478
vt 0.502 0.48
vt 0.537 0.478
vt 0.502 0.479
vt 0.502 0.48
vt 0.525 0.4
vt 0.529 0.381
vt 0.548 0.4
vt 0.529 0.381
vt 0.556 0.381
vt 0.548 0.4
vt 0.669 0.407
vt 0.645 0.431
vt 0.673 0.413
vt 0.645 0.431
vt 0.651 0.437
vt 0.673 0.413
vt 0.575 0.181
vt 0.573 0.313
vt 0.54 0.177
vt 0.573 0.313
vt 0.538 0.313
vt 0.54 0.177
vt 0.538 0.313
vt 0.573 0.313
vt 0.535 0.381
vt 0.573 0.313
vt 0.569 0.382
vt 0.535 0.381
vt 0.718 0.309
vt 0.721 0.309
vt 0.718 0.311
vt 0.542 0.482
vt 0.542 0.481
vt 0.502 0.483
vt 0.542 0.481
vt 0.502 0.482
vt 0.502 0.483
vt 0.601 0.4
vt 0.618 0.381
vt 0.613 0.4
vt 0.618 0.381
vt 0.631 0.381
vt 0.613 0.4
vt 0.54 0.177
vt 0.538 0.313
vt 0.502 0.175
vt 0.538 0.313
vt 0.502 0.313
vt 0.502 0.175
vt 0.596 0.38
vt 0.573 0.358
vt 0.587 0.4
vt 0.596 0.38
vt 0.589 0.359
vt 0.573 0.358
vt 0.596 0.38
vt 0.603 0.357
vt 0.589 0.359
vt 0.59 0.415
vt 0.584 0.434
vt 0.589 0.434
vt 0.59 0.415
vt 0.586 0.342
vt 0.584 0.434
vt 0.59 0.415
vt 0.591 0.342
vt 0.586 0.342
vt 0.552 0.434
vt 0.553 0.342
vt 0.536 0.434
vt 0.553 0.342
vt 0.537 0.342
vt 0.536 0.434
vt 0.537 0.342
vt 0.536 0.434
vt 0.52 0.342
vt 0.536 0.434
vt 0.52 0.434
vt 0.52 0.342
vt 0.52 0.342
vt 0.52 0.434
vt 0.502 0.342
vt 0.52 0.434
vt 0.502 0.434
vt 0.502 0.342
vt 0.576 0.434
vt 0.584 0.434
vt 0.578 0.342
vt 0.584 0.434
vt 0.586 0.342
vt 0.578 0.342
vt 0.652 0.266
vt 0.654 0.248
vt 0.682 0.262
vt 0.654 0.248
vt 0.683 0.251
vt 0.682 0.262
vt 0.653 0.313
vt 0.67 0.313
vt 0.658 0.249
vt 0.67 0.313
vt 0.677 0.253
vt 0.658 0.249
vt 0.685 0.313
vt 0.686 0.226
vt 0.689 0.313
vt 0.686 0.226
vt 0.691 0.238
vt 0.689 0.313
vt 0.536 0.434
vt 0.502 0.434
vt 0.552 0.434
vt 0.624 0.464
vt 0.622 0.463
vt 0.597 0.474
vt 0.622 0.463
vt 0.591 0.472
vt 0.597 0.474
vt 0.669 0.407
vt 0.673 0.413
vt 0.698 0.362
vt 0.673 0.413
vt 0.693 0.386
vt 0.698 0.362
vt 0.698 0.316
vt 0.699 0.32
vt 0.71 0.308
vt 0.699 0.32
vt 0.711 0.31
vt 0.71 0.308
vt 0.619 0.245
vt 0.637 0.246
vt 0.65 0.237
vt 0.637 0.246
vt 0.681 0.242
vt 0.65 0.237
vt 0.678 0.325
vt 0.679 0.327
vt 0.698 0.316
vt 0.679 0.327
vt 0.699 0.32
vt 0.698 0.316
vt 0.607 0.439
vt 0.613 0.447
vt 0.636 0.424
vt 0.613 0.447
vt 0.645 0.431
vt 0.636 0.424
vt 0.668 0.713
vt 0.728 0.724
vt 0.665 0.767
vt 0.728 0.724
vt 0.723 0.776
vt 0.665 0.767
vt 0.62 0.46
vt 0.65 0.443
vt 0.618 0.454
vt 0.65 0.443
vt 0.651 0.437
vt 0.618 0.454
vt 0.607 0.455
vt 0.636 0.442
vt 0.607 0.461
vt 0.636 0.442
vt 0.637 0.448
vt 0.607 0.461
vt 0.544 0.271
vt 0.544 0.294
vt 0.502 0.271
vt 0.544 0.294
vt 0.502 0.294
vt 0.502 0.271
vt 0.54 0.481
vt 0.542 0.481
vt 0.573 0.477
vt 0.542 0.481
vt 0.576 0.477
vt 0.573 0.477
vt 0.637 0.453
vt 0.637 0.455
vt 0.607 0.467
vt 0.637 0.455
vt 0.607 0.469
vt 0.607 0.467
vt 0.591 0.342
vt 0.62 0.342
vt 0.59 0.415
vt 0.62 0.342
vt 0.619 0.4
vt 0.59 0.415
vt 0.62 0.46
vt 0.618 0.454
vt 0.589 0.467
vt 0.618 0.454
vt 0.587 0.462
vt 0.589 0.467
vt 0.686 0.414
vt 0.698 0.389
vt 0.681 0.414
vt 0.698 0.389
vt 0.695 0.39
vt 0.681 0.414
vt 0.579 0.309
vt 0.582 0.328
vt 0.543 0.311
vt 0.582 0.328
vt 0.544 0.331
vt 0.543 0.311
vt 0.542 0.483
vt 0.542 0.482
vt 0.502 0.485
vt 0.542 0.482
vt 0.502 0.483
vt 0.502 0.485
vt 0.685 0.313
vt 0.688 0.251
vt 0.67 0.313
vt 0.688 0.251
vt 0.677 0.253
vt 0.67 0.313
vt 0.652 0.332
vt 0.653 0.304
vt 0.617 0.338
vt 0.653 0.304
vt 0.618 0.306
vt 0.617 0.338
vt 0.637 0.455
vt 0.635 0.455
vt 0.607 0.469
vt 0.635 0.455
vt 0.606 0.469
vt 0.607 0.469
vt 0.591 0.342
vt 0.619 0.342
vt 0.586 0.342
vt 0.619 0.342
vt 0.613 0.342
vt 0.586 0.342
vt 0.708 0.33
vt 0.711 0.319
vt 0.698 0.362
vt 0.711 0.319
vt 0.707 0.335
vt 0.698 0.362
vt 0.719 0.267
vt 0.718 0.279
vt 0.723 0.281
vt 0.718 0.279
vt 0.72 0.29
vt 0.723 0.281
vt 0.616 0.365
vt 0.619 0.362
vt 0.585 0.368
vt 0.619 0.362
vt 0.586 0.365
vt 0.585 0.368
vt 0.718 0.827
vt 0.772 0.836
vt 0.713 0.863
vt 0.772 0.836
vt 0.766 0.865
vt 0.713 0.863
vt 0.617 0.338
vt 0.618 0.306
vt 0.585 0.341
vt 0.618 0.306
vt 0.586 0.308
vt 0.585 0.341
vt 0.673 0.354
vt 0.676 0.351
vt 0.648 0.361
vt 0.676 0.351
vt 0.651 0.357
vt 0.648 0.361
vt 0.537 0.342
vt 0.553 0.342
vt 0.548 0.342
vt 0.553 0.342
vt 0.568 0.342
vt 0.548 0.342
vt 0.659 0.19
vt 0.682 0.2
vt 0.635 0.194
vt 0.682 0.2
vt 0.658 0.204
vt 0.635 0.194
vt 0.88 0.766
vt 0.921 0.782
vt 0.871 0.808
vt 0.921 0.782
vt 0.911 0.82
vt 0.871 0.808
vt 0.618 0.454
vt 0.651 0.437
vt 0.613 0.447
vt 0.651 0.437
vt 0.645 0.431
vt 0.613 0.447
vt 0.687 0.401
vt 0.702 0.377
vt 0.689 0.406
vt 0.702 0.377
vt 0.701 0.382
vt 0.689 0.406
vt 0.53 0.358
vt 0.556 0.358
vt 0.534 0.357
vt 0.556 0.358
vt 0.564 0.357
vt 0.534 0.357
vt 0.714 0.257
vt 0.715 0.264
vt 0.704 0.254
vt 0.715 0.264
vt 0.704 0.26
vt 0.704 0.254
vt 0.714 0.243
vt 0.712 0.261
vt 0.721 0.258
vt 0.712 0.261
vt 0.719 0.267
vt 0.721 0.258
vt 0.681 0.242
vt 0.683 0.251
vt 0.65 0.237
vt 0.683 0.251
vt 0.654 0.248
vt 0.65 0.237
vt 0.596 0.427
vt 0.577 0.43
vt 0.601 0.434
vt 0.577 0.43
vt 0.579 0.436
vt 0.601 0.434
vt 0.607 0.469
vt 0.606 0.469
vt 0.578 0.478
vt 0.606 0.469
vt 0.578 0.478
vt 0.578 0.478
vt 0.544 0.231
vt 0.544 0.243
vt 0.502 0.231
vt 0.544 0.243
vt 0.502 0.243
vt 0.502 0.231
vt 0.502 0.282
vt 0.502 0.314
vt 0.547 0.278
vt 0.502 0.314
vt 0.547 0.31
vt 0.547 0.278
vt 0.65 0.237
vt 0.654 0.248
vt 0.617 0.234
vt 0.654 0.248
vt 0.618 0.245
vt 0.617 0.234
vt 0.724 0.268
vt 0.728 0.266
vt 0.724 0.273
vt 0.728 0.266
vt 0.728 0.272
vt 0.724 0.273
vt 0.703 0.247
vt 0.704 0.254
vt 0.681 0.242
vt 0.704 0.254
vt 0.683 0.251
vt 0.681 0.242
vt 0.728 0.26
vt 0.725 0.275
vt 0.729 0.261
vt 0.725 0.275
vt 0.726 0.276
vt 0.729 0.261
vt 0.617 0.234
vt 0.618 0.245
vt 0.58 0.232
vt 0.618 0.245
vt 0.583 0.243
vt 0.58 0.232
vt 0.548 0.342
vt 0.537 0.342
vt 0.525 0.342
vt 0.537 0.342
vt 0.52 0.342
vt 0.525 0.342
vt 0.556 0.358
vt 0.53 0.358
vt 0.548 0.359
vt 0.53 0.358
vt 0.526 0.359
vt 0.548 0.359
vt 0.52 0.342
vt 0.526 0.342
vt 0.502 0.342
vt 0.526 0.342
vt 0.502 0.342
vt 0.502 0.342
vt 0.616 0.268
vt 0.613 0.287
vt 0.581 0.27
vt 0.613 0.287
vt 0.58 0.292
vt 0.581 0.27
vt 0.569 0.342
vt 0.552 0.342
vt 0.548 0.342
vt 0.552 0.342
vt 0.537 0.342
vt 0.548 0.342
vt 0.578 0.342
vt 0.602 0.342
vt 0.566 0.342
vt 0.602 0.342
vt 0.587 0.342
vt 0.566 0.342
vt 0.613 0.342
vt 0.62 0.342
vt 0.586 0.342
vt 0.62 0.342
vt 0.591 0.342
vt 0.586 0.342
vt 0.625 0.398
vt 0.635 0.379
vt 0.604 0.397
vt 0.635 0.379
vt 0.61 0.379
vt 0.604 0.397
vt 0.723 0.281
vt 0.72 0.29
vt 0.725 0.283
vt 0.72 0.29
vt 0.723 0.292
vt 0.725 0.283
vt 0.662 0.438
vt 0.659 0.438
vt 0.637 0.455
vt 0.659 0.438
vt 0.635 0.455
vt 0.637 0.455
vt 0.648 0.361
vt 0.651 0.357
vt 0.616 0.365
vt 0.651 0.357
vt 0.619 0.362
vt 0.616 0.365
vt 0.653 0.351
vt 0.653 0.341
vt 0.62 0.356
vt 0.653 0.341
vt 0.619 0.346
vt 0.62 0.356
vt 0.698 0.362
vt 0.707 0.335
vt 0.677 0.373
vt 0.707 0.335
vt 0.693 0.346
vt 0.677 0.373
vt 0.693 0.346
vt 0.697 0.342
vt 0.673 0.354
vt 0.697 0.342
vt 0.676 0.351
vt 0.673 0.354
vt 0.726 0.296
vt 0.728 0.287
vt 0.727 0.288
vt 0.728 0.287
vt 0.728 0.28
vt 0.727 0.288
vt 0.58 0.381
vt 0.561 0.382
vt 0.592 0.357
vt 0.561 0.382
vt 0.578 0.358
vt 0.592 0.357
vt 0.721 0.293
vt 0.724 0.273
vt 0.725 0.291
vt 0.724 0.273
vt 0.728 0.272
vt 0.725 0.291
vt 0.711 0.33
vt 0.708 0.33
vt 0.706 0.365
vt 0.708 0.33
vt 0.703 0.366
vt 0.706 0.365
vt 0.619 0.4
vt 0.613 0.4
vt 0.639 0.381
vt 0.613 0.4
vt 0.631 0.381
vt 0.639 0.381
vt 0.502 0.434
vt 0.502 0.434
vt 0.52 0.434
vt 0.589 0.434
vt 0.584 0.434
vt 0.59 0.415
vt 0.584 0.434
vt 0.586 0.342
vt 0.59 0.415
vt 0.59 0.415
vt 0.586 0.342
vt 0.591 0.342
vt 0.552 0.342
vt 0.552 0.434
vt 0.537 0.342
vt 0.552 0.434
vt 0.536 0.434
vt 0.537 0.342
vt 0.566 0.342
vt 0.565 0.434
vt 0.552 0.342
vt 0.565 0.434
vt 0.552 0.434
vt 0.552 0.342
vt 0.502 0.434
vt 0.52 0.434
vt 0.502 0.342
vt 0.52 0.434
vt 0.52 0.342
vt 0.502 0.342
vt 0.536 0.434
vt 0.537 0.342
vt 0.52 0.434
vt 0.537 0.342
vt 0.52 0.342
vt 0.52 0.434
vt 0.576 0.434
vt 0.578 0.342
vt 0.565 0.434
vt 0.578 0.342
vt 0.566 0.342
vt 0.565 0.434
vt 0.586 0.342
vt 0.584 0.434
vt 0.577 0.342
vt 0.584 0.434
vt 0.576 0.434
vt 0.577 0.342
vt 0.565 0.434
vt 0.566 0.342
vt 0.552 0.434
vt 0.566 0.342
vt 0.553 0.342
vt 0.552 0.434
vt 0.589 0.434
vt 0.591 0.434
vt 0.59 0.415
vt 0.591 0.434
vt 0.591 0.415
vt 0.59 0.415
vt 0.726 0.254
vt 0.725 0.239
vt 0.728 0.257
vt 0.71 0.278
vt 0.718 0.279
vt 0.712 0.261
vt 0.718 0.279
vt 0.719 0.267
vt 0.712 0.261
vt 0.662 0.438
vt 0.686 0.414
vt 0.659 0.438
vt 0.686 0.414
vt 0.681 0.414
vt 0.659 0.438
vt 0.656 0.402
vt 0.677 0.373
vt 0.643 0.399
vt 0.677 0.373
vt 0.657 0.377
vt 0.643 0.399
vt 0.718 0.298
vt 0.71 0.308
vt 0.72 0.299
vt 0.71 0.308
vt 0.711 0.31
vt 0.72 0.299
vt 0.548 0.359
vt 0.565 0.357
vt 0.556 0.358
vt 0.565 0.357
vt 0.573 0.358
vt 0.556 0.358
vt 0.911 0.82
vt 0.95 0.824
vt 0.902 0.859
vt 0.95 0.824
vt 0.956 0.843
vt 0.902 0.859
vt 0.589 0.467
vt 0.591 0.472
vt 0.62 0.46
vt 0.591 0.472
vt 0.622 0.463
vt 0.62 0.46
vt 0.565 0.471
vt 0.589 0.467
vt 0.565 0.465
vt 0.589 0.467
vt 0.587 0.462
vt 0.565 0.465
vt 0.677 0.373
vt 0.693 0.346
vt 0.657 0.377
vt 0.693 0.346
vt 0.673 0.354
vt 0.657 0.377
vt 0.622 0.463
vt 0.624 0.464
vt 0.644 0.451
vt 0.624 0.464
vt 0.635 0.457
vt 0.644 0.451
vt 0.625 0.462
vt 0.643 0.453
vt 0.624 0.464
vt 0.643 0.453
vt 0.635 0.457
vt 0.624 0.464
vt 0.552 0.434
vt 0.502 0.434
vt 0.565 0.434
vt 0.713 0.863
vt 0.766 0.865
vt 0.707 0.9
vt 0.766 0.865
vt 0.759 0.893
vt 0.707 0.9
vt 0.648 0.361
vt 0.635 0.379
vt 0.673 0.354
vt 0.635 0.379
vt 0.657 0.377
vt 0.673 0.354
vt 0.635 0.194
vt 0.634 0.313
vt 0.607 0.186
vt 0.634 0.313
vt 0.603 0.315
vt 0.607 0.186
vt 0.596 0.38
vt 0.601 0.381
vt 0.603 0.357
vt 0.601 0.381
vt 0.617 0.357
vt 0.603 0.357
vt 0.565 0.434
vt 0.502 0.434
vt 0.552 0.434
vt 0.645 0.431
vt 0.669 0.407
vt 0.636 0.424
vt 0.669 0.407
vt 0.656 0.402
vt 0.636 0.424
vt 0.502 0.345
vt 0.546 0.344
vt 0.502 0.314
vt 0.546 0.344
vt 0.547 0.31
vt 0.502 0.314
vt 0.725 0.275
vt 0.723 0.281
vt 0.726 0.276
vt 0.723 0.281
vt 0.725 0.283
vt 0.726 0.276
vt 0.707 0.335
vt 0.711 0.319
vt 0.71 0.332
vt 0.711 0.319
vt 0.718 0.316
vt 0.71 0.332
vt 0.613 0.305
vt 0.614 0.323
vt 0.579 0.309
vt 0.614 0.323
vt 0.582 0.328
vt 0.579 0.309
vt 0.502 0.442
vt 0.502 0.454
vt 0.533 0.44
vt 0.502 0.454
vt 0.534 0.451
vt 0.533 0.44
vt 0.55 0.171
vt 0.549 0.206
vt 0.592 0.174
vt 0.549 0.206
vt 0.59 0.21
vt 0.592 0.174
vt 0.597 0.474
vt 0.6 0.472
vt 0.624 0.464
vt 0.6 0.472
vt 0.625 0.462
vt 0.624 0.464
vt 0.606 0.469
vt 0.635 0.455
vt 0.603 0.47
vt 0.635 0.455
vt 0.63 0.458
vt 0.603 0.47
vt 0.579 0.394
vt 0.544 0.394
vt 0.574 0.409
vt 0.544 0.394
vt 0.542 0.408
vt 0.574 0.409
vt 0.542 0.481
vt 0.54 0.481
vt 0.502 0.482
vt 0.54 0.481
vt 0.502 0.481
vt 0.502 0.482
vt 0.538 0.42
vt 0.566 0.422
vt 0.542 0.408
vt 0.566 0.422
vt 0.574 0.409
vt 0.542 0.408
vt 0.68 0.253
vt 0.699 0.256
vt 0.682 0.226
vt 0.699 0.256
vt 0.701 0.234
vt 0.682 0.226
vt 0.62 0.275
vt 0.622 0.25
vt 0.587 0.276
vt 0.622 0.25
vt 0.588 0.248
vt 0.587 0.276
vt 0.635 0.379
vt 0.648 0.361
vt 0.61 0.379
vt 0.648 0.361
vt 0.616 0.365
vt 0.61 0.379
vt 0.678 0.301
vt 0.679 0.277
vt 0.653 0.304
vt 0.679 0.277
vt 0.654 0.277
vt 0.653 0.304
vt 0.654 0.277
vt 0.679 0.277
vt 0.655 0.252
vt 0.679 0.277
vt 0.68 0.253
vt 0.655 0.252
vt 0.654 0.277
vt 0.655 0.252
vt 0.62 0.275
vt 0.655 0.252
vt 0.622 0.25
vt 0.62 0.275
vt 0.542 0.481
vt 0.579 0.475
vt 0.542 0.483
vt 0.579 0.475
vt 0.578 0.478
vt 0.542 0.483
vt 0.698 0.316
vt 0.697 0.297
vt 0.678 0.325
vt 0.697 0.297
vt 0.678 0.301
vt 0.678 0.325
vt 0.582 0.446
vt 0.607 0.439
vt 0.579 0.436
vt 0.607 0.439
vt 0.601 0.434
vt 0.579 0.436
vt 0.709 0.295
vt 0.71 0.278
vt 0.697 0.297
vt 0.71 0.278
vt 0.698 0.277
vt 0.697 0.297
vt 0.939 0.789
vt 0.95 0.824
vt 0.921 0.782
vt 0.95 0.824
vt 0.911 0.82
vt 0.921 0.782
vt 0.712 0.261
vt 0.714 0.243
vt 0.699 0.256
vt 0.714 0.243
vt 0.701 0.234
vt 0.699 0.256
vt 0.502 0.169
vt 0.55 0.171
vt 0.502 0.175
vt 0.55 0.171
vt 0.54 0.177
vt 0.502 0.175
vt 0.719 0.303
vt 0.723 0.301
vt 0.718 0.309
vt 0.723 0.301
vt 0.721 0.309
vt 0.718 0.309
vt 0.665 0.435
vt 0.689 0.411
vt 0.662 0.438
vt 0.689 0.411
vt 0.686 0.414
vt 0.662 0.438
vt 0.728 0.257
vt 0.725 0.239
vt 0.728 0.26
vt 0.939 0.789
vt 0.939 0.729
vt 0.96 0.787
vt 0.939 0.789
vt 0.921 0.782
vt 0.939 0.729
vt 0.569 0.4
vt 0.548 0.4
vt 0.58 0.381
vt 0.548 0.4
vt 0.561 0.382
vt 0.58 0.381
vt 0.689 0.406
vt 0.701 0.382
vt 0.689 0.411
vt 0.701 0.382
vt 0.7 0.386
vt 0.689 0.411
vt 0.718 0.311
vt 0.717 0.313
vt 0.715 0.325
vt 0.717 0.313
vt 0.713 0.328
vt 0.715 0.325
vt 0.816 0.866
vt 0.858 0.863
vt 0.816 0.885
vt 0.858 0.863
vt 0.862 0.872
vt 0.816 0.885
vt 0.902 0.859
vt 0.862 0.872
vt 0.864 0.855
vt 0.862 0.872
vt 0.858 0.863
vt 0.864 0.855
vt 0.709 0.354
vt 0.715 0.322
vt 0.709 0.358
vt 0.715 0.322
vt 0.715 0.325
vt 0.709 0.358
vt 0.972 0.818
vt 0.978 0.835
vt 0.95 0.824
vt 0.978 0.835
vt 0.956 0.843
vt 0.95 0.824
vt 0.592 0.174
vt 0.59 0.21
vt 0.627 0.181
vt 0.59 0.21
vt 0.624 0.214
vt 0.627 0.181
vt 0.842 0.754
vt 0.832 0.797
vt 0.787 0.738
vt 0.832 0.797
vt 0.78 0.787
vt 0.787 0.738
vt 0.617 0.357
vt 0.601 0.381
vt 0.592 0.357
vt 0.601 0.381
vt 0.58 0.381
vt 0.592 0.357
vt 0.708 0.362
vt 0.713 0.328
vt 0.706 0.365
vt 0.713 0.328
vt 0.711 0.33
vt 0.706 0.365
vt 0.542 0.482
vt 0.578 0.478
vt 0.542 0.481
vt 0.578 0.478
vt 0.576 0.477
vt 0.542 0.481
vt 0.593 0.241
vt 0.619 0.245
vt 0.617 0.234
vt 0.619 0.245
vt 0.65 0.237
vt 0.617 0.234
vt 0.652 0.357
vt 0.631 0.381
vt 0.637 0.357
vt 0.631 0.381
vt 0.618 0.381
vt 0.637 0.357
vt 0.62 0.356
vt 0.619 0.346
vt 0.587 0.358
vt 0.619 0.346
vt 0.587 0.35
vt 0.587 0.358
vt 0.549 0.206
vt 0.548 0.247
vt 0.59 0.21
vt 0.548 0.247
vt 0.588 0.248
vt 0.59 0.21
vt 0.534 0.451
vt 0.562 0.449
vt 0.533 0.44
vt 0.562 0.449
vt 0.561 0.44
vt 0.533 0.44
vt 0.88 0.766
vt 0.871 0.808
vt 0.842 0.754
vt 0.871 0.808
vt 0.832 0.797
vt 0.842 0.754
vt 0.62 0.656
vt 0.619 0.706
vt 0.562 0.651
vt 0.619 0.706
vt 0.561 0.701
vt 0.562 0.651
vt 0.619 0.4
vt 0.62 0.342
vt 0.613 0.4
vt 0.62 0.342
vt 0.613 0.342
vt 0.613 0.4
vt 0.619 0.245
vt 0.612 0.313
vt 0.637 0.246
vt 0.612 0.313
vt 0.631 0.313
vt 0.637 0.246
vt 0.564 0.457
vt 0.562 0.449
vt 0.535 0.46
vt 0.562 0.449
vt 0.534 0.451
vt 0.535 0.46
vt 0.502 0.357
vt 0.534 0.357
vt 0.502 0.313
vt 0.534 0.357
vt 0.538 0.313
vt 0.502 0.313
vt 0.5 0.755
vt 0.561 0.758
vt 0.5 0.811
vt 0.561 0.758
vt 0.56 0.811
vt 0.5 0.811
vt 0.613 0.305
vt 0.648 0.298
vt 0.614 0.323
vt 0.648 0.298
vt 0.649 0.315
vt 0.614 0.323
vt 0.561 0.701
vt 0.561 0.758
vt 0.501 0.699
vt 0.561 0.758
vt 0.5 0.755
vt 0.501 0.699
vt 0.502 0.312
vt 0.502 0.294
vt 0.543 0.311
vt 0.502 0.294
vt 0.544 0.294
vt 0.543 0.311
vt 0.615 0.863
vt 0.661 0.863
vt 0.613 0.908
vt 0.661 0.863
vt 0.658 0.905
vt 0.613 0.908
vt 0.678 0.288
vt 0.701 0.277
vt 0.679 0.305
vt 0.701 0.277
vt 0.703 0.293
vt 0.679 0.305
vt 0.501 0.651
vt 0.562 0.651
vt 0.501 0.699
vt 0.562 0.651
vt 0.561 0.701
vt 0.501 0.699
vt 0.706 0.365
vt 0.703 0.366
vt 0.698 0.389
vt 0.703 0.366
vt 0.695 0.39
vt 0.698 0.389
vt 0.607 0.439
vt 0.636 0.424
vt 0.601 0.434
vt 0.636 0.424
vt 0.625 0.419
vt 0.601 0.434
vt 0.733 0.672
vt 0.728 0.724
vt 0.672 0.662
vt 0.728 0.724
vt 0.668 0.713
vt 0.672 0.662
vt 0.816 0.866
vt 0.766 0.865
vt 0.82 0.846
vt 0.766 0.865
vt 0.772 0.836
vt 0.82 0.846
vt 0.559 0.863
vt 0.615 0.863
vt 0.558 0.909
vt 0.615 0.863
vt 0.613 0.908
vt 0.558 0.909
vt 0.62 0.656
vt 0.672 0.662
vt 0.619 0.706
vt 0.672 0.662
vt 0.668 0.713
vt 0.619 0.706
vt 0.591 0.472
vt 0.566 0.475
vt 0.597 0.474
vt 0.566 0.475
vt 0.57 0.477
vt 0.597 0.474
vt 0.564 0.457
vt 0.565 0.465
vt 0.584 0.454
vt 0.565 0.465
vt 0.587 0.462
vt 0.584 0.454
vt 0.665 0.767
vt 0.723 0.776
vt 0.663 0.82
vt 0.723 0.776
vt 0.718 0.827
vt 0.663 0.82
vt 0.607 0.186
vt 0.603 0.315
vt 0.575 0.181
vt 0.603 0.315
vt 0.573 0.313
vt 0.575 0.181
vt 0.701 0.277
vt 0.715 0.264
vt 0.703 0.293
vt 0.715 0.264
vt 0.715 0.282
vt 0.703 0.293
vt 0.864 0.855
vt 0.871 0.808
vt 0.902 0.859
vt 0.871 0.808
vt 0.911 0.82
vt 0.902 0.859
vt 0.663 0.424
vt 0.665 0.429
vt 0.636 0.442
vt 0.665 0.429
vt 0.637 0.448
vt 0.636 0.442
vt 0.562 0.449
vt 0.564 0.457
vt 0.582 0.446
vt 0.564 0.457
vt 0.584 0.454
vt 0.582 0.446
vt 0.698 0.277
vt 0.71 0.278
vt 0.699 0.256
vt 0.71 0.278
vt 0.712 0.261
vt 0.699 0.256
vt 0.939 0.789
vt 0.96 0.787
vt 0.95 0.824
vt 0.96 0.787
vt 0.972 0.818
vt 0.95 0.824
vt 0.678 0.301
vt 0.697 0.297
vt 0.679 0.277
vt 0.697 0.297
vt 0.698 0.277
vt 0.679 0.277
vt 0.616 0.815
vt 0.615 0.863
vt 0.56 0.811
vt 0.615 0.863
vt 0.559 0.863
vt 0.56 0.811
vt 0.724 0.273
vt 0.715 0.282
vt 0.724 0.268
vt 0.723 0.281
vt 0.725 0.275
vt 0.719 0.267
vt 0.725 0.275
vt 0.721 0.258
vt 0.719 0.267
vt 0.715 0.264
vt 0.714 0.257
vt 0.724 0.26
vt 0.651 0.445
vt 0.63 0.458
vt 0.659 0.438
vt 0.63 0.458
vt 0.635 0.455
vt 0.659 0.438
vt 0.678 0.288
vt 0.68 0.274
vt 0.701 0.277
vt 0.68 0.274
vt 0.699 0.268
vt 0.701 0.277
vt 0.535 0.239
vt 0.567 0.24
vt 0.544 0.231
vt 0.567 0.24
vt 0.58 0.232
vt 0.544 0.231
vt 0.718 0.279
vt 0.71 0.278
vt 0.715 0.289
vt 0.71 0.278
vt 0.709 0.295
vt 0.715 0.289
vt 0.538 0.42
vt 0.502 0.419
vt 0.535 0.43
vt 0.502 0.419
vt 0.502 0.43
vt 0.535 0.43
vt 0.82 0.846
vt 0.772 0.836
vt 0.832 0.797
vt 0.772 0.836
vt 0.78 0.787
vt 0.832 0.797
vt 0.78 0.787
vt 0.772 0.836
vt 0.723 0.776
vt 0.772 0.836
vt 0.718 0.827
vt 0.723 0.776
vt 0.543 0.311
vt 0.544 0.331
vt 0.502 0.312
vt 0.544 0.331
vt 0.502 0.334
vt 0.502 0.312
vt 0.502 0.313
vt 0.538 0.313
vt 0.502 0.239
vt 0.538 0.313
vt 0.535 0.239
vt 0.502 0.239
vt 0.502 0.4
vt 0.502 0.381
vt 0.525 0.4
vt 0.502 0.381
vt 0.529 0.381
vt 0.525 0.4
vt 0.619 0.4
vt 0.622 0.4
vt 0.59 0.415
vt 0.622 0.4
vt 0.591 0.415
vt 0.59 0.415
vt 0.787 0.738
vt 0.792 0.684
vt 0.842 0.754
vt 0.792 0.684
vt 0.853 0.701
vt 0.842 0.754
vt 0.573 0.313
vt 0.603 0.315
vt 0.569 0.382
vt 0.603 0.315
vt 0.578 0.383
vt 0.569 0.382
vt 0.613 0.305
vt 0.613 0.287
vt 0.648 0.298
vt 0.613 0.287
vt 0.65 0.281
vt 0.648 0.298
vt 0.617 0.338
vt 0.618 0.34
vt 0.652 0.332
vt 0.618 0.34
vt 0.653 0.334
vt 0.652 0.332
vt 0.677 0.253
vt 0.688 0.251
vt 0.714 0.251
vt 0.688 0.251
vt 0.724 0.256
vt 0.714 0.251
vt 0.567 0.24
vt 0.593 0.241
vt 0.58 0.232
vt 0.593 0.241
vt 0.617 0.234
vt 0.58 0.232
vt 0.616 0.268
vt 0.618 0.245
vt 0.652 0.266
vt 0.618 0.245
vt 0.654 0.248
vt 0.652 0.266
vt 0.648 0.298
vt 0.65 0.281
vt 0.678 0.288
vt 0.65 0.281
vt 0.68 0.274
vt 0.678 0.288
vt 0.613 0.342
vt 0.586 0.342
vt 0.601 0.342
vt 0.586 0.342
vt 0.577 0.342
vt 0.601 0.342
vt 0.617 0.762
vt 0.616 0.815
vt 0.561 0.758
vt 0.616 0.815
vt 0.56 0.811
vt 0.561 0.758
vt 0.564 0.357
vt 0.583 0.357
vt 0.572 0.313
vt 0.583 0.357
vt 0.592 0.313
vt 0.572 0.313
vt 0.731 0.261
vt 0.731 0.263
vt 0.73 0.26
vt 0.939 0.729
vt 0.921 0.782
vt 0.896 0.713
vt 0.921 0.782
vt 0.88 0.766
vt 0.896 0.713
vt 0.625 0.419
vt 0.636 0.424
vt 0.643 0.399
vt 0.636 0.424
vt 0.656 0.402
vt 0.643 0.399
vt 0.658 0.249
vt 0.677 0.253
vt 0.703 0.247
vt 0.677 0.253
vt 0.714 0.251
vt 0.703 0.247
vt 0.587 0.342
vt 0.566 0.342
vt 0.569 0.342
vt 0.566 0.342
vt 0.552 0.342
vt 0.569 0.342
vt 0.65 0.443
vt 0.62 0.46
vt 0.644 0.451
vt 0.62 0.46
vt 0.622 0.463
vt 0.644 0.451
vt 0.766 0.865
vt 0.816 0.866
vt 0.759 0.893
vt 0.816 0.866
vt 0.816 0.885
vt 0.759 0.893
vt 0.658 0.249
vt 0.703 0.247
vt 0.637 0.246
vt 0.703 0.247
vt 0.681 0.242
vt 0.637 0.246
vt 0.618 0.245
vt 0.616 0.268
vt 0.583 0.243
vt 0.616 0.268
vt 0.581 0.27
vt 0.583 0.243
vt 0.724 0.26
vt 0.714 0.257
vt 0.724 0.256
vt 0.714 0.257
vt 0.714 0.251
vt 0.724 0.256
vt 0.578 0.478
vt 0.578 0.478
vt 0.542 0.483
vt 0.578 0.478
vt 0.542 0.482
vt 0.542 0.483
vt 0.714 0.243
vt 0.718 0.225
vt 0.701 0.234
vt 0.718 0.225
vt 0.703 0.211
vt 0.701 0.234
vt 0.707 0.335
vt 0.71 0.332
vt 0.693 0.346
vt 0.71 0.332
vt 0.697 0.342
vt 0.693 0.346
vt 0.643 0.453
vt 0.625 0.462
vt 0.651 0.445
vt 0.625 0.462
vt 0.63 0.458
vt 0.651 0.445
vt 0.553 0.342
vt 0.566 0.342
vt 0.568 0.342
vt 0.566 0.342
vt 0.587 0.342
vt 0.568 0.342
vt 0.592 0.357
vt 0.603 0.315
vt 0.617 0.357
vt 0.603 0.315
vt 0.634 0.313
vt 0.617 0.357
vt 0.56 0.43
vt 0.535 0.43
vt 0.561 0.44
vt 0.535 0.43
vt 0.533 0.44
vt 0.561 0.44
vt 0.67 0.426
vt 0.659 0.438
vt 0.681 0.414
vt 0.704 0.254
vt 0.704 0.26
vt 0.683 0.251
vt 0.704 0.26
vt 0.682 0.262
vt 0.683 0.251
vt 0.668 0.713
vt 0.665 0.767
vt 0.619 0.706
vt 0.665 0.767
vt 0.617 0.762
vt 0.619 0.706
vt 0.68 0.253
vt 0.682 0.226
vt 0.655 0.252
vt 0.682 0.226
vt 0.658 0.219
vt 0.655 0.252
vt 0.56 0.43
vt 0.577 0.43
vt 0.566 0.422
vt 0.577 0.43
vt 0.585 0.424
vt 0.566 0.422
vt 0.544 0.294
vt 0.544 0.271
vt 0.58 0.292
vt 0.544 0.271
vt 0.581 0.27
vt 0.58 0.292
vt 0.619 0.381
vt 0.637 0.357
vt 0.601 0.381
vt 0.637 0.357
vt 0.617 0.357
vt 0.601 0.381
vt 0.702 0.377
vt 0.709 0.354
vt 0.701 0.382
vt 0.709 0.354
vt 0.709 0.358
vt 0.701 0.382
vt 0.644 0.451
vt 0.635 0.457
vt 0.643 0.453
vt 0.587 0.358
vt 0.587 0.35
vt 0.548 0.361
vt 0.587 0.35
vt 0.548 0.353
vt 0.548 0.361
vt 0.502 0.471
vt 0.542 0.469
vt 0.502 0.479
vt 0.542 0.469
vt 0.542 0.476
vt 0.502 0.479
vt 0.542 0.481
vt 0.542 0.483
vt 0.502 0.483
vt 0.542 0.483
vt 0.502 0.485
vt 0.502 0.483
vt 0.617 0.762
vt 0.665 0.767
vt 0.616 0.815
vt 0.665 0.767
vt 0.663 0.82
vt 0.616 0.815
vt 0.502 0.47
vt 0.502 0.476
vt 0.535 0.469
vt 0.502 0.476
vt 0.536 0.474
vt 0.535 0.469
vt 0.502 0.371
vt 0.502 0.381
vt 0.545 0.371
vt 0.502 0.381
vt 0.544 0.381
vt 0.545 0.371
vt 0.606 0.469
vt 0.603 0.47
vt 0.578 0.478
vt 0.603 0.47
vt 0.576 0.477
vt 0.578 0.478
vt 0.562 0.449
vt 0.582 0.446
vt 0.561 0.44
vt 0.582 0.446
vt 0.579 0.436
vt 0.561 0.44
vt 0.663 0.82
vt 0.661 0.863
vt 0.616 0.815
vt 0.661 0.863
vt 0.615 0.863
vt 0.616 0.815
vt 0.661 0.863
vt 0.663 0.82
vt 0.713 0.863
vt 0.663 0.82
vt 0.718 0.827
vt 0.713 0.863
vt 0.537 0.478
vt 0.536 0.474
vt 0.502 0.479
vt 0.536 0.474
vt 0.502 0.476
vt 0.502 0.479
vt 0.564 0.357
vt 0.572 0.313
vt 0.534 0.357
vt 0.572 0.313
vt 0.538 0.313
vt 0.534 0.357
vt 0.602 0.4
vt 0.619 0.381
vt 0.587 0.4
vt 0.619 0.381
vt 0.601 0.381
vt 0.587 0.4
vt 0.622 0.25
vt 0.624 0.214
vt 0.588 0.248
vt 0.624 0.214
vt 0.59 0.21
vt 0.588 0.248
vt 0.54 0.481
vt 0.539 0.48
vt 0.502 0.481
vt 0.539 0.48
vt 0.502 0.48
vt 0.502 0.481
vt 0.7 0.386
vt 0.708 0.362
vt 0.698 0.389
vt 0.708 0.362
vt 0.706 0.365
vt 0.698 0.389
vt 0.536 0.474
vt 0.537 0.478
vt 0.565 0.471
vt 0.537 0.478
vt 0.566 0.475
vt 0.565 0.471
vt 0.637 0.357
vt 0.653 0.313
vt 0.617 0.357
vt 0.653 0.313
vt 0.631 0.313
vt 0.617 0.357
vt 0.682 0.2
vt 0.682 0.226
vt 0.703 0.211
vt 0.682 0.226
vt 0.701 0.234
vt 0.703 0.211
vt 0.561 0.701
vt 0.619 0.706
vt 0.561 0.758
vt 0.619 0.706
vt 0.617 0.762
vt 0.561 0.758
vt 0.502 0.408
vt 0.542 0.408
vt 0.502 0.394
vt 0.542 0.408
vt 0.544 0.394
vt 0.502 0.394
vt 0.597 0.474
vt 0.57 0.477
vt 0.6 0.472
vt 0.57 0.477
vt 0.573 0.477
vt 0.6 0.472
vt 0.591 0.472
vt 0.589 0.467
vt 0.566 0.475
vt 0.589 0.467
vt 0.565 0.471
vt 0.566 0.475
vt 0.565 0.465
vt 0.564 0.457
vt 0.535 0.469
vt 0.564 0.457
vt 0.535 0.46
vt 0.535 0.469
vt 0.542 0.469
vt 0.578 0.463
vt 0.542 0.476
vt 0.578 0.463
vt 0.579 0.47
vt 0.542 0.476
vt 0.585 0.368
vt 0.582 0.381
vt 0.616 0.365
vt 0.582 0.381
vt 0.61 0.379
vt 0.616 0.365
vt 0.618 0.306
vt 0.653 0.304
vt 0.62 0.275
vt 0.653 0.304
vt 0.654 0.277
vt 0.62 0.275
vt 0.545 0.371
vt 0.547 0.367
vt 0.502 0.371
vt 0.547 0.367
vt 0.502 0.367
vt 0.502 0.371
vt 0.55 0.171
vt 0.592 0.174
vt 0.54 0.177
vt 0.592 0.174
vt 0.575 0.181
vt 0.54 0.177
vt 0.715 0.289
vt 0.709 0.295
vt 0.718 0.298
vt 0.709 0.295
vt 0.71 0.308
vt 0.718 0.298
vt 0.718 0.298
vt 0.72 0.29
vt 0.715 0.289
vt 0.72 0.29
vt 0.718 0.279
vt 0.715 0.289
vt 0.579 0.47
vt 0.607 0.461
vt 0.579 0.475
vt 0.607 0.461
vt 0.607 0.467
vt 0.579 0.475
vt 0.546 0.344
vt 0.547 0.347
vt 0.585 0.341
vt 0.547 0.347
vt 0.586 0.344
vt 0.585 0.341
vt 0.585 0.368
vt 0.545 0.371
vt 0.582 0.381
vt 0.545 0.371
vt 0.544 0.381
vt 0.582 0.381
vt 0.669 0.425
vt 0.684 0.41
vt 0.673 0.413
vt 0.684 0.41
vt 0.693 0.386
vt 0.673 0.413
vt 0.713 0.326
vt 0.712 0.317
vt 0.699 0.336
vt 0.712 0.317
vt 0.7 0.327
vt 0.699 0.336
vt 0.708 0.33
vt 0.698 0.362
vt 0.703 0.366
vt 0.698 0.362
vt 0.693 0.386
vt 0.703 0.366
vt 0.548 0.247
vt 0.547 0.278
vt 0.588 0.248
vt 0.547 0.278
vt 0.587 0.276
vt 0.588 0.248
vt 0.853 0.701
vt 0.896 0.713
vt 0.842 0.754
vt 0.896 0.713
vt 0.88 0.766
vt 0.842 0.754
vt 0.591 0.415
vt 0.622 0.4
vt 0.59 0.415
vt 0.622 0.4
vt 0.619 0.4
vt 0.59 0.415
vt 0.58 0.232
vt 0.583 0.243
vt 0.544 0.231
vt 0.583 0.243
vt 0.544 0.243
vt 0.544 0.231
vt 0.656 0.402
vt 0.669 0.407
vt 0.677 0.373
vt 0.669 0.407
vt 0.698 0.362
vt 0.677 0.373
vt 0.596 0.411
vt 0.611 0.414
vt 0.604 0.397
vt 0.611 0.414
vt 0.625 0.398
vt 0.604 0.397
vt 0.728 0.724
vt 0.787 0.738
vt 0.723 0.776
vt 0.787 0.738
vt 0.78 0.787
vt 0.723 0.776
vt 0.539 0.48
vt 0.57 0.477
vt 0.537 0.478
vt 0.57 0.477
vt 0.566 0.475
vt 0.537 0.478
vt 0.539 0.48
vt 0.54 0.481
vt 0.57 0.477
vt 0.54 0.481
vt 0.573 0.477
vt 0.57 0.477
vt 0.579 0.475
vt 0.607 0.467
vt 0.578 0.478
vt 0.607 0.467
vt 0.607 0.469
vt 0.578 0.478
vt 0.582 0.381
vt 0.544 0.381
vt 0.579 0.394
vt 0.544 0.381
vt 0.544 0.394
vt 0.579 0.394
vt 0.698 0.316
vt 0.71 0.308
vt 0.697 0.297
vt 0.71 0.308
vt 0.709 0.295
vt 0.697 0.297
vt 0.728 0.257
vt 0.728 0.26
vt 0.729 0.259
vt 0.728 0.26
vt 0.729 0.261
vt 0.729 0.259
vt 0.652 0.332
vt 0.678 0.325
vt 0.653 0.304
vt 0.678 0.325
vt 0.678 0.301
vt 0.653 0.304
vt 0.639 0.381
vt 0.631 0.381
vt 0.619 0.4
vt 0.631 0.381
vt 0.613 0.4
vt 0.619 0.4
vt 0.65 0.281
vt 0.613 0.287
vt 0.652 0.266
vt 0.613 0.287
vt 0.616 0.268
vt 0.652 0.266
vt 0.611 0.414
vt 0.596 0.411
vt 0.596 0.427
vt 0.596 0.411
vt 0.585 0.424
vt 0.596 0.427
vt 0.577 0.43
vt 0.56 0.43
vt 0.579 0.436
vt 0.56 0.43
vt 0.561 0.44
vt 0.579 0.436
vt 0.669 0.425
vt 0.673 0.413
vt 0.65 0.443
vt 0.673 0.413
vt 0.651 0.437
vt 0.65 0.443
vt 0.717 0.313
vt 0.715 0.316
vt 0.713 0.328
vt 0.715 0.316
vt 0.711 0.33
vt 0.713 0.328
vt 0.596 0.411
vt 0.574 0.409
vt 0.585 0.424
vt 0.574 0.409
vt 0.566 0.422
vt 0.585 0.424
vt 0.586 0.308
vt 0.587 0.276
vt 0.547 0.31
vt 0.587 0.276
vt 0.547 0.278
vt 0.547 0.31
vt 0.604 0.397
vt 0.579 0.394
vt 0.596 0.411
vt 0.579 0.394
vt 0.574 0.409
vt 0.596 0.411
vt 0.502 0.43
vt 0.502 0.442
vt 0.535 0.43
vt 0.502 0.442
vt 0.533 0.44
vt 0.535 0.43
vt 0.587 0.4
vt 0.601 0.381
vt 0.601 0.4
vt 0.601 0.381
vt 0.618 0.381
vt 0.601 0.4
vt 0.502 0.169
vt 0.502 0.206
vt 0.55 0.171
vt 0.502 0.206
vt 0.549 0.206
vt 0.55 0.171
vt 0.502 0.464
vt 0.502 0.47
vt 0.535 0.46
vt 0.502 0.47
vt 0.535 0.469
vt 0.535 0.46
vt 0.627 0.181
vt 0.624 0.214
vt 0.659 0.19
vt 0.624 0.214
vt 0.658 0.219
vt 0.659 0.19
vt 0.631 0.313
vt 0.653 0.313
vt 0.637 0.246
vt 0.653 0.313
vt 0.658 0.249
vt 0.637 0.246
vt 0.726 0.254
vt 0.688 0.251
vt 0.725 0.239
vt 0.688 0.251
vt 0.691 0.238
vt 0.725 0.239
vt 0.561 0.382
vt 0.556 0.381
vt 0.578 0.383
vt 0.556 0.381
vt 0.569 0.382
vt 0.578 0.383
vt 0.724 0.268
vt 0.715 0.282
vt 0.724 0.26
vt 0.715 0.282
vt 0.715 0.264
vt 0.724 0.26
vt 0.689 0.411
vt 0.7 0.386
vt 0.686 0.414
vt 0.7 0.386
vt 0.698 0.389
vt 0.686 0.414
vt 0.592 0.313
vt 0.583 0.357
vt 0.612 0.313
vt 0.583 0.357
vt 0.603 0.357
vt 0.612 0.313
vt 0.529 0.381
vt 0.502 0.381
vt 0.535 0.381
vt 0.502 0.381
vt 0.502 0.382
vt 0.535 0.381
vt 0.625 0.419
vt 0.643 0.399
vt 0.611 0.414
vt 0.643 0.399
vt 0.625 0.398
vt 0.611 0.414
vt 0.6 0.472
vt 0.603 0.47
vt 0.625 0.462
vt 0.603 0.47
vt 0.63 0.458
vt 0.625 0.462
vt 0.592 0.174
vt 0.627 0.181
vt 0.575 0.181
vt 0.627 0.181
vt 0.607 0.186
vt 0.575 0.181
vt 0.585 0.424
vt 0.577 0.43
vt 0.596 0.427
vt 0.711 0.33
vt 0.715 0.316
vt 0.708 0.33
vt 0.715 0.316
vt 0.711 0.319
vt 0.708 0.33
vt 0.573 0.358
vt 0.589 0.359
vt 0.565 0.357
vt 0.589 0.359
vt 0.573 0.358
vt 0.565 0.357
vt 0.589 0.359
vt 0.603 0.357
vt 0.573 0.358
vt 0.603 0.357
vt 0.583 0.357
vt 0.573 0.358
vt 0.651 0.445
vt 0.659 0.438
vt 0.658 0.439
vt 0.659 0.438
vt 0.67 0.426
vt 0.658 0.439
vt 0.537 0.342
vt 0.548 0.342
vt 0.52 0.342
vt 0.548 0.342
vt 0.526 0.342
vt 0.52 0.342
vt 0.713 0.326
vt 0.721 0.312
vt 0.712 0.317
vt 0.721 0.312
vt 0.721 0.303
vt 0.712 0.317
vt 0.665 0.429
vt 0.689 0.406
vt 0.665 0.435
vt 0.689 0.406
vt 0.689 0.411
vt 0.665 0.435
vt 0.709 0.358
vt 0.715 0.325
vt 0.708 0.362
vt 0.715 0.325
vt 0.713 0.328
vt 0.708 0.362
vt 0.542 0.476
vt 0.542 0.481
vt 0.502 0.479
vt 0.542 0.481
vt 0.502 0.483
vt 0.502 0.479
vt 0.695 0.39
vt 0.703 0.366
vt 0.684 0.41
vt 0.703 0.366
vt 0.693 0.386
vt 0.684 0.41
vt 0.661 0.863
vt 0.713 0.863
vt 0.658 0.905
vt 0.713 0.863
vt 0.707 0.9
vt 0.658 0.905
vt 0.613 0.305
vt 0.579 0.309
vt 0.613 0.287
vt 0.579 0.309
vt 0.58 0.292
vt 0.613 0.287
vt 0.578 0.463
vt 0.607 0.455
vt 0.579 0.47
vt 0.607 0.455
vt 0.607 0.461
vt 0.579 0.47
vt 0.627 0.181
vt 0.659 0.19
vt 0.607 0.186
vt 0.659 0.19
vt 0.635 0.194
vt 0.607 0.186
vt 0.699 0.336
vt 0.7 0.327
vt 0.679 0.345
vt 0.7 0.327
vt 0.68 0.335
vt 0.679 0.345
vt 0.596 0.427
vt 0.601 0.434
vt 0.611 0.414
vt 0.601 0.434
vt 0.625 0.419
vt 0.611 0.414
vt 0.714 0.251
vt 0.714 0.257
vt 0.703 0.247
vt 0.714 0.257
vt 0.704 0.254
vt 0.703 0.247
vt 0.572 0.313
vt 0.592 0.313
vt 0.567 0.24
vt 0.592 0.313
vt 0.593 0.241
vt 0.567 0.24
vt 0.548 0.342
vt 0.568 0.342
vt 0.548 0.359
vt 0.568 0.342
vt 0.565 0.357
vt 0.548 0.359
vt 0.679 0.345
vt 0.68 0.335
vt 0.653 0.351
vt 0.68 0.335
vt 0.653 0.341
vt 0.653 0.351
vt 0.658 0.439
vt 0.644 0.451
vt 0.651 0.445
vt 0.644 0.451
vt 0.643 0.453
vt 0.651 0.445
vt 0.548 0.361
vt 0.548 0.353
vt 0.502 0.361
vt 0.548 0.353
vt 0.502 0.353
vt 0.502 0.361
vt 0.644 0.451
vt 0.658 0.439
vt 0.65 0.443
vt 0.658 0.439
vt 0.669 0.425
vt 0.65 0.443
vt 0.592 0.313
vt 0.612 0.313
vt 0.593 0.241
vt 0.612 0.313
vt 0.619 0.245
vt 0.593 0.241
vt 0.65 0.281
vt 0.652 0.266
vt 0.68 0.274
vt 0.652 0.266
vt 0.682 0.262
vt 0.68 0.274
vt 0.652 0.332
vt 0.653 0.334
vt 0.678 0.325
vt 0.653 0.334
vt 0.679 0.327
vt 0.678 0.325
vt 0.67 0.426
vt 0.681 0.414
vt 0.684 0.41
vt 0.681 0.414
vt 0.695 0.39
vt 0.684 0.41
vt 0.585 0.341
vt 0.586 0.308
vt 0.546 0.344
vt 0.586 0.308
vt 0.547 0.31
vt 0.546 0.344
vt 0.544 0.271
vt 0.544 0.243
vt 0.581 0.27
vt 0.544 0.243
vt 0.583 0.243
vt 0.581 0.27
vt 0.619 0.4
vt 0.622 0.4
vt 0.639 0.381
vt 0.622 0.4
vt 0.642 0.381
vt 0.639 0.381
vt 0.724 0.305
vt 0.726 0.296
vt 0.725 0.297
vt 0.726 0.296
vt 0.727 0.288
vt 0.725 0.297
vt 0.701 0.382
vt 0.709 0.358
vt 0.7 0.386
vt 0.709 0.358
vt 0.708 0.362
vt 0.7 0.386
vt 0.858 0.863
vt 0.816 0.866
vt 0.864 0.855
vt 0.816 0.866
vt 0.82 0.846
vt 0.864 0.855
vt 0.591 0.434
vt 0.502 0.434
vt 0.589 0.434
vt 0.584 0.434
vt 0.502 0.434
vt 0.589 0.434
vt 0.548 0.247
vt 0.549 0.206
vt 0.502 0.247
vt 0.549 0.206
vt 0.502 0.206
vt 0.502 0.247
vt 0.556 0.358
vt 0.573 0.358
vt 0.564 0.357
vt 0.573 0.358
vt 0.583 0.357
vt 0.564 0.357
vt 0.536 0.434
vt 0.502 0.434
vt 0.52 0.434
vt 0.584 0.434
vt 0.502 0.434
vt 0.576 0.434
vt 0.52 0.434
vt 0.502 0.434
vt 0.502 0.434
vt 0.67 0.426
vt 0.684 0.41
vt 0.658 0.439
vt 0.684 0.41
vt 0.669 0.425
vt 0.658 0.439
vt 0.502 0.239
vt 0.535 0.239
vt 0.502 0.231
vt 0.535 0.239
vt 0.544 0.231
vt 0.502 0.231
vt 0.589 0.434
vt 0.502 0.434
vt 0.591 0.434
vt 0.589 0.434
vt 0.502 0.434
vt 0.584 0.434
vt 0.52 0.434
vt 0.502 0.434
vt 0.536 0.434
vt 0.59 0.415
vt 0.591 0.415
vt 0.589 0.434
vt 0.591 0.415
vt 0.591 0.434
vt 0.589 0.434
vt 0.552 0.434
vt 0.502 0.434
vt 0.536 0.434
vt 0.565 0.434
vt 0.502 0.434
vt 0.576 0.434
vt 0.502 0.313
vt 0.538 0.313
vt 0.502 0.382
vt 0.538 0.313
vt 0.535 0.381
vt 0.502 0.382
vt 0.576 0.434
vt 0.502 0.434
vt 0.584 0.434
vt 0.576 0.434
vt 0.502 0.434
vt 0.565 0.434
vt 0.546 0.344
vt 0.502 0.345
vt 0.547 0.347
vt 0.502 0.345
vt 0.502 0.348
vt 0.547 0.347
vt 0.613 0.4
vt 0.613 0.342
vt 0.601 0.4
vt 0.613 0.342
vt 0.601 0.342
vt 0.601 0.4
vt 0.704 0.26
vt 0.699 0.268
vt 0.682 0.262
vt 0.699 0.268
vt 0.68 0.274
vt 0.682 0.262
vt 0.542 0.476
vt 0.579 0.47
vt 0.542 0.481
vt 0.579 0.47
vt 0.579 0.475
vt 0.542 0.481
vt 0.637 0.448
vt 0.637 0.453
vt 0.607 0.461
vt 0.637 0.453
vt 0.607 0.467
vt 0.607 0.461
vt 0.637 0.448
vt 0.665 0.429
vt 0.637 0.453
vt 0.665 0.429
vt 0.665 0.435
vt 0.637 0.453
vt 0.731 0.269
vt 0.731 0.263
vt 0.731 0.265
vt 0.731 0.263
vt 0.731 0.261
vt 0.731 0.265
vt 0.72 0.29
vt 0.718 0.298
vt 0.723 0.292
vt 0.718 0.298
vt 0.72 0.299
vt 0.723 0.292
vt 0.731 0.261
vt 0.73 0.26
vt 0.729 0.259
vt 0.73 0.26
vt 0.728 0.256
vt 0.729 0.259
vt 0.731 0.263
vt 0.731 0.269
vt 0.728 0.266
vt 0.731 0.269
vt 0.728 0.272
vt 0.728 0.266
vt 0.729 0.259
vt 0.729 0.261
vt 0.731 0.261
vt 0.729 0.261
vt 0.731 0.265
vt 0.731 0.261
vt 0.73 0.26
vt 0.731 0.263
vt 0.726 0.262
vt 0.731 0.263
vt 0.728 0.266
vt 0.726 0.262
vt 0.62 0.356
vt 0.587 0.358
vt 0.619 0.362
vt 0.587 0.358
vt 0.586 0.365
vt 0.619 0.362
vt 0.679 0.345
vt 0.653 0.351
vt 0.676 0.351
vt 0.653 0.351
vt 0.651 0.357
vt 0.676 0.351
vt 0.586 0.344
vt 0.547 0.347
vt 0.587 0.35
vt 0.547 0.347
vt 0.548 0.353
vt 0.587 0.35
vt 0.712 0.317
vt 0.721 0.303
vt 0.711 0.31
vt 0.721 0.303
vt 0.72 0.299
vt 0.711 0.31
vt 0.7 0.327
vt 0.712 0.317
vt 0.699 0.32
vt 0.712 0.317
vt 0.711 0.31
vt 0.699 0.32
vt 0.68 0.335
vt 0.7 0.327
vt 0.679 0.327
vt 0.7 0.327
vt 0.699 0.32
vt 0.679 0.327
vt 0.726 0.296
vt 0.724 0.305
vt 0.723 0.301
vt 0.724 0.305
vt 0.721 0.309
vt 0.723 0.301
vt 0.725 0.283
vt 0.723 0.292
vt 0.727 0.288
vt 0.723 0.292
vt 0.725 0.297
vt 0.727 0.288
vt 0.729 0.261
vt 0.726 0.276
vt 0.731 0.265
vt 0.726 0.276
vt 0.728 0.28
vt 0.731 0.265
vt 0.721 0.312
vt 0.713 0.326
vt 0.718 0.316
vt 0.713 0.326
vt 0.71 0.332
vt 0.718 0.316
vt 0.726 0.276
vt 0.725 0.283
vt 0.728 0.28
vt 0.725 0.283
vt 0.727 0.288
vt 0.728 0.28
vt 0.713 0.326
vt 0.699 0.336
vt 0.71 0.332
vt 0.699 0.336
vt 0.697 0.342
vt 0.71 0.332
vt 0.502 0.353
vt 0.548 0.353
vt 0.502 0.348
vt 0.548 0.353
vt 0.547 0.347
vt 0.502 0.348
vt 0.548 0.361
vt 0.502 0.361
vt 0.547 0.367
vt 0.502 0.361
vt 0.502 0.367
vt 0.547 0.367
vt 0.699 0.336
vt 0.679 0.345
vt 0.697 0.342
vt 0.679 0.345
vt 0.676 0.351
vt 0.697 0.342
vt 0.731 0.269
vt 0.728 0.287
vt 0.728 0.272
vt 0.728 0.287
vt 0.725 0.291
vt 0.728 0.272
vt 0.728 0.287
vt 0.726 0.296
vt 0.725 0.291
vt 0.726 0.296
vt 0.723 0.301
vt 0.725 0.291
vt 0.721 0.303
vt 0.725 0.297
vt 0.72 0.299
vt 0.725 0.297
vt 0.723 0.292
vt 0.72 0.299
vt 0.679 0.327
vt 0.653 0.334
vt 0.68 0.335
vt 0.653 0.334
vt 0.653 0.341
vt 0.68 0.335
vt 0.587 0.358
vt 0.548 0.361
vt 0.586 0.365
vt 0.548 0.361
vt 0.547 0.367
vt 0.586 0.365
vt 0.618 0.34
vt 0.586 0.344
vt 0.619 0.346
vt 0.586 0.344
vt 0.587 0.35
vt 0.619 0.346
vt 0.653 0.334
vt 0.618 0.34
vt 0.653 0.341
vt 0.618 0.34
vt 0.619 0.346
vt 0.653 0.341
vt 0.653 0.351
vt 0.62 0.356
vt 0.651 0.357
vt 0.62 0.356
vt 0.619 0.362
vt 0.651 0.357
vt 0.724 0.305
vt 0.721 0.312
vt 0.721 0.309
vt 0.721 0.312
vt 0.718 0.316
vt 0.721 0.309
vt 0.726 0.254
vt 0.728 0.257
vt 0.728 0.256
vt 0.728 0.257
vt 0.729 0.259
vt 0.728 0.256
vt 0.726 0.254
vt 0.728 0.256
vt 0.724 0.255
vt 0.728 0.256
vt 0.73 0.26
vt 0.724 0.255
vt 0.73 0.26
vt 0.724 0.256
vt 0.724 0.255
vt 0.724 0.256
vt 0.73 0.26
vt 0.724 0.26
vt 0.73 0.26
vt 0.726 0.262
vt 0.724 0.26
vt 0.718 0.316
vt 0.717 0.313
vt 0.721 0.309
vt 0.717 0.313
vt 0.718 0.311
vt 0.721 0.309
vt 0.717 0.313
vt 0.718 0.316
vt 0.715 0.316
vt 0.715 0.316
vt 0.718 0.316
vt 0.711 0.319
vt 0.715 0.264
vt 0.701 0.277
vt 0.704 0.26
vt 0.701 0.277
vt 0.699 0.268
vt 0.704 0.26
vt 0.728 0.26
vt 0.725 0.239
vt 0.725 0.275
vt 0.725 0.239
vt 0.721 0.258
vt 0.725 0.275
vt 0.317 0.251
vt 0.281 0.256
vt 0.28 0.255
vt 0.317 0.251
vt 0.28 0.255
vt 0.278 0.254
vt 0.443 0.382
vt 0.426 0.358
vt 0.427 0.383
vt 0.426 0.358
vt 0.401 0.315
vt 0.427 0.383
vt 0.385 0.4
vt 0.415 0.415
vt 0.385 0.342
vt 0.415 0.415
vt 0.413 0.342
vt 0.385 0.342
vt 0.367 0.453
vt 0.368 0.455
vt 0.34 0.435
vt 0.368 0.455
vt 0.343 0.438
vt 0.34 0.435
vt 0.287 0.309
vt 0.29 0.322
vt 0.287 0.311
vt 0.29 0.322
vt 0.29 0.325
vt 0.287 0.311
vt 0.479 0.342
vt 0.502 0.342
vt 0.485 0.342
vt 0.502 0.342
vt 0.502 0.342
vt 0.485 0.342
vt 0.383 0.25
vt 0.38 0.214
vt 0.349 0.252
vt 0.38 0.214
vt 0.347 0.219
vt 0.349 0.252
vt 0.385 0.4
vt 0.383 0.4
vt 0.365 0.381
vt 0.383 0.4
vt 0.362 0.381
vt 0.365 0.381
vt 0.38 0.398
vt 0.369 0.379
vt 0.361 0.399
vt 0.369 0.379
vt 0.348 0.377
vt 0.361 0.399
vt 0.42 0.368
vt 0.459 0.371
vt 0.418 0.365
vt 0.459 0.371
vt 0.458 0.367
vt 0.418 0.365
vt 0.322 0.2
vt 0.347 0.204
vt 0.302 0.211
vt 0.347 0.204
vt 0.329 0.214
vt 0.302 0.211
vt 0.286 0.225
vt 0.302 0.211
vt 0.318 0.226
vt 0.302 0.211
vt 0.329 0.214
vt 0.318 0.226
vt 0.419 0.342
vt 0.427 0.342
vt 0.392 0.342
vt 0.427 0.342
vt 0.403 0.342
vt 0.392 0.342
vt 0.502 0.247
vt 0.457 0.247
vt 0.502 0.282
vt 0.457 0.247
vt 0.457 0.278
vt 0.502 0.282
vt 0.392 0.342
vt 0.403 0.342
vt 0.392 0.4
vt 0.403 0.342
vt 0.403 0.4
vt 0.392 0.4
vt 0.479 0.4
vt 0.502 0.4
vt 0.479 0.342
vt 0.502 0.4
vt 0.502 0.342
vt 0.479 0.342
vt 0.403 0.342
vt 0.418 0.342
vt 0.403 0.4
vt 0.418 0.342
vt 0.418 0.4
vt 0.403 0.4
vt 0.403 0.4
vt 0.418 0.4
vt 0.403 0.342
vt 0.418 0.4
vt 0.418 0.342
vt 0.403 0.342
vt 0.436 0.4
vt 0.457 0.4
vt 0.436 0.342
vt 0.457 0.4
vt 0.457 0.342
vt 0.436 0.342
vt 0.427 0.342
vt 0.438 0.342
vt 0.428 0.434
vt 0.438 0.342
vt 0.439 0.434
vt 0.428 0.434
vt 0.456 0.342
vt 0.479 0.342
vt 0.456 0.359
vt 0.479 0.342
vt 0.479 0.359
vt 0.456 0.359
vt 0.418 0.4
vt 0.418 0.342
vt 0.431 0.358
vt 0.418 0.342
vt 0.437 0.342
vt 0.431 0.358
vt 0.437 0.342
vt 0.44 0.357
vt 0.431 0.358
vt 0.28 0.26
vt 0.28 0.268
vt 0.278 0.262
vt 0.28 0.268
vt 0.277 0.266
vt 0.278 0.262
vt 0.457 0.4
vt 0.479 0.4
vt 0.457 0.342
vt 0.479 0.4
vt 0.479 0.342
vt 0.457 0.342
vt 0.418 0.4
vt 0.436 0.4
vt 0.418 0.342
vt 0.436 0.4
vt 0.436 0.342
vt 0.418 0.342
vt 0.419 0.341
vt 0.387 0.338
vt 0.418 0.344
vt 0.387 0.338
vt 0.386 0.34
vt 0.418 0.344
vt 0.479 0.342
vt 0.502 0.342
vt 0.479 0.359
vt 0.502 0.342
vt 0.502 0.359
vt 0.479 0.359
vt 0.385 0.342
vt 0.392 0.342
vt 0.385 0.4
vt 0.392 0.342
vt 0.392 0.4
vt 0.385 0.4
vt 0.502 0.357
vt 0.47 0.357
vt 0.502 0.358
vt 0.47 0.357
vt 0.475 0.358
vt 0.502 0.358
vt 0.475 0.381
vt 0.449 0.381
vt 0.469 0.381
vt 0.449 0.381
vt 0.435 0.382
vt 0.469 0.381
vt 0.461 0.311
vt 0.425 0.309
vt 0.461 0.294
vt 0.425 0.309
vt 0.424 0.292
vt 0.461 0.294
vt 0.479 0.359
vt 0.502 0.359
vt 0.475 0.358
vt 0.502 0.359
vt 0.502 0.358
vt 0.475 0.358
vt 0.279 0.239
vt 0.286 0.225
vt 0.314 0.238
vt 0.286 0.225
vt 0.318 0.226
vt 0.314 0.238
vt 0.401 0.357
vt 0.393 0.313
vt 0.388 0.357
vt 0.393 0.313
vt 0.374 0.313
vt 0.388 0.357
vt 0.403 0.342
vt 0.418 0.342
vt 0.427 0.342
vt 0.418 0.342
vt 0.438 0.342
vt 0.427 0.342
vt 0.457 0.4
vt 0.443 0.382
vt 0.449 0.381
vt 0.329 0.214
vt 0.347 0.204
vt 0.33 0.313
vt 0.347 0.204
vt 0.347 0.313
vt 0.33 0.313
vt 0.285 0.303
vt 0.282 0.301
vt 0.284 0.293
vt 0.282 0.301
vt 0.28 0.291
vt 0.284 0.293
vt 0.392 0.447
vt 0.387 0.454
vt 0.42 0.454
vt 0.387 0.454
vt 0.418 0.462
vt 0.42 0.454
vt 0.426 0.358
vt 0.412 0.357
vt 0.401 0.315
vt 0.436 0.4
vt 0.418 0.4
vt 0.425 0.381
vt 0.418 0.4
vt 0.404 0.381
vt 0.425 0.381
vt 0.373 0.381
vt 0.353 0.357
vt 0.365 0.381
vt 0.353 0.357
vt 0.343 0.357
vt 0.365 0.381
vt 0.401 0.47
vt 0.428 0.477
vt 0.404 0.472
vt 0.428 0.477
vt 0.431 0.477
vt 0.404 0.472
vt 0.269 0.669
vt 0.273 0.721
vt 0.209 0.681
vt 0.273 0.721
vt 0.214 0.735
vt 0.209 0.681
vt 0.284 0.258
vt 0.29 0.243
vt 0.279 0.239
vt 0.29 0.243
vt 0.286 0.225
vt 0.279 0.239
vt 0.5 0.864
vt 0.5 0.91
vt 0.441 0.863
vt 0.5 0.91
vt 0.441 0.908
vt 0.441 0.863
vt 0.439 0.471
vt 0.468 0.474
vt 0.44 0.465
vt 0.468 0.474
vt 0.469 0.469
vt 0.44 0.465
vt 0.462 0.408
vt 0.467 0.42
vt 0.502 0.408
vt 0.467 0.42
vt 0.502 0.419
vt 0.502 0.408
vt 0.317 0.401
vt 0.341 0.424
vt 0.315 0.406
vt 0.341 0.424
vt 0.339 0.429
vt 0.315 0.406
vt 0.388 0.357
vt 0.368 0.357
vt 0.37 0.313
vt 0.368 0.357
vt 0.347 0.313
vt 0.37 0.313
vt 0.502 0.271
vt 0.461 0.271
vt 0.502 0.243
vt 0.461 0.271
vt 0.46 0.243
vt 0.502 0.243
vt 0.438 0.422
vt 0.445 0.43
vt 0.467 0.42
vt 0.445 0.43
vt 0.469 0.43
vt 0.467 0.42
vt 0.502 0.394
vt 0.502 0.381
vt 0.46 0.394
vt 0.502 0.381
vt 0.461 0.381
vt 0.46 0.394
vt 0.323 0.226
vt 0.347 0.219
vt 0.322 0.2
vt 0.347 0.219
vt 0.345 0.19
vt 0.322 0.2
vt 0.403 0.381
vt 0.418 0.4
vt 0.408 0.38
vt 0.47 0.46
vt 0.502 0.464
vt 0.471 0.451
vt 0.502 0.464
vt 0.502 0.454
vt 0.471 0.451
vt 0.426 0.394
vt 0.423 0.381
vt 0.401 0.397
vt 0.423 0.381
vt 0.394 0.379
vt 0.401 0.397
vt 0.386 0.306
vt 0.419 0.308
vt 0.385 0.275
vt 0.419 0.308
vt 0.418 0.276
vt 0.385 0.275
vt 0.343 0.357
vt 0.353 0.357
vt 0.319 0.313
vt 0.353 0.357
vt 0.334 0.313
vt 0.319 0.313
vt 0.33 0.313
vt 0.347 0.313
vt 0.353 0.357
vt 0.347 0.313
vt 0.368 0.357
vt 0.353 0.357
vt 0.467 0.313
vt 0.469 0.239
vt 0.432 0.313
vt 0.469 0.239
vt 0.437 0.24
vt 0.432 0.313
vt 0.319 0.313
vt 0.316 0.313
vt 0.343 0.357
vt 0.316 0.313
vt 0.34 0.357
vt 0.343 0.357
vt 0.284 0.312
vt 0.283 0.303
vt 0.28 0.305
vt 0.283 0.303
vt 0.279 0.297
vt 0.28 0.305
vt 0.5 0.811
vt 0.5 0.864
vt 0.44 0.811
vt 0.5 0.864
vt 0.441 0.863
vt 0.44 0.811
vt 0.42 0.454
vt 0.423 0.446
vt 0.392 0.447
vt 0.423 0.446
vt 0.397 0.439
vt 0.392 0.447
vt 0.403 0.4
vt 0.386 0.381
vt 0.392 0.4
vt 0.386 0.381
vt 0.373 0.381
vt 0.392 0.4
vt 0.344 0.357
vt 0.353 0.357
vt 0.365 0.381
vt 0.353 0.357
vt 0.373 0.381
vt 0.365 0.381
vt 0.373 0.381
vt 0.386 0.381
vt 0.353 0.357
vt 0.386 0.381
vt 0.368 0.357
vt 0.353 0.357
vt 0.169 0.794
vt 0.179 0.843
vt 0.129 0.804
vt 0.179 0.843
vt 0.136 0.852
vt 0.129 0.804
vt 0.319 0.313
vt 0.33 0.313
vt 0.344 0.357
vt 0.33 0.313
vt 0.353 0.357
vt 0.344 0.357
vt 0.317 0.251
vt 0.314 0.238
vt 0.319 0.313
vt 0.314 0.238
vt 0.316 0.313
vt 0.319 0.313
vt 0.344 0.357
vt 0.34 0.357
vt 0.319 0.313
vt 0.34 0.357
vt 0.316 0.313
vt 0.319 0.313
vt 0.365 0.381
vt 0.362 0.381
vt 0.344 0.357
vt 0.362 0.381
vt 0.34 0.357
vt 0.344 0.357
vt 0.277 0.287
vt 0.276 0.28
vt 0.274 0.269
vt 0.276 0.28
vt 0.273 0.265
vt 0.274 0.269
vt 0.368 0.357
vt 0.351 0.313
vt 0.353 0.357
vt 0.351 0.313
vt 0.334 0.313
vt 0.353 0.357
vt 0.307 0.277
vt 0.325 0.277
vt 0.305 0.256
vt 0.325 0.277
vt 0.325 0.253
vt 0.305 0.256
vt 0.318 0.226
vt 0.329 0.214
vt 0.319 0.313
vt 0.329 0.214
vt 0.33 0.313
vt 0.319 0.313
vt 0.404 0.381
vt 0.386 0.381
vt 0.388 0.357
vt 0.386 0.381
vt 0.368 0.357
vt 0.388 0.357
vt 0.356 0.298
vt 0.355 0.315
vt 0.326 0.288
vt 0.355 0.315
vt 0.325 0.305
vt 0.326 0.288
vt 0.343 0.357
vt 0.34 0.357
vt 0.365 0.381
vt 0.34 0.357
vt 0.362 0.381
vt 0.365 0.381
vt 0.347 0.204
vt 0.369 0.194
vt 0.347 0.313
vt 0.369 0.194
vt 0.37 0.313
vt 0.347 0.313
vt 0.466 0.48
vt 0.502 0.48
vt 0.467 0.478
vt 0.502 0.48
vt 0.502 0.479
vt 0.467 0.478
vt 0.479 0.4
vt 0.457 0.4
vt 0.475 0.381
vt 0.457 0.4
vt 0.449 0.381
vt 0.475 0.381
vt 0.335 0.407
vt 0.331 0.413
vt 0.359 0.431
vt 0.331 0.413
vt 0.354 0.437
vt 0.359 0.431
vt 0.43 0.181
vt 0.465 0.177
vt 0.431 0.313
vt 0.465 0.177
vt 0.466 0.313
vt 0.431 0.313
vt 0.466 0.313
vt 0.469 0.381
vt 0.431 0.313
vt 0.469 0.381
vt 0.435 0.382
vt 0.431 0.313
vt 0.287 0.309
vt 0.287 0.311
vt 0.284 0.309
vt 0.462 0.482
vt 0.502 0.483
vt 0.462 0.481
vt 0.502 0.483
vt 0.502 0.482
vt 0.462 0.481
vt 0.403 0.4
vt 0.392 0.4
vt 0.386 0.381
vt 0.392 0.4
vt 0.373 0.381
vt 0.386 0.381
vt 0.465 0.177
vt 0.502 0.175
vt 0.466 0.313
vt 0.502 0.175
vt 0.502 0.313
vt 0.466 0.313
vt 0.408 0.38
vt 0.418 0.4
vt 0.431 0.358
vt 0.408 0.38
vt 0.431 0.358
vt 0.416 0.359
vt 0.408 0.38
vt 0.416 0.359
vt 0.401 0.357
vt 0.415 0.415
vt 0.415 0.434
vt 0.42 0.434
vt 0.415 0.415
vt 0.42 0.434
vt 0.419 0.342
vt 0.415 0.415
vt 0.419 0.342
vt 0.413 0.342
vt 0.453 0.434
vt 0.468 0.434
vt 0.452 0.342
vt 0.468 0.434
vt 0.468 0.342
vt 0.452 0.342
vt 0.468 0.342
vt 0.485 0.342
vt 0.468 0.434
vt 0.485 0.342
vt 0.485 0.434
vt 0.468 0.434
vt 0.485 0.342
vt 0.502 0.342
vt 0.485 0.434
vt 0.502 0.342
vt 0.502 0.434
vt 0.485 0.434
vt 0.428 0.434
vt 0.427 0.342
vt 0.42 0.434
vt 0.427 0.342
vt 0.419 0.342
vt 0.42 0.434
vt 0.353 0.266
vt 0.322 0.262
vt 0.351 0.248
vt 0.322 0.262
vt 0.321 0.251
vt 0.351 0.248
vt 0.351 0.313
vt 0.347 0.249
vt 0.334 0.313
vt 0.347 0.249
vt 0.327 0.253
vt 0.334 0.313
vt 0.319 0.313
vt 0.316 0.313
vt 0.318 0.226
vt 0.316 0.313
vt 0.314 0.238
vt 0.318 0.226
vt 0.468 0.434
vt 0.453 0.434
vt 0.502 0.434
vt 0.381 0.464
vt 0.408 0.474
vt 0.382 0.463
vt 0.408 0.474
vt 0.414 0.472
vt 0.382 0.463
vt 0.335 0.407
vt 0.307 0.362
vt 0.331 0.413
vt 0.307 0.362
vt 0.311 0.386
vt 0.331 0.413
vt 0.306 0.316
vt 0.294 0.308
vt 0.305 0.32
vt 0.294 0.308
vt 0.293 0.31
vt 0.305 0.32
vt 0.386 0.245
vt 0.354 0.237
vt 0.368 0.246
vt 0.354 0.237
vt 0.323 0.242
vt 0.368 0.246
vt 0.327 0.325
vt 0.306 0.316
vt 0.326 0.327
vt 0.306 0.316
vt 0.305 0.32
vt 0.326 0.327
vt 0.397 0.439
vt 0.369 0.424
vt 0.392 0.447
vt 0.369 0.424
vt 0.359 0.431
vt 0.392 0.447
vt 0.333 0.712
vt 0.336 0.765
vt 0.273 0.721
vt 0.336 0.765
vt 0.277 0.774
vt 0.273 0.721
vt 0.384 0.46
vt 0.387 0.454
vt 0.354 0.443
vt 0.387 0.454
vt 0.354 0.437
vt 0.354 0.443
vt 0.398 0.455
vt 0.397 0.461
vt 0.369 0.442
vt 0.397 0.461
vt 0.368 0.448
vt 0.369 0.442
vt 0.461 0.271
vt 0.502 0.271
vt 0.461 0.294
vt 0.502 0.271
vt 0.502 0.294
vt 0.461 0.294
vt 0.464 0.481
vt 0.431 0.477
vt 0.462 0.481
vt 0.431 0.477
vt 0.428 0.477
vt 0.462 0.481
vt 0.367 0.453
vt 0.397 0.467
vt 0.368 0.455
vt 0.397 0.467
vt 0.397 0.469
vt 0.368 0.455
vt 0.414 0.342
vt 0.415 0.415
vt 0.384 0.342
vt 0.415 0.415
vt 0.385 0.4
vt 0.384 0.342
vt 0.384 0.46
vt 0.416 0.467
vt 0.387 0.454
vt 0.416 0.467
vt 0.418 0.462
vt 0.387 0.454
vt 0.319 0.414
vt 0.324 0.414
vt 0.307 0.389
vt 0.324 0.414
vt 0.309 0.39
vt 0.307 0.389
vt 0.425 0.309
vt 0.461 0.311
vt 0.423 0.328
vt 0.461 0.311
vt 0.461 0.331
vt 0.423 0.328
vt 0.463 0.483
vt 0.502 0.485
vt 0.462 0.482
vt 0.502 0.485
vt 0.502 0.483
vt 0.462 0.482
vt 0.319 0.313
vt 0.334 0.313
vt 0.317 0.251
vt 0.334 0.313
vt 0.327 0.253
vt 0.317 0.251
vt 0.352 0.332
vt 0.387 0.338
vt 0.352 0.304
vt 0.387 0.338
vt 0.386 0.306
vt 0.352 0.304
vt 0.368 0.455
vt 0.397 0.469
vt 0.37 0.455
vt 0.397 0.469
vt 0.399 0.469
vt 0.37 0.455
vt 0.413 0.342
vt 0.419 0.342
vt 0.385 0.342
vt 0.419 0.342
vt 0.392 0.342
vt 0.385 0.342
vt 0.296 0.33
vt 0.307 0.362
vt 0.293 0.319
vt 0.307 0.362
vt 0.298 0.335
vt 0.293 0.319
vt 0.286 0.267
vt 0.282 0.281
vt 0.287 0.279
vt 0.282 0.281
vt 0.284 0.29
vt 0.287 0.279
vt 0.388 0.365
vt 0.42 0.368
vt 0.386 0.362
vt 0.42 0.368
vt 0.418 0.365
vt 0.386 0.362
vt 0.282 0.825
vt 0.286 0.861
vt 0.228 0.834
vt 0.286 0.861
vt 0.234 0.862
vt 0.228 0.834
vt 0.387 0.338
vt 0.419 0.341
vt 0.386 0.306
vt 0.419 0.341
vt 0.419 0.308
vt 0.386 0.306
vt 0.331 0.354
vt 0.356 0.361
vt 0.328 0.351
vt 0.356 0.361
vt 0.353 0.357
vt 0.328 0.351
vt 0.468 0.342
vt 0.456 0.342
vt 0.452 0.342
vt 0.456 0.342
vt 0.437 0.342
vt 0.452 0.342
vt 0.345 0.19
vt 0.369 0.194
vt 0.322 0.2
vt 0.369 0.194
vt 0.347 0.204
vt 0.322 0.2
vt 0.12 0.762
vt 0.129 0.804
vt 0.08 0.778
vt 0.129 0.804
vt 0.089 0.816
vt 0.08 0.778
vt 0.387 0.454
vt 0.392 0.447
vt 0.354 0.437
vt 0.392 0.447
vt 0.359 0.431
vt 0.354 0.437
vt 0.317 0.401
vt 0.315 0.406
vt 0.303 0.377
vt 0.315 0.406
vt 0.303 0.382
vt 0.303 0.377
vt 0.475 0.358
vt 0.47 0.357
vt 0.448 0.358
vt 0.47 0.357
vt 0.44 0.357
vt 0.448 0.358
vt 0.29 0.257
vt 0.301 0.254
vt 0.289 0.264
vt 0.301 0.254
vt 0.301 0.26
vt 0.289 0.264
vt 0.29 0.243
vt 0.284 0.258
vt 0.293 0.261
vt 0.284 0.258
vt 0.286 0.267
vt 0.293 0.261
vt 0.323 0.242
vt 0.354 0.237
vt 0.321 0.251
vt 0.354 0.237
vt 0.351 0.248
vt 0.321 0.251
vt 0.408 0.427
vt 0.403 0.434
vt 0.428 0.43
vt 0.403 0.434
vt 0.426 0.436
vt 0.428 0.43
vt 0.397 0.469
vt 0.426 0.478
vt 0.399 0.469
vt 0.426 0.478
vt 0.426 0.478
vt 0.399 0.469
vt 0.461 0.231
vt 0.502 0.231
vt 0.46 0.243
vt 0.502 0.231
vt 0.502 0.243
vt 0.46 0.243
vt 0.502 0.282
vt 0.457 0.278
vt 0.502 0.314
vt 0.457 0.278
vt 0.458 0.31
vt 0.502 0.314
vt 0.354 0.237
vt 0.387 0.234
vt 0.351 0.248
vt 0.387 0.234
vt 0.386 0.245
vt 0.351 0.248
vt 0.28 0.268
vt 0.281 0.273
vt 0.277 0.266
vt 0.281 0.273
vt 0.277 0.272
vt 0.277 0.266
vt 0.301 0.247
vt 0.323 0.242
vt 0.301 0.254
vt 0.323 0.242
vt 0.321 0.251
vt 0.301 0.254
vt 0.276 0.26
vt 0.275 0.261
vt 0.28 0.275
vt 0.275 0.261
vt 0.278 0.276
vt 0.28 0.275
vt 0.387 0.234
vt 0.424 0.232
vt 0.386 0.245
vt 0.424 0.232
vt 0.422 0.243
vt 0.386 0.245
vt 0.457 0.342
vt 0.479 0.342
vt 0.468 0.342
vt 0.479 0.342
vt 0.485 0.342
vt 0.468 0.342
vt 0.448 0.358
vt 0.456 0.359
vt 0.475 0.358
vt 0.456 0.359
vt 0.479 0.359
vt 0.475 0.358
vt 0.485 0.342
vt 0.502 0.342
vt 0.479 0.342
vt 0.502 0.342
vt 0.502 0.342
vt 0.479 0.342
vt 0.389 0.268
vt 0.423 0.27
vt 0.391 0.287
vt 0.423 0.27
vt 0.424 0.292
vt 0.391 0.287
vt 0.436 0.342
vt 0.457 0.342
vt 0.452 0.342
vt 0.457 0.342
vt 0.468 0.342
vt 0.452 0.342
vt 0.427 0.342
vt 0.438 0.342
vt 0.403 0.342
vt 0.438 0.342
vt 0.418 0.342
vt 0.403 0.342
vt 0.392 0.342
vt 0.419 0.342
vt 0.384 0.342
vt 0.419 0.342
vt 0.414 0.342
vt 0.384 0.342
vt 0.38 0.398
vt 0.401 0.397
vt 0.369 0.379
vt 0.401 0.397
vt 0.394 0.379
vt 0.369 0.379
vt 0.282 0.281
vt 0.28 0.283
vt 0.284 0.29
vt 0.28 0.283
vt 0.282 0.292
vt 0.284 0.29
vt 0.343 0.438
vt 0.368 0.455
vt 0.345 0.438
vt 0.368 0.455
vt 0.37 0.455
vt 0.345 0.438
vt 0.356 0.361
vt 0.388 0.365
vt 0.353 0.357
vt 0.388 0.365
vt 0.386 0.362
vt 0.353 0.357
vt 0.351 0.351
vt 0.385 0.356
vt 0.351 0.341
vt 0.385 0.356
vt 0.385 0.346
vt 0.351 0.341
vt 0.307 0.362
vt 0.328 0.373
vt 0.298 0.335
vt 0.328 0.373
vt 0.311 0.346
vt 0.298 0.335
vt 0.311 0.346
vt 0.331 0.354
vt 0.308 0.342
vt 0.331 0.354
vt 0.328 0.351
vt 0.308 0.342
vt 0.279 0.296
vt 0.277 0.288
vt 0.277 0.287
vt 0.277 0.288
vt 0.276 0.28
vt 0.277 0.287
vt 0.425 0.381
vt 0.412 0.357
vt 0.443 0.382
vt 0.412 0.357
vt 0.426 0.358
vt 0.443 0.382
vt 0.284 0.293
vt 0.28 0.291
vt 0.281 0.273
vt 0.28 0.291
vt 0.277 0.272
vt 0.281 0.273
vt 0.293 0.33
vt 0.299 0.365
vt 0.296 0.33
vt 0.299 0.365
vt 0.302 0.366
vt 0.296 0.33
vt 0.385 0.4
vt 0.365 0.381
vt 0.392 0.4
vt 0.365 0.381
vt 0.373 0.381
vt 0.392 0.4
vt 0.502 0.434
vt 0.485 0.434
vt 0.502 0.434
vt 0.415 0.434
vt 0.415 0.415
vt 0.42 0.434
vt 0.42 0.434
vt 0.415 0.415
vt 0.419 0.342
vt 0.415 0.415
vt 0.414 0.342
vt 0.419 0.342
vt 0.452 0.342
vt 0.468 0.342
vt 0.453 0.434
vt 0.468 0.342
vt 0.468 0.434
vt 0.453 0.434
vt 0.438 0.342
vt 0.452 0.342
vt 0.439 0.434
vt 0.452 0.342
vt 0.453 0.434
vt 0.439 0.434
vt 0.502 0.434
vt 0.502 0.342
vt 0.485 0.434
vt 0.502 0.342
vt 0.485 0.342
vt 0.485 0.434
vt 0.468 0.434
vt 0.485 0.434
vt 0.468 0.342
vt 0.485 0.434
vt 0.485 0.342
vt 0.468 0.342
vt 0.428 0.434
vt 0.439 0.434
vt 0.427 0.342
vt 0.439 0.434
vt 0.438 0.342
vt 0.427 0.342
vt 0.419 0.342
vt 0.427 0.342
vt 0.42 0.434
vt 0.427 0.342
vt 0.428 0.434
vt 0.42 0.434
vt 0.439 0.434
vt 0.453 0.434
vt 0.438 0.342
vt 0.453 0.434
vt 0.452 0.342
vt 0.438 0.342
vt 0.415 0.434
vt 0.415 0.415
vt 0.413 0.434
vt 0.415 0.415
vt 0.413 0.415
vt 0.413 0.434
vt 0.278 0.254
vt 0.277 0.257
vt 0.279 0.239
vt 0.295 0.278
vt 0.293 0.261
vt 0.287 0.279
vt 0.293 0.261
vt 0.286 0.267
vt 0.287 0.279
vt 0.343 0.438
vt 0.345 0.438
vt 0.319 0.414
vt 0.345 0.438
vt 0.324 0.414
vt 0.319 0.414
vt 0.348 0.402
vt 0.361 0.399
vt 0.328 0.373
vt 0.361 0.399
vt 0.348 0.377
vt 0.328 0.373
vt 0.286 0.298
vt 0.285 0.299
vt 0.294 0.308
vt 0.285 0.299
vt 0.293 0.31
vt 0.294 0.308
vt 0.456 0.359
vt 0.448 0.358
vt 0.44 0.357
vt 0.448 0.358
vt 0.431 0.358
vt 0.44 0.357
vt 0.089 0.816
vt 0.098 0.855
vt 0.05 0.82
vt 0.098 0.855
vt 0.044 0.838
vt 0.05 0.82
vt 0.416 0.467
vt 0.384 0.46
vt 0.414 0.472
vt 0.384 0.46
vt 0.382 0.463
vt 0.414 0.472
vt 0.439 0.471
vt 0.44 0.465
vt 0.416 0.467
vt 0.44 0.465
vt 0.418 0.462
vt 0.416 0.467
vt 0.328 0.373
vt 0.348 0.377
vt 0.311 0.346
vt 0.348 0.377
vt 0.331 0.354
vt 0.311 0.346
vt 0.382 0.463
vt 0.36 0.451
vt 0.381 0.464
vt 0.36 0.451
vt 0.37 0.457
vt 0.381 0.464
vt 0.38 0.462
vt 0.381 0.464
vt 0.362 0.453
vt 0.381 0.464
vt 0.37 0.457
vt 0.362 0.453
vt 0.453 0.434
vt 0.439 0.434
vt 0.502 0.434
vt 0.286 0.861
vt 0.292 0.898
vt 0.234 0.862
vt 0.292 0.898
vt 0.24 0.89
vt 0.234 0.862
vt 0.356 0.361
vt 0.331 0.354
vt 0.369 0.379
vt 0.331 0.354
vt 0.348 0.377
vt 0.369 0.379
vt 0.369 0.194
vt 0.398 0.186
vt 0.37 0.313
vt 0.398 0.186
vt 0.401 0.315
vt 0.37 0.313
vt 0.408 0.38
vt 0.401 0.357
vt 0.403 0.381
vt 0.401 0.357
vt 0.388 0.357
vt 0.403 0.381
vt 0.439 0.434
vt 0.453 0.434
vt 0.502 0.434
vt 0.359 0.431
vt 0.369 0.424
vt 0.335 0.407
vt 0.369 0.424
vt 0.348 0.402
vt 0.335 0.407
vt 0.502 0.345
vt 0.502 0.314
vt 0.459 0.344
vt 0.502 0.314
vt 0.458 0.31
vt 0.459 0.344
vt 0.28 0.275
vt 0.278 0.276
vt 0.282 0.281
vt 0.278 0.276
vt 0.28 0.283
vt 0.282 0.281
vt 0.298 0.335
vt 0.295 0.332
vt 0.293 0.319
vt 0.295 0.332
vt 0.287 0.316
vt 0.293 0.319
vt 0.392 0.305
vt 0.425 0.309
vt 0.39 0.323
vt 0.425 0.309
vt 0.423 0.328
vt 0.39 0.323
vt 0.502 0.442
vt 0.472 0.44
vt 0.502 0.454
vt 0.472 0.44
vt 0.471 0.451
vt 0.502 0.454
vt 0.454 0.171
vt 0.413 0.174
vt 0.455 0.206
vt 0.413 0.174
vt 0.415 0.21
vt 0.455 0.206
vt 0.408 0.474
vt 0.381 0.464
vt 0.404 0.472
vt 0.381 0.464
vt 0.38 0.462
vt 0.404 0.472
vt 0.399 0.469
vt 0.401 0.47
vt 0.37 0.455
vt 0.401 0.47
vt 0.375 0.458
vt 0.37 0.455
vt 0.426 0.394
vt 0.431 0.409
vt 0.46 0.394
vt 0.431 0.409
vt 0.462 0.408
vt 0.46 0.394
vt 0.462 0.481
vt 0.502 0.482
vt 0.464 0.481
vt 0.502 0.482
vt 0.502 0.481
vt 0.464 0.481
vt 0.467 0.42
vt 0.462 0.408
vt 0.438 0.422
vt 0.462 0.408
vt 0.431 0.409
vt 0.438 0.422
vt 0.325 0.253
vt 0.323 0.226
vt 0.305 0.256
vt 0.323 0.226
vt 0.304 0.234
vt 0.305 0.256
vt 0.385 0.275
vt 0.418 0.276
vt 0.383 0.25
vt 0.418 0.276
vt 0.417 0.248
vt 0.383 0.25
vt 0.369 0.379
vt 0.394 0.379
vt 0.356 0.361
vt 0.394 0.379
vt 0.388 0.365
vt 0.356 0.361
vt 0.327 0.301
vt 0.352 0.304
vt 0.325 0.277
vt 0.352 0.304
vt 0.35 0.277
vt 0.325 0.277
vt 0.35 0.277
vt 0.349 0.252
vt 0.325 0.277
vt 0.349 0.252
vt 0.325 0.253
vt 0.325 0.277
vt 0.35 0.277
vt 0.385 0.275
vt 0.349 0.252
vt 0.385 0.275
vt 0.383 0.25
vt 0.349 0.252
vt 0.463 0.481
vt 0.463 0.483
vt 0.426 0.475
vt 0.463 0.483
vt 0.426 0.478
vt 0.426 0.475
vt 0.306 0.316
vt 0.327 0.325
vt 0.307 0.297
vt 0.327 0.325
vt 0.327 0.301
vt 0.307 0.297
vt 0.423 0.446
vt 0.426 0.436
vt 0.397 0.439
vt 0.426 0.436
vt 0.403 0.434
vt 0.397 0.439
vt 0.295 0.295
vt 0.307 0.297
vt 0.295 0.278
vt 0.307 0.297
vt 0.307 0.277
vt 0.295 0.278
vt 0.061 0.784
vt 0.08 0.778
vt 0.05 0.82
vt 0.08 0.778
vt 0.089 0.816
vt 0.05 0.82
vt 0.293 0.261
vt 0.305 0.256
vt 0.29 0.243
vt 0.305 0.256
vt 0.304 0.234
vt 0.29 0.243
vt 0.502 0.169
vt 0.502 0.175
vt 0.454 0.171
vt 0.502 0.175
vt 0.465 0.177
vt 0.454 0.171
vt 0.285 0.303
vt 0.287 0.309
vt 0.282 0.301
vt 0.287 0.309
vt 0.284 0.309
vt 0.282 0.301
vt 0.34 0.435
vt 0.343 0.438
vt 0.316 0.411
vt 0.343 0.438
vt 0.319 0.414
vt 0.316 0.411
vt 0.277 0.257
vt 0.276 0.26
vt 0.279 0.239
vt 0.061 0.784
vt 0.041 0.783
vt 0.062 0.725
vt 0.061 0.784
vt 0.062 0.725
vt 0.08 0.778
vt 0.436 0.4
vt 0.425 0.381
vt 0.457 0.4
vt 0.425 0.381
vt 0.443 0.382
vt 0.457 0.4
vt 0.315 0.406
vt 0.316 0.411
vt 0.303 0.382
vt 0.316 0.411
vt 0.304 0.386
vt 0.303 0.382
vt 0.287 0.311
vt 0.29 0.325
vt 0.288 0.313
vt 0.29 0.325
vt 0.291 0.328
vt 0.288 0.313
vt 0.183 0.863
vt 0.184 0.882
vt 0.141 0.86
vt 0.184 0.882
vt 0.138 0.868
vt 0.141 0.86
vt 0.098 0.855
vt 0.136 0.852
vt 0.138 0.868
vt 0.136 0.852
vt 0.141 0.86
vt 0.138 0.868
vt 0.296 0.354
vt 0.296 0.358
vt 0.29 0.322
vt 0.296 0.358
vt 0.29 0.325
vt 0.29 0.322
vt 0.028 0.813
vt 0.05 0.82
vt 0.022 0.831
vt 0.05 0.82
vt 0.044 0.838
vt 0.022 0.831
vt 0.413 0.174
vt 0.378 0.181
vt 0.415 0.21
vt 0.378 0.181
vt 0.38 0.214
vt 0.415 0.21
vt 0.158 0.75
vt 0.214 0.735
vt 0.169 0.794
vt 0.214 0.735
vt 0.22 0.784
vt 0.169 0.794
vt 0.388 0.357
vt 0.412 0.357
vt 0.404 0.381
vt 0.412 0.357
vt 0.425 0.381
vt 0.404 0.381
vt 0.297 0.362
vt 0.299 0.365
vt 0.291 0.328
vt 0.299 0.365
vt 0.293 0.33
vt 0.291 0.328
vt 0.462 0.482
vt 0.462 0.481
vt 0.426 0.478
vt 0.462 0.481
vt 0.428 0.477
vt 0.426 0.478
vt 0.412 0.241
vt 0.387 0.234
vt 0.386 0.245
vt 0.387 0.234
vt 0.354 0.237
vt 0.386 0.245
vt 0.353 0.357
vt 0.368 0.357
vt 0.373 0.381
vt 0.368 0.357
vt 0.386 0.381
vt 0.373 0.381
vt 0.385 0.356
vt 0.418 0.358
vt 0.385 0.346
vt 0.418 0.358
vt 0.417 0.35
vt 0.385 0.346
vt 0.455 0.206
vt 0.415 0.21
vt 0.457 0.247
vt 0.415 0.21
vt 0.417 0.248
vt 0.457 0.247
vt 0.471 0.451
vt 0.472 0.44
vt 0.442 0.449
vt 0.472 0.44
vt 0.444 0.44
vt 0.442 0.449
vt 0.12 0.762
vt 0.158 0.75
vt 0.129 0.804
vt 0.158 0.75
vt 0.169 0.794
vt 0.129 0.804
vt 0.382 0.654
vt 0.439 0.651
vt 0.383 0.705
vt 0.439 0.651
vt 0.44 0.701
vt 0.383 0.705
vt 0.385 0.4
vt 0.392 0.4
vt 0.384 0.342
vt 0.392 0.4
vt 0.392 0.342
vt 0.384 0.342
vt 0.386 0.245
vt 0.368 0.246
vt 0.393 0.313
vt 0.368 0.246
vt 0.374 0.313
vt 0.393 0.313
vt 0.441 0.457
vt 0.47 0.46
vt 0.442 0.449
vt 0.47 0.46
vt 0.471 0.451
vt 0.442 0.449
vt 0.502 0.357
vt 0.502 0.313
vt 0.47 0.357
vt 0.502 0.313
vt 0.467 0.313
vt 0.47 0.357
vt 0.5 0.755
vt 0.5 0.811
vt 0.44 0.757
vt 0.5 0.811
vt 0.44 0.811
vt 0.44 0.757
vt 0.392 0.305
vt 0.39 0.323
vt 0.356 0.298
vt 0.39 0.323
vt 0.355 0.315
vt 0.356 0.298
vt 0.44 0.701
vt 0.501 0.699
vt 0.44 0.757
vt 0.501 0.699
vt 0.5 0.755
vt 0.44 0.757
vt 0.502 0.312
vt 0.461 0.311
vt 0.502 0.294
vt 0.461 0.311
vt 0.461 0.294
vt 0.502 0.294
vt 0.385 0.862
vt 0.386 0.907
vt 0.339 0.862
vt 0.386 0.907
vt 0.341 0.904
vt 0.339 0.862
vt 0.326 0.288
vt 0.325 0.305
vt 0.304 0.277
vt 0.325 0.305
vt 0.301 0.293
vt 0.304 0.277
vt 0.501 0.651
vt 0.501 0.699
vt 0.439 0.651
vt 0.501 0.699
vt 0.44 0.701
vt 0.439 0.651
vt 0.299 0.365
vt 0.307 0.389
vt 0.302 0.366
vt 0.307 0.389
vt 0.309 0.39
vt 0.302 0.366
vt 0.397 0.439
vt 0.403 0.434
vt 0.369 0.424
vt 0.403 0.434
vt 0.38 0.419
vt 0.369 0.424
vt 0.269 0.669
vt 0.33 0.66
vt 0.273 0.721
vt 0.33 0.66
vt 0.333 0.712
vt 0.273 0.721
vt 0.183 0.863
vt 0.179 0.843
vt 0.234 0.862
vt 0.179 0.843
vt 0.228 0.834
vt 0.234 0.862
vt 0.441 0.863
vt 0.441 0.908
vt 0.385 0.862
vt 0.441 0.908
vt 0.386 0.907
vt 0.385 0.862
vt 0.382 0.654
vt 0.383 0.705
vt 0.33 0.66
vt 0.383 0.705
vt 0.333 0.712
vt 0.33 0.66
vt 0.414 0.472
vt 0.408 0.474
vt 0.439 0.475
vt 0.408 0.474
vt 0.434 0.477
vt 0.439 0.475
vt 0.441 0.457
vt 0.42 0.454
vt 0.44 0.465
vt 0.42 0.454
vt 0.418 0.462
vt 0.44 0.465
vt 0.336 0.765
vt 0.337 0.819
vt 0.277 0.774
vt 0.337 0.819
vt 0.282 0.825
vt 0.277 0.774
vt 0.398 0.186
vt 0.43 0.181
vt 0.401 0.315
vt 0.43 0.181
vt 0.431 0.313
vt 0.401 0.315
vt 0.304 0.277
vt 0.301 0.293
vt 0.289 0.264
vt 0.301 0.293
vt 0.289 0.282
vt 0.289 0.264
vt 0.136 0.852
vt 0.098 0.855
vt 0.129 0.804
vt 0.098 0.855
vt 0.089 0.816
vt 0.129 0.804
vt 0.341 0.424
vt 0.369 0.442
vt 0.339 0.429
vt 0.369 0.442
vt 0.368 0.448
vt 0.339 0.429
vt 0.442 0.449
vt 0.423 0.446
vt 0.441 0.457
vt 0.423 0.446
vt 0.42 0.454
vt 0.441 0.457
vt 0.307 0.277
vt 0.305 0.256
vt 0.295 0.278
vt 0.305 0.256
vt 0.293 0.261
vt 0.295 0.278
vt 0.061 0.784
vt 0.05 0.82
vt 0.041 0.783
vt 0.05 0.82
vt 0.028 0.813
vt 0.041 0.783
vt 0.327 0.301
vt 0.325 0.277
vt 0.307 0.297
vt 0.325 0.277
vt 0.307 0.277
vt 0.307 0.297
vt 0.384 0.814
vt 0.44 0.811
vt 0.385 0.862
vt 0.44 0.811
vt 0.441 0.863
vt 0.385 0.862
vt 0.281 0.273
vt 0.28 0.268
vt 0.289 0.282
vt 0.282 0.281
vt 0.286 0.267
vt 0.28 0.275
vt 0.286 0.267
vt 0.284 0.258
vt 0.28 0.275
vt 0.289 0.264
vt 0.28 0.26
vt 0.29 0.257
vt 0.353 0.445
vt 0.345 0.438
vt 0.375 0.458
vt 0.345 0.438
vt 0.37 0.455
vt 0.375 0.458
vt 0.326 0.288
vt 0.304 0.277
vt 0.325 0.274
vt 0.304 0.277
vt 0.306 0.268
vt 0.325 0.274
vt 0.469 0.239
vt 0.461 0.231
vt 0.437 0.24
vt 0.461 0.231
vt 0.424 0.232
vt 0.437 0.24
vt 0.287 0.279
vt 0.29 0.289
vt 0.295 0.278
vt 0.29 0.289
vt 0.295 0.295
vt 0.295 0.278
vt 0.467 0.42
vt 0.469 0.43
vt 0.502 0.419
vt 0.469 0.43
vt 0.502 0.43
vt 0.502 0.419
vt 0.179 0.843
vt 0.169 0.794
vt 0.228 0.834
vt 0.169 0.794
vt 0.22 0.784
vt 0.228 0.834
vt 0.22 0.784
vt 0.277 0.774
vt 0.228 0.834
vt 0.277 0.774
vt 0.282 0.825
vt 0.228 0.834
vt 0.461 0.311
vt 0.502 0.312
vt 0.461 0.331
vt 0.502 0.312
vt 0.502 0.334
vt 0.461 0.331
vt 0.502 0.313
vt 0.502 0.239
vt 0.467 0.313
vt 0.502 0.239
vt 0.469 0.239
vt 0.467 0.313
vt 0.502 0.4
vt 0.479 0.4
vt 0.502 0.381
vt 0.479 0.4
vt 0.475 0.381
vt 0.502 0.381
vt 0.385 0.4
vt 0.415 0.415
vt 0.383 0.4
vt 0.415 0.415
vt 0.413 0.415
vt 0.383 0.4
vt 0.214 0.735
vt 0.158 0.75
vt 0.209 0.681
vt 0.158 0.75
vt 0.148 0.697
vt 0.209 0.681
vt 0.431 0.313
vt 0.435 0.382
vt 0.401 0.315
vt 0.435 0.382
vt 0.427 0.383
vt 0.401 0.315
vt 0.392 0.305
vt 0.356 0.298
vt 0.391 0.287
vt 0.356 0.298
vt 0.355 0.281
vt 0.391 0.287
vt 0.387 0.338
vt 0.352 0.332
vt 0.386 0.34
vt 0.352 0.332
vt 0.352 0.334
vt 0.386 0.34
vt 0.327 0.253
vt 0.29 0.251
vt 0.317 0.251
vt 0.29 0.251
vt 0.281 0.256
vt 0.317 0.251
vt 0.437 0.24
vt 0.424 0.232
vt 0.412 0.241
vt 0.424 0.232
vt 0.387 0.234
vt 0.412 0.241
vt 0.389 0.268
vt 0.353 0.266
vt 0.386 0.245
vt 0.353 0.266
vt 0.351 0.248
vt 0.386 0.245
vt 0.356 0.298
vt 0.326 0.288
vt 0.355 0.281
vt 0.326 0.288
vt 0.325 0.274
vt 0.355 0.281
vt 0.392 0.342
vt 0.403 0.342
vt 0.419 0.342
vt 0.403 0.342
vt 0.427 0.342
vt 0.419 0.342
vt 0.384 0.761
vt 0.44 0.757
vt 0.384 0.814
vt 0.44 0.757
vt 0.44 0.811
vt 0.384 0.814
vt 0.44 0.357
vt 0.432 0.313
vt 0.421 0.357
vt 0.432 0.313
vt 0.413 0.313
vt 0.421 0.357
vt 0.274 0.261
vt 0.275 0.26
vt 0.274 0.263
vt 0.062 0.725
vt 0.106 0.709
vt 0.08 0.778
vt 0.106 0.709
vt 0.12 0.762
vt 0.08 0.778
vt 0.38 0.419
vt 0.361 0.399
vt 0.369 0.424
vt 0.361 0.399
vt 0.348 0.402
vt 0.369 0.424
vt 0.347 0.249
vt 0.301 0.247
vt 0.327 0.253
vt 0.301 0.247
vt 0.29 0.251
vt 0.327 0.253
vt 0.418 0.342
vt 0.436 0.342
vt 0.438 0.342
vt 0.436 0.342
vt 0.452 0.342
vt 0.438 0.342
vt 0.354 0.443
vt 0.36 0.451
vt 0.384 0.46
vt 0.36 0.451
vt 0.382 0.463
vt 0.384 0.46
vt 0.234 0.862
vt 0.24 0.89
vt 0.183 0.863
vt 0.24 0.89
vt 0.184 0.882
vt 0.183 0.863
vt 0.347 0.249
vt 0.368 0.246
vt 0.301 0.247
vt 0.368 0.246
vt 0.323 0.242
vt 0.301 0.247
vt 0.386 0.245
vt 0.422 0.243
vt 0.389 0.268
vt 0.422 0.243
vt 0.423 0.27
vt 0.389 0.268
vt 0.28 0.26
vt 0.281 0.256
vt 0.29 0.257
vt 0.281 0.256
vt 0.29 0.251
vt 0.29 0.257
vt 0.426 0.478
vt 0.463 0.483
vt 0.426 0.478
vt 0.463 0.483
vt 0.462 0.482
vt 0.426 0.478
vt 0.29 0.243
vt 0.304 0.234
vt 0.286 0.225
vt 0.304 0.234
vt 0.302 0.211
vt 0.286 0.225
vt 0.298 0.335
vt 0.311 0.346
vt 0.295 0.332
vt 0.311 0.346
vt 0.308 0.342
vt 0.295 0.332
vt 0.362 0.453
vt 0.353 0.445
vt 0.38 0.462
vt 0.353 0.445
vt 0.375 0.458
vt 0.38 0.462
vt 0.452 0.342
vt 0.437 0.342
vt 0.438 0.342
vt 0.437 0.342
vt 0.418 0.342
vt 0.438 0.342
vt 0.412 0.357
vt 0.388 0.357
vt 0.401 0.315
vt 0.388 0.357
vt 0.37 0.313
vt 0.401 0.315
vt 0.445 0.43
vt 0.444 0.44
vt 0.469 0.43
vt 0.444 0.44
vt 0.472 0.44
vt 0.469 0.43
vt 0.334 0.426
vt 0.324 0.414
vt 0.345 0.438
vt 0.301 0.254
vt 0.321 0.251
vt 0.301 0.26
vt 0.321 0.251
vt 0.322 0.262
vt 0.301 0.26
vt 0.333 0.712
vt 0.383 0.705
vt 0.336 0.765
vt 0.383 0.705
vt 0.384 0.761
vt 0.336 0.765
vt 0.325 0.253
vt 0.349 0.252
vt 0.323 0.226
vt 0.349 0.252
vt 0.347 0.219
vt 0.323 0.226
vt 0.445 0.43
vt 0.438 0.422
vt 0.428 0.43
vt 0.438 0.422
vt 0.42 0.424
vt 0.428 0.43
vt 0.461 0.294
vt 0.424 0.292
vt 0.461 0.271
vt 0.424 0.292
vt 0.423 0.27
vt 0.461 0.271
vt 0.386 0.381
vt 0.403 0.381
vt 0.368 0.357
vt 0.403 0.381
vt 0.388 0.357
vt 0.368 0.357
vt 0.303 0.377
vt 0.303 0.382
vt 0.296 0.354
vt 0.303 0.382
vt 0.296 0.358
vt 0.296 0.354
vt 0.36 0.451
vt 0.362 0.453
vt 0.37 0.457
vt 0.418 0.358
vt 0.457 0.361
vt 0.417 0.35
vt 0.457 0.361
vt 0.457 0.353
vt 0.417 0.35
vt 0.502 0.471
vt 0.502 0.479
vt 0.463 0.469
vt 0.502 0.479
vt 0.463 0.476
vt 0.463 0.469
vt 0.463 0.481
vt 0.502 0.483
vt 0.463 0.483
vt 0.502 0.483
vt 0.502 0.485
vt 0.463 0.483
vt 0.384 0.761
vt 0.384 0.814
vt 0.336 0.765
vt 0.384 0.814
vt 0.337 0.819
vt 0.336 0.765
vt 0.502 0.47
vt 0.469 0.469
vt 0.502 0.476
vt 0.469 0.469
vt 0.468 0.474
vt 0.502 0.476
vt 0.502 0.371
vt 0.459 0.371
vt 0.502 0.381
vt 0.459 0.371
vt 0.461 0.381
vt 0.502 0.381
vt 0.399 0.469
vt 0.426 0.478
vt 0.401 0.47
vt 0.426 0.478
vt 0.428 0.477
vt 0.401 0.47
vt 0.442 0.449
vt 0.444 0.44
vt 0.423 0.446
vt 0.444 0.44
vt 0.426 0.436
vt 0.423 0.446
vt 0.337 0.819
vt 0.384 0.814
vt 0.339 0.862
vt 0.384 0.814
vt 0.385 0.862
vt 0.339 0.862
vt 0.339 0.862
vt 0.286 0.861
vt 0.337 0.819
vt 0.286 0.861
vt 0.282 0.825
vt 0.337 0.819
vt 0.467 0.478
vt 0.502 0.479
vt 0.468 0.474
vt 0.502 0.479
vt 0.502 0.476
vt 0.468 0.474
vt 0.44 0.357
vt 0.47 0.357
vt 0.432 0.313
vt 0.47 0.357
vt 0.467 0.313
vt 0.432 0.313
vt 0.403 0.4
vt 0.418 0.4
vt 0.386 0.381
vt 0.418 0.4
vt 0.403 0.381
vt 0.386 0.381
vt 0.383 0.25
vt 0.417 0.248
vt 0.38 0.214
vt 0.417 0.248
vt 0.415 0.21
vt 0.38 0.214
vt 0.464 0.481
vt 0.502 0.481
vt 0.466 0.48
vt 0.502 0.481
vt 0.502 0.48
vt 0.466 0.48
vt 0.304 0.386
vt 0.307 0.389
vt 0.297 0.362
vt 0.307 0.389
vt 0.299 0.365
vt 0.297 0.362
vt 0.468 0.474
vt 0.439 0.471
vt 0.467 0.478
vt 0.439 0.471
vt 0.439 0.475
vt 0.467 0.478
vt 0.368 0.357
vt 0.388 0.357
vt 0.351 0.313
vt 0.388 0.357
vt 0.374 0.313
vt 0.351 0.313
vt 0.322 0.2
vt 0.302 0.211
vt 0.323 0.226
vt 0.302 0.211
vt 0.304 0.234
vt 0.323 0.226
vt 0.44 0.701
vt 0.44 0.757
vt 0.383 0.705
vt 0.44 0.757
vt 0.384 0.761
vt 0.383 0.705
vt 0.502 0.408
vt 0.502 0.394
vt 0.462 0.408
vt 0.502 0.394
vt 0.46 0.394
vt 0.462 0.408
vt 0.408 0.474
vt 0.404 0.472
vt 0.434 0.477
vt 0.404 0.472
vt 0.431 0.477
vt 0.434 0.477
vt 0.414 0.472
vt 0.439 0.475
vt 0.416 0.467
vt 0.439 0.475
vt 0.439 0.471
vt 0.416 0.467
vt 0.44 0.465
vt 0.469 0.469
vt 0.441 0.457
vt 0.469 0.469
vt 0.47 0.46
vt 0.441 0.457
vt 0.463 0.469
vt 0.463 0.476
vt 0.426 0.463
vt 0.463 0.476
vt 0.426 0.47
vt 0.426 0.463
vt 0.42 0.368
vt 0.388 0.365
vt 0.423 0.381
vt 0.388 0.365
vt 0.394 0.379
vt 0.423 0.381
vt 0.386 0.306
vt 0.385 0.275
vt 0.352 0.304
vt 0.385 0.275
vt 0.35 0.277
vt 0.352 0.304
vt 0.459 0.371
vt 0.502 0.371
vt 0.458 0.367
vt 0.502 0.371
vt 0.502 0.367
vt 0.458 0.367
vt 0.454 0.171
vt 0.465 0.177
vt 0.413 0.174
vt 0.465 0.177
vt 0.43 0.181
vt 0.413 0.174
vt 0.29 0.289
vt 0.286 0.298
vt 0.295 0.295
vt 0.286 0.298
vt 0.294 0.308
vt 0.295 0.295
vt 0.286 0.298
vt 0.29 0.289
vt 0.284 0.29
vt 0.29 0.289
vt 0.287 0.279
vt 0.284 0.29
vt 0.426 0.47
vt 0.426 0.475
vt 0.397 0.461
vt 0.426 0.475
vt 0.397 0.467
vt 0.397 0.461
vt 0.459 0.344
vt 0.419 0.341
vt 0.457 0.347
vt 0.419 0.341
vt 0.418 0.344
vt 0.457 0.347
vt 0.42 0.368
vt 0.423 0.381
vt 0.459 0.371
vt 0.423 0.381
vt 0.461 0.381
vt 0.459 0.371
vt 0.336 0.425
vt 0.331 0.413
vt 0.321 0.41
vt 0.331 0.413
vt 0.311 0.386
vt 0.321 0.41
vt 0.292 0.326
vt 0.305 0.336
vt 0.292 0.317
vt 0.305 0.336
vt 0.304 0.327
vt 0.292 0.317
vt 0.296 0.33
vt 0.302 0.366
vt 0.307 0.362
vt 0.302 0.366
vt 0.311 0.386
vt 0.307 0.362
vt 0.457 0.247
vt 0.417 0.248
vt 0.457 0.278
vt 0.417 0.248
vt 0.418 0.276
vt 0.457 0.278
vt 0.148 0.697
vt 0.158 0.75
vt 0.106 0.709
vt 0.158 0.75
vt 0.12 0.762
vt 0.106 0.709
vt 0.413 0.415
vt 0.415 0.415
vt 0.383 0.4
vt 0.415 0.415
vt 0.385 0.4
vt 0.383 0.4
vt 0.424 0.232
vt 0.461 0.231
vt 0.422 0.243
vt 0.461 0.231
vt 0.46 0.243
vt 0.422 0.243
vt 0.348 0.402
vt 0.328 0.373
vt 0.335 0.407
vt 0.328 0.373
vt 0.307 0.362
vt 0.335 0.407
vt 0.409 0.411
vt 0.401 0.397
vt 0.393 0.414
vt 0.401 0.397
vt 0.38 0.398
vt 0.393 0.414
vt 0.273 0.721
vt 0.277 0.774
vt 0.214 0.735
vt 0.277 0.774
vt 0.22 0.784
vt 0.214 0.735
vt 0.466 0.48
vt 0.467 0.478
vt 0.434 0.477
vt 0.467 0.478
vt 0.439 0.475
vt 0.434 0.477
vt 0.466 0.48
vt 0.434 0.477
vt 0.464 0.481
vt 0.434 0.477
vt 0.431 0.477
vt 0.464 0.481
vt 0.426 0.475
vt 0.426 0.478
vt 0.397 0.467
vt 0.426 0.478
vt 0.397 0.469
vt 0.397 0.467
vt 0.423 0.381
vt 0.426 0.394
vt 0.461 0.381
vt 0.426 0.394
vt 0.46 0.394
vt 0.461 0.381
vt 0.306 0.316
vt 0.307 0.297
vt 0.294 0.308
vt 0.307 0.297
vt 0.295 0.295
vt 0.294 0.308
vt 0.277 0.257
vt 0.276 0.259
vt 0.276 0.26
vt 0.276 0.259
vt 0.275 0.261
vt 0.276 0.26
vt 0.352 0.332
vt 0.352 0.304
vt 0.327 0.325
vt 0.352 0.304
vt 0.327 0.301
vt 0.327 0.325
vt 0.365 0.381
vt 0.385 0.4
vt 0.373 0.381
vt 0.385 0.4
vt 0.392 0.4
vt 0.373 0.381
vt 0.355 0.281
vt 0.353 0.266
vt 0.391 0.287
vt 0.353 0.266
vt 0.389 0.268
vt 0.391 0.287
vt 0.393 0.414
vt 0.408 0.427
vt 0.409 0.411
vt 0.408 0.427
vt 0.42 0.424
vt 0.409 0.411
vt 0.428 0.43
vt 0.426 0.436
vt 0.445 0.43
vt 0.426 0.436
vt 0.444 0.44
vt 0.445 0.43
vt 0.336 0.425
vt 0.354 0.443
vt 0.331 0.413
vt 0.354 0.443
vt 0.354 0.437
vt 0.331 0.413
vt 0.288 0.313
vt 0.291 0.328
vt 0.29 0.316
vt 0.291 0.328
vt 0.293 0.33
vt 0.29 0.316
vt 0.409 0.411
vt 0.42 0.424
vt 0.431 0.409
vt 0.42 0.424
vt 0.438 0.422
vt 0.431 0.409
vt 0.419 0.308
vt 0.458 0.31
vt 0.418 0.276
vt 0.458 0.31
vt 0.457 0.278
vt 0.418 0.276
vt 0.401 0.397
vt 0.409 0.411
vt 0.426 0.394
vt 0.409 0.411
vt 0.431 0.409
vt 0.426 0.394
vt 0.502 0.43
vt 0.469 0.43
vt 0.502 0.442
vt 0.469 0.43
vt 0.472 0.44
vt 0.502 0.442
vt 0.418 0.4
vt 0.403 0.4
vt 0.404 0.381
vt 0.403 0.4
vt 0.386 0.381
vt 0.404 0.381
vt 0.502 0.169
vt 0.454 0.171
vt 0.502 0.206
vt 0.454 0.171
vt 0.455 0.206
vt 0.502 0.206
vt 0.502 0.464
vt 0.47 0.46
vt 0.502 0.47
vt 0.47 0.46
vt 0.469 0.469
vt 0.502 0.47
vt 0.378 0.181
vt 0.345 0.19
vt 0.38 0.214
vt 0.345 0.19
vt 0.347 0.219
vt 0.38 0.214
vt 0.374 0.313
vt 0.368 0.246
vt 0.351 0.313
vt 0.368 0.246
vt 0.347 0.249
vt 0.351 0.313
vt 0.278 0.254
vt 0.279 0.239
vt 0.317 0.251
vt 0.279 0.239
vt 0.314 0.238
vt 0.317 0.251
vt 0.443 0.382
vt 0.427 0.383
vt 0.449 0.381
vt 0.427 0.383
vt 0.435 0.382
vt 0.449 0.381
vt 0.28 0.268
vt 0.28 0.26
vt 0.289 0.282
vt 0.28 0.26
vt 0.289 0.264
vt 0.289 0.282
vt 0.316 0.411
vt 0.319 0.414
vt 0.304 0.386
vt 0.319 0.414
vt 0.307 0.389
vt 0.304 0.386
vt 0.413 0.313
vt 0.393 0.313
vt 0.421 0.357
vt 0.393 0.313
vt 0.401 0.357
vt 0.421 0.357
vt 0.475 0.381
vt 0.469 0.381
vt 0.502 0.381
vt 0.469 0.381
vt 0.502 0.382
vt 0.502 0.381
vt 0.38 0.419
vt 0.393 0.414
vt 0.361 0.399
vt 0.393 0.414
vt 0.38 0.398
vt 0.361 0.399
vt 0.404 0.472
vt 0.38 0.462
vt 0.401 0.47
vt 0.38 0.462
vt 0.375 0.458
vt 0.401 0.47
vt 0.413 0.174
vt 0.43 0.181
vt 0.378 0.181
vt 0.43 0.181
vt 0.398 0.186
vt 0.378 0.181
vt 0.42 0.424
vt 0.408 0.427
vt 0.428 0.43
vt 0.293 0.33
vt 0.296 0.33
vt 0.29 0.316
vt 0.296 0.33
vt 0.293 0.319
vt 0.29 0.316
vt 0.431 0.358
vt 0.44 0.357
vt 0.416 0.359
vt 0.44 0.357
vt 0.431 0.358
vt 0.416 0.359
vt 0.416 0.359
vt 0.431 0.358
vt 0.401 0.357
vt 0.431 0.358
vt 0.421 0.357
vt 0.401 0.357
vt 0.353 0.445
vt 0.346 0.439
vt 0.345 0.438
vt 0.346 0.439
vt 0.334 0.426
vt 0.345 0.438
vt 0.468 0.342
vt 0.485 0.342
vt 0.456 0.342
vt 0.485 0.342
vt 0.479 0.342
vt 0.456 0.342
vt 0.292 0.326
vt 0.292 0.317
vt 0.284 0.312
vt 0.292 0.317
vt 0.283 0.303
vt 0.284 0.312
vt 0.339 0.429
vt 0.34 0.435
vt 0.315 0.406
vt 0.34 0.435
vt 0.316 0.411
vt 0.315 0.406
vt 0.296 0.358
vt 0.297 0.362
vt 0.29 0.325
vt 0.297 0.362
vt 0.291 0.328
vt 0.29 0.325
vt 0.463 0.476
vt 0.502 0.479
vt 0.463 0.481
vt 0.502 0.479
vt 0.502 0.483
vt 0.463 0.481
vt 0.309 0.39
vt 0.321 0.41
vt 0.302 0.366
vt 0.321 0.41
vt 0.311 0.386
vt 0.302 0.366
vt 0.339 0.862
vt 0.341 0.904
vt 0.286 0.861
vt 0.341 0.904
vt 0.292 0.898
vt 0.286 0.861
vt 0.392 0.305
vt 0.391 0.287
vt 0.425 0.309
vt 0.391 0.287
vt 0.424 0.292
vt 0.425 0.309
vt 0.426 0.463
vt 0.426 0.47
vt 0.398 0.455
vt 0.426 0.47
vt 0.397 0.461
vt 0.398 0.455
vt 0.378 0.181
vt 0.398 0.186
vt 0.345 0.19
vt 0.398 0.186
vt 0.369 0.194
vt 0.345 0.19
vt 0.305 0.336
vt 0.326 0.345
vt 0.304 0.327
vt 0.326 0.345
vt 0.325 0.335
vt 0.304 0.327
vt 0.408 0.427
vt 0.393 0.414
vt 0.403 0.434
vt 0.393 0.414
vt 0.38 0.419
vt 0.403 0.434
vt 0.29 0.251
vt 0.301 0.247
vt 0.29 0.257
vt 0.301 0.247
vt 0.301 0.254
vt 0.29 0.257
vt 0.432 0.313
vt 0.437 0.24
vt 0.413 0.313
vt 0.437 0.24
vt 0.412 0.241
vt 0.413 0.313
vt 0.456 0.342
vt 0.456 0.359
vt 0.437 0.342
vt 0.456 0.359
vt 0.44 0.357
vt 0.437 0.342
vt 0.326 0.345
vt 0.351 0.351
vt 0.325 0.335
vt 0.351 0.351
vt 0.351 0.341
vt 0.325 0.335
vt 0.346 0.439
vt 0.353 0.445
vt 0.36 0.451
vt 0.353 0.445
vt 0.362 0.453
vt 0.36 0.451
vt 0.457 0.361
vt 0.502 0.361
vt 0.457 0.353
vt 0.502 0.361
vt 0.502 0.353
vt 0.457 0.353
vt 0.36 0.451
vt 0.354 0.443
vt 0.346 0.439
vt 0.354 0.443
vt 0.336 0.425
vt 0.346 0.439
vt 0.413 0.313
vt 0.412 0.241
vt 0.393 0.313
vt 0.412 0.241
vt 0.386 0.245
vt 0.393 0.313
vt 0.355 0.281
vt 0.325 0.274
vt 0.353 0.266
vt 0.325 0.274
vt 0.322 0.262
vt 0.353 0.266
vt 0.352 0.332
vt 0.327 0.325
vt 0.352 0.334
vt 0.327 0.325
vt 0.326 0.327
vt 0.352 0.334
vt 0.334 0.426
vt 0.321 0.41
vt 0.324 0.414
vt 0.321 0.41
vt 0.309 0.39
vt 0.324 0.414
vt 0.419 0.341
vt 0.459 0.344
vt 0.419 0.308
vt 0.459 0.344
vt 0.458 0.31
vt 0.419 0.308
vt 0.461 0.271
vt 0.423 0.27
vt 0.46 0.243
vt 0.423 0.27
vt 0.422 0.243
vt 0.46 0.243
vt 0.385 0.4
vt 0.365 0.381
vt 0.383 0.4
vt 0.365 0.381
vt 0.362 0.381
vt 0.383 0.4
vt 0.28 0.305
vt 0.279 0.297
vt 0.279 0.296
vt 0.279 0.297
vt 0.277 0.288
vt 0.279 0.296
vt 0.303 0.382
vt 0.304 0.386
vt 0.296 0.358
vt 0.304 0.386
vt 0.297 0.362
vt 0.296 0.358
vt 0.141 0.86
vt 0.136 0.852
vt 0.183 0.863
vt 0.136 0.852
vt 0.179 0.843
vt 0.183 0.863
vt 0.413 0.434
vt 0.415 0.434
vt 0.502 0.434
vt 0.42 0.434
vt 0.415 0.434
vt 0.502 0.434
vt 0.457 0.247
vt 0.502 0.247
vt 0.455 0.206
vt 0.502 0.247
vt 0.502 0.206
vt 0.455 0.206
vt 0.448 0.358
vt 0.44 0.357
vt 0.431 0.358
vt 0.44 0.357
vt 0.421 0.357
vt 0.431 0.358
vt 0.468 0.434
vt 0.485 0.434
vt 0.502 0.434
vt 0.42 0.434
vt 0.428 0.434
vt 0.502 0.434
vt 0.485 0.434
vt 0.502 0.434
vt 0.502 0.434
vt 0.334 0.426
vt 0.346 0.439
vt 0.321 0.41
vt 0.346 0.439
vt 0.336 0.425
vt 0.321 0.41
vt 0.502 0.239
vt 0.502 0.231
vt 0.469 0.239
vt 0.502 0.231
vt 0.461 0.231
vt 0.469 0.239
vt 0.415 0.434
vt 0.413 0.434
vt 0.502 0.434
vt 0.415 0.434
vt 0.42 0.434
vt 0.502 0.434
vt 0.485 0.434
vt 0.468 0.434
vt 0.502 0.434
vt 0.415 0.415
vt 0.415 0.434
vt 0.413 0.415
vt 0.415 0.434
vt 0.413 0.434
vt 0.413 0.415
vt 0.453 0.434
vt 0.468 0.434
vt 0.502 0.434
vt 0.439 0.434
vt 0.428 0.434
vt 0.502 0.434
vt 0.502 0.313
vt 0.502 0.382
vt 0.466 0.313
vt 0.502 0.382
vt 0.469 0.381
vt 0.466 0.313
vt 0.428 0.434
vt 0.42 0.434
vt 0.502 0.434
vt 0.428 0.434
vt 0.439 0.434
vt 0.502 0.434
vt 0.459 0.344
vt 0.457 0.347
vt 0.502 0.345
vt 0.457 0.347
vt 0.502 0.348
vt 0.502 0.345
vt 0.392 0.4
vt 0.403 0.4
vt 0.392 0.342
vt 0.403 0.4
vt 0.403 0.342
vt 0.392 0.342
vt 0.301 0.26
vt 0.322 0.262
vt 0.306 0.268
vt 0.322 0.262
vt 0.325 0.274
vt 0.306 0.268
vt 0.463 0.476
vt 0.463 0.481
vt 0.426 0.47
vt 0.463 0.481
vt 0.426 0.475
vt 0.426 0.47
vt 0.368 0.448
vt 0.397 0.461
vt 0.367 0.453
vt 0.397 0.461
vt 0.397 0.467
vt 0.367 0.453
vt 0.368 0.448
vt 0.367 0.453
vt 0.339 0.429
vt 0.367 0.453
vt 0.34 0.435
vt 0.339 0.429
vt 0.274 0.269
vt 0.273 0.265
vt 0.274 0.263
vt 0.273 0.265
vt 0.274 0.261
vt 0.274 0.263
vt 0.284 0.29
vt 0.282 0.292
vt 0.286 0.298
vt 0.282 0.292
vt 0.285 0.299
vt 0.286 0.298
vt 0.274 0.261
vt 0.276 0.259
vt 0.275 0.26
vt 0.276 0.259
vt 0.277 0.256
vt 0.275 0.26
vt 0.274 0.263
vt 0.277 0.266
vt 0.274 0.269
vt 0.277 0.266
vt 0.277 0.272
vt 0.274 0.269
vt 0.276 0.259
vt 0.274 0.261
vt 0.275 0.261
vt 0.274 0.261
vt 0.273 0.265
vt 0.275 0.261
vt 0.275 0.26
vt 0.278 0.262
vt 0.274 0.263
vt 0.278 0.262
vt 0.277 0.266
vt 0.274 0.263
vt 0.385 0.356
vt 0.386 0.362
vt 0.418 0.358
vt 0.386 0.362
vt 0.418 0.365
vt 0.418 0.358
vt 0.326 0.345
vt 0.328 0.351
vt 0.351 0.351
vt 0.328 0.351
vt 0.353 0.357
vt 0.351 0.351
vt 0.418 0.344
vt 0.417 0.35
vt 0.457 0.347
vt 0.417 0.35
vt 0.457 0.353
vt 0.457 0.347
vt 0.292 0.317
vt 0.293 0.31
vt 0.283 0.303
vt 0.293 0.31
vt 0.285 0.299
vt 0.283 0.303
vt 0.304 0.327
vt 0.305 0.32
vt 0.292 0.317
vt 0.305 0.32
vt 0.293 0.31
vt 0.292 0.317
vt 0.325 0.335
vt 0.326 0.327
vt 0.304 0.327
vt 0.326 0.327
vt 0.305 0.32
vt 0.304 0.327
vt 0.279 0.296
vt 0.282 0.301
vt 0.28 0.305
vt 0.282 0.301
vt 0.284 0.309
vt 0.28 0.305
vt 0.28 0.283
vt 0.277 0.288
vt 0.282 0.292
vt 0.277 0.288
vt 0.279 0.297
vt 0.282 0.292
vt 0.275 0.261
vt 0.273 0.265
vt 0.278 0.276
vt 0.273 0.265
vt 0.276 0.28
vt 0.278 0.276
vt 0.284 0.312
vt 0.287 0.316
vt 0.292 0.326
vt 0.287 0.316
vt 0.295 0.332
vt 0.292 0.326
vt 0.278 0.276
vt 0.276 0.28
vt 0.28 0.283
vt 0.276 0.28
vt 0.277 0.288
vt 0.28 0.283
vt 0.292 0.326
vt 0.295 0.332
vt 0.305 0.336
vt 0.295 0.332
vt 0.308 0.342
vt 0.305 0.336
vt 0.502 0.353
vt 0.502 0.348
vt 0.457 0.353
vt 0.502 0.348
vt 0.457 0.347
vt 0.457 0.353
vt 0.457 0.361
vt 0.458 0.367
vt 0.502 0.361
vt 0.458 0.367
vt 0.502 0.367
vt 0.502 0.361
vt 0.305 0.336
vt 0.308 0.342
vt 0.326 0.345
vt 0.308 0.342
vt 0.328 0.351
vt 0.326 0.345
vt 0.274 0.269
vt 0.277 0.272
vt 0.277 0.287
vt 0.277 0.272
vt 0.28 0.291
vt 0.277 0.287
vt 0.277 0.287
vt 0.28 0.291
vt 0.279 0.296
vt 0.28 0.291
vt 0.282 0.301
vt 0.279 0.296
vt 0.283 0.303
vt 0.285 0.299
vt 0.279 0.297
vt 0.285 0.299
vt 0.282 0.292
vt 0.279 0.297
vt 0.326 0.327
vt 0.325 0.335
vt 0.352 0.334
vt 0.325 0.335
vt 0.351 0.341
vt 0.352 0.334
vt 0.418 0.358
vt 0.418 0.365
vt 0.457 0.361
vt 0.418 0.365
vt 0.458 0.367
vt 0.457 0.361
vt 0.386 0.34
vt 0.385 0.346
vt 0.418 0.344
vt 0.385 0.346
vt 0.417 0.35
vt 0.418 0.344
vt 0.352 0.334
vt 0.351 0.341
vt 0.386 0.34
vt 0.351 0.341
vt 0.385 0.346
vt 0.386 0.34
vt 0.351 0.351
vt 0.353 0.357
vt 0.385 0.356
vt 0.353 0.357
vt 0.386 0.362
vt 0.385 0.356
vt 0.28 0.305
vt 0.284 0.309
vt 0.284 0.312
vt 0.284 0.309
vt 0.287 0.316
vt 0.284 0.312
vt 0.278 0.254
vt 0.277 0.256
vt 0.277 0.257
vt 0.277 0.256
vt 0.276 0.259
vt 0.277 0.257
vt 0.278 0.254
vt 0.28 0.255
vt 0.277 0.256
vt 0.28 0.255
vt 0.275 0.26
vt 0.277 0.256
vt 0.275 0.26
vt 0.28 0.255
vt 0.281 0.256
vt 0.281 0.256
vt 0.28 0.26
vt 0.275 0.26
vt 0.28 0.26
vt 0.278 0.262
vt 0.275 0.26
vt 0.287 0.316
vt 0.284 0.309
vt 0.288 0.313
vt 0.284 0.309
vt 0.287 0.311
vt 0.288 0.313
vt 0.288 0.313
vt 0.29 0.316
vt 0.287 0.316
vt 0.29 0.316
vt 0.293 0.319
vt 0.287 0.316
vt 0.289 0.264
vt 0.301 0.26
vt 0.304 0.277
vt 0.301 0.26
vt 0.306 0.268
vt 0.304 0.277
vt 0.276 0.26
vt 0.28 0.275
vt 0.279 0.239
vt 0.28 0.275
vt 0.284 0.258
vt 0.279 0.239
usemtl MB_199_official_8004
s off
f 1729/1 1845/2 1731/3
f 1729/4 1843/5 1845/6
f 1910/7 1794/8 1846/9
f 1846/10 1794/11 811/12
f 1835/13 1757/14 1799/15
f 1757/16 1797/17 1799/18
f 1160/19 1159/20 887/21
f 1159/22 880/23 887/24
f 1770/25 1769/26 1784/27
f 1769/28 894/29 1784/30
f 1805/31 1795/32 1806/33
f 1795/34 1796/35 1806/36
f 957/37 954/38 955/39
f 954/40 948/41 955/42
f 1775/43 824/44 832/45
f 824/46 831/47 832/48
f 1071/49 1067/50 1068/51
f 1067/52 1054/53 1068/54
f 1912/55 1208/56 1121/57
f 1208/58 1197/59 1121/60
f 947/61 1752/62 1741/63
f 1752/64 1740/65 1741/66
f 932/67 1788/68 1752/69
f 1788/70 1740/71 1752/72
f 1921/73 794/74 1853/75
f 794/76 1760/77 1853/78
f 1439/79 1438/80 970/81
f 1438/82 968/83 970/84
f 1755/85 1836/86 797/87
f 1836/88 1839/89 797/90
f 788/91 916/92 1926/93
f 916/94 1380/95 1926/96
f 797/97 1839/98 1765/99
f 1839/100 1811/101 1765/102
f 784/103 911/104 808/105
f 911/106 1918/107 808/108
f 1915/109 914/110 1947/111
f 914/112 1920/113 1947/114
f 1817/115 925/116 1818/117
f 925/118 1150/119 1818/120
f 801/121 1130/122 1833/123
f 1130/124 1753/125 1833/126
f 1811/127 1813/128 1765/129
f 1765/130 1813/131 1766/132
f 1766/133 1813/134 1942/135
f 1146/136 1170/137 1821/138
f 1170/139 1171/140 1821/141
f 1947/142 1920/143 788/144
f 1920/145 916/146 788/147
f 808/148 1918/149 1915/150
f 1918/151 914/152 1915/153
f 1739/154 1194/155 966/156
f 1194/157 1210/158 966/159
f 1833/160 1753/161 1933/162
f 1753/163 1754/164 1933/165
f 1756/166 1834/167 1755/168
f 1834/169 1836/170 1755/171
f 1940/172 1632/173 853/174
f 1632/175 1133/176 853/177
f 1932/178 1877/179 1941/180
f 1877/181 1792/182 1941/183
f 1859/184 1032/185 1029/186
f 1032/187 1036/188 1029/189
f 793/190 1133/191 1245/192
f 1133/193 1632/194 1245/195
f 929/196 828/197 932/198
f 828/199 1788/200 932/201
f 1804/202 844/203 846/204
f 844/205 840/206 846/207
f 1808/208 910/209 785/210
f 910/211 912/212 785/213
f 804/214 919/215 1911/216
f 819/217 818/218 820/219
f 818/220 813/221 820/222
f 1773/223 1772/224 1179/225
f 1772/226 1220/227 1179/228
f 1065/229 1074/230 1064/231
f 1074/232 1075/233 1064/234
f 806/235 1847/236 810/237
f 786/238 805/239 1914/240
f 805/241 807/242 1914/243
f 842/244 833/245 837/246
f 833/247 834/248 837/249
f 1083/250 1084/251 1103/252
f 1084/253 1102/254 1103/255
f 1759/256 1758/257 1005/258
f 1758/259 994/260 1005/261
f 930/262 1785/263 936/264
f 1785/265 1751/266 936/267
f 1489/268 1008/269 1816/270
f 1008/271 1815/272 1816/273
f 1099/274 1089/275 1109/276
f 1089/277 1098/278 1109/279
f 1118/280 1607/281 1111/282
f 1607/283 1608/284 1111/285
f 1749/286 878/287 1750/288
f 878/289 896/290 1750/291
f 809/292 812/293 814/294
f 812/295 813/296 814/297
f 1514/298 1907/299 1033/300
f 1907/301 907/302 1033/303
f 1116/304 1111/305 1113/306
f 1111/307 1112/308 1113/309
f 1606/310 1119/311 1605/312
f 1119/313 1120/314 1605/315
f 946/316 1856/317 948/318
f 1856/319 776/320 948/321
f 845/322 854/323 1810/324
f 1097/325 1096/326 1602/327
f 1096/328 1600/329 1602/330
f 1123/331 1124/332 1122/333
f 1124/334 1070/335 1122/336
f 965/337 962/338 967/339
f 962/340 964/341 967/342
f 834/343 835/344 837/345
f 835/346 836/347 837/348
f 818/349 817/350 813/351
f 817/352 814/353 813/354
f 852/355 851/356 1862/357
f 851/358 1871/359 1862/360
f 835/361 834/362 829/363
f 834/364 830/365 829/366
f 1200/367 1183/368 1217/369
f 1183/370 1186/371 1217/372
f 1488/373 1009/374 1489/375
f 1009/376 1008/377 1489/378
f 1074/379 1065/380 1091/381
f 1065/382 1073/383 1091/384
f 791/385 790/386 843/387
f 790/388 842/389 843/390
f 825/391 824/392 817/393
f 824/394 816/395 817/396
f 842/397 837/398 843/399
f 837/400 841/401 843/402
f 990/403 979/404 983/405
f 979/406 980/407 983/408
f 826/409 825/410 818/411
f 825/412 817/413 818/414
f 1730/415 835/416 1789/417
f 835/418 829/419 1789/420
f 825/421 826/422 830/423
f 826/424 829/425 830/426
f 824/427 825/428 831/429
f 825/430 830/431 831/432
f 1219/433 1173/434 1178/435
f 1173/436 1176/437 1178/438
f 841/439 837/440 838/441
f 837/442 836/443 838/444
f 950/445 945/446 953/447
f 945/448 949/449 953/450
f 827/451 826/452 819/453
f 826/454 818/455 819/456
f 807/457 809/458 815/459
f 809/460 814/461 815/462
f 1042/463 1043/464 1012/465
f 1043/466 1006/467 1012/468
f 834/469 833/470 830/471
f 833/472 831/473 830/474
f 820/475 813/476 1872/477
f 813/478 812/479 1872/480
f 1107/481 1108/482 1594/483
f 1108/484 1593/485 1594/486
f 1927/487 803/488 804/489
f 803/490 919/491 804/492
f 1051/493 1056/494 1050/495
f 1056/496 1057/497 1050/498
f 1861/499 821/500 1922/501
f 821/502 822/503 1922/504
f 822/505 821/506 917/507
f 821/508 918/509 917/510
f 1771/511 1184/512 892/513
f 890/514 1105/515 1909/516
f 1105/517 1596/518 1909/519
f 1809/520 815/521 1777/522
f 815/523 816/524 1777/525
f 1922/526 822/527 1923/528
f 822/529 1310/530 1923/531
f 1802/532 1812/533 855/534
f 1802/535 1814/536 1812/537
f 1802/538 1803/539 1814/540
f 1800/541 1154/542 1153/543
f 1800/544 796/545 1154/546
f 1800/547 1798/548 796/549
f 1767/550 799/551 1768/552
f 799/553 1763/554 1768/555
f 915/556 926/557 928/558
f 926/559 1825/560 928/561
f 928/562 1825/563 1395/564
f 1825/565 1936/566 1395/567
f 859/568 1154/569 860/570
f 1154/571 796/572 860/573
f 1040/574 1791/575 1022/576
f 1791/577 1790/578 1022/579
f 838/580 836/581 1828/582
f 836/583 1930/584 1828/585
f 826/586 827/587 829/588
f 827/589 1789/590 829/591
f 865/592 1655/593 863/594
f 1086/595 1077/596 1085/597
f 1077/598 1087/599 1085/600
f 1051/601 1050/602 1045/603
f 1050/604 1046/605 1045/606
f 960/607 1213/608 1891/609
f 1213/610 1215/611 1891/612
f 1867/613 848/614 869/615
f 848/616 903/617 869/618
f 1141/619 1211/620 960/621
f 1211/622 1213/623 960/624
f 1073/625 1065/626 1066/627
f 1065/628 1056/629 1066/630
f 1011/631 1005/632 1004/633
f 1005/634 995/635 1004/636
f 1076/637 1063/638 1064/639
f 1063/640 1057/641 1064/642
f 1000/643 1904/644 898/645
f 1904/646 881/647 898/648
f 1033/649 1032/650 1514/651
f 1032/652 1511/653 1514/654
f 1106/655 1105/656 1102/657
f 1105/658 1103/659 1102/660
f 1160/661 887/662 1165/663
f 887/664 882/665 1165/666
f 1866/667 1782/668 1924/669
f 1782/670 1776/671 1924/672
f 1076/673 1064/674 1088/675
f 1064/676 1075/677 1088/678
f 879/679 877/680 885/681
f 877/682 1779/683 885/684
f 1852/685 1016/686 1031/687
f 1016/688 1869/689 1031/690
f 891/691 1908/692 1352/693
f 1908/694 1597/695 1352/696
f 835/697 1730/698 836/699
f 1730/700 1930/701 836/702
f 1840/703 961/704 1943/705
f 961/706 965/707 1943/708
f 887/709 1849/710 882/711
f 1849/712 1850/713 882/714
f 773/715 795/716 1921/717
f 795/718 794/719 1921/720
f 1939/721 1937/722 1045/723
f 1937/724 1897/725 1045/726
f 935/727 940/728 1748/729
f 940/730 1734/731 1748/732
f 1069/733 1205/734 1912/735
f 1205/736 1208/737 1912/738
f 988/739 987/740 997/741
f 987/742 986/743 997/744
f 1943/745 965/746 1139/747
f 965/748 967/749 1139/750
f 1053/751 1187/752 1934/753
f 1187/754 1192/755 1934/756
f 864/757 1928/758 1774/759
f 1928/760 800/761 1774/762
f 1880/763 947/764 777/765
f 947/766 1741/767 777/768
f 991/769 978/770 979/771
f 978/772 975/773 979/774
f 1064/775 1057/776 1065/777
f 1057/778 1056/779 1065/780
f 1749/781 982/782 878/783
f 982/784 876/785 878/786
f 1133/787 1131/788 853/789
f 1131/790 1823/791 853/792
f 902/793 1019/794 1021/795
f 1019/796 1020/797 1021/798
f 936/799 939/800 930/801
f 939/802 935/803 930/804
f 1889/805 1023/806 1890/807
f 1023/808 1039/809 1890/810
f 1127/811 1114/812 1092/813
f 1114/814 1093/815 1092/816
f 882/817 1850/818 889/819
f 1850/820 1104/821 889/822
f 908/823 1894/824 1331/825
f 1894/826 1515/827 1331/828
f 1438/829 1437/830 968/831
f 1437/832 969/833 968/834
f 1890/835 1039/836 1746/837
f 1039/838 1882/839 1746/840
f 1821/841 1171/842 1819/843
f 1171/844 1174/845 1819/846
f 868/847 1830/848 1889/849
f 1830/850 1023/851 1889/852
f 1742/853 1743/854 1175/855
f 1743/856 1177/857 1175/858
f 1746/859 1882/860 1747/861
f 1882/862 1034/863 1747/864
f 787/865 1827/866 1805/867
f 1827/868 1795/869 1805/870
f 1131/871 1133/872 1913/873
f 1133/874 793/875 1913/876
f 866/877 802/878 1916/879
f 802/880 1246/881 1916/882
f 1038/883 1037/884 1035/885
f 1037/886 1036/887 1035/888
f 1919/889 1826/890 787/891
f 1826/892 1827/893 787/894
f 1853/895 1760/896 861/897
f 1760/898 798/899 861/900
f 1807/901 1783/902 1864/903
f 1783/904 1865/905 1864/906
f 1071/907 1068/908 1124/909
f 1068/910 1070/911 1124/912
f 934/913 941/914 1182/915
f 941/916 1185/917 1182/918
f 880/919 1060/920 887/921
f 1060/922 1849/923 887/924
f 1934/925 1192/926 1069/927
f 1192/928 1205/929 1069/930
f 1191/931 1190/932 1206/933
f 1190/934 1209/935 1206/936
f 1045/937 1897/938 1052/939
f 1897/940 1135/941 1052/942
f 1895/943 1204/944 1053/945
f 1204/946 1187/947 1053/948
f 1180/949 1219/950 1181/951
f 1219/952 1178/953 1181/954
f 805/955 1911/956 810/957
f 1911/958 806/959 810/960
f 1772/961 1819/962 1220/963
f 1819/964 1174/965 1220/966
f 873/967 884/968 875/969
f 884/970 1047/971 875/972
f 1775/973 1777/974 824/975
f 1777/976 816/977 824/978
f 1781/979 1655/980 1780/981
f 1152/982 1149/983 775/984
f 1149/985 923/986 775/987
f 775/988 923/989 924/990
f 913/991 1151/992 915/993
f 1151/994 926/995 915/996
f 1818/997 1150/998 913/999
f 1150/1000 1151/1001 913/1002
f 1657/1003 1155/1004 1256/1005
f 1155/1006 1764/1007 1256/1008
f 1768/1009 1763/1010 1155/1011
f 1763/1012 1764/1013 1155/1014
f 859/1015 860/1016 1838/1017
f 860/1018 1854/1019 1838/1020
f 923/1021 1149/1022 1817/1023
f 1149/1024 925/1025 1817/1026
f 1838/1027 1854/1028 1767/1029
f 1854/1030 799/1031 1767/1032
f 1153/1033 1886/1034 1800/1035
f 1886/1036 1944/1037 1800/1038
f 1844/1039 1785/1040 1848/1041
f 944/1042 940/1043 939/1044
f 940/1045 935/1046 939/1047
f 880/1048 879/1049 1060/1050
f 879/1051 885/1052 1060/1053
f 1055/1054 1052/1055 1067/1056
f 1052/1057 1054/1058 1067/1059
f 942/1060 1891/1061 1218/1062
f 1891/1063 1215/1064 1218/1065
f 1913/1066 792/1067 1131/1068
f 792/1069 1129/1070 1131/1071
f 975/1072 974/1073 1842/1074
f 974/1075 895/1076 1842/1077
f 1088/1078 1087/1079 1076/1080
f 1087/1081 1077/1082 1076/1083
f 1099/1084 1088/1085 1089/1086
f 1088/1087 1075/1088 1089/1089
f 1052/1090 1135/1091 1054/1092
f 1135/1093 1896/1094 1054/1095
f 1077/1096 1086/1097 1078/1098
f 1086/1099 1080/1100 1078/1101
f 1081/1102 1079/1103 1086/1104
f 1079/1105 1080/1106 1086/1107
f 863/1108 1655/1109 862/1110
f 997/1111 986/1112 897/1113
f 986/1114 998/1115 897/1116
f 1136/1117 1068/1118 1896/1119
f 1068/1120 1054/1121 1896/1122
f 1872/1123 812/1124 779/1125
f 812/1126 1847/1127 779/1128
f 854/1129 845/1130 1804/1131
f 845/1132 844/1133 1804/1134
f 1875/1135 1655/1136 1876/1137
f 1056/1138 1051/1139 1066/1140
f 1051/1141 1055/1142 1066/1143
f 1888/1144 1138/1145 1437/1146
f 1138/1147 969/1148 1437/1149
f 1743/1150 934/1151 1177/1152
f 934/1153 1182/1154 1177/1155
f 1044/1156 1134/1157 1202/1158
f 1134/1159 1199/1160 1202/1161
f 1851/1162 1905/1163 1852/1164
f 1905/1165 1016/1166 1852/1167
f 1599/1168 1600/1169 1110/1170
f 1600/1171 1096/1172 1110/1173
f 1736/1174 971/1175 1737/1176
f 971/1177 956/1178 1737/1179
f 1085/1180 1084/1181 1086/1182
f 1084/1183 1081/1184 1086/1185
f 888/1186 886/1187 1083/1188
f 886/1189 1082/1190 1083/1191
f 1123/1192 1119/1193 1117/1194
f 1119/1195 1118/1196 1117/1197
f 1105/1198 1106/1199 1596/1200
f 1106/1201 1595/1202 1596/1203
f 1111/1204 1116/1205 1118/1206
f 1116/1207 1117/1208 1118/1209
f 949/1210 945/1211 946/1212
f 945/1213 938/1214 946/1215
f 962/1216 957/1217 964/1218
f 957/1219 963/1220 964/1221
f 1068/1222 1136/1223 1070/1224
f 1136/1225 1935/1226 1070/1227
f 959/1228 953/1229 961/1230
f 953/1231 958/1232 961/1233
f 958/1234 953/1235 954/1236
f 953/1237 949/1238 954/1239
f 958/1240 954/1241 962/1242
f 954/1243 957/1244 962/1245
f 1162/1246 1161/1247 891/1248
f 1161/1249 889/1250 891/1251
f 1892/1252 952/1253 1841/1254
f 952/1255 959/1256 1841/1257
f 1091/1258 1073/1259 1093/1260
f 1073/1261 1092/1262 1093/1263
f 951/1264 944/1265 952/1266
f 944/1267 950/1268 952/1269
f 977/1270 974/1271 978/1272
f 974/1273 975/1274 978/1275
f 939/1276 936/1277 945/1278
f 936/1279 938/1280 945/1281
f 1801/1282 972/1283 1311/1284
f 972/1285 823/1286 1311/1287
f 1773/1288 1179/1289 1771/1290
f 1179/1291 1184/1292 1771/1293
f 1159/1294 1157/1295 880/1296
f 1157/1297 879/1298 880/1299
f 1848/1300 1785/1301 931/1302
f 977/1303 1820/1304 1147/1305
f 977/1306 978/1307 1820/1308
f 786/1309 804/1310 805/1311
f 804/1312 1911/1313 805/1314
f 878/1315 876/1316 1157/1317
f 876/1318 1156/1319 1157/1320
f 1769/1321 1163/1322 894/1323
f 1163/1324 1164/1325 894/1326
f 984/1327 981/1328 985/1329
f 981/1330 1786/1331 985/1332
f 1842/1333 1786/1334 980/1335
f 1786/1336 981/1337 980/1338
f 976/1339 1784/1340 874/1341
f 1784/1342 894/1343 874/1344
f 1148/1345 893/1346 974/1347
f 893/1348 895/1349 974/1350
f 1737/1351 956/1352 778/1353
f 956/1354 955/1355 778/1356
f 993/1357 990/1358 994/1359
f 990/1360 989/1361 994/1362
f 809/1363 807/1364 810/1365
f 807/1366 805/1367 810/1368
f 1158/1369 1164/1370 875/1371
f 1164/1372 873/1373 875/1374
f 890/1375 1903/1376 1105/1377
f 1903/1378 1103/1379 1105/1380
f 850/1381 1867/1382 905/1383
f 1867/1384 869/1385 905/1386
f 817/1387 816/1388 814/1389
f 816/1390 815/1391 814/1392
f 1206/1393 1209/1394 1207/1395
f 1209/1396 1193/1397 1207/1398
f 971/1399 970/1400 956/1401
f 970/1402 963/1403 956/1404
f 1096/1405 1094/1406 1110/1407
f 1094/1408 1095/1409 1110/1410
f 991/1411 979/1412 993/1413
f 979/1414 990/1415 993/1416
f 1917/1417 1013/1418 1030/1419
f 1013/1420 1015/1421 1030/1422
f 782/1423 781/1424 783/1425
f 781/1426 909/1427 783/1428
f 847/1429 846/1430 1829/1431
f 846/1432 840/1433 1829/1434
f 1090/1435 1094/1436 1097/1437
f 1094/1438 1096/1439 1097/1440
f 1633/1441 1906/1442 1308/1443
f 1906/1444 852/1445 1308/1446
f 1490/1447 1014/1448 1488/1449
f 1014/1450 1009/1451 1488/1452
f 1851/1453 1042/1454 1905/1455
f 1042/1456 1012/1457 1905/1458
f 1015/1459 1014/1460 1493/1461
f 1014/1462 1490/1463 1493/1464
f 1885/1465 1511/1466 1859/1467
f 1511/1468 1032/1469 1859/1470
f 1001/1471 999/1472 1762/1473
f 999/1474 1761/1475 1762/1476
f 1043/1477 1837/1478 1006/1479
f 1837/1480 1007/1481 1006/1482
f 1870/1483 1030/1484 1493/1485
f 1030/1486 1015/1487 1493/1488
f 875/1489 1047/1490 877/1491
f 1047/1492 1779/1493 877/1494
f 1073/1495 1066/1496 1092/1497
f 1066/1498 1072/1499 1092/1500
f 1759/1501 1005/1502 1028/1503
f 1005/1504 1011/1505 1028/1506
f 984/1507 986/1508 983/1509
f 986/1510 987/1511 983/1512
f 1008/1513 1001/1514 1815/1515
f 1001/1516 1762/1517 1815/1518
f 1917/1519 1028/1520 1013/1521
f 1028/1522 1011/1523 1013/1524
f 1087/1525 1100/1526 1085/1527
f 1100/1528 1101/1529 1085/1530
f 1090/1531 1089/1532 1074/1533
f 1089/1534 1075/1535 1074/1536
f 1004/1537 995/1538 996/1539
f 995/1540 988/1541 996/1542
f 779/1543 1847/1544 1861/1545
f 1847/1546 821/1547 1861/1548
f 1837/1549 1019/1550 1007/1551
f 1019/1552 992/1553 1007/1554
f 980/1555 979/1556 1842/1557
f 979/1558 975/1559 1842/1560
f 1750/1561 896/1562 1904/1563
f 896/1564 881/1565 1904/1566
f 1094/1567 1090/1568 1091/1569
f 1090/1570 1074/1571 1091/1572
f 950/1573 944/1574 945/1575
f 944/1576 939/1577 945/1578
f 977/1579 1147/1580 974/1581
f 1147/1582 1148/1583 974/1584
f 959/1585 952/1586 953/1587
f 952/1588 950/1589 953/1590
f 1003/1591 1001/1592 1009/1593
f 1001/1594 1008/1595 1009/1596
f 1017/1597 992/1598 1018/1599
f 1748/1600 933/1601 935/1602
f 933/1603 930/1604 935/1605
f 1019/1606 902/1607 1900/1608
f 1061/1609 1082/1610 1899/1611
f 1082/1612 886/1613 1899/1614
f 1874/1615 1024/1616 1026/1617
f 1024/1618 1025/1619 1026/1620
f 871/1621 870/1622 1857/1623
f 870/1624 906/1625 1857/1626
f 940/1627 944/1628 943/1629
f 944/1630 951/1631 943/1632
f 1111/1633 1608/1634 1112/1635
f 1608/1636 1598/1637 1112/1638
f 983/1639 987/1640 990/1641
f 987/1642 989/1643 990/1644
f 989/1645 987/1646 995/1647
f 987/1648 988/1649 995/1650
f 1031/1651 1869/1652 1510/1653
f 1869/1654 1509/1655 1510/1656
f 1308/1657 852/1658 1330/1659
f 852/1660 1862/1661 1330/1662
f 1309/1663 1385/1664 1927/1665
f 1385/1666 803/1667 1927/1668
f 1775/1669 832/1670 1925/1671
f 832/1672 922/1673 1925/1674
f 994/1675 1758/1676 993/1677
f 1758/1678 1787/1679 993/1680
f 821/1681 1847/1682 918/1683
f 1847/1684 1793/1685 918/1686
f 1027/1687 1037/1688 1873/1689
f 1037/1690 1041/1691 1873/1692
f 966/1693 1210/1694 1140/1695
f 1210/1696 1189/1697 1140/1698
f 867/1699 770/1700 901/1701
f 770/1702 1732/1703 901/1704
f 870/1705 850/1706 906/1707
f 850/1708 905/1709 906/1710
f 1038/1711 904/1712 1040/1713
f 904/1714 1791/1715 1040/1716
f 1873/1717 1041/1718 1874/1719
f 1041/1720 1024/1721 1874/1722
f 1807/1723 1864/1724 1808/1725
f 1864/1726 910/1727 1808/1728
f 1010/1729 1003/1730 1014/1731
f 1003/1732 1009/1733 1014/1734
f 1132/1735 1822/1736 851/1737
f 1822/1738 849/1739 851/1740
f 1167/1741 1172/1742 1169/1743
f 1820/1744 978/1745 1855/1746
f 978/1747 991/1748 1855/1749
f 1072/1750 1066/1751 1067/1752
f 1066/1753 1055/1754 1067/1755
f 839/1756 867/1757 1884/1758
f 867/1759 901/1760 1884/1761
f 785/1762 912/1763 1919/1764
f 912/1765 1826/1766 1919/1767
f 1063/1768 1076/1769 1078/1770
f 1076/1771 1077/1772 1078/1773
f 986/1774 984/1775 998/1776
f 984/1777 985/1778 998/1779
f 839/1780 1884/1781 848/1782
f 1884/1783 903/1784 848/1785
f 904/1786 1038/1787 1893/1788
f 1038/1789 1035/1790 1893/1791
f 1901/1792 1902/1793 1733/1794
f 1902/1795 1883/1796 1733/1797
f 889/1798 1104/1799 891/1800
f 1104/1801 1908/1802 891/1803
f 936/1804 1751/1805 938/1806
f 1751/1807 937/1808 938/1809
f 1044/1810 1202/1811 1895/1812
f 1202/1813 1204/1814 1895/1815
f 1079/1816 1081/1817 1061/1818
f 1081/1819 1082/1820 1061/1821
f 1928/1822 861/1823 800/1824
f 861/1825 798/1826 800/1827
f 810/1828 1847/1829 809/1830
f 1847/1831 812/1832 809/1833
f 1113/1834 1112/1835 1095/1836
f 1112/1837 1110/1838 1095/1839
f 1059/1840 1899/1841 1898/1842
f 1021/1843 1020/1844 1790/1845
f 1020/1846 1022/1847 1790/1848
f 1011/1849 1004/1850 1013/1851
f 1004/1852 1010/1853 1013/1854
f 949/1855 946/1856 954/1857
f 946/1858 948/1859 954/1860
f 1113/1861 1114/1862 1116/1863
f 1114/1864 1115/1865 1116/1866
f 1032/1867 1033/1868 1036/1869
f 1033/1870 1035/1871 1036/1872
f 843/1873 841/1874 845/1875
f 841/1876 844/1877 845/1878
f 982/1879 976/1880 876/1881
f 976/1882 874/1883 876/1884
f 1078/1885 1080/1886 1079/1887
f 1207/1888 1193/1889 1198/1890
f 1193/1891 1196/1892 1198/1893
f 1362/1894 900/1895 1363/1896
f 900/1897 883/1898 1363/1899
f 1162/1900 891/1901 1666/1902
f 891/1903 1352/1904 1666/1905
f 1010/1906 1004/1907 1003/1908
f 1004/1909 996/1910 1003/1911
f 1603/1912 1592/1913 1098/1914
f 1592/1915 1109/1916 1098/1917
f 1744/1918 1605/1919 1745/1920
f 1605/1921 1120/1922 1745/1923
f 888/1924 1083/1925 1903/1926
f 1083/1927 1103/1928 1903/1929
f 1094/1930 1091/1931 1095/1932
f 1091/1933 1093/1934 1095/1935
f 996/1936 999/1937 1003/1938
f 999/1939 1001/1940 1003/1941
f 999/1942 996/1943 997/1944
f 996/1945 988/1946 997/1947
f 1108/1948 1109/1949 1593/1950
f 1109/1951 1592/1952 1593/1953
f 1132/1954 851/1955 1906/1956
f 851/1957 852/1958 1906/1959
f 791/1960 843/1961 1810/1962
f 843/1963 845/1964 1810/1965
f 957/1966 955/1967 963/1968
f 955/1969 956/1970 963/1971
f 1106/1972 1107/1973 1595/1974
f 1107/1975 1594/1976 1595/1977
f 1156/1978 1158/1979 877/1980
f 1158/1981 875/1982 877/1983
f 1109/1984 1108/1985 1099/1986
f 1108/1987 1100/1988 1099/1989
f 841/1990 838/1991 844/1992
f 838/1993 840/1994 844/1995
f 1856/1996 946/1997 937/1998
f 946/1999 938/2000 937/2001
f 1015/2002 1013/2003 1014/2004
f 1013/2005 1010/2006 1014/2007
f 1607/2008 1118/2009 1606/2010
f 1118/2011 1119/2012 1606/2013
f 1085/2014 1101/2015 1084/2016
f 1101/2017 1102/2018 1084/2019
f 1087/2020 1088/2021 1100/2022
f 1088/2023 1099/2024 1100/2025
f 1089/2026 1090/2027 1098/2028
f 1090/2029 1097/2030 1098/2031
f 900/2032 1002/2033 883/2034
f 1002/2035 899/2036 883/2037
f 1137/2038 1122/2039 1935/2040
f 1122/2041 1070/2042 1935/2043
f 965/2044 961/2045 962/2046
f 961/2047 958/2048 962/2049
f 1121/2050 1197/2051 1604/2052
f 1197/2053 1713/2054 1604/2055
f 972/2056 973/2057 823/2058
f 973/2059 780/2060 823/2061
f 943/2062 951/2063 1735/2064
f 951/2065 1142/2066 1735/2067
f 1735/2068 1734/2069 943/2070
f 1734/2071 940/2072 943/2073
f 899/2074 898/2075 1161/2076
f 898/2077 1165/2078 1161/2079
f 1738/2080 1195/2081 1739/2082
f 1195/2083 1194/2084 1739/2085
f 1137/2086 1745/2087 1122/2088
f 1745/2089 1120/2090 1122/2091
f 1058/2092 1049/2093 1050/2094
f 1049/2095 1046/2096 1050/2097
f 1201/2098 1216/2099 1203/2100
f 1216/2101 1214/2102 1203/2103
f 1939/2104 1045/2105 1778/2106
f 1045/2107 1046/2108 1778/2109
f 970/2110 968/2111 963/2112
f 968/2113 964/2114 963/2115
f 1787/2116 1855/2117 993/2118
f 1855/2119 991/2120 993/2121
f 922/2122 832/2123 774/2124
f 832/2125 789/2126 774/2127
f 1747/2128 1034/2129 908/2130
f 1034/2131 1894/2132 908/2133
f 1055/2134 1051/2135 1052/2136
f 1051/2137 1045/2138 1052/2139
f 1125/2140 1126/2141 1124/2142
f 1126/2143 1071/2144 1124/2145
f 1005/2146 994/2147 995/2148
f 994/2149 989/2150 995/2151
f 1107/2152 1101/2153 1108/2154
f 1101/2155 1100/2156 1108/2157
f 1107/2158 1106/2159 1101/2160
f 1106/2161 1102/2162 1101/2163
f 1161/2164 1165/2165 889/2166
f 1165/2167 882/2168 889/2169
f 1122/2170 1120/2171 1123/2172
f 1120/2173 1119/2174 1123/2175
f 1892/2176 1142/2177 952/2178
f 1142/2179 951/2180 952/2181
f 1143/2182 1742/2183 1166/2184
f 1742/2185 1175/2186 1166/2187
f 1840/2188 1841/2189 961/2190
f 1841/2191 959/2192 961/2193
f 833/2194 842/2195 789/2196
f 842/2197 790/2198 789/2199
f 1041/2200 1037/2201 1040/2202
f 1037/2203 1038/2204 1040/2205
f 1126/2206 1125/2207 1127/2208
f 1125/2209 1115/2210 1127/2211
f 1114/2212 1113/2213 1093/2214
f 1113/2215 1095/2216 1093/2217
f 1058/2218 1050/2219 1063/2220
f 1050/2221 1057/2222 1063/2223
f 1163/2224 1945/2225 1164/2226
f 1945/2227 873/2228 1164/2229
f 1125/2230 1117/2231 1115/2232
f 1117/2233 1116/2234 1115/2235
f 967/2236 964/2237 969/2238
f 964/2239 968/2240 969/2241
f 1124/2242 1123/2243 1125/2244
f 1123/2245 1117/2246 1125/2247
f 1598/2248 1599/2249 1112/2250
f 1599/2251 1110/2252 1112/2253
f 1914/2254 807/2255 1809/2256
f 807/2257 815/2258 1809/2259
f 1444/2260 1442/2261 1736/2262
f 1442/2263 971/2264 1736/2265
f 1602/2266 1603/2267 1097/2268
f 1603/2269 1098/2270 1097/2271
f 778/2272 955/2273 776/2274
f 955/2275 948/2276 776/2277
f 840/2278 838/2279 1829/2280
f 838/2281 1828/2282 1829/2283
f 1843/2284 1729/2285 929/2286
f 1729/2287 828/2288 929/2289
f 772/2290 1941/2291 920/2292
f 1941/2293 1792/2294 920/2295
f 1018/2296 992/2297 1900/2298
f 992/2299 1019/2300 1900/2301
f 1157/2302 1156/2303 879/2304
f 1156/2305 877/2306 879/2307
f 849/2308 1822/2309 846/2310
f 1822/2311 1804/2312 846/2313
f 1932/2314 1931/2315 1877/2316
f 1931/2317 1948/2318 1877/2319
f 1072/2320 1067/2321 1126/2322
f 1067/2323 1071/2324 1126/2325
f 1084/2326 1083/2327 1081/2328
f 1083/2329 1082/2330 1081/2331
f 973/2332 1881/2333 780/2334
f 1881/2335 1860/2336 780/2337
f 1115/2338 1114/2339 1127/2340
f 873/2341 1945/2342 884/2343
f 1945/2344 1938/2345 884/2346
f 856/2347 857/2348 792/2349
f 857/2350 1129/2351 792/2352
f 857/2353 858/2354 1129/2355
f 858/2356 1128/2357 1129/2358
f 1061/2359 1899/2360 1062/2361
f 1899/2362 1059/2363 1062/2364
f 864/2365 1774/2366 866/2367
f 1774/2368 802/2369 866/2370
f 1201/2371 1200/2372 1216/2373
f 1200/2374 1217/2375 1216/2376
f 896/2377 878/2378 1159/2379
f 878/2380 1157/2381 1159/2382
f 874/2383 894/2384 1158/2385
f 894/2386 1164/2387 1158/2388
f 883/2389 1162/2390 1363/2391
f 1162/2392 1666/2393 1363/2394
f 1048/2395 1778/2396 1049/2397
f 1778/2398 1046/2399 1049/2400
f 999/2401 997/2402 1761/2403
f 997/2404 897/2405 1761/2406
f 1027/2407 1029/2408 1037/2409
f 1029/2410 1036/2411 1037/2412
f 1002/2413 1000/2414 899/2415
f 1000/2416 898/2417 899/2418
f 1881/2419 1880/2420 1860/2421
f 1880/2422 777/2423 1860/2424
f 1203/2425 1214/2426 1188/2427
f 1214/2428 1212/2429 1188/2430
f 1127/2431 1092/2432 1126/2433
f 1092/2434 1072/2435 1126/2436
f 1883/2437 1902/2438 868/2439
f 1902/2440 1830/2441 868/2442
f 851/2443 849/2444 1871/2445
f 849/2446 1868/2447 1871/2448
f 801/2449 1766/2450 1130/2451
f 1766/2452 1942/2453 1130/2454
f 1188/2455 1212/2456 1191/2457
f 1212/2458 1190/2459 1191/2460
f 1062/2461 1078/2462 1061/2463
f 1078/2464 1079/2465 1061/2466
f 1198/2467 1196/2468 1714/2469
f 1196/2470 1715/2471 1714/2472
f 1078/2473 1062/2474 1063/2475
f 1062/2476 1058/2477 1063/2478
f 849/2479 846/2480 1868/2481
f 846/2482 847/2483 1868/2484
f 1041/2485 1040/2486 1024/2487
f 1040/2488 1022/2489 1024/2490
f 1140/2491 1189/2492 1141/2493
f 1189/2494 1211/2495 1141/2496
f 1059/2497 1898/2498 1049/2499
f 1898/2500 1048/2501 1049/2502
f 1139/2503 967/2504 1138/2505
f 967/2506 969/2507 1138/2508
f 1033/2509 907/2510 1035/2511
f 907/2512 1893/2513 1035/2514
f 789/2515 832/2516 833/2517
f 832/2518 831/2519 833/2520
f 1183/2521 1180/2522 1186/2523
f 1180/2524 1181/2525 1186/2526
f 876/2527 874/2528 1156/2529
f 874/2530 1158/2531 1156/2532
f 981/2533 984/2534 980/2535
f 984/2536 983/2537 980/2538
f 921/2539 1655/2540 1832/2541
f 1879/2542 1655/2543 1878/2544
f 970/2545 971/2546 1439/2547
f 971/2548 1442/2549 1439/2550
f 1131/2551 1129/2552 1823/2553
f 1129/2554 1128/2555 1823/2556
f 1824/2557 1655/2558 927/2559
f 1831/2560 1655/2561 1887/2562
f 927/2563 1655/2564 1658/2565
f 1059/2566 1049/2567 1062/2568
f 1049/2569 1058/2570 1062/2571
f 1863/2572 871/2573 1946/2574
f 871/2575 1857/2576 1946/2577
f 1878/2578 1655/2579 921/2580
f 1832/2581 1655/2582 1831/2583
f 1780/2584 1655/2585 865/2586
f 775/2587 1944/2588 1152/2589
f 1944/2590 1886/2591 1152/2592
f 1876/2593 1655/2594 1824/2595
f 862/2596 1655/2597 1858/2598
f 1310/2599 822/2600 1386/2601
f 822/2602 917/2603 1386/2604
f 1858/2605 1655/2606 1879/2607
f 1887/2608 1655/2609 1875/2610
f 1738/2611 1443/2612 1195/2613
f 1443/2614 1716/2615 1195/2616
f 783/2617 909/2618 784/2619
f 909/2620 911/2621 784/2622
f 1020/2623 1025/2624 1022/2625
f 1025/2626 1024/2627 1022/2628
f 883/2629 899/2630 1162/2631
f 899/2632 1161/2633 1162/2634
f 881/2635 1160/2636 898/2637
f 1160/2638 1165/2639 898/2640
f 881/2641 896/2642 1160/2643
f 896/2644 1159/2645 1160/2646
f 1173/2647 1172/2648 1176/2649
f 1172/2650 1167/2651 1176/2652
f 941/2653 942/2654 1185/2655
f 942/2656 1218/2657 1185/2658
f 1167/2659 1169/2660 1166/2661
f 1169/2662 1168/2663 1166/2664
f 1172/2665 1173/2666 1171/2667
f 1173/2668 1174/2669 1171/2670
f 1166/2671 1175/2672 1167/2673
f 1175/2674 1176/2675 1167/2676
f 1169/2677 1172/2678 1170/2679
f 1172/2680 1171/2681 1170/2682
f 1206/2683 1207/2684 1205/2685
f 1207/2686 1208/2687 1205/2688
f 1188/2689 1191/2690 1187/2691
f 1191/2692 1192/2693 1187/2694
f 1194/2695 1195/2696 1193/2697
f 1195/2698 1196/2699 1193/2700
f 1216/2701 1217/2702 1215/2703
f 1217/2704 1218/2705 1215/2706
f 1214/2707 1216/2708 1213/2709
f 1216/2710 1215/2711 1213/2712
f 1212/2713 1214/2714 1211/2715
f 1214/2716 1213/2717 1211/2718
f 1180/2719 1183/2720 1179/2721
f 1183/2722 1184/2723 1179/2724
f 1182/2725 1185/2726 1181/2727
f 1185/2728 1186/2729 1181/2730
f 1175/2731 1177/2732 1176/2733
f 1177/2734 1178/2735 1176/2736
f 1200/2737 1201/2738 1199/2739
f 1201/2740 1202/2741 1199/2742
f 1177/2743 1182/2744 1178/2745
f 1182/2746 1181/2747 1178/2748
f 1201/2749 1203/2750 1202/2751
f 1203/2752 1204/2753 1202/2754
f 1715/2755 1196/2756 1716/2757
f 1196/2758 1195/2759 1716/2760
f 1198/2761 1714/2762 1197/2763
f 1714/2764 1713/2765 1197/2766
f 1203/2767 1188/2768 1204/2769
f 1188/2770 1187/2771 1204/2772
f 1173/2773 1219/2774 1174/2775
f 1219/2776 1220/2777 1174/2778
f 1219/2779 1180/2780 1220/2781
f 1180/2782 1179/2783 1220/2784
f 1217/2785 1186/2786 1218/2787
f 1186/2788 1185/2789 1218/2790
f 1211/2791 1189/2792 1212/2793
f 1189/2794 1190/2795 1212/2796
f 1207/2797 1198/2798 1208/2799
f 1198/2800 1197/2801 1208/2802
f 1210/2803 1194/2804 1209/2805
f 1194/2806 1193/2807 1209/2808
f 1189/2809 1210/2810 1190/2811
f 1210/2812 1209/2813 1190/2814
f 1191/2815 1206/2816 1192/2817
f 1206/2818 1205/2819 1192/2820
f 1183/2821 1200/2822 1184/2823
f 1200/2824 1199/2825 1184/2826
f 1144/2827 1143/2828 1168/2829
f 1143/2830 1166/2831 1168/2832
f 1144/2833 1168/2834 1145/2835
f 1168/2836 1169/2837 1145/2838
f 1169/2839 771/2840 1145/2841
f 771/2842 1169/2843 1146/2844
f 1169/2845 1170/2846 1146/2847
f 1199/2848 1929/2849 1184/2850
f 1929/2851 892/2852 1184/2853
f 1929/2854 1199/2855 872/2856
f 872/2857 1199/2858 1134/2859
f 1019/2860 1026/2861 1020/2862
f 1026/2863 1025/2864 1020/2865
f 931/2866 1785/2867 933/2868
f 1785/2869 930/2870 933/2871
f 1949/2872 1951/2873 2058/2874
f 1949/2875 2058/2876 2056/2877
f 2117/2878 2059/2879 2011/2880
f 2059/2881 1265/2882 2011/2883
f 2048/2884 2015/2885 1975/2886
f 2015/2887 2013/2888 1975/2889
f 1663/2890 1347/2891 1662/2892
f 1347/2893 1340/2894 1662/2895
f 1988/2896 2001/2897 1987/2898
f 2001/2899 1355/2900 1987/2901
f 2020/2902 1806/2903 2012/2904
f 1806/2905 1796/2906 2012/2907
f 1424/2908 1422/2909 1421/2910
f 1422/2911 1415/2912 1421/2913
f 1993/2914 1286/2915 1278/2916
f 1286/2917 1285/2918 1278/2919
f 1553/2920 1550/2921 1549/2922
f 1550/2923 1536/2924 1549/2925
f 2119/2926 1619/2927 1712/2928
f 1619/2929 1701/2930 1712/2931
f 1414/2932 1961/2933 1971/2934
f 1961/2935 1960/2936 1971/2937
f 1399/2938 1971/2939 2005/2940
f 1971/2941 1960/2942 2005/2943
f 2127/2944 2066/2945 1247/2946
f 2066/2947 1978/2948 1247/2949
f 1439/2950 1440/2951 1438/2952
f 1440/2953 1435/2954 1438/2955
f 1973/2956 1250/2957 2049/2958
f 1250/2959 2052/2960 2049/2961
f 1239/2962 1926/2963 1379/2964
f 1926/2965 1380/2966 1379/2967
f 1250/2968 1983/2969 2052/2970
f 1983/2971 2025/2972 2052/2973
f 1235/2974 1262/2975 1374/2976
f 1262/2977 2124/2978 1374/2979
f 2122/2980 2146/2981 1377/2982
f 2146/2983 2126/2984 1377/2985
f 2030/2986 2031/2987 1391/2988
f 2031/2989 1650/2990 1391/2991
f 1254/2992 2046/2993 1628/2994
f 2046/2995 1972/2996 1628/2997
f 2025/2998 1983/2999 2027/3000
f 1983/3001 1984/3002 2027/3003
f 1984/3004 2142/3005 2027/3006
f 1646/3007 2034/3008 1674/3009
f 2034/3010 1675/3011 1674/3012
f 2146/3013 1239/3014 2126/3015
f 1239/3016 1379/3017 2126/3018
f 1262/3019 2122/3020 2124/3021
f 2122/3022 1377/3023 2124/3024
f 1959/3025 1433/3026 1698/3027
f 1433/3028 1718/3029 1698/3030
f 2046/3031 1933/3032 1972/3033
f 1933/3034 1754/3035 1972/3036
f 1974/3037 1973/3038 2047/3039
f 1973/3040 2049/3041 2047/3042
f 1940/3043 1307/3044 1632/3045
f 1307/3046 1631/3047 1632/3048
f 2135/3049 2141/3050 2088/3051
f 2141/3052 2009/3053 2088/3054
f 2072/3055 1506/3056 1512/3057
f 1506/3058 1518/3059 1512/3060
f 1244/3061 1245/3062 1631/3063
f 1245/3064 1632/3065 1631/3066
f 1396/3067 1399/3068 1282/3069
f 1399/3070 2005/3071 1282/3072
f 2019/3073 1300/3074 1298/3075
f 1300/3076 1294/3077 1298/3078
f 2022/3079 1236/3080 1373/3081
f 1236/3082 1375/3083 1373/3084
f 1258/3085 2118/3086 1383/3087
f 1273/3088 1274/3089 1272/3090
f 1274/3091 1267/3092 1272/3093
f 1991/3094 1683/3095 1990/3096
f 1683/3097 1728/3098 1990/3099
f 1547/3100 1546/3101 1556/3102
f 1546/3103 1557/3104 1556/3105
f 1260/3106 1264/3107 2060/3108
f 1237/3109 2121/3110 1259/3111
f 2121/3112 1261/3113 1259/3114
f 1296/3115 1291/3116 1287/3117
f 1291/3118 1288/3119 1287/3120
f 1565/3121 1585/3122 1566/3123
f 1585/3124 1584/3125 1566/3126
f 1977/3127 1478/3128 1976/3129
f 1478/3130 1467/3131 1976/3132
f 1397/3133 1403/3134 2002/3135
f 1403/3136 1970/3137 2002/3138
f 1489/3139 1816/3140 1481/3141
f 1816/3142 2029/3143 1481/3144
f 1581/3145 1591/3146 1571/3147
f 1591/3148 1580/3149 1571/3150
f 1616/3151 1609/3152 1607/3153
f 1609/3154 1608/3155 1607/3156
f 1968/3157 1969/3158 1338/3159
f 1969/3160 1357/3161 1338/3162
f 1263/3163 1268/3164 1266/3165
f 1268/3166 1267/3167 1266/3168
f 1514/3169 1513/3170 1907/3171
f 1513/3172 1370/3173 1907/3174
f 1614/3175 1611/3176 1609/3177
f 1611/3178 1610/3179 1609/3180
f 1606/3181 1605/3182 1617/3183
f 1605/3184 1618/3185 1617/3186
f 1413/3187 1415/3188 2069/3189
f 1415/3190 1227/3191 2069/3192
f 1299/3193 2024/3194 1312/3195
f 1579/3196 1602/3197 1578/3198
f 1602/3199 1600/3200 1578/3201
f 1621/3202 1620/3203 1622/3204
f 1620/3205 1552/3206 1622/3207
f 1432/3208 1434/3209 1429/3210
f 1434/3211 1431/3212 1429/3213
f 1288/3214 1291/3215 1289/3216
f 1291/3217 1290/3218 1289/3219
f 1272/3220 1267/3221 1271/3222
f 1267/3223 1268/3224 1271/3225
f 1306/3226 2075/3227 1305/3228
f 2075/3229 2082/3230 1305/3231
f 1289/3232 1283/3233 1288/3234
f 1283/3235 1284/3236 1288/3237
f 1704/3238 1725/3239 1687/3240
f 1725/3241 1690/3242 1687/3243
f 1488/3244 1489/3245 1482/3246
f 1489/3247 1481/3248 1482/3249
f 1556/3250 1573/3251 1547/3252
f 1573/3253 1555/3254 1547/3255
f 1242/3256 1297/3257 1241/3258
f 1297/3259 1296/3260 1241/3261
f 1279/3262 1271/3263 1278/3264
f 1271/3265 1270/3266 1278/3267
f 1296/3268 1297/3269 1291/3270
f 1297/3271 1295/3272 1291/3273
f 1463/3274 1456/3275 1452/3276
f 1456/3277 1453/3278 1452/3279
f 1280/3280 1272/3281 1279/3282
f 1272/3283 1271/3284 1279/3285
f 1950/3286 2006/3287 1289/3288
f 2006/3289 1283/3290 1289/3291
f 1279/3292 1284/3293 1280/3294
f 1284/3295 1283/3296 1280/3297
f 1278/3298 1285/3299 1279/3300
f 1285/3301 1284/3302 1279/3303
f 1727/3304 1682/3305 1677/3306
f 1682/3307 1680/3308 1677/3309
f 1295/3310 1292/3311 1291/3312
f 1292/3313 1290/3314 1291/3315
f 1417/3316 1420/3317 1412/3318
f 1420/3319 1416/3320 1412/3321
f 1281/3322 1273/3323 1280/3324
f 1273/3325 1272/3326 1280/3327
f 1261/3328 1269/3329 1263/3330
f 1269/3331 1268/3332 1263/3333
f 1524/3334 1485/3335 1525/3336
f 1485/3337 1479/3338 1525/3339
f 1288/3340 1284/3341 1287/3342
f 1284/3343 1285/3344 1287/3345
f 1274/3346 2083/3347 1267/3348
f 2083/3349 1266/3350 1267/3351
f 1589/3352 1594/3353 1590/3354
f 1594/3355 1593/3356 1590/3357
f 2131/3358 1258/3359 1257/3360
f 1258/3361 1383/3362 1257/3363
f 1533/3364 1532/3365 1538/3366
f 1532/3367 1539/3368 1538/3369
f 2074/3370 2128/3371 1275/3372
f 2128/3373 1276/3374 1275/3375
f 1276/3376 1381/3377 1275/3378
f 1381/3379 1382/3380 1275/3381
f 1989/3382 1353/3383 1688/3384
f 1350/3385 1909/3386 1587/3387
f 1909/3388 1596/3389 1587/3390
f 2023/3391 1995/3392 1269/3393
f 1995/3394 1270/3395 1269/3396
f 2128/3397 1923/3398 1276/3399
f 1923/3400 1310/3401 1276/3402
f 2017/3403 1313/3404 2026/3405
f 2017/3406 2026/3407 2028/3408
f 2017/3409 2028/3410 2018/3411
f 2016/3412 1653/3413 1654/3414
f 2016/3415 1654/3416 1249/3417
f 2016/3418 1249/3419 2014/3420
f 1985/3421 1986/3422 1252/3423
f 1986/3424 1981/3425 1252/3426
f 1378/3427 1394/3428 1392/3429
f 1394/3430 2038/3431 1392/3432
f 1394/3433 1395/3434 2038/3435
f 1395/3436 1936/3437 2038/3438
f 1317/3439 1318/3440 1654/3441
f 1318/3442 1249/3443 1654/3444
f 1522/3445 1499/3446 2008/3447
f 1499/3448 2007/3449 2008/3450
f 1292/3451 2041/3452 1290/3453
f 2041/3454 2134/3455 1290/3456
f 1280/3457 1283/3458 1281/3459
f 1283/3460 2006/3461 1281/3462
f 1323/3463 1321/3464 1655/3465
f 1568/3466 1567/3467 1559/3468
f 1567/3469 1569/3470 1559/3471
f 1533/3472 1527/3473 1532/3474
f 1527/3475 1528/3476 1532/3477
f 1427/3478 2100/3479 1721/3480
f 2100/3481 1723/3482 1721/3483
f 2079/3484 1327/3485 1302/3486
f 1327/3487 1366/3488 1302/3489
f 1641/3490 1427/3491 1719/3492
f 1427/3493 1721/3494 1719/3495
f 1555/3496 1548/3497 1547/3498
f 1548/3499 1538/3500 1547/3501
f 1484/3502 1477/3503 1478/3504
f 1477/3505 1468/3506 1478/3507
f 1558/3508 1546/3509 1545/3510
f 1546/3511 1539/3512 1545/3513
f 1473/3514 1359/3515 2113/3516
f 1359/3517 1341/3518 2113/3519
f 1513/3520 1514/3521 1512/3522
f 1514/3523 1511/3524 1512/3525
f 1588/3526 1584/3527 1587/3528
f 1584/3529 1585/3530 1587/3531
f 1663/3532 1669/3533 1347/3534
f 1669/3535 1342/3536 1347/3537
f 2078/3538 2129/3539 1999/3540
f 2129/3541 1994/3542 1999/3543
f 1558/3544 1570/3545 1546/3546
f 1570/3547 1557/3548 1546/3549
f 1339/3550 1345/3551 1337/3552
f 1345/3553 1997/3554 1337/3555
f 2065/3556 1508/3557 1492/3558
f 1508/3559 2081/3560 1492/3561
f 1351/3562 1352/3563 2116/3564
f 1352/3565 1597/3566 2116/3567
f 1289/3568 1290/3569 1950/3570
f 1290/3571 2134/3572 1950/3573
f 2053/3574 2143/3575 1428/3576
f 2143/3577 1432/3578 1428/3579
f 1347/3580 1342/3581 2062/3582
f 1342/3583 2063/3584 2062/3585
f 1224/3586 2127/3587 1248/3588
f 2127/3589 1247/3590 1248/3591
f 2140/3592 1527/3593 2138/3594
f 1527/3595 2106/3596 2138/3597
f 1402/3598 1967/3599 1407/3600
f 1967/3601 1954/3602 1407/3603
f 1551/3604 2119/3605 1709/3606
f 2119/3607 1712/3608 1709/3609
f 1461/3610 1470/3611 1460/3612
f 1470/3613 1459/3614 1460/3615
f 2143/3616 1639/3617 1432/3618
f 1639/3619 1434/3620 1432/3621
f 1535/3622 2136/3623 1691/3624
f 2136/3625 1696/3626 1691/3627
f 1322/3628 1992/3629 2132/3630
f 1992/3631 1253/3632 2132/3633
f 2091/3634 1228/3635 1414/3636
f 1228/3637 1961/3638 1414/3639
f 1464/3640 1452/3641 1451/3642
f 1452/3643 1448/3644 1451/3645
f 1546/3646 1547/3647 1539/3648
f 1547/3649 1538/3650 1539/3651
f 1968/3652 1338/3653 1455/3654
f 1338/3655 1336/3656 1455/3657
f 1631/3658 1307/3659 1629/3660
f 1307/3661 2036/3662 1629/3663
f 1365/3664 1498/3665 1496/3666
f 1498/3667 1497/3668 1496/3669
f 1403/3670 1397/3671 1406/3672
f 1397/3673 1402/3674 1406/3675
f 2098/3676 2099/3677 1500/3678
f 2099/3679 1521/3680 1500/3681
f 1625/3682 1574/3683 1612/3684
f 1574/3685 1575/3686 1612/3687
f 1342/3688 1349/3689 2063/3690
f 1349/3691 1586/3692 2063/3693
f 1371/3694 1331/3695 2103/3696
f 1331/3697 1515/3698 2103/3699
f 1438/3700 1435/3701 1437/3702
f 1435/3703 1436/3704 1437/3705
f 2099/3706 1965/3707 1521/3708
f 1965/3709 2093/3710 1521/3711
f 2034/3712 2032/3713 1675/3714
f 2032/3715 1678/3716 1675/3717
f 1326/3718 2098/3719 2043/3720
f 2098/3721 1500/3722 2043/3723
f 1962/3724 1679/3725 1963/3726
f 1679/3727 1681/3728 1963/3729
f 1965/3730 1966/3731 2093/3732
f 1966/3733 1516/3734 2093/3735
f 1238/3736 2020/3737 2040/3738
f 2020/3739 2012/3740 2040/3741
f 1629/3742 2120/3743 1631/3744
f 2120/3745 1244/3746 1631/3747
f 1324/3748 1916/3749 1255/3750
f 1916/3751 1246/3752 1255/3753
f 1520/3754 1517/3755 1519/3756
f 1517/3757 1518/3758 1519/3759
f 2125/3760 1238/3761 2039/3762
f 1238/3763 2040/3764 2039/3765
f 2066/3766 1319/3767 1978/3768
f 1319/3769 1251/3770 1978/3771
f 2021/3772 2076/3773 2000/3774
f 2076/3775 2077/3776 2000/3777
f 1553/3778 1622/3779 1550/3780
f 1622/3781 1552/3782 1550/3783
f 1401/3784 1686/3785 1408/3786
f 1686/3787 1689/3788 1408/3789
f 1340/3790 1347/3791 1542/3792
f 1347/3793 2062/3794 1542/3795
f 2136/3796 1551/3797 1696/3798
f 1551/3799 1709/3800 1696/3801
f 1695/3802 1710/3803 1694/3804
f 1710/3805 1717/3806 1694/3807
f 1527/3808 1534/3809 2106/3810
f 1534/3811 1635/3812 2106/3813
f 2104/3814 1535/3815 1708/3816
f 1535/3817 1691/3818 1708/3819
f 1684/3820 1685/3821 1727/3822
f 1685/3823 1682/3824 1727/3825
f 1259/3826 1264/3827 2118/3828
f 1264/3829 1260/3830 2118/3831
f 1990/3832 1728/3833 2032/3834
f 1728/3835 1678/3836 2032/3837
f 1333/3838 1335/3839 1344/3840
f 1335/3841 1529/3842 1344/3843
f 1993/3844 1278/3845 1995/3846
f 1278/3847 1270/3848 1995/3849
f 1781/3850 1998/3851 1655/3852
f 1652/3853 1226/3854 1649/3855
f 1649/3856 1226/3857 1389/3858
f 1226/3859 1390/3860 1389/3861
f 1376/3862 1378/3863 1651/3864
f 1378/3865 1392/3866 1651/3867
f 2031/3868 1376/3869 1650/3870
f 1376/3871 1651/3872 1650/3873
f 1657/3874 1256/3875 1656/3876
f 1256/3877 1982/3878 1656/3879
f 1986/3880 1656/3881 1981/3882
f 1656/3883 1982/3884 1981/3885
f 1317/3886 2051/3887 1318/3888
f 2051/3889 2067/3890 1318/3891
f 1389/3892 2030/3893 1649/3894
f 2030/3895 1391/3896 1649/3897
f 2051/3898 1985/3899 2067/3900
f 1985/3901 1252/3902 2067/3903
f 1653/3904 2016/3905 2096/3906
f 2016/3907 2144/3908 2096/3909
f 2057/3910 2061/3911 2002/3912
f 1411/3913 1406/3914 1407/3915
f 1406/3916 1402/3917 1407/3918
f 1340/3919 1542/3920 1339/3921
f 1542/3922 1345/3923 1339/3924
f 1537/3925 1549/3926 1534/3927
f 1549/3928 1536/3929 1534/3930
f 1409/3931 1726/3932 2100/3933
f 1726/3934 1723/3935 2100/3936
f 2120/3937 1629/3938 1243/3939
f 1629/3940 1627/3941 1243/3942
f 1448/3943 2055/3944 1447/3945
f 2055/3946 1356/3947 1447/3948
f 1570/3949 1558/3950 1569/3951
f 1558/3952 1559/3953 1569/3954
f 1581/3955 1571/3956 1570/3957
f 1571/3958 1557/3959 1570/3960
f 1534/3961 1536/3962 1635/3963
f 1536/3964 2105/3965 1635/3966
f 1559/3967 1560/3968 1568/3969
f 1560/3970 1562/3971 1568/3972
f 1563/3973 1568/3974 1561/3975
f 1568/3976 1562/3977 1561/3978
f 1321/3979 1320/3980 1655/3981
f 1470/3982 1358/3983 1459/3984
f 1358/3985 1471/3986 1459/3987
f 1636/3988 2105/3989 1550/3990
f 2105/3991 1536/3992 1550/3993
f 2083/3994 1230/3995 1266/3996
f 1230/3997 2060/3998 1266/3999
f 1312/4000 2019/4001 1299/4002
f 2019/4003 1298/4004 1299/4005
f 2086/4006 2087/4007 1655/4008
f 1538/4009 1548/4010 1533/4011
f 1548/4012 1537/4013 1533/4014
f 1888/4015 1437/4016 1638/4017
f 1437/4018 1436/4019 1638/4020
f 1963/4021 1681/4022 1401/4023
f 1681/4024 1686/4025 1401/4026
f 1526/4027 1706/4028 1634/4029
f 1706/4030 1703/4031 1634/4032
f 2064/4033 2065/4034 2114/4035
f 2065/4036 1492/4037 2114/4038
f 1599/4039 1601/4040 1600/4041
f 1601/4042 1578/4043 1600/4044
f 1956/4045 1957/4046 1441/4047
f 1957/4048 1423/4049 1441/4050
f 1567/4051 1568/4052 1566/4053
f 1568/4054 1563/4055 1566/4056
f 1348/4057 1565/4058 1346/4059
f 1565/4060 1564/4061 1346/4062
f 1621/4063 1615/4064 1617/4065
f 1615/4066 1616/4067 1617/4068
f 1587/4069 1596/4070 1588/4071
f 1596/4072 1595/4073 1588/4074
f 1609/4075 1616/4076 1614/4077
f 1616/4078 1615/4079 1614/4080
f 1416/4081 1413/4082 1412/4083
f 1413/4084 1405/4085 1412/4086
f 1429/4087 1431/4088 1424/4089
f 1431/4090 1430/4091 1424/4092
f 1550/4093 1552/4094 1636/4095
f 1552/4096 2137/4097 1636/4098
f 1426/4099 1428/4100 1420/4101
f 1428/4102 1425/4103 1420/4104
f 1425/4105 1421/4106 1420/4107
f 1421/4108 1416/4109 1420/4110
f 1425/4111 1429/4112 1421/4113
f 1429/4114 1424/4115 1421/4116
f 1665/4117 1351/4118 1664/4119
f 1351/4120 1349/4121 1664/4122
f 2101/4123 2054/4124 1419/4125
f 2054/4126 1426/4127 1419/4128
f 1573/4129 1575/4130 1555/4131
f 1575/4132 1574/4133 1555/4134
f 1418/4135 1419/4136 1411/4137
f 1419/4138 1417/4139 1411/4140
f 1450/4141 1451/4142 1447/4143
f 1451/4144 1448/4145 1447/4146
f 1406/4147 1412/4148 1403/4149
f 1412/4150 1405/4151 1403/4152
f 1801/4153 1311/4154 1445/4155
f 1311/4156 1277/4157 1445/4158
f 1991/4159 1989/4160 1683/4161
f 1989/4162 1688/4163 1683/4164
f 1662/4165 1340/4166 1660/4167
f 1340/4168 1339/4169 1660/4170
f 2061/4171 1398/4172 2002/4173
f 1450/4174 1647/4175 2033/4176
f 1450/4177 2033/4178 1451/4179
f 1237/4180 1259/4181 1258/4182
f 1259/4183 2118/4184 1258/4185
f 1338/4186 1660/4187 1336/4188
f 1660/4189 1659/4190 1336/4191
f 1987/4192 1355/4193 1667/4194
f 1355/4195 1668/4196 1667/4197
f 1457/4198 1458/4199 1454/4200
f 1458/4201 2003/4202 1454/4203
f 2055/4204 1453/4205 2003/4206
f 1453/4207 1454/4208 2003/4209
f 1449/4210 1334/4211 2001/4212
f 1334/4213 1355/4214 2001/4215
f 1648/4216 1447/4217 1354/4218
f 1447/4219 1356/4220 1354/4221
f 1957/4222 1229/4223 1423/4224
f 1229/4225 1422/4226 1423/4227
f 1466/4228 1467/4229 1463/4230
f 1467/4231 1462/4232 1463/4233
f 1263/4234 1264/4235 1261/4236
f 1264/4237 1259/4238 1261/4239
f 1661/4240 1335/4241 1668/4242
f 1335/4243 1333/4244 1668/4245
f 1350/4246 1587/4247 2112/4248
f 1587/4249 1585/4250 2112/4251
f 1304/4252 1368/4253 2079/4254
f 1368/4255 1327/4256 2079/4257
f 1271/4258 1268/4259 1270/4260
f 1268/4261 1269/4262 1270/4263
f 1710/4264 1711/4265 1717/4266
f 1711/4267 1697/4268 1717/4269
f 1441/4270 1423/4271 1440/4272
f 1423/4273 1430/4274 1440/4275
f 1578/4276 1601/4277 1576/4278
f 1601/4279 1577/4280 1576/4281
f 1464/4282 1466/4283 1452/4284
f 1466/4285 1463/4286 1452/4287
f 2123/4288 1507/4289 1486/4290
f 1507/4291 1491/4292 1486/4293
f 1233/4294 1234/4295 1232/4296
f 1234/4297 1372/4298 1232/4299
f 1301/4300 2042/4301 1300/4302
f 2042/4303 1294/4304 1300/4305
f 1572/4306 1579/4307 1576/4308
f 1579/4309 1578/4310 1576/4311
f 1633/4312 1308/4313 2115/4314
f 1308/4315 1306/4316 2115/4317
f 1490/4318 1488/4319 1487/4320
f 1488/4321 1482/4322 1487/4323
f 2064/4324 2114/4325 1524/4326
f 2114/4327 1485/4328 1524/4329
f 1491/4330 1493/4331 1487/4332
f 1493/4333 1490/4334 1487/4335
f 1885/4336 2072/4337 1511/4338
f 2072/4339 1512/4340 1511/4341
f 1474/4342 1980/4343 1472/4344
f 1980/4345 1979/4346 1472/4347
f 1525/4348 1479/4349 2050/4350
f 1479/4351 1480/4352 2050/4353
f 1870/4354 1493/4355 1507/4356
f 1493/4357 1491/4358 1507/4359
f 1335/4360 1337/4361 1529/4362
f 1337/4363 1997/4364 1529/4365
f 1555/4366 1574/4367 1548/4368
f 1574/4369 1554/4370 1548/4371
f 1977/4372 1505/4373 1478/4374
f 1505/4375 1484/4376 1478/4377
f 1457/4378 1456/4379 1459/4380
f 1456/4381 1460/4382 1459/4383
f 1481/4384 2029/4385 1474/4386
f 2029/4387 1980/4388 1474/4389
f 2123/4390 1486/4391 1505/4392
f 1486/4393 1484/4394 1505/4395
f 1569/4396 1567/4397 1582/4398
f 1567/4399 1583/4400 1582/4401
f 1572/4402 1556/4403 1571/4404
f 1556/4405 1557/4406 1571/4407
f 1477/4408 1469/4409 1468/4410
f 1469/4411 1461/4412 1468/4413
f 1230/4414 2074/4415 2060/4416
f 2074/4417 1275/4418 2060/4419
f 2050/4420 1480/4421 1496/4422
f 1480/4423 1465/4424 1496/4425
f 1453/4426 2055/4427 1452/4428
f 2055/4429 1448/4430 1452/4431
f 1969/4432 2113/4433 1357/4434
f 2113/4435 1341/4436 1357/4437
f 1576/4438 1573/4439 1572/4440
f 1573/4441 1556/4442 1572/4443
f 1417/4444 1412/4445 1411/4446
f 1412/4447 1406/4448 1411/4449
f 1450/4450 1447/4451 1647/4452
f 1447/4453 1648/4454 1647/4455
f 1426/4456 1420/4457 1419/4458
f 1420/4459 1417/4460 1419/4461
f 1476/4462 1482/4463 1474/4464
f 1482/4465 1481/4466 1474/4467
f 1494/4468 1495/4469 1465/4470
f 1967/4471 1402/4472 1400/4473
f 1402/4474 1397/4475 1400/4476
f 1496/4477 2109/4478 1365/4479
f 1543/4480 2108/4481 1564/4482
f 2108/4483 1346/4484 1564/4485
f 2085/4486 1503/4487 1501/4488
f 1503/4489 1502/4490 1501/4491
f 1329/4492 2070/4493 1328/4494
f 2070/4495 1369/4496 1328/4497
f 1407/4498 1410/4499 1411/4500
f 1410/4501 1418/4502 1411/4503
f 1609/4504 1610/4505 1608/4506
f 1610/4507 1598/4508 1608/4509
f 1456/4510 1463/4511 1460/4512
f 1463/4513 1462/4514 1460/4515
f 1462/4516 1468/4517 1460/4518
f 1468/4519 1461/4520 1460/4521
f 1508/4522 1510/4523 2081/4524
f 1510/4525 1509/4526 2081/4527
f 1308/4528 1330/4529 1306/4530
f 1330/4531 2075/4532 1306/4533
f 1309/4534 2131/4535 1385/4536
f 2131/4537 1257/4538 1385/4539
f 1993/4540 2130/4541 1286/4542
f 2130/4543 1388/4544 1286/4545
f 1467/4546 1466/4547 1976/4548
f 1466/4549 2004/4550 1976/4551
f 1275/4552 1382/4553 2060/4554
f 1382/4555 2010/4556 2060/4557
f 1504/4558 2084/4559 1519/4560
f 2084/4561 1523/4562 1519/4563
f 1433/4564 1640/4565 1718/4566
f 1640/4567 1693/4568 1718/4569
f 1325/4570 1364/4571 1221/4572
f 1364/4573 1952/4574 1221/4575
f 1328/4576 1369/4577 1304/4578
f 1369/4579 1368/4580 1304/4581
f 1520/4582 1522/4583 1367/4584
f 1522/4585 2008/4586 1367/4587
f 2084/4588 2085/4589 1523/4590
f 2085/4591 1501/4592 1523/4593
f 2021/4594 2022/4595 2076/4596
f 2022/4597 1373/4598 2076/4599
f 1483/4600 1487/4601 1476/4602
f 1487/4603 1482/4604 1476/4605
f 1630/4606 1305/4607 2035/4608
f 1305/4609 1303/4610 2035/4611
f 1671/4612 1673/4613 1676/4614
f 2033/4615 2068/4616 1451/4617
f 2068/4618 1464/4619 1451/4620
f 1554/4621 1549/4622 1548/4623
f 1549/4624 1537/4625 1548/4626
f 1293/4627 2095/4628 1325/4629
f 2095/4630 1364/4631 1325/4632
f 1236/4633 2125/4634 1375/4635
f 2125/4636 2039/4637 1375/4638
f 1545/4639 1560/4640 1558/4641
f 1560/4642 1559/4643 1558/4644
f 1459/4645 1471/4646 1457/4647
f 1471/4648 1458/4649 1457/4650
f 1293/4651 1302/4652 2095/4653
f 1302/4654 1366/4655 2095/4656
f 1367/4657 2102/4658 1520/4659
f 2102/4660 1517/4661 1520/4662
f 2110/4663 1953/4664 2111/4665
f 1953/4666 2094/4667 2111/4668
f 1349/4669 1351/4670 1586/4671
f 1351/4672 2116/4673 1586/4674
f 1403/4675 1405/4676 1970/4677
f 1405/4678 1404/4679 1970/4680
f 1526/4681 2104/4682 1706/4683
f 2104/4684 1708/4685 1706/4686
f 1561/4687 1543/4688 1563/4689
f 1543/4690 1564/4691 1563/4692
f 2132/4693 1253/4694 1319/4695
f 1253/4696 1251/4697 1319/4698
f 1264/4699 1263/4700 2060/4701
f 1263/4702 1266/4703 2060/4704
f 1611/4705 1577/4706 1610/4707
f 1577/4708 1601/4709 1610/4710
f 1541/4711 2107/4712 2108/4713
f 1498/4714 2007/4715 1497/4716
f 2007/4717 1499/4718 1497/4719
f 1484/4720 1486/4721 1477/4722
f 1486/4723 1483/4724 1477/4725
f 1416/4726 1421/4727 1413/4728
f 1421/4729 1415/4730 1413/4731
f 1611/4732 1614/4733 1612/4734
f 1614/4735 1613/4736 1612/4737
f 1512/4738 1518/4739 1513/4740
f 1518/4741 1517/4742 1513/4743
f 1297/4744 1299/4745 1295/4746
f 1299/4747 1298/4748 1295/4749
f 1455/4750 1336/4751 1449/4752
f 1336/4753 1334/4754 1449/4755
f 1560/4756 1561/4757 1562/4758
f 1711/4759 1702/4760 1697/4761
f 1702/4762 1700/4763 1697/4764
f 1362/4765 1363/4766 1361/4767
f 1363/4768 1343/4769 1361/4770
f 1665/4771 1666/4772 1351/4773
f 1666/4774 1352/4775 1351/4776
f 1483/4777 1476/4778 1477/4779
f 1476/4780 1469/4781 1477/4782
f 1603/4783 1580/4784 1592/4785
f 1580/4786 1591/4787 1592/4788
f 1744/4789 1964/4790 1605/4791
f 1964/4792 1618/4793 1605/4794
f 1348/4795 2112/4796 1565/4797
f 2112/4798 1585/4799 1565/4800
f 1576/4801 1577/4802 1573/4803
f 1577/4804 1575/4805 1573/4806
f 1469/4807 1476/4808 1472/4809
f 1476/4810 1474/4811 1472/4812
f 1472/4813 1470/4814 1469/4815
f 1470/4816 1461/4817 1469/4818
f 1590/4819 1593/4820 1591/4821
f 1593/4822 1592/4823 1591/4824
f 1630/4825 2115/4826 1305/4827
f 2115/4828 1306/4829 1305/4830
f 1242/4831 2024/4832 1297/4833
f 2024/4834 1299/4835 1297/4836
f 1424/4837 1430/4838 1422/4839
f 1430/4840 1423/4841 1422/4842
f 1588/4843 1595/4844 1589/4845
f 1595/4846 1594/4847 1589/4848
f 1659/4849 1337/4850 1661/4851
f 1337/4852 1335/4853 1661/4854
f 1591/4855 1581/4856 1590/4857
f 1581/4858 1582/4859 1590/4860
f 1295/4861 1298/4862 1292/4863
f 1298/4864 1294/4865 1292/4866
f 2069/4867 1404/4868 1413/4869
f 1404/4870 1405/4871 1413/4872
f 1491/4873 1487/4874 1486/4875
f 1487/4876 1483/4877 1486/4878
f 1607/4879 1606/4880 1616/4881
f 1606/4882 1617/4883 1616/4884
f 1567/4885 1566/4886 1583/4887
f 1566/4888 1584/4889 1583/4890
f 1569/4891 1582/4892 1570/4893
f 1582/4894 1581/4895 1570/4896
f 1571/4897 1580/4898 1572/4899
f 1580/4900 1579/4901 1572/4902
f 1361/4903 1343/4904 1475/4905
f 1343/4906 1360/4907 1475/4908
f 1637/4909 2137/4910 1620/4911
f 2137/4912 1552/4913 1620/4914
f 1432/4915 1429/4916 1428/4917
f 1429/4918 1425/4919 1428/4920
f 1619/4921 1604/4922 1701/4923
f 1604/4924 1713/4925 1701/4926
f 1445/4927 1277/4928 1446/4929
f 1277/4930 1231/4931 1446/4932
f 1410/4933 1955/4934 1418/4935
f 1955/4936 1642/4937 1418/4938
f 1955/4939 1410/4940 1954/4941
f 1410/4942 1407/4943 1954/4944
f 1360/4945 1664/4946 1359/4947
f 1664/4948 1669/4949 1359/4950
f 1958/4951 1959/4952 1699/4953
f 1959/4954 1698/4955 1699/4956
f 1637/4957 1620/4958 1964/4959
f 1620/4960 1618/4961 1964/4962
f 1540/4963 1532/4964 1531/4965
f 1532/4966 1528/4967 1531/4968
f 1705/4969 1707/4970 1724/4971
f 1707/4972 1722/4973 1724/4974
f 2140/4975 1996/4976 1527/4977
f 1996/4978 1528/4979 1527/4980
f 1440/4981 1430/4982 1435/4983
f 1430/4984 1431/4985 1435/4986
f 2004/4987 1466/4988 2068/4989
f 1466/4990 1464/4991 2068/4992
f 1388/4993 1225/4994 1286/4995
f 1225/4996 1240/4997 1286/4998
f 1966/4999 1371/5000 1516/5001
f 1371/5002 2103/5003 1516/5004
f 1537/5005 1534/5006 1533/5007
f 1534/5008 1527/5009 1533/5010
f 1623/5011 1622/5012 1624/5013
f 1622/5014 1553/5015 1624/5016
f 1478/5017 1468/5018 1467/5019
f 1468/5020 1462/5021 1467/5022
f 1589/5023 1590/5024 1583/5025
f 1590/5026 1582/5027 1583/5028
f 1589/5029 1583/5030 1588/5031
f 1583/5032 1584/5033 1588/5034
f 1664/5035 1349/5036 1669/5037
f 1349/5038 1342/5039 1669/5040
f 1620/5041 1621/5042 1618/5043
f 1621/5044 1617/5045 1618/5046
f 2101/5047 1419/5048 1642/5049
f 1419/5050 1418/5051 1642/5052
f 1643/5053 1670/5054 1962/5055
f 1670/5056 1679/5057 1962/5058
f 2053/5059 1428/5060 2054/5061
f 1428/5062 1426/5063 2054/5064
f 1287/5065 1240/5066 1296/5067
f 1240/5068 1241/5069 1296/5070
f 1523/5071 1522/5072 1519/5073
f 1522/5074 1520/5075 1519/5076
f 1624/5077 1625/5078 1623/5079
f 1625/5080 1613/5081 1623/5082
f 1612/5083 1575/5084 1611/5085
f 1575/5086 1577/5087 1611/5088
f 1540/5089 1545/5090 1532/5091
f 1545/5092 1539/5093 1532/5094
f 1667/5095 1668/5096 2145/5097
f 1668/5098 1333/5099 2145/5100
f 1623/5101 1613/5102 1615/5103
f 1613/5104 1614/5105 1615/5106
f 1434/5107 1436/5108 1431/5109
f 1436/5110 1435/5111 1431/5112
f 1622/5113 1623/5114 1621/5115
f 1623/5116 1615/5117 1621/5118
f 1598/5119 1610/5120 1599/5121
f 1610/5122 1601/5123 1599/5124
f 2121/5125 2023/5126 1261/5127
f 2023/5128 1269/5129 1261/5130
f 1444/5131 1956/5132 1442/5133
f 1956/5134 1441/5135 1442/5136
f 1602/5137 1579/5138 1603/5139
f 1579/5140 1580/5141 1603/5142
f 1229/5143 1227/5144 1422/5145
f 1227/5146 1415/5147 1422/5148
f 1294/5149 2042/5150 1292/5151
f 2042/5152 2041/5153 1292/5154
f 2056/5155 1396/5156 1949/5157
f 1396/5158 1282/5159 1949/5160
f 1223/5161 1384/5162 2141/5163
f 1384/5164 2009/5165 2141/5166
f 1495/5167 2109/5168 1465/5169
f 2109/5170 1496/5171 1465/5172
f 1660/5173 1339/5174 1659/5175
f 1339/5176 1337/5177 1659/5178
f 1303/5179 1300/5180 2035/5181
f 1300/5182 2019/5183 2035/5184
f 2135/5185 2088/5186 1931/5187
f 2088/5188 1948/5189 1931/5190
f 1554/5191 1624/5192 1549/5193
f 1624/5194 1553/5195 1549/5196
f 1566/5197 1563/5198 1565/5199
f 1563/5200 1564/5201 1565/5202
f 1446/5203 1231/5204 2092/5205
f 1231/5206 2073/5207 2092/5208
f 1613/5209 1625/5210 1612/5211
f 1333/5212 1344/5213 2145/5214
f 1344/5215 2139/5216 2145/5217
f 1314/5218 1243/5219 1315/5220
f 1243/5221 1627/5222 1315/5223
f 1315/5224 1627/5225 1316/5226
f 1627/5227 1626/5228 1316/5229
f 1543/5230 1544/5231 2108/5232
f 1544/5233 1541/5234 2108/5235
f 1322/5236 1324/5237 1992/5238
f 1324/5239 1255/5240 1992/5241
f 1705/5242 1724/5243 1704/5244
f 1724/5245 1725/5246 1704/5247
f 1357/5248 1662/5249 1338/5250
f 1662/5251 1660/5252 1338/5253
f 1334/5254 1661/5255 1355/5256
f 1661/5257 1668/5258 1355/5259
f 1343/5260 1363/5261 1665/5262
f 1363/5263 1666/5264 1665/5265
f 1530/5266 1531/5267 1996/5268
f 1531/5269 1528/5270 1996/5271
f 1472/5272 1979/5273 1470/5274
f 1979/5275 1358/5276 1470/5277
f 1504/5278 1519/5279 1506/5280
f 1519/5281 1518/5282 1506/5283
f 1475/5284 1360/5285 1473/5286
f 1360/5287 1359/5288 1473/5289
f 2092/5290 2073/5291 2091/5292
f 2073/5293 1228/5294 2091/5295
f 1707/5296 1692/5297 1722/5298
f 1692/5299 1720/5300 1722/5301
f 1625/5302 1624/5303 1574/5304
f 1624/5305 1554/5306 1574/5307
f 2094/5308 1326/5309 2111/5310
f 1326/5311 2043/5312 2111/5313
f 1305/5314 2082/5315 1303/5316
f 2082/5317 2080/5318 1303/5319
f 1254/5320 1628/5321 1984/5322
f 1628/5323 2142/5324 1984/5325
f 1692/5326 1695/5327 1720/5328
f 1695/5329 1694/5330 1720/5331
f 1544/5332 1543/5333 1560/5334
f 1543/5335 1561/5336 1560/5337
f 1702/5338 1714/5339 1700/5340
f 1714/5341 1715/5342 1700/5343
f 1560/5344 1545/5345 1544/5346
f 1545/5347 1540/5348 1544/5349
f 1303/5350 2080/5351 1300/5352
f 2080/5353 1301/5354 1300/5355
f 1523/5356 1501/5357 1522/5358
f 1501/5359 1499/5360 1522/5361
f 1640/5362 1641/5363 1693/5364
f 1641/5365 1719/5366 1693/5367
f 1541/5368 1531/5369 2107/5370
f 1531/5371 1530/5372 2107/5373
f 1639/5374 1638/5375 1434/5376
f 1638/5377 1436/5378 1434/5379
f 1513/5380 1517/5381 1370/5382
f 1517/5383 2102/5384 1370/5385
f 1240/5386 1287/5387 1286/5388
f 1287/5389 1285/5390 1286/5391
f 1687/5392 1690/5393 1684/5394
f 1690/5395 1685/5396 1684/5397
f 1336/5398 1659/5399 1334/5400
f 1659/5401 1661/5402 1334/5403
f 1454/5404 1453/5405 1457/5406
f 1453/5407 1456/5408 1457/5409
f 1387/5410 2045/5411 1655/5412
f 2090/5413 2089/5414 1655/5415
f 1440/5416 1439/5417 1441/5418
f 1439/5419 1442/5420 1441/5421
f 1629/5422 2036/5423 1627/5424
f 2036/5425 1626/5426 1627/5427
f 2037/5428 1393/5429 1655/5430
f 2044/5431 2097/5432 1655/5433
f 1393/5434 1658/5435 1655/5436
f 1541/5437 1544/5438 1531/5439
f 1544/5440 1540/5441 1531/5442
f 1863/5443 1946/5444 1329/5445
f 1946/5446 2070/5447 1329/5448
f 2089/5449 1387/5450 1655/5451
f 2045/5452 2044/5453 1655/5454
f 1998/5455 1323/5456 1655/5457
f 1226/5458 1652/5459 2144/5460
f 1652/5461 2096/5462 2144/5463
f 2087/5464 2037/5465 1655/5466
f 1320/5467 2071/5468 1655/5469
f 1310/5470 1386/5471 1276/5472
f 1386/5473 1381/5474 1276/5475
f 2071/5476 2090/5477 1655/5478
f 2097/5479 2086/5480 1655/5481
f 1958/5482 1699/5483 1443/5484
f 1699/5485 1716/5486 1443/5487
f 1234/5488 1235/5489 1372/5490
f 1235/5491 1374/5492 1372/5493
f 1497/5494 1499/5495 1502/5496
f 1499/5497 1501/5498 1502/5499
f 1343/5500 1665/5501 1360/5502
f 1665/5503 1664/5504 1360/5505
f 1341/5506 1359/5507 1663/5508
f 1359/5509 1669/5510 1663/5511
f 1341/5512 1663/5513 1357/5514
f 1663/5515 1662/5516 1357/5517
f 1677/5518 1680/5519 1676/5520
f 1680/5521 1671/5522 1676/5523
f 1408/5524 1689/5525 1409/5526
f 1689/5527 1726/5528 1409/5529
f 1671/5530 1670/5531 1673/5532
f 1670/5533 1672/5534 1673/5535
f 1676/5536 1675/5537 1677/5538
f 1675/5539 1678/5540 1677/5541
f 1670/5542 1671/5543 1679/5544
f 1671/5545 1680/5546 1679/5547
f 1673/5548 1674/5549 1676/5550
f 1674/5551 1675/5552 1676/5553
f 1710/5554 1709/5555 1711/5556
f 1709/5557 1712/5558 1711/5559
f 1692/5560 1691/5561 1695/5562
f 1691/5563 1696/5564 1695/5565
f 1698/5566 1697/5567 1699/5568
f 1697/5569 1700/5570 1699/5571
f 1724/5572 1723/5573 1725/5574
f 1723/5575 1726/5576 1725/5577
f 1722/5578 1721/5579 1724/5580
f 1721/5581 1723/5582 1724/5583
f 1720/5584 1719/5585 1722/5586
f 1719/5587 1721/5588 1722/5589
f 1684/5590 1683/5591 1687/5592
f 1683/5593 1688/5594 1687/5595
f 1686/5596 1685/5597 1689/5598
f 1685/5599 1690/5600 1689/5601
f 1679/5602 1680/5603 1681/5604
f 1680/5605 1682/5606 1681/5607
f 1704/5608 1703/5609 1705/5610
f 1703/5611 1706/5612 1705/5613
f 1681/5614 1682/5615 1686/5616
f 1682/5617 1685/5618 1686/5619
f 1705/5620 1706/5621 1707/5622
f 1706/5623 1708/5624 1707/5625
f 1715/5626 1716/5627 1700/5628
f 1716/5629 1699/5630 1700/5631
f 1702/5632 1701/5633 1714/5634
f 1701/5635 1713/5636 1714/5637
f 1707/5638 1708/5639 1692/5640
f 1708/5641 1691/5642 1692/5643
f 1677/5644 1678/5645 1727/5646
f 1678/5647 1728/5648 1727/5649
f 1727/5650 1728/5651 1684/5652
f 1728/5653 1683/5654 1684/5655
f 1725/5656 1726/5657 1690/5658
f 1726/5659 1689/5660 1690/5661
f 1719/5662 1720/5663 1693/5664
f 1720/5665 1694/5666 1693/5667
f 1711/5668 1712/5669 1702/5670
f 1712/5671 1701/5672 1702/5673
f 1718/5674 1717/5675 1698/5676
f 1717/5677 1697/5678 1698/5679
f 1693/5680 1694/5681 1718/5682
f 1694/5683 1717/5684 1718/5685
f 1695/5686 1696/5687 1710/5688
f 1696/5689 1709/5690 1710/5691
f 1687/5692 1688/5693 1704/5694
f 1688/5695 1703/5696 1704/5697
f 1644/5698 1672/5699 1643/5700
f 1672/5701 1670/5702 1643/5703
f 1644/5704 1645/5705 1672/5706
f 1645/5707 1673/5708 1672/5709
f 1673/5710 1645/5711 1222/5712
f 1222/5713 1646/5714 1673/5715
f 1646/5716 1674/5717 1673/5718
f 1703/5719 1688/5720 2133/5721
f 1688/5722 1353/5723 2133/5724
f 2133/5725 1332/5726 1703/5727
f 1332/5728 1634/5729 1703/5730
f 1496/5731 1497/5732 1503/5733
f 1497/5734 1502/5735 1503/5736
f 1398/5737 1400/5738 2002/5739
f 1400/5740 1397/5741 2002/5742
o Part.3
v -1.697 28.78 1.697
v -0.918 28.78 2.217
v -2.217 28.78 0.918
v -2.217 34.6 0.918
v -1.697 34.6 1.697
v -0.918 34.6 2.217
v -4.817 27.2 3
v -6.4 18.4 3
v -4.923 26.62 0.765
v -5.004 26.168 1.414
v -5.117 25.535 1.848
v -5.243 24.8 2
v -5.382 24.053 1.848
v -5.499 23.404 1.414
v -5.574 22.977 0.765
v -6.496 23.149 0.765
v -6.417 23.576 1.414
v -6.308 24.216 1.848
v -6.172 24.969 2
v -6.039 25.722 1.848
v -5.926 26.362 1.414
v -5.847 26.789 0.765
v -6.765 22.232 3
v -5.782 27.748 3
v -6.4 16.02 3
v -6.678 22.717 0.956
v -7.7 16.02 3
v -7.7 17 3
v -6.579 23.25 1.767
v -6.443 24.049 2.309
v -6.272 24.99 2.499
v -6.106 25.931 2.309
v -5.965 26.73 1.767
v -5.867 27.264 0.956
v -6.577 22.696 0.956
v -6.478 23.229 1.767
v -6.342 24.028 2.309
v -6.171 24.969 2.499
v -6.005 25.91 2.309
v -5.864 26.709 1.767
v -5.766 27.243 0.956
v -6.698 17 3.96
v -4.782 27.749 3.96
v -5.762 22.231 3.96
v -4.598 28.78 3
v -6.698 16.02 3.96
v -7.398 16.02 3.96
v -7.7 16.02 3.66
v -7.466 16.02 3.769
v -7.513 16.02 3.937
v -7.611 16.02 3.872
v -7.677 16.02 3.775
v -7.7 17 3.66
v -7.398 17 3.96
v -7.677 17 3.775
v -7.611 17 3.872
v -7.513 17 3.937
v -5.482 27.749 3.96
v -5.783 27.748 3.66
v -5.597 27.749 3.937
v -5.695 27.749 3.872
v -5.761 27.749 3.775
v -6.765 22.231 3.66
v -6.462 22.231 3.96
v -6.741 22.231 3.775
v -6.676 22.231 3.872
v -6.578 22.231 3.937
v -5.652 28.485 3
v -5.3 28.78 3
v -5.609 28.598 3
v -5.527 28.693 3
v -5.419 28.758 3
v -4.598 28.78 3.66
v -4.651 28.48 3.96
v -4.602 28.757 3.775
v -4.613 28.692 3.872
v -4.631 28.595 3.937
v -4.4 16.15 3
v -3.6 16.15 3
v -4.4 16.15 2.4
v -3.6 16.15 2.4
v -4.4 27.2 3
v -3.6 27.2 3
v -4.4 27.2 2.4
v -3.6 27.2 2.4
v -3 16.15 3
v -0.9 17.2 0.4
v -1.667 17.2 0.4
v -0.9 16.15 1.2
v -2.816 16.15 2.449
v -2.543 16.15 1.947
v -2.146 16.15 1.537
v -2.201 16.15 3
v -1.352 16.15 1.852
v -2.081 16.15 2.636
v -1.902 16.15 2.308
v -1.643 16.15 2.04
v -1.151 16.15 1.724
v -1.002 16.15 1.579
v -0.917 16.15 1.383
v -1.863 16.15 1.354
v -1.758 16.15 1.268
v -1.685 16.165 1.131
v -1.667 16.199 1.003
v -3 27.2 3
v -0.9 21 0.4
v -1.668 21 0.4
v -0.9 27.2 1.2
v -2.816 27.2 2.449
v -2.543 27.2 1.947
v -2.146 27.2 1.537
v -2.201 27.2 3
v -1.352 27.2 1.852
v -2.081 27.2 2.636
v -1.902 27.2 2.308
v -1.643 27.2 2.04
v -1.151 27.2 1.724
v -1.002 27.2 1.579
v -0.917 27.2 1.383
v -1.863 27.2 1.354
v -1.758 27.2 1.268
v -1.685 27.2 1.131
v -1.667 27.2 1.003
v -0.9 21.153 0.37
v -1.668 21.153 0.37
v -0.9 21.283 0.283
v -1.668 21.283 0.283
v -0.9 21.37 0.153
v -1.668 21.37 0.153
v -0.9 16.286 0.896
v -0.9 16.491 0.649
v -0.9 16.829 0.466
v -1.667 16.316 0.8
v -1.667 16.521 0.573
v -1.667 16.858 0.439
v -5.391 27.989 3.96
v -5.209 28.226 3.96
v -4.956 28.388 3.96
v -5.219 28.78 3.254
v -5.077 28.78 3.451
v -4.86 28.78 3.591
v -5.668 28.388 3.254
v -5.697 28.226 3.462
v -5.74 27.989 3.598
v -5.544 27.989 3.912
v -5.644 27.989 3.836
v -5.711 27.989 3.729
v -5.193 28.757 3.531
v -5.33 28.692 3.623
v -5.433 28.595 3.694
v -5.507 28.485 3.744
v -5.621 28.388 3.637
v -5.544 28.388 3.772
v -5.432 28.388 3.859
v -5.655 28.226 3.673
v -5.591 28.226 3.802
v -5.479 28.226 3.881
v -5.319 28.757 3.349
v -5.433 28.692 3.463
v -5.531 28.595 3.551
v -5.594 28.485 3.612
v -5.041 28.757 3.675
v -5.193 28.692 3.747
v -5.311 28.595 3.801
v -5.394 28.485 3.84
v -5.602 28.598 3.251
v -5.504 28.693 3.251
v -5.378 28.758 3.254
v -5.652 28.485 3.25
v -5.669 28.388 3.451
v -5.352 28.757 3.305
v -5.488 28.693 3.364
v -5.589 28.596 3.408
v -5.644 28.485 3.438
v -4.952 28.481 3.944
v -4.938 28.595 3.91
v -4.922 28.692 3.844
v -4.896 28.757 3.731
v -5.158 28.483 3.906
v -5.119 28.595 3.867
v -5.06 28.692 3.802
v -4.963 28.757 3.702
v -5.181 28.388 3.935
v 1.697 28.78 1.697
v 0.918 28.78 2.217
v 0 28.78 2.4
v 2.217 28.78 0.918
v 2.217 34.6 0.918
v 1.697 34.6 1.697
v 0 34.6 2.4
v 0.918 34.6 2.217
v 4.817 27.2 3
v 6.4 18.4 3
v 4.923 26.62 0.765
v 5.004 26.168 1.414
v 5.117 25.535 1.848
v 5.243 24.8 2
v 5.382 24.053 1.848
v 5.499 23.404 1.414
v 5.574 22.977 0.765
v 0 16.02 3
v 0 16.02 3.96
v 0 17 3.96
v 0 22.231 3.96
v 0 27.749 3.96
v 0 28.78 3
v 0 27.2 3
v 6.496 23.149 0.765
v 6.417 23.576 1.414
v 6.308 24.216 1.848
v 6.172 24.969 2
v 6.039 25.722 1.848
v 5.926 26.362 1.414
v 5.847 26.789 0.765
v 6.765 22.232 3
v 5.782 27.748 3
v 6.4 16.02 3
v 6.678 22.717 0.956
v 7.7 16.02 3
v 7.7 17 3
v 6.579 23.25 1.767
v 6.443 24.049 2.309
v 6.272 24.99 2.499
v 6.106 25.931 2.309
v 5.965 26.73 1.767
v 5.867 27.264 0.956
v 6.577 22.696 0.956
v 6.478 23.229 1.767
v 6.342 24.028 2.309
v 6.171 24.969 2.499
v 6.005 25.91 2.309
v 5.864 26.709 1.767
v 5.766 27.243 0.956
v 6.698 17 3.96
v 4.782 27.749 3.96
v 5.762 22.231 3.96
v 4.598 28.78 3
v 6.698 16.02 3.96
v 0 28.78 3.66
v 0 28.48 3.96
v 0 28.757 3.775
v 0 28.692 3.872
v 0 28.595 3.937
v 7.398 16.02 3.96
v 7.7 16.02 3.66
v 7.466 16.02 3.769
v 7.513 16.02 3.937
v 7.611 16.02 3.872
v 7.677 16.02 3.775
v 7.7 17 3.66
v 7.398 17 3.96
v 7.677 17 3.775
v 7.611 17 3.872
v 7.513 17 3.937
v 5.482 27.749 3.96
v 5.783 27.748 3.66
v 5.597 27.749 3.937
v 5.695 27.749 3.872
v 5.761 27.749 3.775
v 6.765 22.231 3.66
v 6.462 22.231 3.96
v 6.741 22.231 3.775
v 6.676 22.231 3.872
v 6.578 22.231 3.937
v 5.652 28.485 3
v 5.3 28.78 3
v 5.609 28.598 3
v 5.527 28.693 3
v 5.419 28.758 3
v 4.598 28.78 3.66
v 4.651 28.48 3.96
v 4.602 28.757 3.775
v 4.613 28.692 3.872
v 4.631 28.595 3.937
v 4.4 16.15 3
v 3.6 16.15 3
v 4.4 16.15 2.4
v 3.6 16.15 2.4
v 4.4 27.2 3
v 3.6 27.2 3
v 4.4 27.2 2.4
v 3.6 27.2 2.4
v 0 18.4 3
v 3 16.15 3
v 0.9 17.2 0.4
v 1.667 17.2 0.4
v 0.9 16.15 1.2
v 2.816 16.15 2.449
v 2.543 16.15 1.947
v 2.146 16.15 1.537
v 2.201 16.15 3
v 1.352 16.15 1.852
v 2.081 16.15 2.636
v 1.902 16.15 2.308
v 1.643 16.15 2.04
v 1.151 16.15 1.724
v 1.002 16.15 1.579
v 0.917 16.15 1.383
v 1.863 16.15 1.354
v 1.758 16.15 1.268
v 1.685 16.165 1.131
v 1.667 16.199 1.003
v 3 27.2 3
v 0.9 21 0.4
v 1.668 21 0.4
v 0.9 27.2 1.2
v 2.816 27.2 2.449
v 2.543 27.2 1.947
v 2.146 27.2 1.537
v 2.201 27.2 3
v 1.352 27.2 1.852
v 2.081 27.2 2.636
v 1.902 27.2 2.308
v 1.643 27.2 2.04
v 1.151 27.2 1.724
v 1.002 27.2 1.579
v 0.917 27.2 1.383
v 1.863 27.2 1.354
v 1.758 27.2 1.268
v 1.685 27.2 1.131
v 1.667 27.2 1.003
v 0.9 21.153 0.37
v 1.668 21.153 0.37
v 0.9 21.283 0.283
v 1.668 21.283 0.283
v 0.9 21.37 0.153
v 1.668 21.37 0.153
v 0.9 16.286 0.896
v 0.9 16.491 0.649
v 0.9 16.829 0.466
v 1.667 16.316 0.8
v 1.667 16.521 0.573
v 1.667 16.858 0.439
v 5.391 27.989 3.96
v 5.209 28.226 3.96
v 4.956 28.388 3.96
v 5.219 28.78 3.254
v 5.077 28.78 3.451
v 4.86 28.78 3.591
v 5.668 28.388 3.254
v 5.697 28.226 3.462
v 5.74 27.989 3.598
v 5.544 27.989 3.912
v 5.644 27.989 3.836
v 5.711 27.989 3.729
v 5.193 28.757 3.531
v 5.33 28.692 3.623
v 5.433 28.595 3.694
v 5.507 28.485 3.744
v 5.621 28.388 3.637
v 5.544 28.388 3.772
v 5.432 28.388 3.859
v 5.655 28.226 3.673
v 5.591 28.226 3.802
v 5.479 28.226 3.881
v 5.319 28.757 3.349
v 5.433 28.692 3.463
v 5.531 28.595 3.551
v 5.594 28.485 3.612
v 5.041 28.757 3.675
v 5.193 28.692 3.747
v 5.311 28.595 3.801
v 5.394 28.485 3.84
v 5.602 28.598 3.251
v 5.504 28.693 3.251
v 5.378 28.758 3.254
v 5.652 28.485 3.25
v 5.669 28.388 3.451
v 5.352 28.757 3.305
v 5.488 28.693 3.364
v 5.589 28.596 3.408
v 5.644 28.485 3.438
v 4.952 28.481 3.944
v 4.938 28.595 3.91
v 4.922 28.692 3.844
v 4.896 28.757 3.731
v 5.158 28.483 3.906
v 5.119 28.595 3.867
v 5.06 28.692 3.802
v 4.963 28.757 3.702
v 5.181 28.388 3.935
v -1.697 28.78 -1.697
v -0.918 28.78 -2.217
v -2.217 28.78 -0.918
v -2.4 28.78 0
v -2.4 34.6 0
v -2.217 34.6 -0.918
v -1.697 34.6 -1.697
v -0.918 34.6 -2.217
v -6.715 22.529 0
v -4.817 27.2 -3
v -6.4 18.4 -3
v -4.896 26.77 0
v -4.923 26.62 -0.765
v -5.004 26.168 -1.414
v -5.117 25.535 -1.848
v -5.243 24.8 -2
v -5.382 24.053 -1.848
v -5.499 23.404 -1.414
v -5.574 22.977 -0.765
v -5.594 22.833 0
v -6.526 22.999 0
v -6.496 23.149 -0.765
v -6.417 23.576 -1.414
v -6.308 24.216 -1.848
v -6.172 24.969 -2
v -6.039 25.722 -1.848
v -5.926 26.362 -1.414
v -5.847 26.789 -0.765
v -5.821 26.939 0
v -6.765 22.232 -3
v -5.782 27.748 -3
v -6.4 16.02 -3
v -6.678 22.717 -0.956
v -7.7 16.02 -3
v -7.7 17 -3
v -7.7 16.02 0
v -7.7 17 0
v -6.4 18.4 0
v -6.4 16.02 0
v -6.765 22.232 0
v -5.782 27.748 0
v -4.817 27.2 0
v -6.579 23.25 -1.767
v -6.443 24.049 -2.309
v -6.272 24.99 -2.499
v -6.106 25.931 -2.309
v -5.965 26.73 -1.767
v -5.867 27.264 -0.956
v -5.834 27.451 0
v -6.614 22.508 0
v -6.577 22.696 -0.956
v -6.478 23.229 -1.767
v -6.342 24.028 -2.309
v -6.171 24.969 -2.499
v -6.005 25.91 -2.309
v -5.864 26.709 -1.767
v -5.766 27.243 -0.956
v -5.733 27.43 0
v -6.698 17 -3.96
v -4.782 27.749 -3.96
v -5.762 22.231 -3.96
v -4.598 28.78 -3
v -6.698 16.02 -3.96
v -4.598 28.78 0
v -7.398 16.02 -3.96
v -7.7 16.02 -3.66
v -7.466 16.02 -3.769
v -7.513 16.02 -3.937
v -7.611 16.02 -3.872
v -7.677 16.02 -3.775
v -7.7 17 -3.66
v -7.398 17 -3.96
v -7.677 17 -3.775
v -7.611 17 -3.872
v -7.513 17 -3.937
v -5.482 27.749 -3.96
v -5.783 27.748 -3.66
v -5.597 27.749 -3.937
v -5.695 27.749 -3.872
v -5.761 27.749 -3.775
v -6.765 22.231 -3.66
v -6.462 22.231 -3.96
v -6.741 22.231 -3.775
v -6.676 22.231 -3.872
v -6.578 22.231 -3.937
v -5.652 28.485 -3
v -5.3 28.78 -3
v -5.609 28.598 -3
v -5.527 28.693 -3
v -5.419 28.758 -3
v -5.652 28.485 0
v -5.3 28.78 0
v -5.609 28.598 0
v -5.527 28.693 0
v -5.419 28.758 0
v -4.598 28.78 -3.66
v -4.651 28.48 -3.96
v -4.602 28.757 -3.775
v -4.613 28.692 -3.872
v -4.631 28.595 -3.937
v -4.4 16.15 -3
v -3.6 16.15 -3
v -4.4 16.15 -2.4
v -3.6 16.15 -2.4
v -4.4 27.2 -3
v -3.6 27.2 -3
v -4.4 27.2 -2.4
v -3.6 27.2 -2.4
v -3 16.15 -3
v -0.9 17.2 -0.4
v -1.667 17.2 -0.4
v -0.9 16.15 -1.2
v -2.816 16.15 -2.449
v -2.543 16.15 -1.947
v -2.146 16.15 -1.537
v -2.201 16.15 -3
v -1.352 16.15 -1.852
v -2.081 16.15 -2.636
v -1.902 16.15 -2.308
v -1.643 16.15 -2.04
v -1.151 16.15 -1.724
v -1.002 16.15 -1.579
v -0.917 16.15 -1.383
v -1.863 16.15 -1.354
v -1.758 16.15 -1.268
v -1.685 16.165 -1.131
v -1.667 16.199 -1.003
v -3 27.2 -3
v -0.9 21 -0.4
v -1.668 21 -0.4
v -0.9 27.2 -1.2
v -2.816 27.2 -2.449
v -2.543 27.2 -1.947
v -2.146 27.2 -1.537
v -2.201 27.2 -3
v -1.352 27.2 -1.852
v -2.081 27.2 -2.636
v -1.902 27.2 -2.308
v -1.643 27.2 -2.04
v -1.151 27.2 -1.724
v -1.002 27.2 -1.579
v -0.917 27.2 -1.383
v -1.863 27.2 -1.354
v -1.758 27.2 -1.268
v -1.685 27.2 -1.131
v -1.667 27.2 -1.003
v -0.9 21.153 -0.37
v -1.668 21.153 -0.37
v -0.9 21.283 -0.283
v -1.668 21.283 -0.283
v -0.9 21.37 -0.153
v -1.668 21.37 -0.153
v -0.9 21.4 0
v -1.668 21.4 0
v -0.9 27.2 0
v -1.668 27.2 0
v -0.9 16.286 -0.896
v -0.9 16.491 -0.649
v -0.9 16.829 -0.466
v -1.667 16.316 -0.8
v -1.667 16.521 -0.573
v -1.667 16.858 -0.439
v -5.391 27.989 -3.96
v -5.209 28.226 -3.96
v -4.956 28.388 -3.96
v -5.219 28.78 -3.254
v -5.077 28.78 -3.451
v -4.86 28.78 -3.591
v -5.668 28.388 -3.254
v -5.697 28.226 -3.462
v -5.74 27.989 -3.598
v -5.544 27.989 -3.912
v -5.644 27.989 -3.836
v -5.711 27.989 -3.729
v -5.193 28.757 -3.531
v -5.33 28.692 -3.623
v -5.433 28.595 -3.694
v -5.507 28.485 -3.744
v -5.621 28.388 -3.637
v -5.544 28.388 -3.772
v -5.432 28.388 -3.859
v -5.655 28.226 -3.673
v -5.591 28.226 -3.802
v -5.479 28.226 -3.881
v -5.319 28.757 -3.349
v -5.433 28.692 -3.463
v -5.531 28.595 -3.551
v -5.594 28.485 -3.612
v -5.041 28.757 -3.675
v -5.193 28.692 -3.747
v -5.311 28.595 -3.801
v -5.394 28.485 -3.84
v -5.602 28.598 -3.251
v -5.504 28.693 -3.251
v -5.378 28.758 -3.254
v -5.652 28.485 -3.25
v -5.669 28.388 -3.451
v -5.352 28.757 -3.305
v -5.488 28.693 -3.364
v -5.589 28.596 -3.408
v -5.644 28.485 -3.438
v -4.952 28.481 -3.944
v -4.938 28.595 -3.91
v -4.922 28.692 -3.844
v -4.896 28.757 -3.731
v -5.158 28.483 -3.906
v -5.119 28.595 -3.867
v -5.06 28.692 -3.802
v -4.963 28.757 -3.702
v -5.181 28.388 -3.935
v 1.697 28.78 -1.697
v 0.918 28.78 -2.217
v 0 28.78 -2.4
v 2.217 28.78 -0.918
v 2.4 28.78 0
v 2.4 34.6 0
v 2.217 34.6 -0.918
v 1.697 34.6 -1.697
v 0 34.6 -2.4
v 0.918 34.6 -2.217
v 6.715 22.529 0
v 0 34.6 0
v 4.817 27.2 -3
v 6.4 18.4 -3
v 4.896 26.77 0
v 4.923 26.62 -0.765
v 5.004 26.168 -1.414
v 5.117 25.535 -1.848
v 5.243 24.8 -2
v 5.382 24.053 -1.848
v 5.499 23.404 -1.414
v 5.574 22.977 -0.765
v 5.594 22.833 0
v 0 16.02 -3
v 0 16.02 -3.96
v 0 17 -3.96
v 0 22.231 -3.96
v 0 27.749 -3.96
v 0 28.78 -3
v 0 27.2 -3
v 6.526 22.999 0
v 6.496 23.149 -0.765
v 6.417 23.576 -1.414
v 6.308 24.216 -1.848
v 6.172 24.969 -2
v 6.039 25.722 -1.848
v 5.926 26.362 -1.414
v 5.847 26.789 -0.765
v 5.821 26.939 0
v 6.765 22.232 -3
v 5.782 27.748 -3
v 6.4 16.02 -3
v 6.678 22.717 -0.956
v 7.7 16.02 -3
v 7.7 17 -3
v 7.7 16.02 0
v 7.7 17 0
v 6.4 18.4 0
v 6.4 16.02 0
v 6.765 22.232 0
v 5.782 27.748 0
v 4.817 27.2 0
v 0 27.2 0
v 6.579 23.25 -1.767
v 6.443 24.049 -2.309
v 6.272 24.99 -2.499
v 6.106 25.931 -2.309
v 5.965 26.73 -1.767
v 5.867 27.264 -0.956
v 5.834 27.451 0
v 6.614 22.508 0
v 6.577 22.696 -0.956
v 6.478 23.229 -1.767
v 6.342 24.028 -2.309
v 6.171 24.969 -2.499
v 6.005 25.91 -2.309
v 5.864 26.709 -1.767
v 5.766 27.243 -0.956
v 5.733 27.43 0
v 6.698 17 -3.96
v 4.782 27.749 -3.96
v 5.762 22.231 -3.96
v 4.598 28.78 -3
v 6.698 16.02 -3.96
v 4.598 28.78 0
v 0 28.78 -3.66
v 0 28.48 -3.96
v 0 28.757 -3.775
v 0 28.692 -3.872
v 0 28.595 -3.937
v 7.398 16.02 -3.96
v 7.7 16.02 -3.66
v 7.466 16.02 -3.769
v 7.513 16.02 -3.937
v 7.611 16.02 -3.872
v 7.677 16.02 -3.775
v 7.7 17 -3.66
v 7.398 17 -3.96
v 7.677 17 -3.775
v 7.611 17 -3.872
v 7.513 17 -3.937
v 5.482 27.749 -3.96
v 5.783 27.748 -3.66
v 5.597 27.749 -3.937
v 5.695 27.749 -3.872
v 5.761 27.749 -3.775
v 6.765 22.231 -3.66
v 6.462 22.231 -3.96
v 6.741 22.231 -3.775
v 6.676 22.231 -3.872
v 6.578 22.231 -3.937
v 5.652 28.485 -3
v 5.3 28.78 -3
v 5.609 28.598 -3
v 5.527 28.693 -3
v 5.419 28.758 -3
v 5.652 28.485 0
v 5.3 28.78 0
v 5.609 28.598 0
v 5.527 28.693 0
v 5.419 28.758 0
v 4.598 28.78 -3.66
v 4.651 28.48 -3.96
v 4.602 28.757 -3.775
v 4.613 28.692 -3.872
v 4.631 28.595 -3.937
v 4.4 16.15 -3
v 3.6 16.15 -3
v 4.4 16.15 -2.4
v 3.6 16.15 -2.4
v 4.4 27.2 -3
v 3.6 27.2 -3
v 4.4 27.2 -2.4
v 3.6 27.2 -2.4
v 0 18.4 -3
v 3 16.15 -3
v 0.9 17.2 -0.4
v 1.667 17.2 -0.4
v 0.9 16.15 -1.2
v 2.816 16.15 -2.449
v 2.543 16.15 -1.947
v 2.146 16.15 -1.537
v 2.201 16.15 -3
v 1.352 16.15 -1.852
v 2.081 16.15 -2.636
v 1.902 16.15 -2.308
v 1.643 16.15 -2.04
v 1.151 16.15 -1.724
v 1.002 16.15 -1.579
v 0.917 16.15 -1.383
v 1.863 16.15 -1.354
v 1.758 16.15 -1.268
v 1.685 16.165 -1.131
v 1.667 16.199 -1.003
v 3 27.2 -3
v 0.9 21 -0.4
v 1.668 21 -0.4
v 0.9 27.2 -1.2
v 2.816 27.2 -2.449
v 2.543 27.2 -1.947
v 2.146 27.2 -1.537
v 2.201 27.2 -3
v 1.352 27.2 -1.852
v 2.081 27.2 -2.636
v 1.902 27.2 -2.308
v 1.643 27.2 -2.04
v 1.151 27.2 -1.724
v 1.002 27.2 -1.579
v 0.917 27.2 -1.383
v 1.863 27.2 -1.354
v 1.758 27.2 -1.268
v 1.685 27.2 -1.131
v 1.667 27.2 -1.003
v 0.9 21.153 -0.37
v 1.668 21.153 -0.37
v 0.9 21.283 -0.283
v 1.668 21.283 -0.283
v 0.9 21.37 -0.153
v 1.668 21.37 -0.153
v 0.9 21.4 0
v 1.668 21.4 0
v 0.9 27.2 0
v 1.668 27.2 0
v 0.9 16.286 -0.896
v 0.9 16.491 -0.649
v 0.9 16.829 -0.466
v 1.667 16.316 -0.8
v 1.667 16.521 -0.573
v 1.667 16.858 -0.439
v 5.391 27.989 -3.96
v 5.209 28.226 -3.96
v 4.956 28.388 -3.96
v 5.219 28.78 -3.254
v 5.077 28.78 -3.451
v 4.86 28.78 -3.591
v 5.668 28.388 -3.254
v 5.697 28.226 -3.462
v 5.74 27.989 -3.598
v 5.544 27.989 -3.912
v 5.644 27.989 -3.836
v 5.711 27.989 -3.729
v 5.193 28.757 -3.531
v 5.33 28.692 -3.623
v 5.433 28.595 -3.694
v 5.507 28.485 -3.744
v 5.621 28.388 -3.637
v 5.544 28.388 -3.772
v 5.432 28.388 -3.859
v 5.655 28.226 -3.673
v 5.591 28.226 -3.802
v 5.479 28.226 -3.881
v 5.319 28.757 -3.349
v 5.433 28.692 -3.463
v 5.531 28.595 -3.551
v 5.594 28.485 -3.612
v 5.041 28.757 -3.675
v 5.193 28.692 -3.747
v 5.311 28.595 -3.801
v 5.394 28.485 -3.84
v 5.602 28.598 -3.251
v 5.504 28.693 -3.251
v 5.378 28.758 -3.254
v 5.652 28.485 -3.25
v 5.669 28.388 -3.451
v 5.352 28.757 -3.305
v 5.488 28.693 -3.364
v 5.589 28.596 -3.408
v 5.644 28.485 -3.438
v 4.952 28.481 -3.944
v 4.938 28.595 -3.91
v 4.922 28.692 -3.844
v 4.896 28.757 -3.731
v 5.158 28.483 -3.906
v 5.119 28.595 -3.867
v 5.06 28.692 -3.802
v 4.963 28.757 -3.702
v 5.181 28.388 -3.935
v -2.4 34.6 0
v -2.217 34.6 0.918
v -1.697 34.6 1.697
v -1.697 28.78 1.697
v -0.918 28.78 2.217
v 0 28.78 2.4
v 0 34.6 2.4
v -0.918 34.6 2.217
v -2.217 28.78 0.918
v -2.4 28.78 0
v -4.896 26.77 0
v -4.923 26.62 0.765
v -5.004 26.168 1.414
v -5.117 25.535 1.848
v -5.243 24.8 2
v -5.382 24.053 1.848
v -5.499 23.404 1.414
v -5.574 22.977 0.765
v -5.594 22.833 0
v -6.526 22.999 0
v -6.496 23.149 0.765
v -6.417 23.576 1.414
v -6.308 24.216 1.848
v -6.172 24.969 2
v -6.039 25.722 1.848
v -5.926 26.362 1.414
v -5.847 26.789 0.765
v -5.821 26.939 0
v -6.4 16.02 0
v -6.4 16.02 3
v -6.4 16.02 3
v -5.867 27.264 0.956
v -5.834 27.451 0
v -5.965 26.73 1.767
v -6.106 25.931 2.309
v -6.272 24.99 2.499
v -6.443 24.049 2.309
v -6.579 23.25 1.767
v -7.7 16.02 3
v -7.7 16.02 0
v -7.7 17 3
v -7.7 17 0
v -6.678 22.717 0.956
v -4.817 27.2 3
v -4.817 27.2 3
v -4.817 27.2 0
v -6.715 22.529 0
v -6.4 18.4 3
v -6.4 18.4 3
v -6.4 18.4 0
v 0 27.2 3
v -5.766 27.243 0.956
v -5.733 27.43 0
v -5.864 26.709 1.767
v -6.005 25.91 2.309
v -6.171 24.969 2.499
v -6.342 24.028 2.309
v -6.478 23.229 1.767
v -6.577 22.696 0.956
v -6.614 22.508 0
v 0 16.02 3
v 0 16.02 3.96
v -6.698 16.02 3.96
v -7.398 16.02 3.96
v -7.398 16.02 3.96
v -7.513 16.02 3.937
v -7.611 16.02 3.872
v -7.677 16.02 3.775
v -7.7 16.02 3.66
v -7.7 16.02 3.66
v -7.398 17 3.96
v -7.677 17 3.775
v -7.7 17 3.66
v -7.7 17 3.66
v -7.7 17 3.66
v -6.462 22.231 3.96
v -6.765 22.231 3.66
v -5.783 27.748 3.66
v -5.482 27.749 3.96
v -5.3 28.78 3
v -5.3 28.78 0
v -5.652 28.485 0
v -5.652 28.485 3
v -4.651 28.48 3.96
v 0 28.48 3.96
v 0 28.78 3.66
v -4.598 28.78 3.66
v -4.4 16.15 2.4
v -4.4 16.15 2.4
v -4.4 16.15 3
v -3.6 16.15 3
v -3.6 16.15 2.4
v -3.6 16.15 2.4
v -4.4 27.2 2.4
v -3.6 27.2 2.4
v -1.667 16.858 0.439
v -1.667 17.2 0.4
v -3 16.15 3
v -2.816 16.15 2.449
v -2.543 16.15 1.947
v -2.146 16.15 1.537
v -2.201 16.15 3
v -2.081 16.15 2.636
v -1.902 16.15 2.308
v -1.643 16.15 2.04
v -1.352 16.15 1.852
v -1.151 16.15 1.724
v -1.002 16.15 1.579
v -0.917 16.15 1.383
v -0.9 16.15 1.2
v -1.863 16.15 1.354
v -1.758 16.15 1.268
v -1.685 16.165 1.131
v -1.667 16.199 1.003
v -1.667 16.521 0.573
v -0.9 21 0.4
v -0.9 17.2 0.4
v -1.667 16.316 0.8
v -0.9 21.153 0.37
v -1.668 21 0.4
v -1.668 21.153 0.37
v -0.9 21.283 0.283
v -1.668 21.283 0.283
v -0.9 21.37 0.153
v -1.668 21.37 0.153
v -0.9 21.4 0
v -1.668 21.4 0
v -0.9 16.286 0.896
v -0.9 16.491 0.649
v -0.9 16.829 0.466
v -5.391 27.989 3.96
v -5.209 28.226 3.96
v -4.956 28.388 3.96
v -5.077 28.78 3.451
v -4.86 28.78 3.591
v -5.219 28.78 3.254
v -5.697 28.226 3.462
v -5.74 27.989 3.598
v -5.668 28.388 3.254
v 2.4 34.6 0
v 2.217 34.6 0.918
v 1.697 34.6 1.697
v 1.697 28.78 1.697
v 0.918 28.78 2.217
v 0.918 34.6 2.217
v 2.217 28.78 0.918
v 2.4 28.78 0
v 4.896 26.77 0
v 4.923 26.62 0.765
v 5.004 26.168 1.414
v 5.117 25.535 1.848
v 5.243 24.8 2
v 5.382 24.053 1.848
v 5.499 23.404 1.414
v 5.574 22.977 0.765
v 5.594 22.833 0
v 6.526 22.999 0
v 6.496 23.149 0.765
v 6.417 23.576 1.414
v 6.308 24.216 1.848
v 6.172 24.969 2
v 6.039 25.722 1.848
v 5.926 26.362 1.414
v 5.847 26.789 0.765
v 5.821 26.939 0
v 6.4 16.02 0
v 6.4 16.02 3
v 6.4 16.02 3
v 5.867 27.264 0.956
v 5.834 27.451 0
v 5.965 26.73 1.767
v 6.106 25.931 2.309
v 6.272 24.99 2.499
v 6.443 24.049 2.309
v 6.579 23.25 1.767
v 7.7 16.02 3
v 7.7 16.02 0
v 7.7 17 3
v 7.7 17 0
v 6.678 22.717 0.956
v 4.817 27.2 3
v 4.817 27.2 3
v 4.817 27.2 0
v 6.715 22.529 0
v 6.4 18.4 3
v 6.4 18.4 3
v 6.4 18.4 0
v 5.766 27.243 0.956
v 5.733 27.43 0
v 5.864 26.709 1.767
v 6.005 25.91 2.309
v 6.171 24.969 2.499
v 6.342 24.028 2.309
v 6.478 23.229 1.767
v 6.577 22.696 0.956
v 6.614 22.508 0
v 6.698 16.02 3.96
v 7.398 16.02 3.96
v 7.398 16.02 3.96
v 7.513 16.02 3.937
v 7.611 16.02 3.872
v 7.677 16.02 3.775
v 7.7 16.02 3.66
v 7.7 16.02 3.66
v 7.398 17 3.96
v 7.677 17 3.775
v 7.7 17 3.66
v 7.7 17 3.66
v 7.7 17 3.66
v 6.462 22.231 3.96
v 6.765 22.231 3.66
v 5.783 27.748 3.66
v 5.482 27.749 3.96
v 5.3 28.78 3
v 5.3 28.78 0
v 5.652 28.485 0
v 5.652 28.485 3
v 4.651 28.48 3.96
v 4.598 28.78 3.66
v 4.4 16.15 2.4
v 4.4 16.15 2.4
v 4.4 16.15 3
v 3.6 16.15 3
v 3.6 16.15 2.4
v 3.6 16.15 2.4
v 4.4 27.2 2.4
v 3.6 27.2 2.4
v 1.667 16.858 0.439
v 1.667 17.2 0.4
v 3 16.15 3
v 2.816 16.15 2.449
v 2.543 16.15 1.947
v 2.146 16.15 1.537
v 2.201 16.15 3
v 2.081 16.15 2.636
v 1.902 16.15 2.308
v 1.643 16.15 2.04
v 1.352 16.15 1.852
v 1.151 16.15 1.724
v 1.002 16.15 1.579
v 0.917 16.15 1.383
v 0.9 16.15 1.2
v 1.863 16.15 1.354
v 1.758 16.15 1.268
v 1.685 16.165 1.131
v 1.667 16.199 1.003
v 1.667 16.521 0.573
v 0.9 21 0.4
v 0.9 17.2 0.4
v 1.667 16.316 0.8
v 0.9 21.153 0.37
v 1.668 21 0.4
v 1.668 21.153 0.37
v 0.9 21.283 0.283
v 1.668 21.283 0.283
v 0.9 21.37 0.153
v 1.668 21.37 0.153
v 0.9 21.4 0
v 1.668 21.4 0
v 0.9 16.286 0.896
v 0.9 16.491 0.649
v 0.9 16.829 0.466
v 5.391 27.989 3.96
v 5.209 28.226 3.96
v 4.956 28.388 3.96
v 5.077 28.78 3.451
v 4.86 28.78 3.591
v 5.219 28.78 3.254
v 5.697 28.226 3.462
v 5.74 27.989 3.598
v 5.668 28.388 3.254
v -2.217 34.6 -0.918
v -1.697 34.6 -1.697
v -1.697 28.78 -1.697
v -0.918 28.78 -2.217
v 0 28.78 -2.4
v 0 34.6 -2.4
v -0.918 34.6 -2.217
v -2.217 28.78 -0.918
v -4.923 26.62 -0.765
v -5.004 26.168 -1.414
v -5.117 25.535 -1.848
v -5.243 24.8 -2
v -5.382 24.053 -1.848
v -5.499 23.404 -1.414
v -5.574 22.977 -0.765
v -6.496 23.149 -0.765
v -6.417 23.576 -1.414
v -6.308 24.216 -1.848
v -6.172 24.969 -2
v -6.039 25.722 -1.848
v -5.926 26.362 -1.414
v -5.847 26.789 -0.765
v -6.4 16.02 -3
v -6.4 16.02 -3
v -5.867 27.264 -0.956
v -5.965 26.73 -1.767
v -6.106 25.931 -2.309
v -6.272 24.99 -2.499
v -6.443 24.049 -2.309
v -6.579 23.25 -1.767
v -7.7 16.02 -3
v -7.7 17 -3
v -6.678 22.717 -0.956
v -4.817 27.2 -3
v -4.817 27.2 -3
v -6.4 18.4 -3
v -6.4 18.4 -3
v 0 27.2 -3
v -5.766 27.243 -0.956
v -5.864 26.709 -1.767
v -6.005 25.91 -2.309
v -6.171 24.969 -2.499
v -6.342 24.028 -2.309
v -6.478 23.229 -1.767
v -6.577 22.696 -0.956
v 0 16.02 -3
v 0 16.02 -3.96
v -6.698 16.02 -3.96
v -7.398 16.02 -3.96
v -7.398 16.02 -3.96
v -7.513 16.02 -3.937
v -7.611 16.02 -3.872
v -7.677 16.02 -3.775
v -7.7 16.02 -3.66
v -7.7 16.02 -3.66
v -7.398 17 -3.96
v -7.677 17 -3.775
v -7.7 17 -3.66
v -7.7 17 -3.66
v -7.7 17 -3.66
v -6.462 22.231 -3.96
v -6.765 22.231 -3.66
v -5.783 27.748 -3.66
v -5.482 27.749 -3.96
v -5.3 28.78 -3
v -5.652 28.485 -3
v -4.651 28.48 -3.96
v 0 28.48 -3.96
v 0 28.78 -3.66
v -4.598 28.78 -3.66
v -4.4 16.15 -2.4
v -4.4 16.15 -2.4
v -4.4 16.15 -3
v -3.6 16.15 -3
v -3.6 16.15 -2.4
v -3.6 16.15 -2.4
v -4.4 27.2 -2.4
v -3.6 27.2 -2.4
v -1.667 16.858 -0.439
v -1.667 17.2 -0.4
v -3 16.15 -3
v -2.816 16.15 -2.449
v -2.543 16.15 -1.947
v -2.146 16.15 -1.537
v -2.201 16.15 -3
v -2.081 16.15 -2.636
v -1.902 16.15 -2.308
v -1.643 16.15 -2.04
v -1.352 16.15 -1.852
v -1.151 16.15 -1.724
v -1.002 16.15 -1.579
v -0.917 16.15 -1.383
v -0.9 16.15 -1.2
v -1.863 16.15 -1.354
v -1.758 16.15 -1.268
v -1.685 16.165 -1.131
v -1.667 16.199 -1.003
v -1.667 16.521 -0.573
v -0.9 21 -0.4
v -0.9 17.2 -0.4
v -1.667 16.316 -0.8
v -0.9 21.153 -0.37
v -1.668 21 -0.4
v -1.668 21.153 -0.37
v -0.9 21.283 -0.283
v -1.668 21.283 -0.283
v -0.9 21.37 -0.153
v -1.668 21.37 -0.153
v -0.9 16.286 -0.896
v -0.9 16.491 -0.649
v -0.9 16.829 -0.466
v -5.391 27.989 -3.96
v -5.209 28.226 -3.96
v -4.956 28.388 -3.96
v -5.077 28.78 -3.451
v -4.86 28.78 -3.591
v -5.219 28.78 -3.254
v -5.697 28.226 -3.462
v -5.74 27.989 -3.598
v -5.668 28.388 -3.254
v 2.217 34.6 -0.918
v 1.697 34.6 -1.697
v 1.697 28.78 -1.697
v 0.918 28.78 -2.217
v 0.918 34.6 -2.217
v 2.217 28.78 -0.918
v 4.923 26.62 -0.765
v 5.004 26.168 -1.414
v 5.117 25.535 -1.848
v 5.243 24.8 -2
v 5.382 24.053 -1.848
v 5.499 23.404 -1.414
v 5.574 22.977 -0.765
v 6.496 23.149 -0.765
v 6.417 23.576 -1.414
v 6.308 24.216 -1.848
v 6.172 24.969 -2
v 6.039 25.722 -1.848
v 5.926 26.362 -1.414
v 5.847 26.789 -0.765
v 6.4 16.02 -3
v 6.4 16.02 -3
v 5.867 27.264 -0.956
v 5.965 26.73 -1.767
v 6.106 25.931 -2.309
v 6.272 24.99 -2.499
v 6.443 24.049 -2.309
v 6.579 23.25 -1.767
v 7.7 16.02 -3
v 7.7 17 -3
v 6.678 22.717 -0.956
v 4.817 27.2 -3
v 4.817 27.2 -3
v 6.4 18.4 -3
v 6.4 18.4 -3
v 5.766 27.243 -0.956
v 5.864 26.709 -1.767
v 6.005 25.91 -2.309
v 6.171 24.969 -2.499
v 6.342 24.028 -2.309
v 6.478 23.229 -1.767
v 6.577 22.696 -0.956
v 6.698 16.02 -3.96
v 7.398 16.02 -3.96
v 7.398 16.02 -3.96
v 7.513 16.02 -3.937
v 7.611 16.02 -3.872
v 7.677 16.02 -3.775
v 7.7 16.02 -3.66
v 7.7 16.02 -3.66
v 7.398 17 -3.96
v 7.677 17 -3.775
v 7.7 17 -3.66
v 7.7 17 -3.66
v 7.7 17 -3.66
v 6.462 22.231 -3.96
v 6.765 22.231 -3.66
v 5.783 27.748 -3.66
v 5.482 27.749 -3.96
v 5.3 28.78 -3
v 5.652 28.485 -3
v 4.651 28.48 -3.96
v 4.598 28.78 -3.66
v 4.4 16.15 -2.4
v 4.4 16.15 -2.4
v 4.4 16.15 -3
v 3.6 16.15 -3
v 3.6 16.15 -2.4
v 3.6 16.15 -2.4
v 4.4 27.2 -2.4
v 3.6 27.2 -2.4
v 1.667 16.858 -0.439
v 1.667 17.2 -0.4
v 3 16.15 -3
v 2.816 16.15 -2.449
v 2.543 16.15 -1.947
v 2.146 16.15 -1.537
v 2.201 16.15 -3
v 2.081 16.15 -2.636
v 1.902 16.15 -2.308
v 1.643 16.15 -2.04
v 1.352 16.15 -1.852
v 1.151 16.15 -1.724
v 1.002 16.15 -1.579
v 0.917 16.15 -1.383
v 0.9 16.15 -1.2
v 1.863 16.15 -1.354
v 1.758 16.15 -1.268
v 1.685 16.165 -1.131
v 1.667 16.199 -1.003
v 1.667 16.521 -0.573
v 0.9 21 -0.4
v 0.9 17.2 -0.4
v 1.667 16.316 -0.8
v 0.9 21.153 -0.37
v 1.668 21 -0.4
v 1.668 21.153 -0.37
v 0.9 21.283 -0.283
v 1.668 21.283 -0.283
v 0.9 21.37 -0.153
v 1.668 21.37 -0.153
v 0.9 16.286 -0.896
v 0.9 16.491 -0.649
v 0.9 16.829 -0.466
v 5.391 27.989 -3.96
v 5.209 28.226 -3.96
v 4.956 28.388 -3.96
v 5.077 28.78 -3.451
v 4.86 28.78 -3.591
v 5.219 28.78 -3.254
v 5.697 28.226 -3.462
v 5.74 27.989 -3.598
v 5.668 28.388 -3.254
vt 0.95 0.065
vt 0.951 0.065
vt 0.954 0.065
vt 0.954 0.065
vt 0.952 0.065
vt 0.954 0.065
vt 0.954 0.065
vt 0.951 0.065
vt 0.952 0.065
vt 0.954 0.065
vt 0.95 0.065
vt 0.95 0.065
vt 0.822 0.469
vt 0.807 0.469
vt 0.822 0.38
vt 0.807 0.469
vt 0.807 0.38
vt 0.822 0.38
vt 0.822 0.38
vt 0.836 0.38
vt 0.822 0.469
vt 0.836 0.38
vt 0.836 0.469
vt 0.822 0.469
vt 0.836 0.38
vt 0.851 0.38
vt 0.836 0.469
vt 0.851 0.38
vt 0.851 0.469
vt 0.836 0.469
vt 0.865 0.38
vt 0.865 0.469
vt 0.851 0.38
vt 0.865 0.469
vt 0.851 0.469
vt 0.851 0.38
vt 0.248 0.906
vt 0.228 0.906
vt 0.248 0.732
vt 0.228 0.906
vt 0.228 0.732
vt 0.248 0.732
vt 0.248 0.732
vt 0.228 0.732
vt 0.248 0.568
vt 0.228 0.732
vt 0.228 0.568
vt 0.248 0.568
vt 0.289 0.568
vt 0.289 0.537
vt 0.499 0.568
vt 0.289 0.537
vt 0.499 0.537
vt 0.499 0.568
vt 0.318 0.732
vt 0.349 0.905
vt 0.296 0.732
vt 0.349 0.905
vt 0.327 0.905
vt 0.296 0.732
vt 0.944 0.044
vt 0.942 0.044
vt 0.944 0.044
vt 0.942 0.044
vt 0.942 0.044
vt 0.944 0.044
vt 0.944 0.044
vt 0.942 0.044
vt 0.944 0.045
vt 0.942 0.044
vt 0.943 0.045
vt 0.944 0.045
vt 0.944 0.046
vt 0.944 0.045
vt 0.943 0.046
vt 0.944 0.045
vt 0.943 0.045
vt 0.943 0.046
vt 0.945 0.047
vt 0.944 0.046
vt 0.943 0.048
vt 0.944 0.046
vt 0.943 0.046
vt 0.943 0.048
vt 0.945 0.049
vt 0.945 0.047
vt 0.943 0.049
vt 0.945 0.047
vt 0.943 0.048
vt 0.943 0.049
vt 0.945 0.049
vt 0.943 0.049
vt 0.945 0.05
vt 0.943 0.049
vt 0.943 0.05
vt 0.945 0.05
vt 0.945 0.05
vt 0.945 0.05
vt 0.944 0.051
vt 0.945 0.05
vt 0.943 0.05
vt 0.944 0.051
vt 0.945 0.051
vt 0.945 0.05
vt 0.944 0.051
vt 0.945 0.05
vt 0.944 0.051
vt 0.944 0.051
vt 0.94 0.032
vt 0.94 0.032
vt 0.943 0.032
vt 0.94 0.032
vt 0.943 0.032
vt 0.943 0.032
vt 0.942 0.043
vt 0.942 0.043
vt 0.942 0.044
vt 0.942 0.043
vt 0.942 0.043
vt 0.942 0.044
vt 0.941 0.032
vt 0.941 0.032
vt 0.942 0.032
vt 0.941 0.032
vt 0.943 0.032
vt 0.942 0.032
vt 0.228 0.732
vt 0.133 0.732
vt 0.228 0.568
vt 0.133 0.732
vt 0.133 0.568
vt 0.228 0.568
vt 0.289 0.568
vt 0.267 0.568
vt 0.289 0.537
vt 0.267 0.568
vt 0.267 0.537
vt 0.289 0.537
vt 0.942 0.044
vt 0.942 0.043
vt 0.942 0.044
vt 0.942 0.043
vt 0.942 0.044
vt 0.942 0.044
vt 0.318 0.732
vt 0.296 0.732
vt 0.289 0.568
vt 0.296 0.732
vt 0.267 0.568
vt 0.289 0.568
vt 0.943 0.046
vt 0.942 0.044
vt 0.943 0.046
vt 0.942 0.044
vt 0.942 0.044
vt 0.943 0.046
vt 0.946 0.054
vt 0.945 0.054
vt 0.946 0.054
vt 0.945 0.054
vt 0.945 0.054
vt 0.946 0.054
vt 0.943 0.048
vt 0.943 0.046
vt 0.943 0.048
vt 0.943 0.046
vt 0.943 0.046
vt 0.943 0.048
vt 0.943 0.049
vt 0.943 0.048
vt 0.943 0.049
vt 0.943 0.048
vt 0.943 0.048
vt 0.943 0.049
vt 0.944 0.051
vt 0.943 0.049
vt 0.943 0.051
vt 0.943 0.049
vt 0.943 0.049
vt 0.943 0.051
vt 0.944 0.052
vt 0.944 0.051
vt 0.944 0.052
vt 0.944 0.051
vt 0.943 0.051
vt 0.944 0.052
vt 0.228 0.568
vt 0.133 0.568
vt 0.228 0.537
vt 0.133 0.568
vt 0.133 0.537
vt 0.228 0.537
vt 0.945 0.051
vt 0.945 0.052
vt 0.945 0.052
vt 0.944 0.052
vt 0.944 0.052
vt 0.944 0.052
vt 0.944 0.052
vt 0.944 0.052
vt 0.944 0.052
vt 0.944 0.044
vt 0.944 0.044
vt 0.943 0.036
vt 0.943 0.036
vt 0.954 0.036
vt 0.943 0.032
vt 0.954 0.036
vt 0.954 0.032
vt 0.943 0.032
vt 0.944 0.045
vt 0.943 0.036
vt 0.944 0.044
vt 0.944 0.046
vt 0.943 0.036
vt 0.944 0.045
vt 0.954 0.052
vt 0.954 0.052
vt 0.945 0.052
vt 0.954 0.052
vt 0.945 0.052
vt 0.945 0.052
vt 0.944 0.046
vt 0.945 0.047
vt 0.943 0.036
vt 0.943 0.032
vt 0.943 0.032
vt 0.943 0.036
vt 0.943 0.032
vt 0.943 0.036
vt 0.943 0.036
vt 0.945 0.052
vt 0.945 0.05
vt 0.945 0.05
vt 0.945 0.052
vt 0.945 0.049
vt 0.945 0.05
vt 0.945 0.052
vt 0.945 0.05
vt 0.945 0.051
vt 0.945 0.052
vt 0.945 0.047
vt 0.945 0.049
vt 0.943 0.036
vt 0.945 0.052
vt 0.954 0.036
vt 0.945 0.052
vt 0.954 0.052
vt 0.954 0.036
vt 0.945 0.047
vt 0.945 0.052
vt 0.943 0.036
vt 0.944 0.051
vt 0.944 0.051
vt 0.944 0.052
vt 0.944 0.051
vt 0.944 0.052
vt 0.944 0.052
vt 0.944 0.051
vt 0.943 0.05
vt 0.944 0.052
vt 0.943 0.05
vt 0.944 0.051
vt 0.944 0.052
vt 0.943 0.05
vt 0.943 0.049
vt 0.944 0.051
vt 0.943 0.049
vt 0.943 0.049
vt 0.944 0.051
vt 0.943 0.049
vt 0.943 0.048
vt 0.943 0.049
vt 0.943 0.048
vt 0.943 0.048
vt 0.943 0.049
vt 0.943 0.048
vt 0.943 0.046
vt 0.943 0.048
vt 0.943 0.046
vt 0.943 0.046
vt 0.943 0.048
vt 0.943 0.046
vt 0.943 0.045
vt 0.943 0.046
vt 0.943 0.045
vt 0.942 0.044
vt 0.943 0.046
vt 0.943 0.045
vt 0.942 0.044
vt 0.942 0.044
vt 0.942 0.044
vt 0.942 0.043
vt 0.942 0.044
vt 0.942 0.044
vt 0.942 0.044
vt 0.942 0.043
vt 0.942 0.044
vt 0.942 0.043
vt 0.942 0.043
vt 0.133 0.732
vt 0.228 0.732
vt 0.163 0.748
vt 0.163 0.748
vt 0.228 0.732
vt 0.189 0.764
vt 0.189 0.764
vt 0.228 0.732
vt 0.206 0.789
vt 0.206 0.789
vt 0.228 0.732
vt 0.212 0.819
vt 0.212 0.819
vt 0.228 0.732
vt 0.228 0.906
vt 0.133 0.742
vt 0.133 0.732
vt 0.163 0.748
vt 0.206 0.849
vt 0.212 0.819
vt 0.228 0.906
vt 0.189 0.874
vt 0.206 0.849
vt 0.228 0.906
vt 0.163 0.891
vt 0.189 0.874
vt 0.228 0.906
vt 0.228 0.906
vt 0.133 0.906
vt 0.163 0.891
vt 0.133 0.906
vt 0.133 0.896
vt 0.163 0.891
vt 0.954 0.032
vt 0.942 0.032
vt 0.954 0.032
vt 0.942 0.032
vt 0.943 0.032
vt 0.954 0.032
vt 0.944 0.044
vt 0.943 0.036
vt 0.943 0.036
vt 0.228 0.537
vt 0.248 0.537
vt 0.228 0.568
vt 0.248 0.537
vt 0.248 0.568
vt 0.228 0.568
vt 0.946 0.054
vt 0.954 0.054
vt 0.946 0.054
vt 0.954 0.054
vt 0.954 0.054
vt 0.946 0.054
vt 0.499 0.732
vt 0.499 0.905
vt 0.318 0.732
vt 0.499 0.905
vt 0.349 0.905
vt 0.318 0.732
vt 0.289 0.568
vt 0.499 0.568
vt 0.318 0.732
vt 0.499 0.568
vt 0.499 0.732
vt 0.318 0.732
vt 0.941 0.032
vt 0.94 0.032
vt 0.943 0.032
vt 0.94 0.032
vt 0.94 0.032
vt 0.943 0.032
vt 0.228 0.929
vt 0.133 0.929
vt 0.228 0.906
vt 0.133 0.929
vt 0.133 0.906
vt 0.228 0.906
vt 0.95 0.054
vt 0.95 0.054
vt 0.946 0.054
vt 0.95 0.054
vt 0.946 0.054
vt 0.946 0.054
vt 0.951 0.054
vt 0.95 0.054
vt 0.946 0.054
vt 0.952 0.054
vt 0.951 0.054
vt 0.946 0.054
vt 0.946 0.054
vt 0.954 0.054
vt 0.952 0.054
vt 0.954 0.054
vt 0.954 0.054
vt 0.952 0.054
vt 0.941 0.032
vt 0.941 0.032
vt 0.941 0.032
vt 0.941 0.032
vt 0.94 0.032
vt 0.941 0.032
vt 0.94 0.032
vt 0.94 0.032
vt 0.941 0.032
vt 0.94 0.032
vt 0.94 0.032
vt 0.941 0.032
vt 0.335 0.92
vt 0.33 0.912
vt 0.349 0.905
vt 0.248 0.906
vt 0.246 0.913
vt 0.228 0.906
vt 0.228 0.906
vt 0.242 0.921
vt 0.236 0.926
vt 0.335 0.92
vt 0.349 0.905
vt 0.343 0.925
vt 0.946 0.054
vt 0.945 0.054
vt 0.945 0.054
vt 0.946 0.054
vt 0.946 0.054
vt 0.945 0.054
vt 0.349 0.905
vt 0.353 0.928
vt 0.343 0.925
vt 0.941 0.032
vt 0.941 0.033
vt 0.941 0.032
vt 0.941 0.033
vt 0.941 0.033
vt 0.941 0.032
vt 0.941 0.032
vt 0.941 0.033
vt 0.94 0.032
vt 0.941 0.033
vt 0.94 0.033
vt 0.94 0.032
vt 0.94 0.032
vt 0.94 0.033
vt 0.94 0.032
vt 0.94 0.033
vt 0.94 0.033
vt 0.94 0.032
vt 0.94 0.032
vt 0.94 0.033
vt 0.94 0.032
vt 0.94 0.033
vt 0.94 0.033
vt 0.94 0.032
vt 0.228 0.929
vt 0.228 0.906
vt 0.236 0.926
vt 0.941 0.033
vt 0.942 0.043
vt 0.941 0.033
vt 0.942 0.043
vt 0.942 0.043
vt 0.941 0.033
vt 0.941 0.033
vt 0.942 0.043
vt 0.94 0.033
vt 0.942 0.043
vt 0.942 0.043
vt 0.94 0.033
vt 0.94 0.033
vt 0.942 0.043
vt 0.94 0.033
vt 0.942 0.043
vt 0.942 0.043
vt 0.94 0.033
vt 0.94 0.033
vt 0.942 0.043
vt 0.94 0.033
vt 0.942 0.043
vt 0.942 0.043
vt 0.94 0.033
vt 0.944 0.053
vt 0.942 0.043
vt 0.944 0.053
vt 0.942 0.043
vt 0.942 0.043
vt 0.944 0.053
vt 0.944 0.053
vt 0.942 0.043
vt 0.944 0.053
vt 0.942 0.043
vt 0.942 0.043
vt 0.944 0.053
vt 0.944 0.053
vt 0.942 0.043
vt 0.944 0.053
vt 0.942 0.043
vt 0.942 0.043
vt 0.944 0.053
vt 0.944 0.053
vt 0.942 0.043
vt 0.944 0.053
vt 0.942 0.043
vt 0.942 0.043
vt 0.944 0.053
vt 0.945 0.054
vt 0.945 0.054
vt 0.946 0.054
vt 0.228 0.906
vt 0.246 0.913
vt 0.242 0.921
vt 0.945 0.054
vt 0.945 0.054
vt 0.944 0.054
vt 0.945 0.054
vt 0.944 0.054
vt 0.944 0.054
vt 0.944 0.054
vt 0.944 0.054
vt 0.944 0.054
vt 0.944 0.054
vt 0.944 0.054
vt 0.944 0.054
vt 0.944 0.054
vt 0.944 0.054
vt 0.944 0.054
vt 0.944 0.054
vt 0.944 0.054
vt 0.944 0.054
vt 0.944 0.054
vt 0.944 0.054
vt 0.944 0.054
vt 0.944 0.054
vt 0.944 0.054
vt 0.944 0.054
vt 0.946 0.054
vt 0.945 0.054
vt 0.945 0.054
vt 0.33 0.912
vt 0.327 0.905
vt 0.349 0.905
vt 0.946 0.054
vt 0.954 0.054
vt 0.946 0.054
vt 0.954 0.054
vt 0.954 0.054
vt 0.946 0.054
vt 0.946 0.054
vt 0.954 0.054
vt 0.946 0.054
vt 0.954 0.054
vt 0.954 0.054
vt 0.946 0.054
vt 0.946 0.054
vt 0.954 0.054
vt 0.946 0.054
vt 0.954 0.054
vt 0.954 0.054
vt 0.946 0.054
vt 0.946 0.054
vt 0.954 0.054
vt 0.946 0.054
vt 0.954 0.054
vt 0.954 0.054
vt 0.946 0.054
vt 0.499 0.905
vt 0.499 0.928
vt 0.349 0.905
vt 0.499 0.928
vt 0.353 0.928
vt 0.349 0.905
vt 0.946 0.032
vt 0.946 0.032
vt 0.948 0.032
vt 0.946 0.032
vt 0.948 0.032
vt 0.948 0.032
vt 0.946 0.032
vt 0.946 0.052
vt 0.948 0.032
vt 0.946 0.052
vt 0.948 0.052
vt 0.948 0.032
vt 0.948 0.032
vt 0.948 0.052
vt 0.948 0.032
vt 0.948 0.052
vt 0.948 0.052
vt 0.948 0.032
vt 0.946 0.032
vt 0.946 0.052
vt 0.946 0.032
vt 0.946 0.052
vt 0.946 0.052
vt 0.946 0.032
vt 0.949 0.032
vt 0.95 0.032
vt 0.949 0.032
vt 0.95 0.032
vt 0.95 0.032
vt 0.949 0.032
vt 0.949 0.032
vt 0.951 0.032
vt 0.949 0.032
vt 0.951 0.032
vt 0.95 0.032
vt 0.949 0.032
vt 0.95 0.032
vt 0.951 0.032
vt 0.949 0.032
vt 0.951 0.032
vt 0.951 0.032
vt 0.949 0.032
vt 0.952 0.032
vt 0.951 0.032
vt 0.951 0.032
vt 0.951 0.032
vt 0.95 0.032
vt 0.951 0.032
vt 0.951 0.032
vt 0.952 0.032
vt 0.952 0.032
vt 0.952 0.032
vt 0.952 0.032
vt 0.951 0.032
vt 0.952 0.032
vt 0.951 0.032
vt 0.951 0.032
vt 0.952 0.032
vt 0.952 0.032
vt 0.951 0.032
vt 0.952 0.032
vt 0.951 0.032
vt 0.951 0.032
vt 0.951 0.032
vt 0.952 0.032
vt 0.951 0.032
vt 0.952 0.032
vt 0.952 0.032
vt 0.951 0.032
vt 0.952 0.033
vt 0.952 0.032
vt 0.951 0.033
vt 0.952 0.032
vt 0.951 0.032
vt 0.951 0.033
vt 0.952 0.032
vt 0.952 0.032
vt 0.951 0.032
vt 0.952 0.032
vt 0.951 0.032
vt 0.951 0.032
vt 0.951 0.032
vt 0.951 0.032
vt 0.951 0.052
vt 0.951 0.032
vt 0.951 0.052
vt 0.951 0.052
vt 0.951 0.032
vt 0.951 0.032
vt 0.951 0.052
vt 0.951 0.032
vt 0.951 0.052
vt 0.951 0.052
vt 0.95 0.032
vt 0.95 0.032
vt 0.95 0.052
vt 0.95 0.032
vt 0.95 0.052
vt 0.95 0.052
vt 0.952 0.032
vt 0.952 0.032
vt 0.952 0.052
vt 0.952 0.032
vt 0.952 0.052
vt 0.952 0.052
vt 0.952 0.034
vt 0.952 0.033
vt 0.951 0.034
vt 0.952 0.033
vt 0.951 0.033
vt 0.951 0.034
vt 0.95 0.032
vt 0.949 0.032
vt 0.95 0.052
vt 0.949 0.032
vt 0.949 0.052
vt 0.95 0.052
vt 0.952 0.032
vt 0.952 0.032
vt 0.952 0.052
vt 0.952 0.032
vt 0.952 0.052
vt 0.952 0.052
vt 0.949 0.032
vt 0.949 0.032
vt 0.949 0.052
vt 0.949 0.032
vt 0.949 0.052
vt 0.949 0.052
vt 0.951 0.032
vt 0.951 0.032
vt 0.951 0.052
vt 0.951 0.032
vt 0.951 0.052
vt 0.951 0.052
vt 0.952 0.032
vt 0.952 0.034
vt 0.952 0.052
vt 0.952 0.034
vt 0.952 0.04
vt 0.952 0.052
vt 0.951 0.032
vt 0.95 0.032
vt 0.951 0.052
vt 0.95 0.032
vt 0.95 0.052
vt 0.951 0.052
vt 0.951 0.032
vt 0.952 0.032
vt 0.951 0.052
vt 0.952 0.032
vt 0.952 0.052
vt 0.951 0.052
vt 0.95 0.032
vt 0.951 0.032
vt 0.95 0.052
vt 0.951 0.032
vt 0.951 0.052
vt 0.95 0.052
vt 0.952 0.032
vt 0.952 0.032
vt 0.952 0.052
vt 0.952 0.032
vt 0.952 0.052
vt 0.952 0.052
vt 0.952 0.032
vt 0.952 0.032
vt 0.952 0.052
vt 0.952 0.032
vt 0.952 0.052
vt 0.952 0.052
vt 0.951 0.032
vt 0.951 0.032
vt 0.951 0.052
vt 0.951 0.032
vt 0.951 0.052
vt 0.951 0.052
vt 0.949 0.032
vt 0.949 0.032
vt 0.949 0.052
vt 0.949 0.032
vt 0.949 0.052
vt 0.949 0.052
vt 0.952 0.04
vt 0.951 0.04
vt 0.952 0.041
vt 0.951 0.04
vt 0.951 0.041
vt 0.952 0.041
vt 0.952 0.041
vt 0.951 0.041
vt 0.952 0.041
vt 0.951 0.041
vt 0.951 0.041
vt 0.952 0.041
vt 0.952 0.041
vt 0.951 0.041
vt 0.952 0.041
vt 0.951 0.041
vt 0.951 0.041
vt 0.952 0.041
vt 0.952 0.041
vt 0.951 0.041
vt 0.952 0.041
vt 0.951 0.041
vt 0.951 0.041
vt 0.952 0.041
vt 0.951 0.052
vt 0.951 0.041
vt 0.951 0.041
vt 0.951 0.052
vt 0.951 0.041
vt 0.951 0.041
vt 0.951 0.052
vt 0.951 0.041
vt 0.951 0.041
vt 0.951 0.052
vt 0.951 0.041
vt 0.951 0.04
vt 0.952 0.052
vt 0.952 0.04
vt 0.952 0.041
vt 0.952 0.052
vt 0.952 0.041
vt 0.952 0.041
vt 0.952 0.052
vt 0.952 0.041
vt 0.952 0.041
vt 0.952 0.052
vt 0.952 0.041
vt 0.952 0.041
vt 0.952 0.041
vt 0.952 0.052
vt 0.952 0.052
vt 0.951 0.052
vt 0.951 0.052
vt 0.951 0.041
vt 0.951 0.032
vt 0.951 0.032
vt 0.952 0.032
vt 0.951 0.032
vt 0.952 0.032
vt 0.952 0.032
vt 0.952 0.032
vt 0.952 0.033
vt 0.952 0.032
vt 0.952 0.034
vt 0.952 0.032
vt 0.952 0.033
vt 0.952 0.032
vt 0.952 0.032
vt 0.952 0.033
vt 0.952 0.04
vt 0.952 0.034
vt 0.951 0.04
vt 0.952 0.034
vt 0.951 0.034
vt 0.951 0.04
vt 0.951 0.04
vt 0.951 0.034
vt 0.951 0.052
vt 0.951 0.034
vt 0.951 0.032
vt 0.951 0.052
vt 0.951 0.033
vt 0.951 0.032
vt 0.951 0.034
vt 0.951 0.032
vt 0.951 0.032
vt 0.951 0.034
vt 0.951 0.032
vt 0.951 0.032
vt 0.951 0.033
vt 0.944 0.053
vt 0.944 0.053
vt 0.944 0.053
vt 0.944 0.053
vt 0.944 0.053
vt 0.944 0.053
vt 0.944 0.053
vt 0.944 0.053
vt 0.944 0.053
vt 0.944 0.053
vt 0.944 0.053
vt 0.944 0.053
vt 0.944 0.053
vt 0.944 0.053
vt 0.944 0.053
vt 0.944 0.053
vt 0.944 0.053
vt 0.944 0.053
vt 0.944 0.053
vt 0.944 0.053
vt 0.944 0.053
vt 0.944 0.053
vt 0.944 0.053
vt 0.944 0.053
vt 0.945 0.053
vt 0.944 0.053
vt 0.944 0.053
vt 0.944 0.053
vt 0.944 0.053
vt 0.944 0.053
vt 0.944 0.053
vt 0.944 0.053
vt 0.944 0.053
vt 0.944 0.053
vt 0.944 0.053
vt 0.944 0.053
vt 0.944 0.053
vt 0.944 0.053
vt 0.944 0.053
vt 0.944 0.053
vt 0.944 0.053
vt 0.944 0.053
vt 0.944 0.053
vt 0.944 0.053
vt 0.944 0.053
vt 0.944 0.053
vt 0.944 0.053
vt 0.944 0.053
vt 0.945 0.054
vt 0.945 0.054
vt 0.945 0.053
vt 0.944 0.054
vt 0.944 0.054
vt 0.944 0.053
vt 0.944 0.054
vt 0.944 0.053
vt 0.944 0.053
vt 0.944 0.054
vt 0.944 0.054
vt 0.944 0.053
vt 0.944 0.054
vt 0.944 0.053
vt 0.944 0.053
vt 0.944 0.054
vt 0.944 0.054
vt 0.944 0.054
vt 0.944 0.054
vt 0.944 0.054
vt 0.944 0.054
vt 0.944 0.054
vt 0.944 0.054
vt 0.944 0.054
vt 0.944 0.054
vt 0.944 0.054
vt 0.944 0.054
vt 0.945 0.054
vt 0.944 0.054
vt 0.944 0.054
vt 0.944 0.054
vt 0.944 0.054
vt 0.944 0.054
vt 0.945 0.054
vt 0.945 0.054
vt 0.945 0.054
vt 0.945 0.054
vt 0.944 0.054
vt 0.945 0.054
vt 0.945 0.054
vt 0.945 0.054
vt 0.945 0.054
vt 0.945 0.054
vt 0.945 0.054
vt 0.945 0.054
vt 0.944 0.054
vt 0.944 0.054
vt 0.944 0.054
vt 0.944 0.054
vt 0.944 0.054
vt 0.944 0.054
vt 0.944 0.054
vt 0.944 0.054
vt 0.945 0.054
vt 0.944 0.054
vt 0.944 0.054
vt 0.945 0.054
vt 0.945 0.054
vt 0.944 0.054
vt 0.945 0.054
vt 0.944 0.054
vt 0.945 0.054
vt 0.945 0.054
vt 0.945 0.054
vt 0.945 0.054
vt 0.945 0.054
vt 0.945 0.054
vt 0.945 0.054
vt 0.945 0.054
vt 0.944 0.054
vt 0.944 0.054
vt 0.944 0.054
vt 0.944 0.054
vt 0.944 0.054
vt 0.944 0.054
vt 0.945 0.054
vt 0.945 0.054
vt 0.945 0.054
vt 0.945 0.054
vt 0.945 0.054
vt 0.945 0.054
vt 0.944 0.054
vt 0.944 0.054
vt 0.944 0.054
vt 0.944 0.054
vt 0.944 0.054
vt 0.944 0.054
vt 0.944 0.054
vt 0.944 0.054
vt 0.944 0.054
vt 0.944 0.054
vt 0.944 0.054
vt 0.944 0.054
vt 0.944 0.054
vt 0.944 0.054
vt 0.944 0.054
vt 0.944 0.054
vt 0.944 0.054
vt 0.945 0.054
vt 0.944 0.054
vt 0.945 0.054
vt 0.945 0.054
vt 0.945 0.054
vt 0.944 0.054
vt 0.944 0.054
vt 0.944 0.054
vt 0.944 0.054
vt 0.944 0.054
vt 0.944 0.054
vt 0.944 0.054
vt 0.944 0.054
vt 0.944 0.054
vt 0.944 0.054
vt 0.944 0.054
vt 0.944 0.054
vt 0.944 0.054
vt 0.944 0.054
vt 0.944 0.054
vt 0.944 0.054
vt 0.944 0.054
vt 0.944 0.054
vt 0.944 0.054
vt 0.944 0.054
vt 0.944 0.054
vt 0.944 0.054
vt 0.944 0.054
vt 0.944 0.054
vt 0.944 0.054
vt 0.944 0.054
vt 0.944 0.054
vt 0.944 0.054
vt 0.944 0.054
vt 0.944 0.054
vt 0.944 0.054
vt 0.944 0.054
vt 0.944 0.054
vt 0.944 0.054
vt 0.944 0.054
vt 0.944 0.054
vt 0.944 0.054
vt 0.944 0.054
vt 0.944 0.054
vt 0.944 0.054
vt 0.944 0.054
vt 0.944 0.054
vt 0.944 0.054
vt 0.944 0.054
vt 0.944 0.054
vt 0.945 0.054
vt 0.944 0.054
vt 0.945 0.054
vt 0.944 0.054
vt 0.944 0.054
vt 0.944 0.054
vt 0.944 0.054
vt 0.944 0.053
vt 0.944 0.054
vt 0.944 0.053
vt 0.944 0.053
vt 0.944 0.053
vt 0.944 0.054
vt 0.944 0.054
vt 0.945 0.054
vt 0.945 0.054
vt 0.944 0.054
vt 0.945 0.054
vt 0.945 0.054
vt 0.944 0.054
vt 0.945 0.054
vt 0.945 0.054
vt 0.945 0.054
vt 0.945 0.054
vt 0.945 0.054
vt 0.945 0.054
vt 0.945 0.054
vt 0.945 0.054
vt 0.945 0.054
vt 0.945 0.054
vt 0.945 0.054
vt 0.945 0.054
vt 0.946 0.054
vt 0.946 0.054
vt 0.945 0.054
vt 0.946 0.054
vt 0.945 0.054
vt 0.945 0.054
vt 0.946 0.054
vt 0.946 0.054
vt 0.945 0.054
vt 0.946 0.054
vt 0.945 0.054
vt 0.945 0.054
vt 0.946 0.054
vt 0.946 0.054
vt 0.945 0.054
vt 0.946 0.054
vt 0.945 0.054
vt 0.945 0.054
vt 0.946 0.054
vt 0.946 0.054
vt 0.945 0.054
vt 0.946 0.054
vt 0.945 0.054
vt 0.945 0.054
vt 0.945 0.054
vt 0.946 0.054
vt 0.945 0.054
vt 0.945 0.054
vt 0.945 0.054
vt 0.944 0.054
vt 0.945 0.054
vt 0.945 0.054
vt 0.945 0.054
vt 0.945 0.054
vt 0.945 0.054
vt 0.945 0.054
vt 0.945 0.054
vt 0.945 0.054
vt 0.945 0.054
vt 0.945 0.054
vt 0.945 0.054
vt 0.945 0.054
vt 0.945 0.054
vt 0.945 0.054
vt 0.945 0.054
vt 0.945 0.054
vt 0.945 0.054
vt 0.945 0.054
vt 0.944 0.054
vt 0.944 0.053
vt 0.945 0.054
vt 0.944 0.053
vt 0.945 0.053
vt 0.945 0.054
vt 0.945 0.054
vt 0.945 0.054
vt 0.945 0.054
vt 0.945 0.054
vt 0.945 0.054
vt 0.945 0.054
vt 0.944 0.054
vt 0.945 0.054
vt 0.944 0.054
vt 0.945 0.054
vt 0.945 0.054
vt 0.944 0.054
vt 0.945 0.054
vt 0.945 0.054
vt 0.945 0.054
vt 0.945 0.054
vt 0.945 0.054
vt 0.945 0.054
vt 0.958 0.065
vt 0.954 0.065
vt 0.957 0.065
vt 0.954 0.065
vt 0.954 0.065
vt 0.956 0.065
vt 0.954 0.065
vt 0.956 0.065
vt 0.957 0.065
vt 0.954 0.065
vt 0.958 0.065
vt 0.958 0.065
vt 0.908 0.469
vt 0.908 0.38
vt 0.923 0.469
vt 0.908 0.38
vt 0.923 0.38
vt 0.923 0.469
vt 0.894 0.469
vt 0.894 0.38
vt 0.908 0.469
vt 0.894 0.38
vt 0.908 0.38
vt 0.908 0.469
vt 0.879 0.469
vt 0.879 0.38
vt 0.894 0.469
vt 0.879 0.38
vt 0.894 0.38
vt 0.894 0.469
vt 0.865 0.38
vt 0.879 0.38
vt 0.865 0.469
vt 0.879 0.38
vt 0.879 0.469
vt 0.865 0.469
vt 0.75 0.906
vt 0.75 0.732
vt 0.771 0.906
vt 0.75 0.732
vt 0.771 0.732
vt 0.771 0.906
vt 0.75 0.732
vt 0.75 0.568
vt 0.771 0.732
vt 0.75 0.568
vt 0.771 0.568
vt 0.771 0.732
vt 0.709 0.568
vt 0.499 0.568
vt 0.709 0.537
vt 0.499 0.568
vt 0.499 0.537
vt 0.709 0.537
vt 0.679 0.732
vt 0.701 0.732
vt 0.649 0.905
vt 0.701 0.732
vt 0.67 0.905
vt 0.649 0.905
vt 0.964 0.044
vt 0.964 0.044
vt 0.966 0.044
vt 0.964 0.044
vt 0.966 0.044
vt 0.966 0.044
vt 0.964 0.044
vt 0.964 0.045
vt 0.966 0.044
vt 0.964 0.045
vt 0.965 0.045
vt 0.966 0.044
vt 0.964 0.046
vt 0.965 0.046
vt 0.964 0.045
vt 0.965 0.046
vt 0.965 0.045
vt 0.964 0.045
vt 0.963 0.047
vt 0.965 0.048
vt 0.964 0.046
vt 0.965 0.048
vt 0.965 0.046
vt 0.964 0.046
vt 0.963 0.049
vt 0.965 0.049
vt 0.963 0.047
vt 0.965 0.049
vt 0.965 0.048
vt 0.963 0.047
vt 0.963 0.049
vt 0.963 0.05
vt 0.965 0.049
vt 0.963 0.05
vt 0.965 0.05
vt 0.965 0.049
vt 0.963 0.05
vt 0.964 0.051
vt 0.963 0.05
vt 0.964 0.051
vt 0.965 0.05
vt 0.963 0.05
vt 0.963 0.051
vt 0.964 0.051
vt 0.963 0.05
vt 0.964 0.051
vt 0.964 0.051
vt 0.963 0.05
vt 0.968 0.032
vt 0.965 0.032
vt 0.968 0.032
vt 0.965 0.032
vt 0.965 0.032
vt 0.968 0.032
vt 0.966 0.043
vt 0.966 0.044
vt 0.966 0.043
vt 0.966 0.044
vt 0.966 0.043
vt 0.966 0.043
vt 0.967 0.032
vt 0.966 0.032
vt 0.967 0.032
vt 0.966 0.032
vt 0.965 0.032
vt 0.967 0.032
vt 0.771 0.732
vt 0.771 0.568
vt 0.865 0.732
vt 0.771 0.568
vt 0.865 0.568
vt 0.865 0.732
vt 0.709 0.568
vt 0.709 0.537
vt 0.731 0.568
vt 0.709 0.537
vt 0.731 0.537
vt 0.731 0.568
vt 0.966 0.044
vt 0.966 0.044
vt 0.966 0.043
vt 0.966 0.044
vt 0.966 0.044
vt 0.966 0.043
vt 0.679 0.732
vt 0.709 0.568
vt 0.701 0.732
vt 0.709 0.568
vt 0.731 0.568
vt 0.701 0.732
vt 0.965 0.046
vt 0.966 0.046
vt 0.966 0.044
vt 0.966 0.046
vt 0.966 0.044
vt 0.966 0.044
vt 0.962 0.054
vt 0.962 0.054
vt 0.963 0.054
vt 0.962 0.054
vt 0.963 0.054
vt 0.963 0.054
vt 0.965 0.048
vt 0.965 0.048
vt 0.965 0.046
vt 0.965 0.048
vt 0.966 0.046
vt 0.965 0.046
vt 0.965 0.049
vt 0.965 0.049
vt 0.965 0.048
vt 0.965 0.049
vt 0.965 0.048
vt 0.965 0.048
vt 0.964 0.051
vt 0.965 0.051
vt 0.965 0.049
vt 0.965 0.051
vt 0.965 0.049
vt 0.965 0.049
vt 0.964 0.052
vt 0.964 0.052
vt 0.964 0.051
vt 0.964 0.052
vt 0.965 0.051
vt 0.964 0.051
vt 0.771 0.568
vt 0.771 0.537
vt 0.865 0.568
vt 0.771 0.537
vt 0.865 0.537
vt 0.865 0.568
vt 0.963 0.051
vt 0.963 0.052
vt 0.963 0.052
vt 0.964 0.052
vt 0.964 0.052
vt 0.964 0.052
vt 0.964 0.052
vt 0.964 0.052
vt 0.964 0.052
vt 0.964 0.044
vt 0.965 0.036
vt 0.964 0.044
vt 0.965 0.036
vt 0.965 0.032
vt 0.954 0.036
vt 0.965 0.032
vt 0.954 0.032
vt 0.954 0.036
vt 0.964 0.045
vt 0.964 0.044
vt 0.965 0.036
vt 0.964 0.046
vt 0.964 0.045
vt 0.965 0.036
vt 0.954 0.052
vt 0.963 0.052
vt 0.954 0.052
vt 0.963 0.052
vt 0.963 0.052
vt 0.954 0.052
vt 0.964 0.046
vt 0.965 0.036
vt 0.963 0.047
vt 0.965 0.032
vt 0.965 0.036
vt 0.965 0.032
vt 0.965 0.036
vt 0.965 0.036
vt 0.965 0.032
vt 0.963 0.052
vt 0.963 0.05
vt 0.963 0.05
vt 0.963 0.052
vt 0.963 0.05
vt 0.963 0.049
vt 0.963 0.052
vt 0.963 0.051
vt 0.963 0.05
vt 0.963 0.052
vt 0.963 0.049
vt 0.963 0.047
vt 0.965 0.036
vt 0.954 0.036
vt 0.963 0.052
vt 0.954 0.036
vt 0.954 0.052
vt 0.963 0.052
vt 0.963 0.047
vt 0.965 0.036
vt 0.963 0.052
vt 0.964 0.051
vt 0.964 0.052
vt 0.964 0.051
vt 0.964 0.052
vt 0.964 0.052
vt 0.964 0.051
vt 0.964 0.051
vt 0.964 0.052
vt 0.965 0.05
vt 0.964 0.052
vt 0.964 0.051
vt 0.965 0.05
vt 0.965 0.05
vt 0.964 0.051
vt 0.965 0.049
vt 0.964 0.051
vt 0.965 0.049
vt 0.965 0.049
vt 0.965 0.049
vt 0.965 0.049
vt 0.965 0.048
vt 0.965 0.049
vt 0.965 0.048
vt 0.965 0.048
vt 0.965 0.048
vt 0.965 0.048
vt 0.965 0.046
vt 0.965 0.048
vt 0.965 0.046
vt 0.965 0.046
vt 0.965 0.046
vt 0.965 0.046
vt 0.965 0.045
vt 0.965 0.046
vt 0.966 0.044
vt 0.965 0.045
vt 0.965 0.045
vt 0.966 0.044
vt 0.966 0.044
vt 0.966 0.044
vt 0.966 0.043
vt 0.966 0.044
vt 0.966 0.044
vt 0.966 0.043
vt 0.966 0.044
vt 0.966 0.043
vt 0.966 0.043
vt 0.966 0.044
vt 0.865 0.732
vt 0.835 0.748
vt 0.771 0.732
vt 0.835 0.748
vt 0.81 0.764
vt 0.771 0.732
vt 0.81 0.764
vt 0.793 0.789
vt 0.771 0.732
vt 0.793 0.789
vt 0.787 0.819
vt 0.771 0.732
vt 0.787 0.819
vt 0.771 0.906
vt 0.771 0.732
vt 0.865 0.742
vt 0.835 0.748
vt 0.865 0.732
vt 0.793 0.849
vt 0.771 0.906
vt 0.787 0.819
vt 0.81 0.874
vt 0.771 0.906
vt 0.793 0.849
vt 0.835 0.891
vt 0.771 0.906
vt 0.81 0.874
vt 0.771 0.906
vt 0.835 0.891
vt 0.865 0.906
vt 0.865 0.906
vt 0.835 0.891
vt 0.865 0.896
vt 0.954 0.032
vt 0.954 0.032
vt 0.966 0.032
vt 0.954 0.032
vt 0.965 0.032
vt 0.966 0.032
vt 0.964 0.044
vt 0.965 0.036
vt 0.965 0.036
vt 0.771 0.537
vt 0.771 0.568
vt 0.75 0.537
vt 0.771 0.568
vt 0.75 0.568
vt 0.75 0.537
vt 0.962 0.054
vt 0.962 0.054
vt 0.954 0.054
vt 0.962 0.054
vt 0.954 0.054
vt 0.954 0.054
vt 0.499 0.732
vt 0.679 0.732
vt 0.499 0.905
vt 0.679 0.732
vt 0.649 0.905
vt 0.499 0.905
vt 0.709 0.568
vt 0.679 0.732
vt 0.499 0.568
vt 0.679 0.732
vt 0.499 0.732
vt 0.499 0.568
vt 0.967 0.032
vt 0.965 0.032
vt 0.968 0.032
vt 0.965 0.032
vt 0.968 0.032
vt 0.968 0.032
vt 0.771 0.929
vt 0.771 0.906
vt 0.865 0.929
vt 0.771 0.906
vt 0.865 0.906
vt 0.865 0.929
vt 0.958 0.054
vt 0.962 0.054
vt 0.958 0.054
vt 0.958 0.054
vt 0.962 0.054
vt 0.962 0.054
vt 0.957 0.054
vt 0.962 0.054
vt 0.958 0.054
vt 0.956 0.054
vt 0.962 0.054
vt 0.957 0.054
vt 0.962 0.054
vt 0.956 0.054
vt 0.954 0.054
vt 0.954 0.054
vt 0.956 0.054
vt 0.954 0.054
vt 0.967 0.032
vt 0.967 0.032
vt 0.967 0.032
vt 0.967 0.032
vt 0.967 0.032
vt 0.968 0.032
vt 0.968 0.032
vt 0.967 0.032
vt 0.968 0.032
vt 0.968 0.032
vt 0.967 0.032
vt 0.968 0.032
vt 0.662 0.92
vt 0.649 0.905
vt 0.668 0.912
vt 0.75 0.906
vt 0.771 0.906
vt 0.752 0.913
vt 0.771 0.906
vt 0.763 0.926
vt 0.757 0.921
vt 0.662 0.92
vt 0.654 0.925
vt 0.649 0.905
vt 0.962 0.054
vt 0.963 0.054
vt 0.963 0.054
vt 0.962 0.054
vt 0.963 0.054
vt 0.962 0.054
vt 0.649 0.905
vt 0.654 0.925
vt 0.644 0.928
vt 0.967 0.032
vt 0.967 0.032
vt 0.967 0.033
vt 0.967 0.032
vt 0.967 0.033
vt 0.967 0.033
vt 0.967 0.032
vt 0.968 0.032
vt 0.967 0.033
vt 0.968 0.032
vt 0.968 0.033
vt 0.967 0.033
vt 0.968 0.032
vt 0.968 0.032
vt 0.968 0.033
vt 0.968 0.032
vt 0.968 0.033
vt 0.968 0.033
vt 0.968 0.032
vt 0.968 0.032
vt 0.968 0.033
vt 0.968 0.032
vt 0.968 0.033
vt 0.968 0.033
vt 0.771 0.929
vt 0.763 0.926
vt 0.771 0.906
vt 0.967 0.033
vt 0.967 0.033
vt 0.966 0.043
vt 0.967 0.033
vt 0.966 0.043
vt 0.966 0.043
vt 0.967 0.033
vt 0.968 0.033
vt 0.966 0.043
vt 0.968 0.033
vt 0.966 0.043
vt 0.966 0.043
vt 0.968 0.033
vt 0.968 0.033
vt 0.966 0.043
vt 0.968 0.033
vt 0.966 0.043
vt 0.966 0.043
vt 0.968 0.033
vt 0.968 0.033
vt 0.966 0.043
vt 0.968 0.033
vt 0.966 0.043
vt 0.966 0.043
vt 0.964 0.053
vt 0.964 0.053
vt 0.966 0.043
vt 0.964 0.053
vt 0.966 0.043
vt 0.966 0.043
vt 0.964 0.053
vt 0.964 0.053
vt 0.966 0.043
vt 0.964 0.053
vt 0.966 0.043
vt 0.966 0.043
vt 0.964 0.053
vt 0.964 0.053
vt 0.966 0.043
vt 0.964 0.053
vt 0.966 0.043
vt 0.966 0.043
vt 0.964 0.053
vt 0.964 0.053
vt 0.966 0.043
vt 0.964 0.053
vt 0.966 0.043
vt 0.966 0.043
vt 0.963 0.054
vt 0.962 0.054
vt 0.963 0.054
vt 0.771 0.906
vt 0.757 0.921
vt 0.752 0.913
vt 0.963 0.054
vt 0.964 0.054
vt 0.963 0.054
vt 0.964 0.054
vt 0.964 0.054
vt 0.963 0.054
vt 0.964 0.054
vt 0.964 0.054
vt 0.964 0.054
vt 0.964 0.054
vt 0.964 0.054
vt 0.964 0.054
vt 0.964 0.054
vt 0.964 0.054
vt 0.964 0.054
vt 0.964 0.054
vt 0.964 0.054
vt 0.964 0.054
vt 0.964 0.054
vt 0.964 0.054
vt 0.964 0.054
vt 0.964 0.054
vt 0.964 0.054
vt 0.964 0.054
vt 0.962 0.054
vt 0.963 0.054
vt 0.963 0.054
vt 0.668 0.912
vt 0.649 0.905
vt 0.67 0.905
vt 0.962 0.054
vt 0.962 0.054
vt 0.954 0.054
vt 0.962 0.054
vt 0.954 0.054
vt 0.954 0.054
vt 0.962 0.054
vt 0.962 0.054
vt 0.954 0.054
vt 0.962 0.054
vt 0.954 0.054
vt 0.954 0.054
vt 0.962 0.054
vt 0.962 0.054
vt 0.954 0.054
vt 0.962 0.054
vt 0.954 0.054
vt 0.954 0.054
vt 0.962 0.054
vt 0.962 0.054
vt 0.954 0.054
vt 0.962 0.054
vt 0.954 0.054
vt 0.954 0.054
vt 0.499 0.905
vt 0.649 0.905
vt 0.499 0.928
vt 0.649 0.905
vt 0.644 0.928
vt 0.499 0.928
vt 0.962 0.032
vt 0.96 0.032
vt 0.962 0.032
vt 0.96 0.032
vt 0.96 0.032
vt 0.962 0.032
vt 0.962 0.032
vt 0.96 0.032
vt 0.962 0.052
vt 0.96 0.032
vt 0.96 0.052
vt 0.962 0.052
vt 0.96 0.032
vt 0.96 0.032
vt 0.96 0.052
vt 0.96 0.032
vt 0.96 0.052
vt 0.96 0.052
vt 0.962 0.032
vt 0.962 0.032
vt 0.962 0.052
vt 0.962 0.032
vt 0.962 0.052
vt 0.962 0.052
vt 0.959 0.032
vt 0.959 0.032
vt 0.958 0.032
vt 0.959 0.032
vt 0.958 0.032
vt 0.958 0.032
vt 0.959 0.032
vt 0.959 0.032
vt 0.957 0.032
vt 0.959 0.032
vt 0.958 0.032
vt 0.957 0.032
vt 0.958 0.032
vt 0.959 0.032
vt 0.957 0.032
vt 0.959 0.032
vt 0.957 0.032
vt 0.957 0.032
vt 0.956 0.032
vt 0.957 0.032
vt 0.957 0.032
vt 0.957 0.032
vt 0.958 0.032
vt 0.957 0.032
vt 0.957 0.032
vt 0.956 0.032
vt 0.956 0.032
vt 0.956 0.032
vt 0.957 0.032
vt 0.956 0.032
vt 0.957 0.032
vt 0.957 0.032
vt 0.956 0.032
vt 0.956 0.032
vt 0.957 0.032
vt 0.956 0.032
vt 0.957 0.032
vt 0.957 0.032
vt 0.956 0.032
vt 0.957 0.032
vt 0.957 0.032
vt 0.956 0.032
vt 0.957 0.032
vt 0.956 0.032
vt 0.956 0.032
vt 0.956 0.033
vt 0.957 0.033
vt 0.956 0.032
vt 0.957 0.033
vt 0.957 0.032
vt 0.956 0.032
vt 0.956 0.032
vt 0.957 0.032
vt 0.956 0.032
vt 0.957 0.032
vt 0.957 0.032
vt 0.956 0.032
vt 0.957 0.032
vt 0.957 0.052
vt 0.957 0.032
vt 0.957 0.052
vt 0.957 0.052
vt 0.957 0.032
vt 0.957 0.032
vt 0.957 0.052
vt 0.957 0.032
vt 0.957 0.052
vt 0.957 0.052
vt 0.957 0.032
vt 0.958 0.032
vt 0.958 0.052
vt 0.958 0.032
vt 0.958 0.052
vt 0.958 0.052
vt 0.958 0.032
vt 0.956 0.032
vt 0.956 0.052
vt 0.956 0.032
vt 0.956 0.052
vt 0.956 0.052
vt 0.956 0.032
vt 0.956 0.034
vt 0.957 0.034
vt 0.956 0.033
vt 0.957 0.034
vt 0.957 0.033
vt 0.956 0.033
vt 0.958 0.032
vt 0.958 0.052
vt 0.959 0.032
vt 0.958 0.052
vt 0.959 0.052
vt 0.959 0.032
vt 0.956 0.032
vt 0.956 0.052
vt 0.956 0.032
vt 0.956 0.052
vt 0.956 0.052
vt 0.956 0.032
vt 0.959 0.032
vt 0.959 0.052
vt 0.959 0.032
vt 0.959 0.052
vt 0.959 0.052
vt 0.959 0.032
vt 0.957 0.032
vt 0.957 0.052
vt 0.957 0.032
vt 0.957 0.052
vt 0.957 0.052
vt 0.957 0.032
vt 0.956 0.032
vt 0.956 0.052
vt 0.956 0.034
vt 0.956 0.052
vt 0.956 0.04
vt 0.956 0.034
vt 0.957 0.032
vt 0.957 0.052
vt 0.958 0.032
vt 0.957 0.052
vt 0.958 0.052
vt 0.958 0.032
vt 0.957 0.032
vt 0.957 0.052
vt 0.956 0.032
vt 0.957 0.052
vt 0.956 0.052
vt 0.956 0.032
vt 0.958 0.032
vt 0.958 0.052
vt 0.957 0.032
vt 0.958 0.052
vt 0.957 0.052
vt 0.957 0.032
vt 0.956 0.032
vt 0.956 0.052
vt 0.956 0.032
vt 0.956 0.052
vt 0.956 0.052
vt 0.956 0.032
vt 0.956 0.032
vt 0.956 0.052
vt 0.956 0.032
vt 0.956 0.052
vt 0.956 0.052
vt 0.956 0.032
vt 0.957 0.032
vt 0.957 0.052
vt 0.957 0.032
vt 0.957 0.052
vt 0.957 0.052
vt 0.957 0.032
vt 0.959 0.032
vt 0.959 0.052
vt 0.959 0.032
vt 0.959 0.052
vt 0.959 0.052
vt 0.959 0.032
vt 0.956 0.04
vt 0.956 0.041
vt 0.957 0.04
vt 0.956 0.041
vt 0.957 0.041
vt 0.957 0.04
vt 0.956 0.041
vt 0.956 0.041
vt 0.957 0.041
vt 0.956 0.041
vt 0.957 0.041
vt 0.957 0.041
vt 0.956 0.041
vt 0.956 0.041
vt 0.957 0.041
vt 0.956 0.041
vt 0.957 0.041
vt 0.957 0.041
vt 0.956 0.041
vt 0.956 0.041
vt 0.957 0.041
vt 0.956 0.041
vt 0.957 0.041
vt 0.957 0.041
vt 0.957 0.052
vt 0.957 0.041
vt 0.957 0.041
vt 0.957 0.052
vt 0.957 0.041
vt 0.957 0.041
vt 0.957 0.052
vt 0.957 0.041
vt 0.957 0.041
vt 0.957 0.052
vt 0.957 0.04
vt 0.957 0.041
vt 0.956 0.052
vt 0.956 0.041
vt 0.956 0.04
vt 0.956 0.052
vt 0.956 0.041
vt 0.956 0.041
vt 0.956 0.052
vt 0.956 0.041
vt 0.956 0.041
vt 0.956 0.052
vt 0.956 0.041
vt 0.956 0.041
vt 0.956 0.041
vt 0.956 0.052
vt 0.956 0.052
vt 0.957 0.052
vt 0.957 0.041
vt 0.957 0.052
vt 0.957 0.032
vt 0.956 0.032
vt 0.957 0.032
vt 0.956 0.032
vt 0.956 0.032
vt 0.957 0.032
vt 0.956 0.032
vt 0.956 0.032
vt 0.956 0.033
vt 0.956 0.034
vt 0.956 0.033
vt 0.956 0.032
vt 0.956 0.033
vt 0.956 0.032
vt 0.956 0.032
vt 0.956 0.04
vt 0.957 0.04
vt 0.956 0.034
vt 0.957 0.04
vt 0.957 0.034
vt 0.956 0.034
vt 0.957 0.04
vt 0.957 0.052
vt 0.957 0.034
vt 0.957 0.052
vt 0.957 0.032
vt 0.957 0.034
vt 0.957 0.033
vt 0.957 0.034
vt 0.957 0.032
vt 0.957 0.034
vt 0.957 0.032
vt 0.957 0.032
vt 0.957 0.032
vt 0.957 0.033
vt 0.957 0.032
vt 0.964 0.053
vt 0.964 0.053
vt 0.964 0.053
vt 0.964 0.053
vt 0.964 0.053
vt 0.964 0.053
vt 0.964 0.053
vt 0.964 0.053
vt 0.964 0.053
vt 0.964 0.053
vt 0.964 0.053
vt 0.964 0.053
vt 0.964 0.053
vt 0.964 0.053
vt 0.964 0.053
vt 0.964 0.053
vt 0.964 0.053
vt 0.964 0.053
vt 0.964 0.053
vt 0.964 0.053
vt 0.964 0.053
vt 0.964 0.053
vt 0.964 0.053
vt 0.964 0.053
vt 0.963 0.053
vt 0.964 0.053
vt 0.964 0.053
vt 0.964 0.053
vt 0.964 0.053
vt 0.964 0.053
vt 0.964 0.053
vt 0.964 0.053
vt 0.964 0.053
vt 0.964 0.053
vt 0.964 0.053
vt 0.964 0.053
vt 0.964 0.053
vt 0.964 0.053
vt 0.964 0.053
vt 0.964 0.053
vt 0.964 0.053
vt 0.964 0.053
vt 0.964 0.053
vt 0.964 0.053
vt 0.964 0.053
vt 0.964 0.053
vt 0.964 0.053
vt 0.964 0.053
vt 0.963 0.054
vt 0.963 0.053
vt 0.963 0.054
vt 0.964 0.054
vt 0.964 0.053
vt 0.964 0.054
vt 0.964 0.053
vt 0.964 0.053
vt 0.964 0.054
vt 0.964 0.054
vt 0.964 0.053
vt 0.964 0.054
vt 0.964 0.053
vt 0.964 0.053
vt 0.964 0.054
vt 0.964 0.054
vt 0.964 0.054
vt 0.964 0.054
vt 0.964 0.054
vt 0.964 0.054
vt 0.964 0.054
vt 0.964 0.054
vt 0.964 0.054
vt 0.964 0.054
vt 0.964 0.054
vt 0.964 0.054
vt 0.964 0.054
vt 0.964 0.054
vt 0.964 0.054
vt 0.964 0.054
vt 0.964 0.054
vt 0.964 0.054
vt 0.964 0.054
vt 0.963 0.054
vt 0.964 0.054
vt 0.964 0.054
vt 0.964 0.054
vt 0.964 0.054
vt 0.964 0.054
vt 0.963 0.054
vt 0.963 0.054
vt 0.963 0.054
vt 0.963 0.054
vt 0.964 0.054
vt 0.963 0.054
vt 0.964 0.054
vt 0.964 0.054
vt 0.964 0.054
vt 0.964 0.054
vt 0.964 0.054
vt 0.964 0.054
vt 0.964 0.054
vt 0.964 0.054
vt 0.964 0.054
vt 0.964 0.054
vt 0.964 0.054
vt 0.964 0.054
vt 0.964 0.054
vt 0.963 0.054
vt 0.964 0.054
vt 0.963 0.054
vt 0.964 0.054
vt 0.964 0.054
vt 0.963 0.054
vt 0.963 0.054
vt 0.964 0.054
vt 0.963 0.054
vt 0.963 0.054
vt 0.964 0.054
vt 0.964 0.054
vt 0.964 0.054
vt 0.964 0.054
vt 0.964 0.054
vt 0.964 0.054
vt 0.964 0.054
vt 0.963 0.054
vt 0.963 0.054
vt 0.963 0.054
vt 0.963 0.054
vt 0.963 0.054
vt 0.963 0.054
vt 0.964 0.054
vt 0.964 0.054
vt 0.964 0.054
vt 0.964 0.054
vt 0.964 0.054
vt 0.964 0.054
vt 0.964 0.054
vt 0.964 0.054
vt 0.964 0.054
vt 0.964 0.054
vt 0.964 0.054
vt 0.964 0.054
vt 0.964 0.054
vt 0.964 0.054
vt 0.964 0.054
vt 0.964 0.054
vt 0.963 0.054
vt 0.964 0.054
vt 0.963 0.054
vt 0.963 0.054
vt 0.964 0.054
vt 0.963 0.054
vt 0.964 0.054
vt 0.964 0.054
vt 0.964 0.054
vt 0.964 0.054
vt 0.964 0.054
vt 0.964 0.054
vt 0.964 0.054
vt 0.964 0.054
vt 0.964 0.054
vt 0.964 0.054
vt 0.964 0.054
vt 0.964 0.054
vt 0.964 0.054
vt 0.964 0.054
vt 0.964 0.054
vt 0.964 0.054
vt 0.964 0.054
vt 0.964 0.054
vt 0.964 0.054
vt 0.964 0.054
vt 0.964 0.054
vt 0.964 0.054
vt 0.964 0.054
vt 0.964 0.054
vt 0.964 0.054
vt 0.964 0.054
vt 0.964 0.054
vt 0.964 0.054
vt 0.964 0.054
vt 0.964 0.054
vt 0.964 0.054
vt 0.964 0.054
vt 0.964 0.054
vt 0.964 0.054
vt 0.964 0.054
vt 0.964 0.054
vt 0.964 0.054
vt 0.964 0.054
vt 0.964 0.054
vt 0.964 0.054
vt 0.964 0.054
vt 0.964 0.054
vt 0.964 0.054
vt 0.964 0.054
vt 0.964 0.054
vt 0.964 0.054
vt 0.964 0.054
vt 0.964 0.054
vt 0.964 0.054
vt 0.964 0.054
vt 0.964 0.054
vt 0.964 0.053
vt 0.964 0.054
vt 0.964 0.053
vt 0.964 0.053
vt 0.964 0.054
vt 0.964 0.053
vt 0.964 0.054
vt 0.964 0.054
vt 0.963 0.054
vt 0.964 0.054
vt 0.963 0.054
vt 0.964 0.054
vt 0.964 0.054
vt 0.963 0.054
vt 0.963 0.054
vt 0.964 0.054
vt 0.963 0.054
vt 0.964 0.054
vt 0.963 0.054
vt 0.963 0.054
vt 0.963 0.054
vt 0.963 0.054
vt 0.963 0.054
vt 0.963 0.054
vt 0.963 0.054
vt 0.963 0.054
vt 0.962 0.054
vt 0.963 0.054
vt 0.962 0.054
vt 0.963 0.054
vt 0.963 0.054
vt 0.962 0.054
vt 0.962 0.054
vt 0.963 0.054
vt 0.962 0.054
vt 0.963 0.054
vt 0.963 0.054
vt 0.962 0.054
vt 0.962 0.054
vt 0.963 0.054
vt 0.962 0.054
vt 0.963 0.054
vt 0.963 0.054
vt 0.962 0.054
vt 0.962 0.054
vt 0.963 0.054
vt 0.962 0.054
vt 0.963 0.054
vt 0.963 0.054
vt 0.962 0.054
vt 0.963 0.054
vt 0.963 0.054
vt 0.962 0.054
vt 0.964 0.054
vt 0.964 0.054
vt 0.963 0.054
vt 0.963 0.054
vt 0.963 0.054
vt 0.963 0.054
vt 0.963 0.054
vt 0.963 0.054
vt 0.963 0.054
vt 0.963 0.054
vt 0.963 0.054
vt 0.963 0.054
vt 0.963 0.054
vt 0.963 0.054
vt 0.963 0.054
vt 0.963 0.054
vt 0.963 0.054
vt 0.963 0.054
vt 0.963 0.054
vt 0.963 0.054
vt 0.963 0.054
vt 0.964 0.054
vt 0.963 0.054
vt 0.964 0.053
vt 0.963 0.054
vt 0.963 0.053
vt 0.964 0.053
vt 0.963 0.054
vt 0.963 0.054
vt 0.963 0.054
vt 0.963 0.054
vt 0.963 0.054
vt 0.963 0.054
vt 0.964 0.054
vt 0.964 0.054
vt 0.963 0.054
vt 0.964 0.054
vt 0.963 0.054
vt 0.963 0.054
vt 0.963 0.054
vt 0.963 0.054
vt 0.963 0.054
vt 0.963 0.054
vt 0.963 0.054
vt 0.963 0.054
vt 0.95 0.065
vt 0.954 0.065
vt 0.951 0.065
vt 0.954 0.065
vt 0.954 0.065
vt 0.952 0.065
vt 0.954 0.065
vt 0.952 0.065
vt 0.951 0.065
vt 0.954 0.065
vt 0.95 0.065
vt 0.95 0.065
vt 0.793 0.469
vt 0.793 0.38
vt 0.807 0.469
vt 0.793 0.38
vt 0.807 0.38
vt 0.807 0.469
vt 0.779 0.469
vt 0.779 0.38
vt 0.793 0.469
vt 0.779 0.38
vt 0.793 0.38
vt 0.793 0.469
vt 0.764 0.469
vt 0.764 0.38
vt 0.779 0.469
vt 0.764 0.38
vt 0.779 0.38
vt 0.779 0.469
vt 0.75 0.38
vt 0.764 0.38
vt 0.75 0.469
vt 0.764 0.38
vt 0.764 0.469
vt 0.75 0.469
vt 0.018 0.906
vt 0.018 0.732
vt 0.039 0.906
vt 0.018 0.732
vt 0.039 0.732
vt 0.039 0.906
vt 0.018 0.732
vt 0.018 0.568
vt 0.039 0.732
vt 0.018 0.568
vt 0.039 0.568
vt 0.039 0.732
vt 0.709 0.104
vt 0.499 0.104
vt 0.709 0.073
vt 0.499 0.104
vt 0.499 0.073
vt 0.709 0.073
vt 0.679 0.268
vt 0.701 0.268
vt 0.649 0.441
vt 0.701 0.268
vt 0.67 0.441
vt 0.649 0.441
vt 0.944 0.044
vt 0.944 0.044
vt 0.942 0.044
vt 0.944 0.044
vt 0.942 0.044
vt 0.942 0.044
vt 0.944 0.044
vt 0.944 0.045
vt 0.942 0.044
vt 0.944 0.045
vt 0.943 0.045
vt 0.942 0.044
vt 0.944 0.046
vt 0.943 0.046
vt 0.944 0.045
vt 0.943 0.046
vt 0.943 0.045
vt 0.944 0.045
vt 0.945 0.047
vt 0.943 0.048
vt 0.944 0.046
vt 0.943 0.048
vt 0.943 0.046
vt 0.944 0.046
vt 0.945 0.049
vt 0.943 0.049
vt 0.945 0.047
vt 0.943 0.049
vt 0.943 0.048
vt 0.945 0.047
vt 0.945 0.049
vt 0.945 0.05
vt 0.943 0.049
vt 0.945 0.05
vt 0.943 0.05
vt 0.943 0.049
vt 0.945 0.05
vt 0.944 0.051
vt 0.945 0.05
vt 0.944 0.051
vt 0.943 0.05
vt 0.945 0.05
vt 0.945 0.051
vt 0.944 0.051
vt 0.945 0.05
vt 0.944 0.051
vt 0.944 0.051
vt 0.945 0.05
vt 0.94 0.032
vt 0.943 0.032
vt 0.94 0.032
vt 0.943 0.032
vt 0.943 0.032
vt 0.94 0.032
vt 0.942 0.043
vt 0.942 0.044
vt 0.942 0.043
vt 0.942 0.044
vt 0.942 0.043
vt 0.942 0.043
vt 0.941 0.032
vt 0.942 0.032
vt 0.941 0.032
vt 0.942 0.032
vt 0.943 0.032
vt 0.941 0.032
vt 0.039 0.732
vt 0.039 0.568
vt 0.133 0.732
vt 0.039 0.568
vt 0.133 0.568
vt 0.133 0.732
vt 0.709 0.104
vt 0.709 0.073
vt 0.731 0.104
vt 0.709 0.073
vt 0.731 0.073
vt 0.731 0.104
vt 0.942 0.044
vt 0.942 0.044
vt 0.942 0.043
vt 0.942 0.044
vt 0.942 0.044
vt 0.942 0.043
vt 0.679 0.268
vt 0.709 0.104
vt 0.701 0.268
vt 0.709 0.104
vt 0.731 0.104
vt 0.701 0.268
vt 0.943 0.046
vt 0.943 0.046
vt 0.942 0.044
vt 0.943 0.046
vt 0.942 0.044
vt 0.942 0.044
vt 0.946 0.054
vt 0.946 0.054
vt 0.945 0.054
vt 0.946 0.054
vt 0.945 0.054
vt 0.945 0.054
vt 0.943 0.048
vt 0.943 0.048
vt 0.943 0.046
vt 0.943 0.048
vt 0.943 0.046
vt 0.943 0.046
vt 0.943 0.049
vt 0.943 0.049
vt 0.943 0.048
vt 0.943 0.049
vt 0.943 0.048
vt 0.943 0.048
vt 0.944 0.051
vt 0.943 0.051
vt 0.943 0.049
vt 0.943 0.051
vt 0.943 0.049
vt 0.943 0.049
vt 0.944 0.052
vt 0.944 0.052
vt 0.944 0.051
vt 0.944 0.052
vt 0.943 0.051
vt 0.944 0.051
vt 0.039 0.568
vt 0.039 0.537
vt 0.133 0.568
vt 0.039 0.537
vt 0.133 0.537
vt 0.133 0.568
vt 0.945 0.051
vt 0.945 0.052
vt 0.945 0.052
vt 0.944 0.052
vt 0.944 0.052
vt 0.944 0.052
vt 0.944 0.052
vt 0.944 0.052
vt 0.944 0.052
vt 0.944 0.044
vt 0.943 0.036
vt 0.944 0.044
vt 0.943 0.036
vt 0.943 0.032
vt 0.954 0.036
vt 0.943 0.032
vt 0.954 0.032
vt 0.954 0.036
vt 0.944 0.045
vt 0.944 0.044
vt 0.943 0.036
vt 0.944 0.046
vt 0.944 0.045
vt 0.943 0.036
vt 0.954 0.052
vt 0.945 0.052
vt 0.954 0.052
vt 0.945 0.052
vt 0.945 0.052
vt 0.954 0.052
vt 0.944 0.046
vt 0.943 0.036
vt 0.945 0.047
vt 0.943 0.032
vt 0.943 0.036
vt 0.943 0.032
vt 0.943 0.036
vt 0.943 0.036
vt 0.943 0.032
vt 0.945 0.052
vt 0.945 0.05
vt 0.945 0.05
vt 0.945 0.052
vt 0.945 0.05
vt 0.945 0.049
vt 0.945 0.052
vt 0.945 0.051
vt 0.945 0.05
vt 0.945 0.052
vt 0.945 0.049
vt 0.945 0.047
vt 0.943 0.036
vt 0.954 0.036
vt 0.945 0.052
vt 0.954 0.036
vt 0.954 0.052
vt 0.945 0.052
vt 0.945 0.047
vt 0.943 0.036
vt 0.945 0.052
vt 0.944 0.051
vt 0.944 0.052
vt 0.944 0.051
vt 0.944 0.052
vt 0.944 0.052
vt 0.944 0.051
vt 0.944 0.051
vt 0.944 0.052
vt 0.943 0.05
vt 0.944 0.052
vt 0.944 0.051
vt 0.943 0.05
vt 0.943 0.05
vt 0.944 0.051
vt 0.943 0.049
vt 0.944 0.051
vt 0.943 0.049
vt 0.943 0.049
vt 0.943 0.049
vt 0.943 0.049
vt 0.943 0.048
vt 0.943 0.049
vt 0.943 0.048
vt 0.943 0.048
vt 0.943 0.048
vt 0.943 0.048
vt 0.943 0.046
vt 0.943 0.048
vt 0.943 0.046
vt 0.943 0.046
vt 0.943 0.046
vt 0.943 0.046
vt 0.943 0.045
vt 0.943 0.046
vt 0.942 0.044
vt 0.943 0.045
vt 0.943 0.045
vt 0.942 0.044
vt 0.942 0.044
vt 0.942 0.044
vt 0.942 0.043
vt 0.942 0.044
vt 0.942 0.044
vt 0.942 0.043
vt 0.942 0.044
vt 0.942 0.043
vt 0.942 0.043
vt 0.942 0.044
vt 0.133 0.732
vt 0.103 0.748
vt 0.039 0.732
vt 0.103 0.748
vt 0.078 0.764
vt 0.039 0.732
vt 0.078 0.764
vt 0.061 0.789
vt 0.039 0.732
vt 0.061 0.789
vt 0.055 0.819
vt 0.039 0.732
vt 0.055 0.819
vt 0.039 0.906
vt 0.039 0.732
vt 0.133 0.742
vt 0.103 0.748
vt 0.133 0.732
vt 0.061 0.849
vt 0.039 0.906
vt 0.055 0.819
vt 0.078 0.874
vt 0.039 0.906
vt 0.061 0.849
vt 0.103 0.891
vt 0.039 0.906
vt 0.078 0.874
vt 0.039 0.906
vt 0.103 0.891
vt 0.133 0.906
vt 0.133 0.906
vt 0.103 0.891
vt 0.133 0.896
vt 0.954 0.032
vt 0.954 0.032
vt 0.942 0.032
vt 0.954 0.032
vt 0.943 0.032
vt 0.942 0.032
vt 0.944 0.044
vt 0.943 0.036
vt 0.943 0.036
vt 0.039 0.537
vt 0.039 0.568
vt 0.018 0.537
vt 0.039 0.568
vt 0.018 0.568
vt 0.018 0.537
vt 0.946 0.054
vt 0.946 0.054
vt 0.954 0.054
vt 0.946 0.054
vt 0.954 0.054
vt 0.954 0.054
vt 0.499 0.268
vt 0.679 0.268
vt 0.499 0.441
vt 0.679 0.268
vt 0.649 0.441
vt 0.499 0.441
vt 0.709 0.104
vt 0.679 0.268
vt 0.499 0.104
vt 0.679 0.268
vt 0.499 0.268
vt 0.499 0.104
vt 0.941 0.032
vt 0.943 0.032
vt 0.94 0.032
vt 0.943 0.032
vt 0.94 0.032
vt 0.94 0.032
vt 0.039 0.929
vt 0.039 0.906
vt 0.133 0.929
vt 0.039 0.906
vt 0.133 0.906
vt 0.133 0.929
vt 0.95 0.054
vt 0.946 0.054
vt 0.95 0.054
vt 0.95 0.054
vt 0.946 0.054
vt 0.946 0.054
vt 0.951 0.054
vt 0.946 0.054
vt 0.95 0.054
vt 0.952 0.054
vt 0.946 0.054
vt 0.951 0.054
vt 0.946 0.054
vt 0.952 0.054
vt 0.954 0.054
vt 0.954 0.054
vt 0.952 0.054
vt 0.954 0.054
vt 0.941 0.032
vt 0.941 0.032
vt 0.941 0.032
vt 0.941 0.032
vt 0.941 0.032
vt 0.94 0.032
vt 0.94 0.032
vt 0.941 0.032
vt 0.94 0.032
vt 0.94 0.032
vt 0.941 0.032
vt 0.94 0.032
vt 0.662 0.456
vt 0.649 0.441
vt 0.668 0.448
vt 0.018 0.906
vt 0.039 0.906
vt 0.02 0.913
vt 0.039 0.906
vt 0.031 0.926
vt 0.025 0.921
vt 0.662 0.456
vt 0.654 0.461
vt 0.649 0.441
vt 0.946 0.054
vt 0.945 0.054
vt 0.945 0.054
vt 0.946 0.054
vt 0.945 0.054
vt 0.946 0.054
vt 0.649 0.441
vt 0.654 0.461
vt 0.644 0.464
vt 0.941 0.032
vt 0.941 0.032
vt 0.941 0.033
vt 0.941 0.032
vt 0.941 0.033
vt 0.941 0.033
vt 0.941 0.032
vt 0.94 0.032
vt 0.941 0.033
vt 0.94 0.032
vt 0.94 0.033
vt 0.941 0.033
vt 0.94 0.032
vt 0.94 0.032
vt 0.94 0.033
vt 0.94 0.032
vt 0.94 0.033
vt 0.94 0.033
vt 0.94 0.032
vt 0.94 0.032
vt 0.94 0.033
vt 0.94 0.032
vt 0.94 0.033
vt 0.94 0.033
vt 0.039 0.929
vt 0.031 0.926
vt 0.039 0.906
vt 0.941 0.033
vt 0.941 0.033
vt 0.942 0.043
vt 0.941 0.033
vt 0.942 0.043
vt 0.942 0.043
vt 0.941 0.033
vt 0.94 0.033
vt 0.942 0.043
vt 0.94 0.033
vt 0.942 0.043
vt 0.942 0.043
vt 0.94 0.033
vt 0.94 0.033
vt 0.942 0.043
vt 0.94 0.033
vt 0.942 0.043
vt 0.942 0.043
vt 0.94 0.033
vt 0.94 0.033
vt 0.942 0.043
vt 0.94 0.033
vt 0.942 0.043
vt 0.942 0.043
vt 0.944 0.053
vt 0.944 0.053
vt 0.942 0.043
vt 0.944 0.053
vt 0.942 0.043
vt 0.942 0.043
vt 0.944 0.053
vt 0.944 0.053
vt 0.942 0.043
vt 0.944 0.053
vt 0.942 0.043
vt 0.942 0.043
vt 0.944 0.053
vt 0.944 0.053
vt 0.942 0.043
vt 0.944 0.053
vt 0.942 0.043
vt 0.942 0.043
vt 0.944 0.053
vt 0.944 0.053
vt 0.942 0.043
vt 0.944 0.053
vt 0.942 0.043
vt 0.942 0.043
vt 0.945 0.054
vt 0.946 0.054
vt 0.945 0.054
vt 0.039 0.906
vt 0.025 0.921
vt 0.02 0.913
vt 0.945 0.054
vt 0.944 0.054
vt 0.945 0.054
vt 0.944 0.054
vt 0.944 0.054
vt 0.945 0.054
vt 0.944 0.054
vt 0.944 0.054
vt 0.944 0.054
vt 0.944 0.054
vt 0.944 0.054
vt 0.944 0.054
vt 0.944 0.054
vt 0.944 0.054
vt 0.944 0.054
vt 0.944 0.054
vt 0.944 0.054
vt 0.944 0.054
vt 0.944 0.054
vt 0.944 0.054
vt 0.944 0.054
vt 0.944 0.054
vt 0.944 0.054
vt 0.944 0.054
vt 0.946 0.054
vt 0.945 0.054
vt 0.945 0.054
vt 0.668 0.448
vt 0.649 0.441
vt 0.67 0.441
vt 0.946 0.054
vt 0.946 0.054
vt 0.954 0.054
vt 0.946 0.054
vt 0.954 0.054
vt 0.954 0.054
vt 0.946 0.054
vt 0.946 0.054
vt 0.954 0.054
vt 0.946 0.054
vt 0.954 0.054
vt 0.954 0.054
vt 0.946 0.054
vt 0.946 0.054
vt 0.954 0.054
vt 0.946 0.054
vt 0.954 0.054
vt 0.954 0.054
vt 0.946 0.054
vt 0.946 0.054
vt 0.954 0.054
vt 0.946 0.054
vt 0.954 0.054
vt 0.954 0.054
vt 0.499 0.441
vt 0.649 0.441
vt 0.499 0.464
vt 0.649 0.441
vt 0.644 0.464
vt 0.499 0.464
vt 0.946 0.032
vt 0.948 0.032
vt 0.946 0.032
vt 0.948 0.032
vt 0.948 0.032
vt 0.946 0.032
vt 0.946 0.032
vt 0.948 0.032
vt 0.946 0.052
vt 0.948 0.032
vt 0.948 0.052
vt 0.946 0.052
vt 0.948 0.032
vt 0.948 0.032
vt 0.948 0.052
vt 0.948 0.032
vt 0.948 0.052
vt 0.948 0.052
vt 0.946 0.032
vt 0.946 0.032
vt 0.946 0.052
vt 0.946 0.032
vt 0.946 0.052
vt 0.946 0.052
vt 0.949 0.032
vt 0.949 0.032
vt 0.95 0.032
vt 0.949 0.032
vt 0.95 0.032
vt 0.95 0.032
vt 0.949 0.032
vt 0.949 0.032
vt 0.951 0.032
vt 0.949 0.032
vt 0.95 0.032
vt 0.951 0.032
vt 0.95 0.032
vt 0.949 0.032
vt 0.951 0.032
vt 0.949 0.032
vt 0.951 0.032
vt 0.951 0.032
vt 0.952 0.032
vt 0.951 0.032
vt 0.951 0.032
vt 0.951 0.032
vt 0.95 0.032
vt 0.951 0.032
vt 0.951 0.032
vt 0.952 0.032
vt 0.952 0.032
vt 0.952 0.032
vt 0.951 0.032
vt 0.952 0.032
vt 0.951 0.032
vt 0.951 0.032
vt 0.952 0.032
vt 0.952 0.032
vt 0.951 0.032
vt 0.952 0.032
vt 0.951 0.032
vt 0.951 0.032
vt 0.952 0.032
vt 0.951 0.032
vt 0.951 0.032
vt 0.952 0.032
vt 0.951 0.032
vt 0.952 0.032
vt 0.952 0.032
vt 0.952 0.033
vt 0.951 0.033
vt 0.952 0.032
vt 0.951 0.033
vt 0.951 0.032
vt 0.952 0.032
vt 0.952 0.032
vt 0.951 0.032
vt 0.952 0.032
vt 0.951 0.032
vt 0.951 0.032
vt 0.952 0.032
vt 0.951 0.032
vt 0.951 0.052
vt 0.951 0.032
vt 0.951 0.052
vt 0.951 0.052
vt 0.951 0.032
vt 0.951 0.032
vt 0.951 0.052
vt 0.951 0.032
vt 0.951 0.052
vt 0.951 0.052
vt 0.951 0.032
vt 0.95 0.032
vt 0.95 0.052
vt 0.95 0.032
vt 0.95 0.052
vt 0.95 0.052
vt 0.95 0.032
vt 0.952 0.032
vt 0.952 0.052
vt 0.952 0.032
vt 0.952 0.052
vt 0.952 0.052
vt 0.952 0.032
vt 0.952 0.034
vt 0.951 0.034
vt 0.952 0.033
vt 0.951 0.034
vt 0.951 0.033
vt 0.952 0.033
vt 0.95 0.032
vt 0.95 0.052
vt 0.949 0.032
vt 0.95 0.052
vt 0.949 0.052
vt 0.949 0.032
vt 0.952 0.032
vt 0.952 0.052
vt 0.952 0.032
vt 0.952 0.052
vt 0.952 0.052
vt 0.952 0.032
vt 0.949 0.032
vt 0.949 0.052
vt 0.949 0.032
vt 0.949 0.052
vt 0.949 0.052
vt 0.949 0.032
vt 0.951 0.032
vt 0.951 0.052
vt 0.951 0.032
vt 0.951 0.052
vt 0.951 0.052
vt 0.951 0.032
vt 0.952 0.032
vt 0.952 0.052
vt 0.952 0.034
vt 0.952 0.052
vt 0.952 0.04
vt 0.952 0.034
vt 0.951 0.032
vt 0.951 0.052
vt 0.95 0.032
vt 0.951 0.052
vt 0.95 0.052
vt 0.95 0.032
vt 0.951 0.032
vt 0.951 0.052
vt 0.952 0.032
vt 0.951 0.052
vt 0.952 0.052
vt 0.952 0.032
vt 0.95 0.032
vt 0.95 0.052
vt 0.951 0.032
vt 0.95 0.052
vt 0.951 0.052
vt 0.951 0.032
vt 0.952 0.032
vt 0.952 0.052
vt 0.952 0.032
vt 0.952 0.052
vt 0.952 0.052
vt 0.952 0.032
vt 0.952 0.032
vt 0.952 0.052
vt 0.952 0.032
vt 0.952 0.052
vt 0.952 0.052
vt 0.952 0.032
vt 0.951 0.032
vt 0.951 0.052
vt 0.951 0.032
vt 0.951 0.052
vt 0.951 0.052
vt 0.951 0.032
vt 0.949 0.032
vt 0.949 0.052
vt 0.949 0.032
vt 0.949 0.052
vt 0.949 0.052
vt 0.949 0.032
vt 0.952 0.04
vt 0.952 0.041
vt 0.951 0.04
vt 0.952 0.041
vt 0.951 0.041
vt 0.951 0.04
vt 0.952 0.041
vt 0.952 0.041
vt 0.951 0.041
vt 0.952 0.041
vt 0.951 0.041
vt 0.951 0.041
vt 0.952 0.041
vt 0.952 0.041
vt 0.951 0.041
vt 0.952 0.041
vt 0.951 0.041
vt 0.951 0.041
vt 0.952 0.041
vt 0.952 0.041
vt 0.951 0.041
vt 0.952 0.041
vt 0.951 0.041
vt 0.951 0.041
vt 0.951 0.052
vt 0.951 0.041
vt 0.951 0.041
vt 0.951 0.052
vt 0.951 0.041
vt 0.951 0.041
vt 0.951 0.052
vt 0.951 0.041
vt 0.951 0.041
vt 0.951 0.052
vt 0.951 0.04
vt 0.951 0.041
vt 0.952 0.052
vt 0.952 0.041
vt 0.952 0.04
vt 0.952 0.052
vt 0.952 0.041
vt 0.952 0.041
vt 0.952 0.052
vt 0.952 0.041
vt 0.952 0.041
vt 0.952 0.052
vt 0.952 0.041
vt 0.952 0.041
vt 0.952 0.041
vt 0.952 0.052
vt 0.952 0.052
vt 0.951 0.052
vt 0.951 0.041
vt 0.951 0.052
vt 0.951 0.032
vt 0.952 0.032
vt 0.951 0.032
vt 0.952 0.032
vt 0.952 0.032
vt 0.951 0.032
vt 0.952 0.032
vt 0.952 0.032
vt 0.952 0.033
vt 0.952 0.034
vt 0.952 0.033
vt 0.952 0.032
vt 0.952 0.033
vt 0.952 0.032
vt 0.952 0.032
vt 0.952 0.04
vt 0.951 0.04
vt 0.952 0.034
vt 0.951 0.04
vt 0.951 0.034
vt 0.952 0.034
vt 0.951 0.04
vt 0.951 0.052
vt 0.951 0.034
vt 0.951 0.052
vt 0.951 0.032
vt 0.951 0.034
vt 0.951 0.033
vt 0.951 0.034
vt 0.951 0.032
vt 0.951 0.034
vt 0.951 0.032
vt 0.951 0.032
vt 0.951 0.032
vt 0.951 0.033
vt 0.951 0.032
vt 0.944 0.053
vt 0.944 0.053
vt 0.944 0.053
vt 0.944 0.053
vt 0.944 0.053
vt 0.944 0.053
vt 0.944 0.053
vt 0.944 0.053
vt 0.944 0.053
vt 0.944 0.053
vt 0.944 0.053
vt 0.944 0.053
vt 0.944 0.053
vt 0.944 0.053
vt 0.944 0.053
vt 0.944 0.053
vt 0.944 0.053
vt 0.944 0.053
vt 0.944 0.053
vt 0.944 0.053
vt 0.944 0.053
vt 0.944 0.053
vt 0.944 0.053
vt 0.944 0.053
vt 0.945 0.053
vt 0.944 0.053
vt 0.944 0.053
vt 0.944 0.053
vt 0.944 0.053
vt 0.944 0.053
vt 0.944 0.053
vt 0.944 0.053
vt 0.944 0.053
vt 0.944 0.053
vt 0.944 0.053
vt 0.944 0.053
vt 0.944 0.053
vt 0.944 0.053
vt 0.944 0.053
vt 0.944 0.053
vt 0.944 0.053
vt 0.944 0.053
vt 0.944 0.053
vt 0.944 0.053
vt 0.944 0.053
vt 0.944 0.053
vt 0.944 0.053
vt 0.944 0.053
vt 0.945 0.054
vt 0.945 0.053
vt 0.945 0.054
vt 0.944 0.054
vt 0.944 0.053
vt 0.944 0.054
vt 0.944 0.053
vt 0.944 0.053
vt 0.944 0.054
vt 0.944 0.054
vt 0.944 0.053
vt 0.944 0.054
vt 0.944 0.053
vt 0.944 0.053
vt 0.944 0.054
vt 0.944 0.054
vt 0.944 0.054
vt 0.944 0.054
vt 0.944 0.054
vt 0.944 0.054
vt 0.944 0.054
vt 0.944 0.054
vt 0.944 0.054
vt 0.944 0.054
vt 0.944 0.054
vt 0.944 0.054
vt 0.944 0.054
vt 0.945 0.054
vt 0.944 0.054
vt 0.944 0.054
vt 0.944 0.054
vt 0.944 0.054
vt 0.944 0.054
vt 0.945 0.054
vt 0.945 0.054
vt 0.945 0.054
vt 0.945 0.054
vt 0.944 0.054
vt 0.945 0.054
vt 0.945 0.054
vt 0.945 0.054
vt 0.945 0.054
vt 0.945 0.054
vt 0.945 0.054
vt 0.945 0.054
vt 0.944 0.054
vt 0.944 0.054
vt 0.944 0.054
vt 0.944 0.054
vt 0.944 0.054
vt 0.944 0.054
vt 0.944 0.054
vt 0.945 0.054
vt 0.944 0.054
vt 0.945 0.054
vt 0.944 0.054
vt 0.944 0.054
vt 0.945 0.054
vt 0.945 0.054
vt 0.944 0.054
vt 0.945 0.054
vt 0.945 0.054
vt 0.944 0.054
vt 0.945 0.054
vt 0.945 0.054
vt 0.945 0.054
vt 0.945 0.054
vt 0.945 0.054
vt 0.945 0.054
vt 0.944 0.054
vt 0.944 0.054
vt 0.944 0.054
vt 0.944 0.054
vt 0.944 0.054
vt 0.944 0.054
vt 0.945 0.054
vt 0.945 0.054
vt 0.945 0.054
vt 0.945 0.054
vt 0.945 0.054
vt 0.945 0.054
vt 0.944 0.054
vt 0.944 0.054
vt 0.944 0.054
vt 0.944 0.054
vt 0.944 0.054
vt 0.944 0.054
vt 0.944 0.054
vt 0.944 0.054
vt 0.944 0.054
vt 0.944 0.054
vt 0.944 0.054
vt 0.944 0.054
vt 0.944 0.054
vt 0.944 0.054
vt 0.944 0.054
vt 0.944 0.054
vt 0.945 0.054
vt 0.944 0.054
vt 0.945 0.054
vt 0.945 0.054
vt 0.944 0.054
vt 0.945 0.054
vt 0.944 0.054
vt 0.944 0.054
vt 0.944 0.054
vt 0.944 0.054
vt 0.944 0.054
vt 0.944 0.054
vt 0.944 0.054
vt 0.944 0.054
vt 0.944 0.054
vt 0.944 0.054
vt 0.944 0.054
vt 0.944 0.054
vt 0.944 0.054
vt 0.944 0.054
vt 0.944 0.054
vt 0.944 0.054
vt 0.944 0.054
vt 0.944 0.054
vt 0.944 0.054
vt 0.944 0.054
vt 0.944 0.054
vt 0.944 0.054
vt 0.944 0.054
vt 0.944 0.054
vt 0.944 0.054
vt 0.944 0.054
vt 0.944 0.054
vt 0.944 0.054
vt 0.944 0.054
vt 0.944 0.054
vt 0.944 0.054
vt 0.944 0.054
vt 0.944 0.054
vt 0.944 0.054
vt 0.944 0.054
vt 0.944 0.054
vt 0.944 0.054
vt 0.944 0.054
vt 0.944 0.054
vt 0.944 0.054
vt 0.944 0.054
vt 0.944 0.054
vt 0.944 0.054
vt 0.944 0.054
vt 0.944 0.054
vt 0.944 0.054
vt 0.945 0.054
vt 0.944 0.054
vt 0.944 0.054
vt 0.945 0.054
vt 0.944 0.054
vt 0.944 0.053
vt 0.944 0.054
vt 0.944 0.053
vt 0.944 0.053
vt 0.944 0.054
vt 0.944 0.053
vt 0.944 0.054
vt 0.944 0.054
vt 0.945 0.054
vt 0.944 0.054
vt 0.945 0.054
vt 0.944 0.054
vt 0.945 0.054
vt 0.945 0.054
vt 0.945 0.054
vt 0.945 0.054
vt 0.945 0.054
vt 0.945 0.054
vt 0.945 0.054
vt 0.945 0.054
vt 0.945 0.054
vt 0.945 0.054
vt 0.945 0.054
vt 0.945 0.054
vt 0.945 0.054
vt 0.945 0.054
vt 0.946 0.054
vt 0.945 0.054
vt 0.946 0.054
vt 0.945 0.054
vt 0.945 0.054
vt 0.946 0.054
vt 0.946 0.054
vt 0.945 0.054
vt 0.946 0.054
vt 0.945 0.054
vt 0.945 0.054
vt 0.946 0.054
vt 0.946 0.054
vt 0.945 0.054
vt 0.946 0.054
vt 0.945 0.054
vt 0.945 0.054
vt 0.946 0.054
vt 0.946 0.054
vt 0.945 0.054
vt 0.946 0.054
vt 0.945 0.054
vt 0.945 0.054
vt 0.946 0.054
vt 0.945 0.054
vt 0.945 0.054
vt 0.946 0.054
vt 0.945 0.054
vt 0.944 0.054
vt 0.945 0.054
vt 0.945 0.054
vt 0.945 0.054
vt 0.945 0.054
vt 0.945 0.054
vt 0.945 0.054
vt 0.945 0.054
vt 0.945 0.054
vt 0.945 0.054
vt 0.945 0.054
vt 0.945 0.054
vt 0.945 0.054
vt 0.945 0.054
vt 0.945 0.054
vt 0.945 0.054
vt 0.945 0.054
vt 0.945 0.054
vt 0.945 0.054
vt 0.945 0.054
vt 0.944 0.054
vt 0.945 0.054
vt 0.944 0.053
vt 0.945 0.054
vt 0.945 0.053
vt 0.944 0.053
vt 0.945 0.054
vt 0.945 0.054
vt 0.945 0.054
vt 0.945 0.054
vt 0.945 0.054
vt 0.945 0.054
vt 0.944 0.054
vt 0.944 0.054
vt 0.945 0.054
vt 0.944 0.054
vt 0.945 0.054
vt 0.945 0.054
vt 0.945 0.054
vt 0.945 0.054
vt 0.945 0.054
vt 0.945 0.054
vt 0.945 0.054
vt 0.945 0.054
vt 0.958 0.065
vt 0.957 0.065
vt 0.954 0.065
vt 0.954 0.065
vt 0.956 0.065
vt 0.954 0.065
vt 0.954 0.065
vt 0.957 0.065
vt 0.956 0.065
vt 0.954 0.065
vt 0.958 0.065
vt 0.958 0.065
vt 0.937 0.469
vt 0.923 0.469
vt 0.937 0.38
vt 0.923 0.469
vt 0.923 0.38
vt 0.937 0.38
vt 0.951 0.469
vt 0.937 0.469
vt 0.951 0.38
vt 0.937 0.469
vt 0.937 0.38
vt 0.951 0.38
vt 0.966 0.469
vt 0.951 0.469
vt 0.966 0.38
vt 0.951 0.469
vt 0.951 0.38
vt 0.966 0.38
vt 0.98 0.38
vt 0.98 0.469
vt 0.966 0.38
vt 0.98 0.469
vt 0.966 0.469
vt 0.966 0.38
vt 0.981 0.906
vt 0.96 0.906
vt 0.981 0.732
vt 0.96 0.906
vt 0.96 0.732
vt 0.981 0.732
vt 0.981 0.732
vt 0.96 0.732
vt 0.981 0.568
vt 0.96 0.732
vt 0.96 0.568
vt 0.981 0.568
vt 0.289 0.104
vt 0.289 0.073
vt 0.499 0.104
vt 0.289 0.073
vt 0.499 0.073
vt 0.499 0.104
vt 0.318 0.268
vt 0.349 0.441
vt 0.296 0.268
vt 0.349 0.441
vt 0.327 0.441
vt 0.296 0.268
vt 0.964 0.044
vt 0.966 0.044
vt 0.964 0.044
vt 0.966 0.044
vt 0.966 0.044
vt 0.964 0.044
vt 0.964 0.044
vt 0.966 0.044
vt 0.964 0.045
vt 0.966 0.044
vt 0.965 0.045
vt 0.964 0.045
vt 0.964 0.046
vt 0.964 0.045
vt 0.965 0.046
vt 0.964 0.045
vt 0.965 0.045
vt 0.965 0.046
vt 0.963 0.047
vt 0.964 0.046
vt 0.965 0.048
vt 0.964 0.046
vt 0.965 0.046
vt 0.965 0.048
vt 0.963 0.049
vt 0.963 0.047
vt 0.965 0.049
vt 0.963 0.047
vt 0.965 0.048
vt 0.965 0.049
vt 0.963 0.049
vt 0.965 0.049
vt 0.963 0.05
vt 0.965 0.049
vt 0.965 0.05
vt 0.963 0.05
vt 0.963 0.05
vt 0.963 0.05
vt 0.964 0.051
vt 0.963 0.05
vt 0.965 0.05
vt 0.964 0.051
vt 0.963 0.051
vt 0.963 0.05
vt 0.964 0.051
vt 0.963 0.05
vt 0.964 0.051
vt 0.964 0.051
vt 0.968 0.032
vt 0.968 0.032
vt 0.965 0.032
vt 0.968 0.032
vt 0.965 0.032
vt 0.965 0.032
vt 0.966 0.043
vt 0.966 0.043
vt 0.966 0.044
vt 0.966 0.043
vt 0.966 0.043
vt 0.966 0.044
vt 0.967 0.032
vt 0.967 0.032
vt 0.966 0.032
vt 0.967 0.032
vt 0.965 0.032
vt 0.966 0.032
vt 0.96 0.732
vt 0.865 0.732
vt 0.96 0.568
vt 0.865 0.732
vt 0.865 0.568
vt 0.96 0.568
vt 0.289 0.104
vt 0.267 0.104
vt 0.289 0.073
vt 0.267 0.104
vt 0.267 0.073
vt 0.289 0.073
vt 0.966 0.044
vt 0.966 0.043
vt 0.966 0.044
vt 0.966 0.043
vt 0.966 0.044
vt 0.966 0.044
vt 0.318 0.268
vt 0.296 0.268
vt 0.289 0.104
vt 0.296 0.268
vt 0.267 0.104
vt 0.289 0.104
vt 0.965 0.046
vt 0.966 0.044
vt 0.966 0.046
vt 0.966 0.044
vt 0.966 0.044
vt 0.966 0.046
vt 0.962 0.054
vt 0.963 0.054
vt 0.962 0.054
vt 0.963 0.054
vt 0.963 0.054
vt 0.962 0.054
vt 0.965 0.048
vt 0.965 0.046
vt 0.965 0.048
vt 0.965 0.046
vt 0.966 0.046
vt 0.965 0.048
vt 0.965 0.049
vt 0.965 0.048
vt 0.965 0.049
vt 0.965 0.048
vt 0.965 0.048
vt 0.965 0.049
vt 0.964 0.051
vt 0.965 0.049
vt 0.965 0.051
vt 0.965 0.049
vt 0.965 0.049
vt 0.965 0.051
vt 0.964 0.052
vt 0.964 0.051
vt 0.964 0.052
vt 0.964 0.051
vt 0.965 0.051
vt 0.964 0.052
vt 0.96 0.568
vt 0.865 0.568
vt 0.96 0.537
vt 0.865 0.568
vt 0.865 0.537
vt 0.96 0.537
vt 0.963 0.051
vt 0.963 0.052
vt 0.963 0.052
vt 0.964 0.052
vt 0.964 0.052
vt 0.964 0.052
vt 0.964 0.052
vt 0.964 0.052
vt 0.964 0.052
vt 0.964 0.044
vt 0.964 0.044
vt 0.965 0.036
vt 0.965 0.036
vt 0.954 0.036
vt 0.965 0.032
vt 0.954 0.036
vt 0.954 0.032
vt 0.965 0.032
vt 0.964 0.045
vt 0.965 0.036
vt 0.964 0.044
vt 0.964 0.046
vt 0.965 0.036
vt 0.964 0.045
vt 0.954 0.052
vt 0.954 0.052
vt 0.963 0.052
vt 0.954 0.052
vt 0.963 0.052
vt 0.963 0.052
vt 0.964 0.046
vt 0.963 0.047
vt 0.965 0.036
vt 0.965 0.032
vt 0.965 0.032
vt 0.965 0.036
vt 0.965 0.032
vt 0.965 0.036
vt 0.965 0.036
vt 0.963 0.052
vt 0.963 0.05
vt 0.963 0.05
vt 0.963 0.052
vt 0.963 0.049
vt 0.963 0.05
vt 0.963 0.052
vt 0.963 0.05
vt 0.963 0.051
vt 0.963 0.052
vt 0.963 0.047
vt 0.963 0.049
vt 0.965 0.036
vt 0.963 0.052
vt 0.954 0.036
vt 0.963 0.052
vt 0.954 0.052
vt 0.954 0.036
vt 0.963 0.047
vt 0.963 0.052
vt 0.965 0.036
vt 0.964 0.051
vt 0.964 0.051
vt 0.964 0.052
vt 0.964 0.051
vt 0.964 0.052
vt 0.964 0.052
vt 0.964 0.051
vt 0.965 0.05
vt 0.964 0.052
vt 0.965 0.05
vt 0.964 0.051
vt 0.964 0.052
vt 0.965 0.05
vt 0.965 0.049
vt 0.964 0.051
vt 0.965 0.049
vt 0.965 0.049
vt 0.964 0.051
vt 0.965 0.049
vt 0.965 0.048
vt 0.965 0.049
vt 0.965 0.048
vt 0.965 0.048
vt 0.965 0.049
vt 0.965 0.048
vt 0.965 0.046
vt 0.965 0.048
vt 0.965 0.046
vt 0.965 0.046
vt 0.965 0.048
vt 0.965 0.046
vt 0.965 0.045
vt 0.965 0.046
vt 0.965 0.045
vt 0.966 0.044
vt 0.965 0.046
vt 0.965 0.045
vt 0.966 0.044
vt 0.966 0.044
vt 0.966 0.044
vt 0.966 0.043
vt 0.966 0.044
vt 0.966 0.044
vt 0.966 0.044
vt 0.966 0.043
vt 0.966 0.044
vt 0.966 0.043
vt 0.966 0.043
vt 0.865 0.732
vt 0.96 0.732
vt 0.896 0.748
vt 0.896 0.748
vt 0.96 0.732
vt 0.921 0.764
vt 0.921 0.764
vt 0.96 0.732
vt 0.938 0.789
vt 0.938 0.789
vt 0.96 0.732
vt 0.944 0.819
vt 0.944 0.819
vt 0.96 0.732
vt 0.96 0.906
vt 0.865 0.742
vt 0.865 0.732
vt 0.896 0.748
vt 0.938 0.849
vt 0.944 0.819
vt 0.96 0.906
vt 0.921 0.874
vt 0.938 0.849
vt 0.96 0.906
vt 0.896 0.891
vt 0.921 0.874
vt 0.96 0.906
vt 0.96 0.906
vt 0.865 0.906
vt 0.896 0.891
vt 0.865 0.906
vt 0.865 0.896
vt 0.896 0.891
vt 0.954 0.032
vt 0.966 0.032
vt 0.954 0.032
vt 0.966 0.032
vt 0.965 0.032
vt 0.954 0.032
vt 0.964 0.044
vt 0.965 0.036
vt 0.965 0.036
vt 0.96 0.537
vt 0.981 0.537
vt 0.96 0.568
vt 0.981 0.537
vt 0.981 0.568
vt 0.96 0.568
vt 0.962 0.054
vt 0.954 0.054
vt 0.962 0.054
vt 0.954 0.054
vt 0.954 0.054
vt 0.962 0.054
vt 0.499 0.268
vt 0.499 0.441
vt 0.318 0.268
vt 0.499 0.441
vt 0.349 0.441
vt 0.318 0.268
vt 0.289 0.104
vt 0.499 0.104
vt 0.318 0.268
vt 0.499 0.104
vt 0.499 0.268
vt 0.318 0.268
vt 0.967 0.032
vt 0.968 0.032
vt 0.965 0.032
vt 0.968 0.032
vt 0.968 0.032
vt 0.965 0.032
vt 0.96 0.929
vt 0.865 0.929
vt 0.96 0.906
vt 0.865 0.929
vt 0.865 0.906
vt 0.96 0.906
vt 0.958 0.054
vt 0.958 0.054
vt 0.962 0.054
vt 0.958 0.054
vt 0.962 0.054
vt 0.962 0.054
vt 0.957 0.054
vt 0.958 0.054
vt 0.962 0.054
vt 0.956 0.054
vt 0.957 0.054
vt 0.962 0.054
vt 0.962 0.054
vt 0.954 0.054
vt 0.956 0.054
vt 0.954 0.054
vt 0.954 0.054
vt 0.956 0.054
vt 0.967 0.032
vt 0.967 0.032
vt 0.967 0.032
vt 0.967 0.032
vt 0.968 0.032
vt 0.967 0.032
vt 0.968 0.032
vt 0.968 0.032
vt 0.967 0.032
vt 0.968 0.032
vt 0.968 0.032
vt 0.967 0.032
vt 0.335 0.456
vt 0.33 0.448
vt 0.349 0.441
vt 0.981 0.906
vt 0.979 0.913
vt 0.96 0.906
vt 0.96 0.906
vt 0.974 0.921
vt 0.968 0.926
vt 0.335 0.456
vt 0.349 0.441
vt 0.343 0.461
vt 0.962 0.054
vt 0.963 0.054
vt 0.963 0.054
vt 0.962 0.054
vt 0.962 0.054
vt 0.963 0.054
vt 0.349 0.441
vt 0.353 0.464
vt 0.343 0.461
vt 0.967 0.032
vt 0.967 0.033
vt 0.967 0.032
vt 0.967 0.033
vt 0.967 0.033
vt 0.967 0.032
vt 0.967 0.032
vt 0.967 0.033
vt 0.968 0.032
vt 0.967 0.033
vt 0.968 0.033
vt 0.968 0.032
vt 0.968 0.032
vt 0.968 0.033
vt 0.968 0.032
vt 0.968 0.033
vt 0.968 0.033
vt 0.968 0.032
vt 0.968 0.032
vt 0.968 0.033
vt 0.968 0.032
vt 0.968 0.033
vt 0.968 0.033
vt 0.968 0.032
vt 0.96 0.929
vt 0.96 0.906
vt 0.968 0.926
vt 0.967 0.033
vt 0.966 0.043
vt 0.967 0.033
vt 0.966 0.043
vt 0.966 0.043
vt 0.967 0.033
vt 0.967 0.033
vt 0.966 0.043
vt 0.968 0.033
vt 0.966 0.043
vt 0.966 0.043
vt 0.968 0.033
vt 0.968 0.033
vt 0.966 0.043
vt 0.968 0.033
vt 0.966 0.043
vt 0.966 0.043
vt 0.968 0.033
vt 0.968 0.033
vt 0.966 0.043
vt 0.968 0.033
vt 0.966 0.043
vt 0.966 0.043
vt 0.968 0.033
vt 0.964 0.053
vt 0.966 0.043
vt 0.964 0.053
vt 0.966 0.043
vt 0.966 0.043
vt 0.964 0.053
vt 0.964 0.053
vt 0.966 0.043
vt 0.964 0.053
vt 0.966 0.043
vt 0.966 0.043
vt 0.964 0.053
vt 0.964 0.053
vt 0.966 0.043
vt 0.964 0.053
vt 0.966 0.043
vt 0.966 0.043
vt 0.964 0.053
vt 0.964 0.053
vt 0.966 0.043
vt 0.964 0.053
vt 0.966 0.043
vt 0.966 0.043
vt 0.964 0.053
vt 0.963 0.054
vt 0.963 0.054
vt 0.962 0.054
vt 0.96 0.906
vt 0.979 0.913
vt 0.974 0.921
vt 0.963 0.054
vt 0.963 0.054
vt 0.964 0.054
vt 0.963 0.054
vt 0.964 0.054
vt 0.964 0.054
vt 0.964 0.054
vt 0.964 0.054
vt 0.964 0.054
vt 0.964 0.054
vt 0.964 0.054
vt 0.964 0.054
vt 0.964 0.054
vt 0.964 0.054
vt 0.964 0.054
vt 0.964 0.054
vt 0.964 0.054
vt 0.964 0.054
vt 0.964 0.054
vt 0.964 0.054
vt 0.964 0.054
vt 0.964 0.054
vt 0.964 0.054
vt 0.964 0.054
vt 0.962 0.054
vt 0.963 0.054
vt 0.963 0.054
vt 0.33 0.448
vt 0.327 0.441
vt 0.349 0.441
vt 0.962 0.054
vt 0.954 0.054
vt 0.962 0.054
vt 0.954 0.054
vt 0.954 0.054
vt 0.962 0.054
vt 0.962 0.054
vt 0.954 0.054
vt 0.962 0.054
vt 0.954 0.054
vt 0.954 0.054
vt 0.962 0.054
vt 0.962 0.054
vt 0.954 0.054
vt 0.962 0.054
vt 0.954 0.054
vt 0.954 0.054
vt 0.962 0.054
vt 0.962 0.054
vt 0.954 0.054
vt 0.962 0.054
vt 0.954 0.054
vt 0.954 0.054
vt 0.962 0.054
vt 0.499 0.441
vt 0.499 0.464
vt 0.349 0.441
vt 0.499 0.464
vt 0.353 0.464
vt 0.349 0.441
vt 0.962 0.032
vt 0.962 0.032
vt 0.96 0.032
vt 0.962 0.032
vt 0.96 0.032
vt 0.96 0.032
vt 0.962 0.032
vt 0.962 0.052
vt 0.96 0.032
vt 0.962 0.052
vt 0.96 0.052
vt 0.96 0.032
vt 0.96 0.032
vt 0.96 0.052
vt 0.96 0.032
vt 0.96 0.052
vt 0.96 0.052
vt 0.96 0.032
vt 0.962 0.032
vt 0.962 0.052
vt 0.962 0.032
vt 0.962 0.052
vt 0.962 0.052
vt 0.962 0.032
vt 0.959 0.032
vt 0.958 0.032
vt 0.959 0.032
vt 0.958 0.032
vt 0.958 0.032
vt 0.959 0.032
vt 0.959 0.032
vt 0.957 0.032
vt 0.959 0.032
vt 0.957 0.032
vt 0.958 0.032
vt 0.959 0.032
vt 0.958 0.032
vt 0.957 0.032
vt 0.959 0.032
vt 0.957 0.032
vt 0.957 0.032
vt 0.959 0.032
vt 0.956 0.032
vt 0.957 0.032
vt 0.957 0.032
vt 0.957 0.032
vt 0.958 0.032
vt 0.957 0.032
vt 0.957 0.032
vt 0.956 0.032
vt 0.956 0.032
vt 0.956 0.032
vt 0.956 0.032
vt 0.957 0.032
vt 0.956 0.032
vt 0.957 0.032
vt 0.957 0.032
vt 0.956 0.032
vt 0.956 0.032
vt 0.957 0.032
vt 0.956 0.032
vt 0.957 0.032
vt 0.957 0.032
vt 0.957 0.032
vt 0.956 0.032
vt 0.957 0.032
vt 0.956 0.032
vt 0.956 0.032
vt 0.957 0.032
vt 0.956 0.033
vt 0.956 0.032
vt 0.957 0.033
vt 0.956 0.032
vt 0.957 0.032
vt 0.957 0.033
vt 0.956 0.032
vt 0.956 0.032
vt 0.957 0.032
vt 0.956 0.032
vt 0.957 0.032
vt 0.957 0.032
vt 0.957 0.032
vt 0.957 0.032
vt 0.957 0.052
vt 0.957 0.032
vt 0.957 0.052
vt 0.957 0.052
vt 0.957 0.032
vt 0.957 0.032
vt 0.957 0.052
vt 0.957 0.032
vt 0.957 0.052
vt 0.957 0.052
vt 0.958 0.032
vt 0.958 0.032
vt 0.958 0.052
vt 0.958 0.032
vt 0.958 0.052
vt 0.958 0.052
vt 0.956 0.032
vt 0.956 0.032
vt 0.956 0.052
vt 0.956 0.032
vt 0.956 0.052
vt 0.956 0.052
vt 0.956 0.034
vt 0.956 0.033
vt 0.957 0.034
vt 0.956 0.033
vt 0.957 0.033
vt 0.957 0.034
vt 0.958 0.032
vt 0.959 0.032
vt 0.958 0.052
vt 0.959 0.032
vt 0.959 0.052
vt 0.958 0.052
vt 0.956 0.032
vt 0.956 0.032
vt 0.956 0.052
vt 0.956 0.032
vt 0.956 0.052
vt 0.956 0.052
vt 0.959 0.032
vt 0.959 0.032
vt 0.959 0.052
vt 0.959 0.032
vt 0.959 0.052
vt 0.959 0.052
vt 0.957 0.032
vt 0.957 0.032
vt 0.957 0.052
vt 0.957 0.032
vt 0.957 0.052
vt 0.957 0.052
vt 0.956 0.032
vt 0.956 0.034
vt 0.956 0.052
vt 0.956 0.034
vt 0.956 0.04
vt 0.956 0.052
vt 0.957 0.032
vt 0.958 0.032
vt 0.957 0.052
vt 0.958 0.032
vt 0.958 0.052
vt 0.957 0.052
vt 0.957 0.032
vt 0.956 0.032
vt 0.957 0.052
vt 0.956 0.032
vt 0.956 0.052
vt 0.957 0.052
vt 0.958 0.032
vt 0.957 0.032
vt 0.958 0.052
vt 0.957 0.032
vt 0.957 0.052
vt 0.958 0.052
vt 0.956 0.032
vt 0.956 0.032
vt 0.956 0.052
vt 0.956 0.032
vt 0.956 0.052
vt 0.956 0.052
vt 0.956 0.032
vt 0.956 0.032
vt 0.956 0.052
vt 0.956 0.032
vt 0.956 0.052
vt 0.956 0.052
vt 0.957 0.032
vt 0.957 0.032
vt 0.957 0.052
vt 0.957 0.032
vt 0.957 0.052
vt 0.957 0.052
vt 0.959 0.032
vt 0.959 0.032
vt 0.959 0.052
vt 0.959 0.032
vt 0.959 0.052
vt 0.959 0.052
vt 0.956 0.04
vt 0.957 0.04
vt 0.956 0.041
vt 0.957 0.04
vt 0.957 0.041
vt 0.956 0.041
vt 0.956 0.041
vt 0.957 0.041
vt 0.956 0.041
vt 0.957 0.041
vt 0.957 0.041
vt 0.956 0.041
vt 0.956 0.041
vt 0.957 0.041
vt 0.956 0.041
vt 0.957 0.041
vt 0.957 0.041
vt 0.956 0.041
vt 0.956 0.041
vt 0.957 0.041
vt 0.956 0.041
vt 0.957 0.041
vt 0.957 0.041
vt 0.956 0.041
vt 0.957 0.052
vt 0.957 0.041
vt 0.957 0.041
vt 0.957 0.052
vt 0.957 0.041
vt 0.957 0.041
vt 0.957 0.052
vt 0.957 0.041
vt 0.957 0.041
vt 0.957 0.052
vt 0.957 0.041
vt 0.957 0.04
vt 0.956 0.052
vt 0.956 0.04
vt 0.956 0.041
vt 0.956 0.052
vt 0.956 0.041
vt 0.956 0.041
vt 0.956 0.052
vt 0.956 0.041
vt 0.956 0.041
vt 0.956 0.052
vt 0.956 0.041
vt 0.956 0.041
vt 0.956 0.041
vt 0.956 0.052
vt 0.956 0.052
vt 0.957 0.052
vt 0.957 0.052
vt 0.957 0.041
vt 0.957 0.032
vt 0.957 0.032
vt 0.956 0.032
vt 0.957 0.032
vt 0.956 0.032
vt 0.956 0.032
vt 0.956 0.032
vt 0.956 0.033
vt 0.956 0.032
vt 0.956 0.034
vt 0.956 0.032
vt 0.956 0.033
vt 0.956 0.032
vt 0.956 0.032
vt 0.956 0.033
vt 0.956 0.04
vt 0.956 0.034
vt 0.957 0.04
vt 0.956 0.034
vt 0.957 0.034
vt 0.957 0.04
vt 0.957 0.04
vt 0.957 0.034
vt 0.957 0.052
vt 0.957 0.034
vt 0.957 0.032
vt 0.957 0.052
vt 0.957 0.033
vt 0.957 0.032
vt 0.957 0.034
vt 0.957 0.032
vt 0.957 0.032
vt 0.957 0.034
vt 0.957 0.032
vt 0.957 0.032
vt 0.957 0.033
vt 0.964 0.053
vt 0.964 0.053
vt 0.964 0.053
vt 0.964 0.053
vt 0.964 0.053
vt 0.964 0.053
vt 0.964 0.053
vt 0.964 0.053
vt 0.964 0.053
vt 0.964 0.053
vt 0.964 0.053
vt 0.964 0.053
vt 0.964 0.053
vt 0.964 0.053
vt 0.964 0.053
vt 0.964 0.053
vt 0.964 0.053
vt 0.964 0.053
vt 0.964 0.053
vt 0.964 0.053
vt 0.964 0.053
vt 0.964 0.053
vt 0.964 0.053
vt 0.964 0.053
vt 0.963 0.053
vt 0.964 0.053
vt 0.964 0.053
vt 0.964 0.053
vt 0.964 0.053
vt 0.964 0.053
vt 0.964 0.053
vt 0.964 0.053
vt 0.964 0.053
vt 0.964 0.053
vt 0.964 0.053
vt 0.964 0.053
vt 0.964 0.053
vt 0.964 0.053
vt 0.964 0.053
vt 0.964 0.053
vt 0.964 0.053
vt 0.964 0.053
vt 0.964 0.053
vt 0.964 0.053
vt 0.964 0.053
vt 0.964 0.053
vt 0.964 0.053
vt 0.964 0.053
vt 0.963 0.054
vt 0.963 0.054
vt 0.963 0.053
vt 0.964 0.054
vt 0.964 0.054
vt 0.964 0.053
vt 0.964 0.054
vt 0.964 0.053
vt 0.964 0.053
vt 0.964 0.054
vt 0.964 0.054
vt 0.964 0.053
vt 0.964 0.054
vt 0.964 0.053
vt 0.964 0.053
vt 0.964 0.054
vt 0.964 0.054
vt 0.964 0.054
vt 0.964 0.054
vt 0.964 0.054
vt 0.964 0.054
vt 0.964 0.054
vt 0.964 0.054
vt 0.964 0.054
vt 0.964 0.054
vt 0.964 0.054
vt 0.964 0.054
vt 0.964 0.054
vt 0.964 0.054
vt 0.964 0.054
vt 0.964 0.054
vt 0.964 0.054
vt 0.964 0.054
vt 0.963 0.054
vt 0.964 0.054
vt 0.964 0.054
vt 0.964 0.054
vt 0.964 0.054
vt 0.964 0.054
vt 0.963 0.054
vt 0.963 0.054
vt 0.963 0.054
vt 0.963 0.054
vt 0.964 0.054
vt 0.963 0.054
vt 0.964 0.054
vt 0.964 0.054
vt 0.964 0.054
vt 0.964 0.054
vt 0.964 0.054
vt 0.964 0.054
vt 0.964 0.054
vt 0.964 0.054
vt 0.964 0.054
vt 0.964 0.054
vt 0.964 0.054
vt 0.964 0.054
vt 0.964 0.054
vt 0.964 0.054
vt 0.963 0.054
vt 0.964 0.054
vt 0.964 0.054
vt 0.963 0.054
vt 0.963 0.054
vt 0.964 0.054
vt 0.963 0.054
vt 0.964 0.054
vt 0.963 0.054
vt 0.963 0.054
vt 0.964 0.054
vt 0.964 0.054
vt 0.964 0.054
vt 0.964 0.054
vt 0.964 0.054
vt 0.964 0.054
vt 0.963 0.054
vt 0.963 0.054
vt 0.963 0.054
vt 0.963 0.054
vt 0.963 0.054
vt 0.963 0.054
vt 0.964 0.054
vt 0.964 0.054
vt 0.964 0.054
vt 0.964 0.054
vt 0.964 0.054
vt 0.964 0.054
vt 0.964 0.054
vt 0.964 0.054
vt 0.964 0.054
vt 0.964 0.054
vt 0.964 0.054
vt 0.964 0.054
vt 0.964 0.054
vt 0.964 0.054
vt 0.964 0.054
vt 0.964 0.054
vt 0.964 0.054
vt 0.963 0.054
vt 0.964 0.054
vt 0.963 0.054
vt 0.963 0.054
vt 0.963 0.054
vt 0.964 0.054
vt 0.964 0.054
vt 0.964 0.054
vt 0.964 0.054
vt 0.964 0.054
vt 0.964 0.054
vt 0.964 0.054
vt 0.964 0.054
vt 0.964 0.054
vt 0.964 0.054
vt 0.964 0.054
vt 0.964 0.054
vt 0.964 0.054
vt 0.964 0.054
vt 0.964 0.054
vt 0.964 0.054
vt 0.964 0.054
vt 0.964 0.054
vt 0.964 0.054
vt 0.964 0.054
vt 0.964 0.054
vt 0.964 0.054
vt 0.964 0.054
vt 0.964 0.054
vt 0.964 0.054
vt 0.964 0.054
vt 0.964 0.054
vt 0.964 0.054
vt 0.964 0.054
vt 0.964 0.054
vt 0.964 0.054
vt 0.964 0.054
vt 0.964 0.054
vt 0.964 0.054
vt 0.964 0.054
vt 0.964 0.054
vt 0.964 0.054
vt 0.964 0.054
vt 0.964 0.054
vt 0.964 0.054
vt 0.964 0.054
vt 0.964 0.054
vt 0.964 0.054
vt 0.964 0.054
vt 0.964 0.054
vt 0.964 0.054
vt 0.964 0.054
vt 0.964 0.054
vt 0.964 0.054
vt 0.964 0.054
vt 0.964 0.054
vt 0.964 0.054
vt 0.964 0.053
vt 0.964 0.054
vt 0.964 0.053
vt 0.964 0.053
vt 0.964 0.053
vt 0.964 0.054
vt 0.964 0.054
vt 0.963 0.054
vt 0.963 0.054
vt 0.964 0.054
vt 0.963 0.054
vt 0.964 0.054
vt 0.964 0.054
vt 0.963 0.054
vt 0.963 0.054
vt 0.964 0.054
vt 0.963 0.054
vt 0.963 0.054
vt 0.964 0.054
vt 0.963 0.054
vt 0.963 0.054
vt 0.963 0.054
vt 0.963 0.054
vt 0.963 0.054
vt 0.963 0.054
vt 0.962 0.054
vt 0.962 0.054
vt 0.963 0.054
vt 0.962 0.054
vt 0.963 0.054
vt 0.963 0.054
vt 0.962 0.054
vt 0.962 0.054
vt 0.963 0.054
vt 0.962 0.054
vt 0.963 0.054
vt 0.963 0.054
vt 0.962 0.054
vt 0.962 0.054
vt 0.963 0.054
vt 0.962 0.054
vt 0.963 0.054
vt 0.963 0.054
vt 0.962 0.054
vt 0.962 0.054
vt 0.963 0.054
vt 0.962 0.054
vt 0.963 0.054
vt 0.963 0.054
vt 0.963 0.054
vt 0.962 0.054
vt 0.963 0.054
vt 0.964 0.054
vt 0.963 0.054
vt 0.964 0.054
vt 0.963 0.054
vt 0.963 0.054
vt 0.963 0.054
vt 0.963 0.054
vt 0.963 0.054
vt 0.963 0.054
vt 0.963 0.054
vt 0.963 0.054
vt 0.963 0.054
vt 0.963 0.054
vt 0.963 0.054
vt 0.963 0.054
vt 0.963 0.054
vt 0.963 0.054
vt 0.963 0.054
vt 0.963 0.054
vt 0.963 0.054
vt 0.963 0.054
vt 0.964 0.054
vt 0.964 0.053
vt 0.963 0.054
vt 0.964 0.053
vt 0.963 0.053
vt 0.963 0.054
vt 0.963 0.054
vt 0.963 0.054
vt 0.963 0.054
vt 0.963 0.054
vt 0.963 0.054
vt 0.963 0.054
vt 0.964 0.054
vt 0.963 0.054
vt 0.964 0.054
vt 0.963 0.054
vt 0.963 0.054
vt 0.964 0.054
vt 0.963 0.054
vt 0.963 0.054
vt 0.963 0.054
vt 0.963 0.054
vt 0.963 0.054
vt 0.963 0.054
usemtl MB_194_official_3196
s off
f 2150/5743 2151/5744 2749/5745
f 2749/5746 2152/5747 2336/5748
f 2749/5749 2151/5750 2152/5751
f 2749/5752 2532/5753 2150/5754
f 2966/5755 2965/5756 2149/5757
f 2965/5758 2531/5759 2149/5760
f 2149/5761 2147/5762 2966/5763
f 2147/5764 2967/5765 2966/5766
f 2147/5767 2148/5768 2967/5769
f 2148/5770 2972/5771 2967/5772
f 2332/5773 2971/5774 2148/5775
f 2971/5776 2972/5777 2148/5778
f 3042/5779 2170/5780 3041/5781
f 2170/5782 2169/5783 3041/5784
f 3041/5785 2169/5786 3038/5787
f 2169/5788 3005/5789 3038/5790
f 2188/5791 2192/5792 2349/5793
f 2192/5794 2348/5795 2349/5796
f 2190/5797 2189/5798 2210/5799
f 2189/5800 3043/5801 2210/5802
f 2547/5803 2548/5804 2161/5805
f 2548/5806 2162/5807 2161/5808
f 2161/5809 2162/5810 2160/5811
f 2162/5812 2163/5813 2160/5814
f 2159/5815 2160/5816 2164/5817
f 2160/5818 2163/5819 2164/5820
f 2158/5821 2159/5822 2165/5823
f 2159/5824 2164/5825 2165/5826
f 2157/5827 2158/5828 2166/5829
f 2158/5830 2165/5831 2166/5832
f 2157/5833 2166/5834 2156/5835
f 2166/5836 2167/5837 2156/5838
f 2155/5839 2156/5840 2168/5841
f 2156/5842 2167/5843 2168/5844
f 2539/5845 2155/5846 2556/5847
f 2155/5848 2168/5849 2556/5850
f 3003/5851 2563/5852 2171/5853
f 2563/5854 2566/5855 2171/5856
f 2181/5857 2577/5858 2172/5859
f 2577/5860 2536/5861 2172/5862
f 2193/5863 2195/5864 3027/5865
f 2195/5866 2171/5867 3027/5868
f 2169/5869 2567/5870 3005/5871
f 2567/5872 2564/5873 3005/5874
f 2188/5875 2200/5876 2192/5877
f 2200/5878 3028/5879 2192/5880
f 2182/5881 2181/5882 2175/5883
f 2181/5884 2172/5885 2175/5886
f 2190/5887 2210/5888 2188/5889
f 2210/5890 2200/5891 2188/5892
f 2183/5893 2182/5894 2176/5895
f 2182/5896 2175/5897 2176/5898
f 2591/5899 2619/5900 2191/5901
f 2619/5902 3044/5903 2191/5904
f 2184/5905 2183/5906 2177/5907
f 2183/5908 2176/5909 2177/5910
f 2185/5911 2184/5912 2178/5913
f 2184/5914 2177/5915 2178/5916
f 2186/5917 2185/5918 2179/5919
f 2185/5920 2178/5921 2179/5922
f 2187/5923 2186/5924 2180/5925
f 2186/5926 2179/5927 2180/5928
f 2174/5929 3006/5930 2173/5931
f 3006/5932 3004/5933 2173/5934
f 2975/5935 2569/5936 2153/5937
f 3017/5938 2187/5939 2576/5940
f 2187/5941 2180/5942 2576/5943
f 2983/5944 2982/5945 2154/5946
f 3012/5947 2429/5948 2994/5949
f 2429/5950 3025/5951 2994/5952
f 2981/5953 2154/5954 2982/5955
f 2980/5956 2154/5957 2981/5958
f 2790/5959 2353/5960 3010/5961
f 2353/5962 3008/5963 3010/5964
f 2980/5965 2979/5966 2154/5967
f 2995/5968 2993/5969 3013/5970
f 2993/5971 2565/5972 3013/5973
f 2153/5974 2977/5975 2976/5976
f 2153/5977 2978/5978 2977/5979
f 2153/5980 2976/5981 2975/5982
f 2153/5983 2979/5984 2978/5985
f 3012/5986 3009/5987 2429/5988
f 3009/5989 3015/5990 2429/5991
f 2979/5992 2153/5993 2154/5994
f 2992/5995 2991/5996 2585/5997
f 2991/5998 3016/5999 2585/6000
f 2991/6001 2990/6002 3016/6003
f 2990/6004 3018/6005 3016/6006
f 2990/6007 2989/6008 3018/6009
f 2989/6010 3019/6011 3018/6012
f 2989/6013 2988/6014 3019/6015
f 2988/6016 3020/6017 3019/6018
f 2988/6019 2987/6020 3020/6021
f 2987/6022 3021/6023 3020/6024
f 2987/6025 2986/6026 3021/6027
f 2986/6028 3022/6029 3021/6030
f 2986/6031 2985/6032 3022/6033
f 2985/6034 3023/6035 3022/6036
f 2985/6037 2984/6038 3023/6039
f 2984/6040 3024/6041 3023/6042
f 2567/6043 2169/6044 3007/6045
f 3007/6046 2169/6047 3002/6048
f 3002/6049 2169/6050 3001/6051
f 3001/6052 2169/6053 3000/6054
f 3000/6055 2169/6056 2170/6057
f 3011/6058 2567/6059 3007/6060
f 2999/6061 3000/6062 2170/6063
f 2998/6064 2999/6065 2170/6066
f 2996/6067 2998/6068 2170/6069
f 2170/6070 2568/6071 2996/6072
f 2568/6073 2997/6074 2996/6075
f 3026/6076 3027/6077 2347/6078
f 3027/6079 2171/6080 2347/6081
f 2983/6082 2154/6083 3014/6084
f 2173/6085 3033/6086 2174/6087
f 3033/6088 3037/6089 2174/6090
f 3051/6091 3050/6092 2191/6093
f 3050/6094 2352/6095 2191/6096
f 2350/6097 2351/6098 2190/6099
f 2351/6100 2189/6101 2190/6102
f 2188/6103 2349/6104 2190/6105
f 2349/6106 2350/6107 2190/6108
f 2195/6109 2194/6110 2171/6111
f 2194/6112 3003/6113 2171/6114
f 3047/6115 3046/6116 2170/6117
f 3046/6118 2568/6119 2170/6120
f 2973/6121 2974/6122 2591/6123
f 2973/6124 2591/6125 2191/6126
f 2968/6127 2973/6128 2191/6129
f 2969/6130 2968/6131 2191/6132
f 2191/6133 2352/6134 2969/6135
f 2352/6136 2970/6137 2969/6138
f 2193/6139 2196/6140 2195/6141
f 2196/6142 2197/6143 2195/6144
f 2197/6145 2198/6146 2195/6147
f 2198/6148 2194/6149 2195/6150
f 2283/6151 2282/6152 2189/6153
f 3042/6154 2290/6155 2170/6156
f 2170/6157 2289/6158 2288/6159
f 2283/6160 2189/6161 2284/6162
f 2191/6163 2285/6164 2286/6165
f 3051/6166 2191/6167 2287/6168
f 2189/6169 3048/6170 2284/6171
f 3029/6172 3035/6173 3030/6174
f 3035/6175 2203/6176 3030/6177
f 3030/6178 2203/6179 3031/6180
f 2203/6181 2202/6182 3031/6183
f 3031/6184 2202/6185 3032/6186
f 2202/6187 2201/6188 3032/6189
f 3032/6190 2201/6191 3034/6192
f 2201/6193 2199/6194 3034/6195
f 3047/6196 2170/6197 2288/6198
f 3035/6199 3040/6200 2203/6201
f 3040/6202 2213/6203 2203/6204
f 2203/6205 2213/6206 2202/6207
f 2213/6208 2212/6209 2202/6210
f 2202/6211 2212/6212 3036/6213
f 2212/6214 2211/6215 3036/6216
f 3036/6217 2211/6218 3039/6219
f 2211/6220 2209/6221 3039/6222
f 2205/6223 2209/6224 2208/6225
f 2209/6226 2211/6227 2208/6228
f 2208/6229 2211/6230 2207/6231
f 2211/6232 2212/6233 2207/6234
f 2207/6235 2212/6236 2206/6237
f 2212/6238 2213/6239 2206/6240
f 2206/6241 2213/6242 2204/6243
f 2213/6244 3040/6245 2204/6246
f 3044/6247 2285/6248 2191/6249
f 2170/6250 2290/6251 2289/6252
f 2215/6253 3045/6254 2218/6255
f 3045/6256 2622/6257 2218/6258
f 2218/6259 2622/6260 2217/6261
f 2622/6262 2621/6263 2217/6264
f 2217/6265 2621/6266 2216/6267
f 2621/6268 2620/6269 2216/6270
f 2216/6271 2620/6272 2214/6273
f 2620/6274 2618/6275 2214/6276
f 2191/6277 2286/6278 2287/6279
f 2282/6280 3043/6281 2189/6282
f 2220/6283 2386/6284 2223/6285
f 2386/6286 2389/6287 2223/6288
f 2223/6289 2389/6290 2222/6291
f 2389/6292 2388/6293 2222/6294
f 2222/6295 2388/6296 2221/6297
f 2388/6298 2387/6299 2221/6300
f 2221/6301 2387/6302 2219/6303
f 2387/6304 2385/6305 2219/6306
f 2351/6307 3049/6308 2189/6309
f 3049/6310 3048/6311 2189/6312
f 2224/6313 2226/6314 2225/6315
f 2226/6316 2227/6317 2225/6318
f 3052/6319 3058/6320 3056/6321
f 3058/6322 3059/6323 3056/6324
f 3057/6325 2231/6326 3055/6327
f 2231/6328 2229/6329 3055/6330
f 3054/6331 2228/6332 3053/6333
f 2228/6334 2230/6335 3053/6336
f 2236/6337 2241/6338 2232/6339
f 2241/6340 2239/6341 2232/6342
f 2237/6343 2242/6344 2236/6345
f 2242/6346 2241/6347 2236/6348
f 2238/6349 2243/6350 2237/6351
f 2243/6352 2242/6353 2237/6354
f 2240/6355 2243/6356 2247/6357
f 2243/6358 2238/6359 2247/6360
f 2250/6361 3074/6362 2246/6363
f 2245/6364 2244/6365 2249/6366
f 2244/6367 2248/6368 2249/6369
f 2244/6370 2240/6371 2248/6372
f 2240/6373 2247/6374 2248/6375
f 2250/6376 2246/6377 2249/6378
f 2246/6379 2245/6380 2249/6381
f 2278/6382 2277/6383 2281/6384
f 2277/6385 2280/6386 2281/6387
f 2277/6388 2276/6389 2280/6390
f 2276/6391 2279/6392 2280/6393
f 3076/6394 3075/6395 2267/6396
f 3075/6397 2266/6398 2267/6399
f 3068/6400 3069/6401 2261/6402
f 3069/6403 2262/6404 2261/6405
f 3066/6406 3067/6407 2258/6408
f 3067/6409 2260/6410 2258/6411
f 3072/6412 3073/6413 2264/6414
f 3073/6415 2265/6416 2264/6417
f 3081/6418 2278/6419 2234/6420
f 2278/6421 2281/6422 2234/6423
f 3065/6424 3064/6425 2257/6426
f 3064/6427 2256/6428 2257/6429
f 3070/6430 3071/6431 2259/6432
f 3071/6433 2263/6434 2259/6435
f 3063/6436 3062/6437 2255/6438
f 3062/6439 2251/6440 2255/6441
f 3077/6442 3076/6443 2268/6444
f 3076/6445 2267/6446 2268/6447
f 2235/6448 2233/6449 2254/6450
f 2233/6451 2252/6452 2254/6453
f 3075/6454 3065/6455 2266/6456
f 3065/6457 2257/6458 2266/6459
f 3069/6460 3070/6461 2262/6462
f 3070/6463 2259/6464 2262/6465
f 3067/6466 3068/6467 2260/6468
f 3068/6469 2261/6470 2260/6471
f 3073/6472 2235/6473 2265/6474
f 2235/6475 2254/6476 2265/6477
f 3071/6478 3072/6479 2263/6480
f 3072/6481 2264/6482 2263/6483
f 3078/6484 3077/6485 2269/6486
f 3077/6487 2268/6488 2269/6489
f 3064/6490 3063/6491 2256/6492
f 3063/6493 2255/6494 2256/6495
f 3080/6496 2253/6497 2270/6498
f 2253/6499 2271/6500 2270/6501
f 2270/6502 2271/6503 2272/6504
f 2271/6505 2273/6506 2272/6507
f 2272/6508 2273/6509 2274/6510
f 2273/6511 2275/6512 2274/6513
f 2274/6514 2275/6515 2680/6516
f 2275/6517 2681/6518 2680/6519
f 2269/6520 3091/6521 3089/6522
f 2269/6523 3089/6524 3087/6525
f 2269/6526 3087/6527 3085/6528
f 2269/6529 3085/6530 3084/6531
f 2254/6532 2252/6533 3083/6534
f 2254/6535 3083/6536 3086/6537
f 2254/6538 3086/6539 3088/6540
f 2254/6541 3088/6542 3090/6543
f 3090/6544 2682/6545 2254/6546
f 2269/6547 2683/6548 3091/6549
f 2250/6550 2279/6551 3074/6552
f 2279/6553 2276/6554 3074/6555
f 3093/6556 3094/6557 3092/6558
f 2233/6559 2235/6560 3094/6561
f 2235/6562 3092/6563 3094/6564
f 3080/6565 3081/6566 2253/6567
f 3081/6568 2234/6569 2253/6570
f 3084/6571 3061/6572 2269/6573
f 3061/6574 3078/6575 2269/6576
f 3060/6577 3082/6578 3061/6579
f 3082/6580 3078/6581 3061/6582
f 3079/6583 3082/6584 3060/6585
f 2205/6586 2208/6587 3102/6588
f 2208/6589 2293/6590 3102/6591
f 2208/6592 2207/6593 2293/6594
f 2207/6595 2292/6596 2293/6597
f 2207/6598 2206/6599 2292/6600
f 2206/6601 2291/6602 2292/6603
f 2206/6604 2204/6605 2291/6606
f 2204/6607 3095/6608 2291/6609
f 3096/6610 2303/6611 3095/6612
f 2303/6613 2291/6614 3095/6615
f 2291/6616 2303/6617 2292/6618
f 2303/6619 2302/6620 2292/6621
f 2292/6622 2302/6623 2293/6624
f 2302/6625 2301/6626 2293/6627
f 3101/6628 3102/6629 2301/6630
f 3102/6631 2293/6632 2301/6633
f 3097/6634 2329/6635 3096/6636
f 2300/6637 2299/6638 2303/6639
f 2299/6640 2302/6641 2303/6642
f 2299/6643 2298/6644 2302/6645
f 2298/6646 2301/6647 2302/6648
f 2298/6649 2307/6650 2316/6651
f 2307/6652 2320/6653 2316/6654
f 2296/6655 2306/6656 2297/6657
f 2306/6658 2307/6659 2297/6660
f 2295/6661 2305/6662 2296/6663
f 2305/6664 2306/6665 2296/6666
f 2294/6667 2304/6668 2295/6669
f 2304/6670 2305/6671 2295/6672
f 3098/6673 3100/6674 2294/6675
f 3100/6676 2304/6677 2294/6678
f 2298/6679 2299/6680 2307/6681
f 2299/6682 2297/6683 2307/6684
f 2296/6685 2297/6686 2310/6687
f 2297/6688 2311/6689 2310/6690
f 2295/6691 2296/6692 2309/6693
f 2296/6694 2310/6695 2309/6696
f 2294/6697 2295/6698 2308/6699
f 2295/6700 2309/6701 2308/6702
f 2300/6703 2311/6704 2299/6705
f 2311/6706 2297/6707 2299/6708
f 3098/6709 2294/6710 3099/6711
f 2294/6712 2308/6713 3099/6714
f 2217/6715 2216/6716 2313/6717
f 2216/6718 2312/6719 2313/6720
f 2218/6721 2217/6722 2314/6723
f 2217/6724 2313/6725 2314/6726
f 3103/6727 2315/6728 2214/6729
f 2218/6730 2314/6731 2215/6732
f 2314/6733 3100/6734 2215/6735
f 3100/6736 2314/6737 2317/6738
f 2318/6739 2317/6740 2313/6741
f 2317/6742 2314/6743 2313/6744
f 2319/6745 2318/6746 2312/6747
f 2318/6748 2313/6749 2312/6750
f 2319/6751 2312/6752 2320/6753
f 2312/6754 2315/6755 2320/6756
f 2216/6757 2214/6758 2312/6759
f 2214/6760 2315/6761 2312/6762
f 2316/6763 2320/6764 3103/6765
f 2320/6766 2315/6767 3103/6768
f 2306/6769 2319/6770 2307/6771
f 2319/6772 2320/6773 2307/6774
f 2306/6775 2305/6776 2319/6777
f 2305/6778 2318/6779 2319/6780
f 2305/6781 2304/6782 2318/6783
f 2304/6784 2317/6785 2318/6786
f 2298/6787 2316/6788 2301/6789
f 2316/6790 3101/6791 2301/6792
f 3101/6793 2316/6794 3103/6795
f 2325/6796 2326/6797 2311/6798
f 2326/6799 2310/6800 2311/6801
f 2326/6802 2327/6803 2310/6804
f 2327/6805 2309/6806 2310/6807
f 2327/6808 2328/6809 2309/6810
f 2328/6811 2308/6812 2309/6813
f 2222/6814 2221/6815 2323/6816
f 2221/6817 2324/6818 2323/6819
f 2223/6820 2222/6821 2322/6822
f 2222/6823 2323/6824 2322/6825
f 2220/6826 2223/6827 2321/6828
f 2223/6829 2322/6830 2321/6831
f 2221/6832 2219/6833 2324/6834
f 2219/6835 3099/6836 2324/6837
f 3097/6838 2220/6839 2321/6840
f 2304/6841 3100/6842 2317/6843
f 2323/6844 2324/6845 2327/6846
f 2324/6847 2328/6848 2327/6849
f 2322/6850 2323/6851 2326/6852
f 2323/6853 2327/6854 2326/6855
f 2321/6856 2322/6857 2325/6858
f 2322/6859 2326/6860 2325/6861
f 2300/6862 2303/6863 2329/6864
f 2303/6865 3096/6866 2329/6867
f 3097/6868 2321/6869 2329/6870
f 2321/6871 2325/6872 2329/6873
f 2300/6874 2329/6875 2311/6876
f 2329/6877 2325/6878 2311/6879
f 2324/6880 3099/6881 2328/6882
f 2308/6883 2328/6884 3099/6885
f 2334/6886 2749/6887 2335/6888
f 2749/6889 2336/6890 2337/6891
f 2749/6892 2337/6893 2335/6894
f 2749/6895 2334/6896 2743/6897
f 3105/6898 2333/6899 3104/6900
f 2333/6901 2742/6902 3104/6903
f 3106/6904 2330/6905 3105/6906
f 2330/6907 2333/6908 3105/6909
f 3109/6910 2331/6911 3106/6912
f 2331/6913 2330/6914 3106/6915
f 2332/6916 2331/6917 2971/6918
f 2331/6919 3109/6920 2971/6921
f 3176/6922 3175/6923 2362/6924
f 3175/6925 2361/6926 2362/6927
f 3175/6928 3172/6929 2361/6930
f 3172/6931 3142/6932 2361/6933
f 2380/6934 2349/6935 2384/6936
f 2349/6937 2348/6938 2384/6939
f 2382/6940 2407/6941 2381/6942
f 2407/6943 3177/6944 2381/6945
f 2760/6946 2346/6947 2768/6948
f 2346/6949 2354/6950 2768/6951
f 2346/6952 2345/6953 2354/6954
f 2345/6955 2355/6956 2354/6957
f 2344/6958 2356/6959 2345/6960
f 2356/6961 2355/6962 2345/6963
f 2343/6964 2357/6965 2344/6966
f 2357/6967 2356/6968 2344/6969
f 2342/6970 2358/6971 2343/6972
f 2358/6973 2357/6974 2343/6975
f 2342/6976 2341/6977 2358/6978
f 2341/6979 2359/6980 2358/6981
f 2340/6982 2360/6983 2341/6984
f 2360/6985 2359/6986 2341/6987
f 2752/6988 2776/6989 2340/6990
f 2776/6991 2360/6992 2340/6993
f 3140/6994 2363/6995 2783/6996
f 2363/6997 2786/6998 2783/6999
f 2373/7000 2364/7001 2798/7002
f 2364/7003 2748/7004 2798/7005
f 2390/7006 3161/7007 2392/7008
f 3161/7009 2363/7010 2392/7011
f 2361/7012 3142/7013 2787/7014
f 3142/7015 2784/7016 2787/7017
f 2380/7018 2384/7019 2397/7020
f 2384/7021 3162/7022 2397/7023
f 2374/7024 2367/7025 2373/7026
f 2367/7027 2364/7028 2373/7029
f 2382/7030 2380/7031 2407/7032
f 2380/7033 2397/7034 2407/7035
f 2375/7036 2368/7037 2374/7038
f 2368/7039 2367/7040 2374/7041
f 2812/7042 2383/7043 2845/7044
f 2383/7045 3178/7046 2845/7047
f 2376/7048 2369/7049 2375/7050
f 2369/7051 2368/7052 2375/7053
f 2377/7054 2370/7055 2376/7056
f 2370/7057 2369/7058 2376/7059
f 2378/7060 2371/7061 2377/7062
f 2371/7063 2370/7064 2377/7065
f 2379/7066 2372/7067 2378/7068
f 2372/7069 2371/7070 2378/7071
f 2366/7072 2365/7073 3143/7074
f 2365/7075 3141/7076 3143/7077
f 3112/7078 2338/7079 2789/7080
f 3153/7081 2797/7082 2379/7083
f 2797/7084 2372/7085 2379/7086
f 3120/7087 2339/7088 3119/7089
f 3149/7090 3131/7091 2429/7092
f 3131/7093 3025/7094 2429/7095
f 3118/7096 3119/7097 2339/7098
f 3117/7099 3118/7100 2339/7101
f 2790/7102 3147/7103 2353/7104
f 3147/7105 3145/7106 2353/7107
f 3117/7108 2339/7109 3116/7110
f 3132/7111 3150/7112 3130/7113
f 3150/7114 2785/7115 3130/7116
f 2338/7117 3113/7118 3114/7119
f 2338/7120 3114/7121 3115/7122
f 2338/7123 3112/7124 3113/7125
f 2338/7126 3115/7127 3116/7128
f 3149/7129 2429/7130 3146/7131
f 2429/7132 3015/7133 3146/7134
f 3116/7135 2339/7136 2338/7137
f 3129/7138 2806/7139 3128/7140
f 2806/7141 3152/7142 3128/7143
f 3128/7144 3152/7145 3127/7146
f 3152/7147 3154/7148 3127/7149
f 3127/7150 3154/7151 3126/7152
f 3154/7153 3155/7154 3126/7155
f 3126/7156 3155/7157 3125/7158
f 3155/7159 3156/7160 3125/7161
f 3125/7162 3156/7163 3124/7164
f 3156/7165 3157/7166 3124/7167
f 3124/7168 3157/7169 3123/7170
f 3157/7171 3158/7172 3123/7173
f 3123/7174 3158/7175 3122/7176
f 3158/7177 3159/7178 3122/7179
f 3122/7180 3159/7181 3121/7182
f 3159/7183 3160/7184 3121/7185
f 2787/7186 3144/7187 2361/7188
f 3144/7189 3139/7190 2361/7191
f 3139/7192 3138/7193 2361/7194
f 3138/7195 3137/7196 2361/7197
f 3137/7198 2362/7199 2361/7200
f 3148/7201 3144/7202 2787/7203
f 3136/7204 2362/7205 3137/7206
f 3135/7207 2362/7208 3136/7209
f 3133/7210 2362/7211 3135/7212
f 2362/7213 3133/7214 2788/7215
f 2788/7216 3133/7217 3134/7218
f 3026/7219 2347/7220 3161/7221
f 2347/7222 2363/7223 3161/7224
f 3120/7225 3151/7226 2339/7227
f 2365/7228 2366/7229 3167/7230
f 2366/7231 3171/7232 3167/7233
f 3183/7234 2383/7235 3050/7236
f 2383/7237 2352/7238 3050/7239
f 2350/7240 2382/7241 2351/7242
f 2382/7243 2381/7244 2351/7245
f 2380/7246 2382/7247 2349/7248
f 2382/7249 2350/7250 2349/7251
f 2392/7252 2363/7253 2391/7254
f 2363/7255 3140/7256 2391/7257
f 3181/7258 2362/7259 3180/7260
f 2362/7261 2788/7262 3180/7263
f 3110/7264 2812/7265 3111/7266
f 3110/7267 2383/7268 2812/7269
f 3107/7270 2383/7271 3110/7272
f 3108/7273 2383/7274 3107/7275
f 2383/7276 3108/7277 2352/7278
f 2352/7279 3108/7280 2970/7281
f 2390/7282 2392/7283 2393/7284
f 2393/7285 2392/7286 2394/7287
f 2394/7288 2392/7289 2395/7290
f 2395/7291 2392/7292 2391/7293
f 2481/7294 2381/7295 2480/7296
f 3176/7297 2362/7298 2488/7299
f 2362/7300 2486/7301 2487/7302
f 2481/7303 2482/7304 2381/7305
f 2383/7306 2484/7307 2483/7308
f 3183/7309 2485/7310 2383/7311
f 2381/7312 2482/7313 3182/7314
f 3163/7315 3164/7316 3169/7317
f 3164/7318 2400/7319 3169/7320
f 3164/7321 3165/7322 2400/7323
f 3165/7324 2399/7325 2400/7326
f 3165/7327 3166/7328 2399/7329
f 3166/7330 2398/7331 2399/7332
f 3166/7333 3168/7334 2398/7335
f 3168/7336 2396/7337 2398/7338
f 3181/7339 2486/7340 2362/7341
f 3169/7342 2400/7343 3174/7344
f 2400/7345 2410/7346 3174/7347
f 2400/7348 2399/7349 2410/7350
f 2399/7351 2409/7352 2410/7353
f 2399/7354 3170/7355 2409/7356
f 3170/7357 2408/7358 2409/7359
f 3170/7360 3173/7361 2408/7362
f 3173/7363 2406/7364 2408/7365
f 2402/7366 2405/7367 2406/7368
f 2405/7369 2408/7370 2406/7371
f 2405/7372 2404/7373 2408/7374
f 2404/7375 2409/7376 2408/7377
f 2404/7378 2403/7379 2409/7380
f 2403/7381 2410/7382 2409/7383
f 2403/7384 2401/7385 2410/7386
f 2401/7387 3174/7388 2410/7389
f 3178/7390 2383/7391 2483/7392
f 2362/7393 2487/7394 2488/7395
f 2412/7396 2415/7397 3179/7398
f 2415/7399 2848/7400 3179/7401
f 2415/7402 2414/7403 2848/7404
f 2414/7405 2847/7406 2848/7407
f 2414/7408 2413/7409 2847/7410
f 2413/7411 2846/7412 2847/7413
f 2413/7414 2411/7415 2846/7416
f 2411/7417 2844/7418 2846/7419
f 2383/7420 2485/7421 2484/7422
f 2480/7423 2381/7424 3177/7425
f 2417/7426 2420/7427 2386/7428
f 2420/7429 2389/7430 2386/7431
f 2420/7432 2419/7433 2389/7434
f 2419/7435 2388/7436 2389/7437
f 2419/7438 2418/7439 2388/7440
f 2418/7441 2387/7442 2388/7443
f 2418/7444 2416/7445 2387/7446
f 2416/7447 2385/7448 2387/7449
f 2351/7450 2381/7451 3049/7452
f 2381/7453 3182/7454 3049/7455
f 2421/7456 2422/7457 2423/7458
f 2422/7459 2424/7460 2423/7461
f 3184/7462 3188/7463 3190/7464
f 3188/7465 3191/7466 3190/7467
f 3189/7468 3187/7469 2428/7470
f 3187/7471 2426/7472 2428/7473
f 3186/7474 3185/7475 2425/7476
f 3185/7477 2427/7478 2425/7479
f 2434/7480 2430/7481 2439/7482
f 2430/7483 2437/7484 2439/7485
f 2435/7486 2434/7487 2440/7488
f 2434/7489 2439/7490 2440/7491
f 2436/7492 2435/7493 2441/7494
f 2435/7495 2440/7496 2441/7497
f 2438/7498 2445/7499 2441/7500
f 2445/7501 2436/7502 2441/7503
f 2448/7504 2444/7505 3206/7506
f 2443/7507 2447/7508 2442/7509
f 2447/7510 2446/7511 2442/7512
f 2442/7513 2446/7514 2438/7515
f 2446/7516 2445/7517 2438/7518
f 2448/7519 2447/7520 2444/7521
f 2447/7522 2443/7523 2444/7524
f 2476/7525 2479/7526 2475/7527
f 2479/7528 2478/7529 2475/7530
f 2475/7531 2478/7532 2474/7533
f 2478/7534 2477/7535 2474/7536
f 3208/7537 2465/7538 3207/7539
f 2465/7540 2464/7541 3207/7542
f 3200/7543 2459/7544 3201/7545
f 2459/7546 2460/7547 3201/7548
f 3198/7549 2456/7550 3199/7551
f 2456/7552 2458/7553 3199/7554
f 3204/7555 2462/7556 3205/7557
f 2462/7558 2463/7559 3205/7560
f 3213/7561 2432/7562 2476/7563
f 2432/7564 2479/7565 2476/7566
f 3197/7567 2455/7568 3196/7569
f 2455/7570 2454/7571 3196/7572
f 3202/7573 2457/7574 3203/7575
f 2457/7576 2461/7577 3203/7578
f 3195/7579 2453/7580 3194/7581
f 2453/7582 2449/7583 3194/7584
f 3209/7585 2466/7586 3208/7587
f 2466/7588 2465/7589 3208/7590
f 2433/7591 2452/7592 2431/7593
f 2452/7594 2450/7595 2431/7596
f 3207/7597 2464/7598 3197/7599
f 2464/7600 2455/7601 3197/7602
f 3201/7603 2460/7604 3202/7605
f 2460/7606 2457/7607 3202/7608
f 3199/7609 2458/7610 3200/7611
f 2458/7612 2459/7613 3200/7614
f 3205/7615 2463/7616 2433/7617
f 2463/7618 2452/7619 2433/7620
f 3203/7621 2461/7622 3204/7623
f 2461/7624 2462/7625 3204/7626
f 3210/7627 2467/7628 3209/7629
f 2467/7630 2466/7631 3209/7632
f 3196/7633 2454/7634 3195/7635
f 2454/7636 2453/7637 3195/7638
f 3212/7639 2468/7640 2451/7641
f 2468/7642 2469/7643 2451/7644
f 2468/7645 2470/7646 2469/7647
f 2470/7648 2471/7649 2469/7650
f 2470/7651 2472/7652 2471/7653
f 2472/7654 2473/7655 2471/7656
f 2472/7657 2907/7658 2473/7659
f 2907/7660 2908/7661 2473/7662
f 2467/7663 3221/7664 3223/7665
f 2467/7666 3219/7667 3221/7668
f 2467/7669 3217/7670 3219/7671
f 2467/7672 3216/7673 3217/7674
f 2452/7675 3215/7676 2450/7677
f 2452/7678 3218/7679 3215/7680
f 2452/7681 3220/7682 3218/7683
f 2452/7684 3222/7685 3220/7686
f 3222/7687 2452/7688 2909/7689
f 2467/7690 3223/7691 2910/7692
f 2448/7693 3206/7694 2477/7695
f 3206/7696 2474/7697 2477/7698
f 3225/7699 3224/7700 3226/7701
f 2431/7702 3226/7703 2433/7704
f 3226/7705 3224/7706 2433/7707
f 3212/7708 2451/7709 3213/7710
f 2451/7711 2432/7712 3213/7713
f 3216/7714 2467/7715 3193/7716
f 2467/7717 3210/7718 3193/7719
f 3192/7720 3193/7721 3214/7722
f 3193/7723 3210/7724 3214/7725
f 3211/7726 3192/7727 3214/7728
f 2402/7729 3234/7730 2405/7731
f 3234/7732 2491/7733 2405/7734
f 2405/7735 2491/7736 2404/7737
f 2491/7738 2490/7739 2404/7740
f 2404/7741 2490/7742 2403/7743
f 2490/7744 2489/7745 2403/7746
f 2403/7747 2489/7748 2401/7749
f 2489/7750 3227/7751 2401/7752
f 3228/7753 3227/7754 2501/7755
f 3227/7756 2489/7757 2501/7758
f 2489/7759 2490/7760 2501/7761
f 2490/7762 2500/7763 2501/7764
f 2490/7765 2491/7766 2500/7767
f 2491/7768 2499/7769 2500/7770
f 3233/7771 2499/7772 3234/7773
f 2499/7774 2491/7775 3234/7776
f 3229/7777 3228/7778 2527/7779
f 2498/7780 2501/7781 2497/7782
f 2501/7783 2500/7784 2497/7785
f 2497/7786 2500/7787 2496/7788
f 2500/7789 2499/7790 2496/7791
f 2496/7792 2514/7793 2505/7794
f 2514/7795 2518/7796 2505/7797
f 2494/7798 2495/7799 2504/7800
f 2495/7801 2505/7802 2504/7803
f 2493/7804 2494/7805 2503/7806
f 2494/7807 2504/7808 2503/7809
f 2492/7810 2493/7811 2502/7812
f 2493/7813 2503/7814 2502/7815
f 3230/7816 2492/7817 3232/7818
f 2492/7819 2502/7820 3232/7821
f 2496/7822 2505/7823 2497/7824
f 2505/7825 2495/7826 2497/7827
f 2494/7828 2508/7829 2495/7830
f 2508/7831 2509/7832 2495/7833
f 2493/7834 2507/7835 2494/7836
f 2507/7837 2508/7838 2494/7839
f 2492/7840 2506/7841 2493/7842
f 2506/7843 2507/7844 2493/7845
f 2498/7846 2497/7847 2509/7848
f 2497/7849 2495/7850 2509/7851
f 3230/7852 3231/7853 2492/7854
f 3231/7855 2506/7856 2492/7857
f 2414/7858 2511/7859 2413/7860
f 2511/7861 2510/7862 2413/7863
f 2415/7864 2512/7865 2414/7866
f 2512/7867 2511/7868 2414/7869
f 3235/7870 2411/7871 2513/7872
f 2415/7873 2412/7874 2512/7875
f 2412/7876 3232/7877 2512/7878
f 3232/7879 2515/7880 2512/7881
f 2516/7882 2511/7883 2515/7884
f 2511/7885 2512/7886 2515/7887
f 2517/7888 2510/7889 2516/7890
f 2510/7891 2511/7892 2516/7893
f 2517/7894 2518/7895 2510/7896
f 2518/7897 2513/7898 2510/7899
f 2413/7900 2510/7901 2411/7902
f 2510/7903 2513/7904 2411/7905
f 2514/7906 3235/7907 2518/7908
f 3235/7909 2513/7910 2518/7911
f 2504/7912 2505/7913 2517/7914
f 2505/7915 2518/7916 2517/7917
f 2504/7918 2517/7919 2503/7920
f 2517/7921 2516/7922 2503/7923
f 2503/7924 2516/7925 2502/7926
f 2516/7927 2515/7928 2502/7929
f 2496/7930 2499/7931 2514/7932
f 2499/7933 3233/7934 2514/7935
f 3233/7936 3235/7937 2514/7938
f 2523/7939 2509/7940 2524/7941
f 2509/7942 2508/7943 2524/7944
f 2524/7945 2508/7946 2525/7947
f 2508/7948 2507/7949 2525/7950
f 2525/7951 2507/7952 2526/7953
f 2507/7954 2506/7955 2526/7956
f 2419/7957 2521/7958 2418/7959
f 2521/7960 2522/7961 2418/7962
f 2420/7963 2520/7964 2419/7965
f 2520/7966 2521/7967 2419/7968
f 2417/7969 2519/7970 2420/7971
f 2519/7972 2520/7973 2420/7974
f 2418/7975 2522/7976 2416/7977
f 2522/7978 3231/7979 2416/7980
f 3229/7981 2519/7982 2417/7983
f 2502/7984 2515/7985 3232/7986
f 2521/7987 2525/7988 2522/7989
f 2525/7990 2526/7991 2522/7992
f 2520/7993 2524/7994 2521/7995
f 2524/7996 2525/7997 2521/7998
f 2519/7999 2523/8000 2520/8001
f 2523/8002 2524/8003 2520/8004
f 2498/8005 2527/8006 2501/8007
f 2527/8008 3228/8009 2501/8010
f 3229/8011 2527/8012 2519/8013
f 2527/8014 2523/8015 2519/8016
f 2498/8017 2509/8018 2527/8019
f 2509/8020 2523/8021 2527/8022
f 2522/8023 2526/8024 3231/8025
f 2506/8026 3231/8027 2526/8028
f 2533/8029 2749/8030 2534/8031
f 2749/8032 2746/8033 2535/8034
f 2749/8035 2535/8036 2534/8037
f 2749/8038 2533/8039 2532/8040
f 3236/8041 2530/8042 2965/8043
f 2530/8044 2531/8045 2965/8046
f 3237/8047 2528/8048 3236/8049
f 2528/8050 2530/8051 3236/8052
f 3242/8053 2529/8054 3237/8055
f 2529/8056 2528/8057 3237/8058
f 2740/8059 2529/8060 3241/8061
f 2529/8062 3242/8063 3241/8064
f 3298/8065 3297/8066 2558/8067
f 3297/8068 2557/8069 2558/8070
f 3297/8071 3294/8072 2557/8073
f 3294/8074 3267/8075 2557/8076
f 2586/8077 2763/8078 2590/8079
f 2763/8080 2762/8081 2590/8082
f 2588/8083 2609/8084 2587/8085
f 2609/8086 3299/8087 2587/8088
f 2547/8089 2546/8090 2548/8091
f 2546/8092 2549/8093 2548/8094
f 2546/8095 2545/8096 2549/8097
f 2545/8098 2550/8099 2549/8100
f 2544/8101 2551/8102 2545/8103
f 2551/8104 2550/8105 2545/8106
f 2543/8107 2552/8108 2544/8109
f 2552/8110 2551/8111 2544/8112
f 2542/8113 2553/8114 2543/8115
f 2553/8116 2552/8117 2543/8118
f 2542/8119 2541/8120 2553/8121
f 2541/8122 2554/8123 2553/8124
f 2540/8125 2555/8126 2541/8127
f 2555/8128 2554/8129 2541/8130
f 2539/8131 2556/8132 2540/8133
f 2556/8134 2555/8135 2540/8136
f 3266/8137 2559/8138 2563/8139
f 2559/8140 2566/8141 2563/8142
f 2578/8143 2560/8144 2577/8145
f 2560/8146 2536/8147 2577/8148
f 2592/8149 3283/8150 2594/8151
f 3283/8152 2559/8153 2594/8154
f 2557/8155 3267/8156 2567/8157
f 3267/8158 2564/8159 2567/8160
f 2586/8161 2590/8162 2599/8163
f 2590/8164 3284/8165 2599/8166
f 2579/8167 2570/8168 2578/8169
f 2570/8170 2560/8171 2578/8172
f 2588/8173 2586/8174 2609/8175
f 2586/8176 2599/8177 2609/8178
f 2580/8179 2571/8180 2579/8181
f 2571/8182 2570/8183 2579/8184
f 2591/8185 2589/8186 2619/8187
f 2589/8188 3300/8189 2619/8190
f 2581/8191 2572/8192 2580/8193
f 2572/8194 2571/8195 2580/8196
f 2582/8197 2573/8198 2581/8199
f 2573/8200 2572/8201 2581/8202
f 2583/8203 2574/8204 2582/8205
f 2574/8206 2573/8207 2582/8208
f 2584/8209 2575/8210 2583/8211
f 2575/8212 2574/8213 2583/8214
f 2562/8215 2561/8216 3006/8217
f 2561/8218 3004/8219 3006/8220
f 2975/8221 2537/8222 2569/8223
f 3017/8224 2576/8225 2584/8226
f 2576/8227 2575/8228 2584/8229
f 2983/8230 2538/8231 3250/8232
f 3271/8233 3258/8234 2862/8235
f 3258/8236 3281/8237 2862/8238
f 3249/8239 3250/8240 2538/8241
f 3248/8242 3249/8243 2538/8244
f 2790/8245 3010/8246 2767/8247
f 3010/8248 3269/8249 2767/8250
f 3248/8251 2538/8252 3247/8253
f 3259/8254 3272/8255 2993/8256
f 3272/8257 2565/8258 2993/8259
f 2537/8260 3244/8261 3245/8262
f 2537/8263 3245/8264 3246/8265
f 2537/8266 2975/8267 3244/8268
f 2537/8269 3246/8270 3247/8271
f 3271/8272 2862/8273 3270/8274
f 2862/8275 3273/8276 3270/8277
f 3247/8278 2538/8279 2537/8280
f 2992/8281 2585/8282 3257/8283
f 2585/8284 3274/8285 3257/8286
f 3257/8287 3274/8288 3256/8289
f 3274/8290 3275/8291 3256/8292
f 3256/8293 3275/8294 3255/8295
f 3275/8296 3276/8297 3255/8298
f 3255/8299 3276/8300 3254/8301
f 3276/8302 3277/8303 3254/8304
f 3254/8305 3277/8306 3253/8307
f 3277/8308 3278/8309 3253/8310
f 3253/8311 3278/8312 3252/8313
f 3278/8314 3279/8315 3252/8316
f 3252/8317 3279/8318 3251/8319
f 3279/8320 3280/8321 3251/8322
f 3251/8323 3280/8324 2984/8325
f 3280/8326 3024/8327 2984/8328
f 2567/8329 3268/8330 2557/8331
f 3268/8332 3265/8333 2557/8334
f 3265/8335 3264/8336 2557/8337
f 3264/8338 3263/8339 2557/8340
f 3263/8341 2558/8342 2557/8343
f 3011/8344 3268/8345 2567/8346
f 3262/8347 2558/8348 3263/8349
f 3261/8350 2558/8351 3262/8352
f 3260/8353 2558/8354 3261/8355
f 2558/8356 3260/8357 2568/8358
f 2568/8359 3260/8360 2997/8361
f 3282/8362 2761/8363 3283/8364
f 2761/8365 2559/8366 3283/8367
f 2983/8368 3014/8369 2538/8370
f 2561/8371 2562/8372 3289/8373
f 2562/8374 3293/8375 3289/8376
f 3305/8377 2589/8378 3304/8379
f 2589/8380 2766/8381 3304/8382
f 2764/8383 2588/8384 2765/8385
f 2588/8386 2587/8387 2765/8388
f 2586/8389 2588/8390 2763/8391
f 2588/8392 2764/8393 2763/8394
f 2594/8395 2559/8396 2593/8397
f 2559/8398 3266/8399 2593/8400
f 3301/8401 2558/8402 3046/8403
f 2558/8404 2568/8405 3046/8406
f 3243/8407 2591/8408 2974/8409
f 3243/8410 2589/8411 2591/8412
f 3238/8413 2589/8414 3243/8415
f 3239/8416 2589/8417 3238/8418
f 2589/8419 3239/8420 2766/8421
f 2766/8422 3239/8423 3240/8424
f 2592/8425 2594/8426 2595/8427
f 2595/8428 2594/8429 2596/8430
f 2596/8431 2594/8432 2597/8433
f 2597/8434 2594/8435 2593/8436
f 2691/8437 2587/8438 2690/8439
f 3298/8440 2558/8441 2698/8442
f 2558/8443 2696/8444 2697/8445
f 2691/8446 2692/8447 2587/8448
f 2589/8449 2694/8450 2693/8451
f 3305/8452 2695/8453 2589/8454
f 2587/8455 2692/8456 3302/8457
f 3285/8458 3286/8459 3291/8460
f 3286/8461 2602/8462 3291/8463
f 3286/8464 3287/8465 2602/8466
f 3287/8467 2601/8468 2602/8469
f 3287/8470 3288/8471 2601/8472
f 3288/8473 2600/8474 2601/8475
f 3288/8476 3290/8477 2600/8478
f 3290/8479 2598/8480 2600/8481
f 3301/8482 2696/8483 2558/8484
f 3291/8485 2602/8486 3296/8487
f 2602/8488 2612/8489 3296/8490
f 2602/8491 2601/8492 2612/8493
f 2601/8494 2611/8495 2612/8496
f 2601/8497 3292/8498 2611/8499
f 3292/8500 2610/8501 2611/8502
f 3292/8503 3295/8504 2610/8505
f 3295/8506 2608/8507 2610/8508
f 2604/8509 2607/8510 2608/8511
f 2607/8512 2610/8513 2608/8514
f 2607/8515 2606/8516 2610/8517
f 2606/8518 2611/8519 2610/8520
f 2606/8521 2605/8522 2611/8523
f 2605/8524 2612/8525 2611/8526
f 2605/8527 2603/8528 2612/8529
f 2603/8530 3296/8531 2612/8532
f 3300/8533 2589/8534 2693/8535
f 2558/8536 2697/8537 2698/8538
f 2614/8539 2617/8540 3045/8541
f 2617/8542 2622/8543 3045/8544
f 2617/8545 2616/8546 2622/8547
f 2616/8548 2621/8549 2622/8550
f 2616/8551 2615/8552 2621/8553
f 2615/8554 2620/8555 2621/8556
f 2615/8557 2613/8558 2620/8559
f 2613/8560 2618/8561 2620/8562
f 2589/8563 2695/8564 2694/8565
f 2690/8566 2587/8567 3299/8568
f 2624/8569 2627/8570 2814/8571
f 2627/8572 2817/8573 2814/8574
f 2627/8575 2626/8576 2817/8577
f 2626/8578 2816/8579 2817/8580
f 2626/8581 2625/8582 2816/8583
f 2625/8584 2815/8585 2816/8586
f 2625/8587 2623/8588 2815/8589
f 2623/8590 2813/8591 2815/8592
f 2765/8593 2587/8594 3303/8595
f 2587/8596 3302/8597 3303/8598
f 2628/8599 2629/8600 2630/8601
f 2629/8602 2631/8603 2630/8604
f 3306/8605 3310/8606 3312/8607
f 3310/8608 3313/8609 3312/8610
f 3311/8611 3309/8612 2635/8613
f 3309/8614 2633/8615 2635/8616
f 3308/8617 3307/8618 2632/8619
f 3307/8620 2634/8621 2632/8622
f 2640/8623 2636/8624 2645/8625
f 2636/8626 2643/8627 2645/8628
f 2641/8629 2640/8630 2646/8631
f 2640/8632 2645/8633 2646/8634
f 2642/8635 2641/8636 2647/8637
f 2641/8638 2646/8639 2647/8640
f 2644/8641 2651/8642 2647/8643
f 2651/8644 2642/8645 2647/8646
f 2654/8647 2650/8648 3328/8649
f 2649/8650 2653/8651 2648/8652
f 2653/8653 2652/8654 2648/8655
f 2648/8656 2652/8657 2644/8658
f 2652/8659 2651/8660 2644/8661
f 2654/8662 2653/8663 2650/8664
f 2653/8665 2649/8666 2650/8667
f 2686/8668 2689/8669 2685/8670
f 2689/8671 2688/8672 2685/8673
f 2685/8674 2688/8675 2684/8676
f 2688/8677 2687/8678 2684/8679
f 3330/8680 2671/8681 3329/8682
f 2671/8683 2670/8684 3329/8685
f 3322/8686 2665/8687 3323/8688
f 2665/8689 2666/8690 3323/8691
f 3320/8692 2662/8693 3321/8694
f 2662/8695 2664/8696 3321/8697
f 3326/8698 2668/8699 3327/8700
f 2668/8701 2669/8702 3327/8703
f 3335/8704 2638/8705 2686/8706
f 2638/8707 2689/8708 2686/8709
f 3319/8710 2661/8711 3318/8712
f 2661/8713 2660/8714 3318/8715
f 3324/8716 2663/8717 3325/8718
f 2663/8719 2667/8720 3325/8721
f 3317/8722 2659/8723 3316/8724
f 2659/8725 2655/8726 3316/8727
f 3331/8728 2672/8729 3330/8730
f 2672/8731 2671/8732 3330/8733
f 2639/8734 2658/8735 2637/8736
f 2658/8737 2656/8738 2637/8739
f 3329/8740 2670/8741 3319/8742
f 2670/8743 2661/8744 3319/8745
f 3323/8746 2666/8747 3324/8748
f 2666/8749 2663/8750 3324/8751
f 3321/8752 2664/8753 3322/8754
f 2664/8755 2665/8756 3322/8757
f 3327/8758 2669/8759 2639/8760
f 2669/8761 2658/8762 2639/8763
f 3325/8764 2667/8765 3326/8766
f 2667/8767 2668/8768 3326/8769
f 3332/8770 2673/8771 3331/8772
f 2673/8773 2672/8774 3331/8775
f 3318/8776 2660/8777 3317/8778
f 2660/8779 2659/8780 3317/8781
f 3334/8782 2674/8783 2657/8784
f 2674/8785 2675/8786 2657/8787
f 2674/8788 2676/8789 2675/8790
f 2676/8791 2677/8792 2675/8793
f 2676/8794 2678/8795 2677/8796
f 2678/8797 2679/8798 2677/8799
f 2678/8800 2680/8801 2679/8802
f 2680/8803 2681/8804 2679/8805
f 2673/8806 3343/8807 3091/8808
f 2673/8809 3341/8810 3343/8811
f 2673/8812 3339/8813 3341/8814
f 2673/8815 3338/8816 3339/8817
f 2658/8818 3337/8819 2656/8820
f 2658/8821 3340/8822 3337/8823
f 2658/8824 3342/8825 3340/8826
f 2658/8827 3090/8828 3342/8829
f 3090/8830 2658/8831 2682/8832
f 2673/8833 3091/8834 2683/8835
f 2654/8836 3328/8837 2687/8838
f 3328/8839 2684/8840 2687/8841
f 3345/8842 3344/8843 3346/8844
f 2637/8845 3346/8846 2639/8847
f 3346/8848 3344/8849 2639/8850
f 3334/8851 2657/8852 3335/8853
f 2657/8854 2638/8855 3335/8856
f 3338/8857 2673/8858 3315/8859
f 2673/8860 3332/8861 3315/8862
f 3314/8863 3315/8864 3336/8865
f 3315/8866 3332/8867 3336/8868
f 3333/8869 3314/8870 3336/8871
f 2604/8872 3354/8873 2607/8874
f 3354/8875 2701/8876 2607/8877
f 2607/8878 2701/8879 2606/8880
f 2701/8881 2700/8882 2606/8883
f 2606/8884 2700/8885 2605/8886
f 2700/8887 2699/8888 2605/8889
f 2605/8890 2699/8891 2603/8892
f 2699/8893 3347/8894 2603/8895
f 3348/8896 3347/8897 2711/8898
f 3347/8899 2699/8900 2711/8901
f 2699/8902 2700/8903 2711/8904
f 2700/8905 2710/8906 2711/8907
f 2700/8908 2701/8909 2710/8910
f 2701/8911 2709/8912 2710/8913
f 3353/8914 2709/8915 3354/8916
f 2709/8917 2701/8918 3354/8919
f 3349/8920 3348/8921 2737/8922
f 2708/8923 2711/8924 2707/8925
f 2711/8926 2710/8927 2707/8928
f 2707/8929 2710/8930 2706/8931
f 2710/8932 2709/8933 2706/8934
f 2706/8935 2724/8936 2715/8937
f 2724/8938 2728/8939 2715/8940
f 2704/8941 2705/8942 2714/8943
f 2705/8944 2715/8945 2714/8946
f 2703/8947 2704/8948 2713/8949
f 2704/8950 2714/8951 2713/8952
f 2702/8953 2703/8954 2712/8955
f 2703/8956 2713/8957 2712/8958
f 3350/8959 2702/8960 3352/8961
f 2702/8962 2712/8963 3352/8964
f 2706/8965 2715/8966 2707/8967
f 2715/8968 2705/8969 2707/8970
f 2704/8971 2718/8972 2705/8973
f 2718/8974 2719/8975 2705/8976
f 2703/8977 2717/8978 2704/8979
f 2717/8980 2718/8981 2704/8982
f 2702/8983 2716/8984 2703/8985
f 2716/8986 2717/8987 2703/8988
f 2708/8989 2707/8990 2719/8991
f 2707/8992 2705/8993 2719/8994
f 3350/8995 3351/8996 2702/8997
f 3351/8998 2716/8999 2702/9000
f 2616/9001 2721/9002 2615/9003
f 2721/9004 2720/9005 2615/9006
f 2617/9007 2722/9008 2616/9009
f 2722/9010 2721/9011 2616/9012
f 3355/9013 2613/9014 2723/9015
f 2617/9016 2614/9017 2722/9018
f 2614/9019 3352/9020 2722/9021
f 3352/9022 2725/9023 2722/9024
f 2726/9025 2721/9026 2725/9027
f 2721/9028 2722/9029 2725/9030
f 2727/9031 2720/9032 2726/9033
f 2720/9034 2721/9035 2726/9036
f 2727/9037 2728/9038 2720/9039
f 2728/9040 2723/9041 2720/9042
f 2615/9043 2720/9044 2613/9045
f 2720/9046 2723/9047 2613/9048
f 2724/9049 3355/9050 2728/9051
f 3355/9052 2723/9053 2728/9054
f 2714/9055 2715/9056 2727/9057
f 2715/9058 2728/9059 2727/9060
f 2714/9061 2727/9062 2713/9063
f 2727/9064 2726/9065 2713/9066
f 2713/9067 2726/9068 2712/9069
f 2726/9070 2725/9071 2712/9072
f 2706/9073 2709/9074 2724/9075
f 2709/9076 3353/9077 2724/9078
f 3353/9079 3355/9080 2724/9081
f 2733/9082 2719/9083 2734/9084
f 2719/9085 2718/9086 2734/9087
f 2734/9088 2718/9089 2735/9090
f 2718/9091 2717/9092 2735/9093
f 2735/9094 2717/9095 2736/9096
f 2717/9097 2716/9098 2736/9099
f 2626/9100 2731/9101 2625/9102
f 2731/9103 2732/9104 2625/9105
f 2627/9106 2730/9107 2626/9108
f 2730/9109 2731/9110 2626/9111
f 2624/9112 2729/9113 2627/9114
f 2729/9115 2730/9116 2627/9117
f 2625/9118 2732/9119 2623/9120
f 2732/9121 3351/9122 2623/9123
f 3349/9124 2729/9125 2624/9126
f 2712/9127 2725/9128 3352/9129
f 2731/9130 2735/9131 2732/9132
f 2735/9133 2736/9134 2732/9135
f 2730/9136 2734/9137 2731/9138
f 2734/9139 2735/9140 2731/9141
f 2729/9142 2733/9143 2730/9144
f 2733/9145 2734/9146 2730/9147
f 2708/9148 2737/9149 2711/9150
f 2737/9151 3348/9152 2711/9153
f 3349/9154 2737/9155 2729/9156
f 2737/9157 2733/9158 2729/9159
f 2708/9160 2719/9161 2737/9162
f 2719/9163 2733/9164 2737/9165
f 2732/9166 2736/9167 3351/9168
f 2716/9169 3351/9170 2736/9171
f 2744/9172 2745/9173 2749/9174
f 2749/9175 2747/9176 2746/9177
f 2749/9178 2745/9179 2747/9180
f 2749/9181 2743/9182 2744/9183
f 3356/9184 3104/9185 2741/9186
f 3104/9187 2742/9188 2741/9189
f 3357/9190 3356/9191 2738/9192
f 3356/9193 2741/9194 2738/9195
f 3360/9196 3357/9197 2739/9198
f 3357/9199 2738/9200 2739/9201
f 2740/9202 3241/9203 2739/9204
f 3241/9205 3360/9206 2739/9207
f 3413/9208 2778/9209 3412/9210
f 2778/9211 2777/9212 3412/9213
f 3412/9214 2777/9215 3409/9216
f 2777/9217 3385/9218 3409/9219
f 2807/9220 2811/9221 2763/9222
f 2811/9223 2762/9224 2763/9225
f 2809/9226 2808/9227 2835/9228
f 2808/9229 3414/9230 2835/9231
f 2760/9232 2768/9233 2759/9234
f 2768/9235 2769/9236 2759/9237
f 2759/9238 2769/9239 2758/9240
f 2769/9241 2770/9242 2758/9243
f 2757/9244 2758/9245 2771/9246
f 2758/9247 2770/9248 2771/9249
f 2756/9250 2757/9251 2772/9252
f 2757/9253 2771/9254 2772/9255
f 2755/9256 2756/9257 2773/9258
f 2756/9259 2772/9260 2773/9261
f 2755/9262 2773/9263 2754/9264
f 2773/9265 2774/9266 2754/9267
f 2753/9268 2754/9269 2775/9270
f 2754/9271 2774/9272 2775/9273
f 2752/9274 2753/9275 2776/9276
f 2753/9277 2775/9278 2776/9279
f 3384/9280 2783/9281 2779/9282
f 2783/9283 2786/9284 2779/9285
f 2799/9286 2798/9287 2780/9288
f 2798/9289 2748/9290 2780/9291
f 2818/9292 2820/9293 3398/9294
f 2820/9295 2779/9296 3398/9297
f 2777/9298 2787/9299 3385/9300
f 2787/9301 2784/9302 3385/9303
f 2807/9304 2825/9305 2811/9306
f 2825/9307 3399/9308 2811/9309
f 2800/9310 2799/9311 2791/9312
f 2799/9313 2780/9314 2791/9315
f 2809/9316 2835/9317 2807/9318
f 2835/9319 2825/9320 2807/9321
f 2801/9322 2800/9323 2792/9324
f 2800/9325 2791/9326 2792/9327
f 2812/9328 2845/9329 2810/9330
f 2845/9331 3415/9332 2810/9333
f 2802/9334 2801/9335 2793/9336
f 2801/9337 2792/9338 2793/9339
f 2803/9340 2802/9341 2794/9342
f 2802/9343 2793/9344 2794/9345
f 2804/9346 2803/9347 2795/9348
f 2803/9349 2794/9350 2795/9351
f 2805/9352 2804/9353 2796/9354
f 2804/9355 2795/9356 2796/9357
f 2782/9358 3143/9359 2781/9360
f 3143/9361 3141/9362 2781/9363
f 3112/9364 2789/9365 2750/9366
f 3153/9367 2805/9368 2797/9369
f 2805/9370 2796/9371 2797/9372
f 3120/9373 3368/9374 2751/9375
f 3389/9376 2862/9377 3376/9378
f 2862/9379 3281/9380 3376/9381
f 3367/9382 2751/9383 3368/9384
f 3366/9385 2751/9386 3367/9387
f 2790/9388 2767/9389 3147/9390
f 2767/9391 3387/9392 3147/9393
f 3366/9394 3365/9395 2751/9396
f 3377/9397 3130/9398 3390/9399
f 3130/9400 2785/9401 3390/9402
f 2750/9403 3363/9404 3362/9405
f 2750/9406 3364/9407 3363/9408
f 2750/9409 3362/9410 3112/9411
f 2750/9412 3365/9413 3364/9414
f 3389/9415 3388/9416 2862/9417
f 3388/9418 3273/9419 2862/9420
f 3365/9421 2750/9422 2751/9423
f 3129/9424 3375/9425 2806/9426
f 3375/9427 3391/9428 2806/9429
f 3375/9430 3374/9431 3391/9432
f 3374/9433 3392/9434 3391/9435
f 3374/9436 3373/9437 3392/9438
f 3373/9439 3393/9440 3392/9441
f 3373/9442 3372/9443 3393/9444
f 3372/9445 3394/9446 3393/9447
f 3372/9448 3371/9449 3394/9450
f 3371/9451 3395/9452 3394/9453
f 3371/9454 3370/9455 3395/9456
f 3370/9457 3396/9458 3395/9459
f 3370/9460 3369/9461 3396/9462
f 3369/9463 3397/9464 3396/9465
f 3369/9466 3121/9467 3397/9468
f 3121/9469 3160/9470 3397/9471
f 2787/9472 2777/9473 3386/9474
f 3386/9475 2777/9476 3383/9477
f 3383/9478 2777/9479 3382/9480
f 3382/9481 2777/9482 3381/9483
f 3381/9484 2777/9485 2778/9486
f 3148/9487 2787/9488 3386/9489
f 3380/9490 3381/9491 2778/9492
f 3379/9493 3380/9494 2778/9495
f 3378/9496 3379/9497 2778/9498
f 2778/9499 2788/9500 3378/9501
f 2788/9502 3134/9503 3378/9504
f 3282/9505 3398/9506 2761/9507
f 3398/9508 2779/9509 2761/9510
f 3120/9511 2751/9512 3151/9513
f 2781/9514 3404/9515 2782/9516
f 3404/9517 3408/9518 2782/9519
f 3418/9520 3304/9521 2810/9522
f 3304/9523 2766/9524 2810/9525
f 2764/9526 2765/9527 2809/9528
f 2765/9529 2808/9530 2809/9531
f 2807/9532 2763/9533 2809/9534
f 2763/9535 2764/9536 2809/9537
f 2820/9538 2819/9539 2779/9540
f 2819/9541 3384/9542 2779/9543
f 3416/9544 3180/9545 2778/9546
f 3180/9547 2788/9548 2778/9549
f 3361/9550 3111/9551 2812/9552
f 3361/9553 2812/9554 2810/9555
f 3358/9556 3361/9557 2810/9558
f 3359/9559 3358/9560 2810/9561
f 2810/9562 2766/9563 3359/9564
f 2766/9565 3240/9566 3359/9567
f 2818/9568 2821/9569 2820/9570
f 2821/9571 2822/9572 2820/9573
f 2822/9574 2823/9575 2820/9576
f 2823/9577 2819/9578 2820/9579
f 2918/9580 2917/9581 2808/9582
f 3413/9583 2925/9584 2778/9585
f 2778/9586 2924/9587 2923/9588
f 2918/9589 2808/9590 2919/9591
f 2810/9592 2920/9593 2921/9594
f 3418/9595 2810/9596 2922/9597
f 2808/9598 3417/9599 2919/9600
f 3400/9601 3406/9602 3401/9603
f 3406/9604 2828/9605 3401/9606
f 3401/9607 2828/9608 3402/9609
f 2828/9610 2827/9611 3402/9612
f 3402/9613 2827/9614 3403/9615
f 2827/9616 2826/9617 3403/9618
f 3403/9619 2826/9620 3405/9621
f 2826/9622 2824/9623 3405/9624
f 3416/9625 2778/9626 2923/9627
f 3406/9628 3411/9629 2828/9630
f 3411/9631 2838/9632 2828/9633
f 2828/9634 2838/9635 2827/9636
f 2838/9637 2837/9638 2827/9639
f 2827/9640 2837/9641 3407/9642
f 2837/9643 2836/9644 3407/9645
f 3407/9646 2836/9647 3410/9648
f 2836/9649 2834/9650 3410/9651
f 2830/9652 2834/9653 2833/9654
f 2834/9655 2836/9656 2833/9657
f 2833/9658 2836/9659 2832/9660
f 2836/9661 2837/9662 2832/9663
f 2832/9664 2837/9665 2831/9666
f 2837/9667 2838/9668 2831/9669
f 2831/9670 2838/9671 2829/9672
f 2838/9673 3411/9674 2829/9675
f 3415/9676 2920/9677 2810/9678
f 2778/9679 2925/9680 2924/9681
f 2840/9682 3179/9683 2843/9684
f 3179/9685 2848/9686 2843/9687
f 2843/9688 2848/9689 2842/9690
f 2848/9691 2847/9692 2842/9693
f 2842/9694 2847/9695 2841/9696
f 2847/9697 2846/9698 2841/9699
f 2841/9700 2846/9701 2839/9702
f 2846/9703 2844/9704 2839/9705
f 2810/9706 2921/9707 2922/9708
f 2917/9709 3414/9710 2808/9711
f 2850/9712 2814/9713 2853/9714
f 2814/9715 2817/9716 2853/9717
f 2853/9718 2817/9719 2852/9720
f 2817/9721 2816/9722 2852/9723
f 2852/9724 2816/9725 2851/9726
f 2816/9727 2815/9728 2851/9729
f 2851/9730 2815/9731 2849/9732
f 2815/9733 2813/9734 2849/9735
f 2765/9736 3303/9737 2808/9738
f 3303/9739 3417/9740 2808/9741
f 2854/9742 2856/9743 2855/9744
f 2856/9745 2857/9746 2855/9747
f 3419/9748 3425/9749 3423/9750
f 3425/9751 3426/9752 3423/9753
f 3424/9754 2861/9755 3422/9756
f 2861/9757 2859/9758 3422/9759
f 3421/9760 2858/9761 3420/9762
f 2858/9763 2860/9764 3420/9765
f 2867/9766 2872/9767 2863/9768
f 2872/9769 2870/9770 2863/9771
f 2868/9772 2873/9773 2867/9774
f 2873/9775 2872/9776 2867/9777
f 2869/9778 2874/9779 2868/9780
f 2874/9781 2873/9782 2868/9783
f 2871/9784 2874/9785 2878/9786
f 2874/9787 2869/9788 2878/9789
f 2881/9790 3441/9791 2877/9792
f 2876/9793 2875/9794 2880/9795
f 2875/9796 2879/9797 2880/9798
f 2875/9799 2871/9800 2879/9801
f 2871/9802 2878/9803 2879/9804
f 2881/9805 2877/9806 2880/9807
f 2877/9808 2876/9809 2880/9810
f 2913/9811 2912/9812 2916/9813
f 2912/9814 2915/9815 2916/9816
f 2912/9817 2911/9818 2915/9819
f 2911/9820 2914/9821 2915/9822
f 3443/9823 3442/9824 2898/9825
f 3442/9826 2897/9827 2898/9828
f 3435/9829 3436/9830 2892/9831
f 3436/9832 2893/9833 2892/9834
f 3433/9835 3434/9836 2889/9837
f 3434/9838 2891/9839 2889/9840
f 3439/9841 3440/9842 2895/9843
f 3440/9844 2896/9845 2895/9846
f 3448/9847 2913/9848 2865/9849
f 2913/9850 2916/9851 2865/9852
f 3432/9853 3431/9854 2888/9855
f 3431/9856 2887/9857 2888/9858
f 3437/9859 3438/9860 2890/9861
f 3438/9862 2894/9863 2890/9864
f 3430/9865 3429/9866 2886/9867
f 3429/9868 2882/9869 2886/9870
f 3444/9871 3443/9872 2899/9873
f 3443/9874 2898/9875 2899/9876
f 2866/9877 2864/9878 2885/9879
f 2864/9880 2883/9881 2885/9882
f 3442/9883 3432/9884 2897/9885
f 3432/9886 2888/9887 2897/9888
f 3436/9889 3437/9890 2893/9891
f 3437/9892 2890/9893 2893/9894
f 3434/9895 3435/9896 2891/9897
f 3435/9898 2892/9899 2891/9900
f 3440/9901 2866/9902 2896/9903
f 2866/9904 2885/9905 2896/9906
f 3438/9907 3439/9908 2894/9909
f 3439/9910 2895/9911 2894/9912
f 3445/9913 3444/9914 2900/9915
f 3444/9916 2899/9917 2900/9918
f 3431/9919 3430/9920 2887/9921
f 3430/9922 2886/9923 2887/9924
f 3447/9925 2884/9926 2901/9927
f 2884/9928 2902/9929 2901/9930
f 2901/9931 2902/9932 2903/9933
f 2902/9934 2904/9935 2903/9936
f 2903/9937 2904/9938 2905/9939
f 2904/9940 2906/9941 2905/9942
f 2905/9943 2906/9944 2907/9945
f 2906/9946 2908/9947 2907/9948
f 2900/9949 3223/9950 3456/9951
f 2900/9952 3456/9953 3454/9954
f 2900/9955 3454/9956 3452/9957
f 2900/9958 3452/9959 3451/9960
f 2885/9961 2883/9962 3450/9963
f 2885/9964 3450/9965 3453/9966
f 2885/9967 3453/9968 3455/9969
f 2885/9970 3455/9971 3222/9972
f 3222/9973 2909/9974 2885/9975
f 2900/9976 2910/9977 3223/9978
f 2881/9979 2914/9980 3441/9981
f 2914/9982 2911/9983 3441/9984
f 3458/9985 3459/9986 3457/9987
f 2864/9988 2866/9989 3459/9990
f 2866/9991 3457/9992 3459/9993
f 3447/9994 3448/9995 2884/9996
f 3448/9997 2865/9998 2884/9999
f 3451/10000 3428/10001 2900/10002
f 3428/10003 3445/10004 2900/10005
f 3427/10006 3449/10007 3428/10008
f 3449/10009 3445/10010 3428/10011
f 3446/10012 3449/10013 3427/10014
f 2830/10015 2833/10016 3467/10017
f 2833/10018 2928/10019 3467/10020
f 2833/10021 2832/10022 2928/10023
f 2832/10024 2927/10025 2928/10026
f 2832/10027 2831/10028 2927/10029
f 2831/10030 2926/10031 2927/10032
f 2831/10033 2829/10034 2926/10035
f 2829/10036 3460/10037 2926/10038
f 3461/10039 2938/10040 3460/10041
f 2938/10042 2926/10043 3460/10044
f 2926/10045 2938/10046 2927/10047
f 2938/10048 2937/10049 2927/10050
f 2927/10051 2937/10052 2928/10053
f 2937/10054 2936/10055 2928/10056
f 3466/10057 3467/10058 2936/10059
f 3467/10060 2928/10061 2936/10062
f 3462/10063 2964/10064 3461/10065
f 2935/10066 2934/10067 2938/10068
f 2934/10069 2937/10070 2938/10071
f 2934/10072 2933/10073 2937/10074
f 2933/10075 2936/10076 2937/10077
f 2933/10078 2942/10079 2951/10080
f 2942/10081 2955/10082 2951/10083
f 2931/10084 2941/10085 2932/10086
f 2941/10087 2942/10088 2932/10089
f 2930/10090 2940/10091 2931/10092
f 2940/10093 2941/10094 2931/10095
f 2929/10096 2939/10097 2930/10098
f 2939/10099 2940/10100 2930/10101
f 3463/10102 3465/10103 2929/10104
f 3465/10105 2939/10106 2929/10107
f 2933/10108 2934/10109 2942/10110
f 2934/10111 2932/10112 2942/10113
f 2931/10114 2932/10115 2945/10116
f 2932/10117 2946/10118 2945/10119
f 2930/10120 2931/10121 2944/10122
f 2931/10123 2945/10124 2944/10125
f 2929/10126 2930/10127 2943/10128
f 2930/10129 2944/10130 2943/10131
f 2935/10132 2946/10133 2934/10134
f 2946/10135 2932/10136 2934/10137
f 3463/10138 2929/10139 3464/10140
f 2929/10141 2943/10142 3464/10143
f 2842/10144 2841/10145 2948/10146
f 2841/10147 2947/10148 2948/10149
f 2843/10150 2842/10151 2949/10152
f 2842/10153 2948/10154 2949/10155
f 3468/10156 2950/10157 2839/10158
f 2843/10159 2949/10160 2840/10161
f 2949/10162 3465/10163 2840/10164
f 3465/10165 2949/10166 2952/10167
f 2953/10168 2952/10169 2948/10170
f 2952/10171 2949/10172 2948/10173
f 2954/10174 2953/10175 2947/10176
f 2953/10177 2948/10178 2947/10179
f 2954/10180 2947/10181 2955/10182
f 2947/10183 2950/10184 2955/10185
f 2841/10186 2839/10187 2947/10188
f 2839/10189 2950/10190 2947/10191
f 2951/10192 2955/10193 3468/10194
f 2955/10195 2950/10196 3468/10197
f 2941/10198 2954/10199 2942/10200
f 2954/10201 2955/10202 2942/10203
f 2941/10204 2940/10205 2954/10206
f 2940/10207 2953/10208 2954/10209
f 2940/10210 2939/10211 2953/10212
f 2939/10213 2952/10214 2953/10215
f 2933/10216 2951/10217 2936/10218
f 2951/10219 3466/10220 2936/10221
f 3466/10222 2951/10223 3468/10224
f 2960/10225 2961/10226 2946/10227
f 2961/10228 2945/10229 2946/10230
f 2961/10231 2962/10232 2945/10233
f 2962/10234 2944/10235 2945/10236
f 2962/10237 2963/10238 2944/10239
f 2963/10240 2943/10241 2944/10242
f 2852/10243 2851/10244 2958/10245
f 2851/10246 2959/10247 2958/10248
f 2853/10249 2852/10250 2957/10251
f 2852/10252 2958/10253 2957/10254
f 2850/10255 2853/10256 2956/10257
f 2853/10258 2957/10259 2956/10260
f 2851/10261 2849/10262 2959/10263
f 2849/10264 3464/10265 2959/10266
f 3462/10267 2850/10268 2956/10269
f 2939/10270 3465/10271 2952/10272
f 2958/10273 2959/10274 2962/10275
f 2959/10276 2963/10277 2962/10278
f 2957/10279 2958/10280 2961/10281
f 2958/10282 2962/10283 2961/10284
f 2956/10285 2957/10286 2960/10287
f 2957/10288 2961/10289 2960/10290
f 2935/10291 2938/10292 2964/10293
f 2938/10294 3461/10295 2964/10296
f 3462/10297 2956/10298 2964/10299
f 2956/10300 2960/10301 2964/10302
f 2935/10303 2964/10304 2946/10305
f 2964/10306 2960/10307 2946/10308
f 2959/10309 3464/10310 2963/10311
f 2943/10312 2963/10313 3464/10314
o Part.4
v -3.275 23.531 0.003
v -3.262 23.6 -0.347
v -3.228 23.795 -0.644
v -3.175 24.087 -0.842
v -3.114 24.432 -0.912
v -3.053 24.776 -0.842
v -3.001 25.069 -0.644
v -2.966 25.264 -0.347
v -2.954 25.333 0.003
v -2.966 25.264 0.353
v -3.001 25.069 0.65
v -3.053 24.776 0.848
v -3.114 24.432 0.918
v -7.075 25.24 2.605
v -7.743 23.083 2.652
v -8.341 23.342 2.555
v -7.724 25.564 2.317
v -8.785 23.602 2.242
v -9.234 23.824 1.74
v -8.241 25.821 1.74
v -8.499 25.949 1.015
v -9.492 23.954 1.015
v -8.152 26.695 0.544
v -8.424 26.134 0.987
v -8.204 26.588 0.696
v -8.114 26.775 0.374
v -7.802 26.889 1.163
v -7.625 27.292 0.003
v -7.642 27.272 0.317
v -8.09 26.823 0.192
v -8.083 26.834 0.003
v -7.675 27.193 0.621
v -7.729 27.065 0.907
v -7.894 26.671 1.385
v -8.343 26.302 0.922
v -8.268 26.456 0.823
v -6.697 26.616 2.139
v -6.814 26.193 2.389
v -6.942 25.73 2.551
v -7.587 25.985 2.246
v -8.001 26.415 1.56
v -8.121 26.131 1.683
v -6.403 27.669 0.003
v -7.038 27.588 0.003
v -6.416 27.64 0.498
v -6.452 27.504 0.976
v -6.514 27.282 1.418
v -6.596 26.984 1.812
v -7.053 27.559 0.424
v -7.089 27.451 0.833
v -7.15 27.272 1.215
v -7.232 27.029 1.559
v -7.335 26.728 1.853
v -7.454 26.377 2.085
v -7.724 25.564 -2.312
v -7.642 27.272 -0.311
v -8.424 26.134 -0.981
v -8.121 26.131 -1.677
v -8.241 25.821 -1.735
v -8.499 25.949 -1.009
v -7.894 26.671 -1.379
v -8.343 26.302 -0.916
v -8.001 26.415 -1.554
v -8.268 26.456 -0.817
v -7.802 26.889 -1.158
v -7.729 27.065 -0.901
v -7.674 27.194 -0.616
v -8.204 26.588 -0.69
v -8.152 26.695 -0.539
v -8.09 26.823 -0.187
v -8.114 26.774 -0.369
v -6.596 26.984 -1.806
v -6.514 27.282 -1.413
v -6.452 27.504 -0.97
v -6.416 27.64 -0.492
v -7.075 25.241 -2.599
v -6.942 25.729 -2.546
v -6.814 26.193 -2.384
v -6.697 26.616 -2.133
v -7.587 25.985 -2.24
v -7.454 26.377 -2.079
v -7.335 26.728 -1.847
v -7.053 27.559 -0.419
v -7.089 27.451 -0.827
v -7.15 27.272 -1.209
v -7.232 27.029 -1.554
v -7.446 25.203 0.003
v -7.559 24.566 0.65
v -7.507 24.859 0.848
v -7.446 25.203 0.918
v -7.385 25.548 0.848
v -7.332 25.84 0.65
v -7.298 26.035 0.353
v -7.285 26.104 0.003
v -7.298 26.035 -0.347
v -7.332 25.84 -0.644
v -7.385 25.548 -0.842
v -7.446 25.203 -0.912
v -7.507 24.859 -0.842
v -7.559 24.566 -0.644
v -7.594 24.371 -0.347
v -7.606 24.302 0.003
v -7.594 24.371 0.353
v -9.468 24.001 -1.009
v -9.244 23.889 -1.619
v -8.76 23.649 -2.186
v -8.232 23.386 -2.47
v -7.719 23.132 -2.647
v -10.316 22.317 1.011
v -10.451 22.06 -0.997
v -9.919 23.137 -1.004
v -10.658 21.571 1.051
v -9.167 21.932 2.531
v -9.646 22.096 2.222
v -9.9 21.466 2.268
v -10.089 22.256 1.667
v -10.389 21.57 1.717
v -8.769 21.815 2.652
v -9.678 23.063 1.686
v -9.229 22.859 2.247
v -8.797 22.661 2.484
v -9.91 23.154 1.008
v -8.32 22.45 2.653
v -6.174 25.502 2.6
v -6.297 24.852 2.653
v -6.678 24.294 2.653
v -7.224 23.613 2.652
v -6.31 24.905 -2.644
v -6.192 25.401 -2.605
v -6.099 25.919 -2.466
v -6.017 26.384 -2.231
v -5.886 27.119 -1.533
v -5.944 26.792 -1.907
v -5.81 27.544 -0.513
v -5.836 27.397 -1.009
v -5.801 27.593 0.002
v -5.81 27.542 0.518
v -5.837 27.395 1.013
v -5.936 26.836 1.875
v -5.876 27.173 1.441
v -6.013 26.404 2.231
v -6.087 25.99 2.449
v -6.668 24.3 -2.647
v -7.224 23.637 -2.647
v -10.177 22.106 -1.585
v -9.261 22.853 -2.158
v -8.377 22.43 -2.647
v -8.73 22.601 -2.508
v -8.929 21.435 -2.647
v -9.84 21.914 -2.102
v -9.285 21.619 -2.499
v -9.675 23.039 -1.639
v -8.966 21.231 2.669
v -10.48 21.074 1.959
v -11.045 20.099 2.068
v -10.871 20.841 1.372
v -9.014 20.959 2.736
v -9.5 21.051 2.603
v -9.851 21.104 2.476
v -9.367 21.362 2.574
v -10.537 20.475 2.527
v -7.349 22.992 2.573
v -8.049 21.688 2.473
v -7.742 22.334 2.514
v -6.532 23.492 1.946
v -6.643 22.866 1.52
v -6.722 22.881 1.936
v -6.771 22.151 1.114
v -7.443 21.582 2.091
v -7.229 22.243 2.185
v -6.879 22.18 1.644
v -7.022 21.507 1.44
v -7.158 20.806 1.388
v -6.99 20.917 0.999
v -6.878 21.548 0.969
v -6.97 22.925 2.321
v -6.581 23.497 2.21
v -6.417 24.244 2.479
v -6.478 24.255 2.572
v -6.734 23.524 2.447
v -6.398 24.241 2.377
v -6.57 24.271 2.633
v -6.968 23.567 2.604
v -7.54 21.14 -2.05
v -7.284 22.115 -2.148
v -6.965 22.956 -2.315
v -7.343 23.022 -2.568
v -8.249 21.235 -2.546
v -7.104 20.993 -1.354
v -6.568 24.282 -2.628
v -6.718 22.904 -2.052
v -6.577 23.52 -2.251
v -6.965 23.588 -2.598
v -6.731 23.545 -2.442
v -6.415 24.255 -2.473
v -6.644 22.889 -1.903
v -6.524 23.538 -2.135
v -6.395 24.258 -2.392
v -6.476 24.266 -2.566
v -6.911 22.05 -1.766
v -7.019 20.758 -1.081
v -6.796 22.006 -1.566
v -7.819 22.246 -2.561
v -8.99 21.088 -2.622
v -9.473 21.297 -2.461
v -9.131 20.304 -2.313
v -9.07 20.647 -2.495
v -9.186 19.996 -2.061
v -10.472 21.475 -1.316
v -10.425 21.621 -1.423
v -10.286 21.92 -1.549
v -9.974 21.679 -2.065
v -9.799 20.409 -1.962
v -10.308 20.992 -1.67
v -9.611 20.982 -2.353
v -10.225 21.195 -1.85
v -9.717 20.685 -2.191
v -10.358 21.766 -1.503
v -10.119 21.417 -1.974
v -10.743 21.385 -0.315
v -11.289 19.593 1.527
v -9.072 20.635 2.942
v -9.844 20.663 2.834
v -8.338 20.395 2.834
v -7.753 19.979 2.527
v -7.406 19.451 2.068
v -7.351 18.892 1.527
v -7.136 20.097 1.306
v -7.585 20.921 2.076
v -8.21 21.077 2.488
v -8.267 20.756 2.571
v -7.289 20.155 1.557
v -7.662 20.487 2.188
v -7.209 20.714 -1.346
v -7.613 20.703 -1.969
v -7.214 20.529 -1.191
v -7.666 20.409 -1.834
v -7.722 20.154 -1.65
v -8.38 20.19 -2.184
v -8.42 19.932 -1.99
v -8.36 20.463 -2.355
v -8.319 20.923 -2.51
v -9.948 19.881 -1.496
v -9.269 19.528 -1.587
v -10.157 18.876 -0.494
v -11.06 20.344 0.75
v -11.002 19.841 0.221
v -10.7 19.314 -0.211
v -10.701 20.948 -0.796
v -10.492 20.441 -1.185
v -9.44 18.57 -0.612
v -9.568 17.85 0.113
v -10.302 18.09 0.221
v -11.234 19.034 0.986
v -10.888 18.506 0.527
v -8.879 21.721 -0.99
v -9.18 22.537 -0.239
v -9.578 22.429 -0.415
v -9.87 22.213 -0.679
v -10.011 21.922 -0.99
v -9.979 21.601 -1.301
v -9.78 21.297 -1.565
v -9.444 21.059 -1.741
v -9.021 20.92 -1.803
v -8.577 20.904 -1.741
v -8.179 21.012 -1.565
v -7.888 21.228 -1.301
v -7.747 21.519 -0.99
v -7.779 21.841 -0.679
v -7.978 22.144 -0.415
v -8.314 22.383 -0.239
v -8.736 22.521 -0.177
v -9.455 18.484 3.924
v -9.033 18.345 3.862
v -8.697 18.106 3.686
v -8.498 17.803 3.422
v -8.466 17.481 3.111
v -8.607 17.19 2.8
v -8.898 16.974 2.536
v -9.296 16.866 2.36
v -9.74 16.882 2.298
v -10.163 17.021 2.36
v -10.499 17.26 2.536
v -10.698 17.563 2.8
v -10.73 17.885 3.111
v -10.589 18.175 3.422
v -10.297 18.391 3.686
v -9.899 18.499 3.862
v -9.35 19.075 4.525
v -8.616 18.835 4.418
v -8.03 18.419 4.111
v -7.684 17.891 3.652
v -7.629 17.332 3.111
v -7.873 16.826 2.57
v -8.381 16.451 2.111
v -9.074 16.262 1.804
v -9.846 16.291 1.697
v -10.58 16.531 1.804
v -11.165 16.947 2.111
v -11.512 17.474 2.57
v -11.567 18.034 3.111
v -11.322 18.54 3.652
v -10.815 18.915 4.111
v -10.122 19.104 4.418
v -7.596 18.386 0.986
v -8.103 18.01 0.527
v -8.796 17.822 0.221
v -7.115 20.219 -0.529
v -7.297 20.061 -0.716
v -7.805 19.686 -1.175
v -7.286 19.257 0.449
v -8.498 19.497 -1.481
v -7.976 18.724 -0.197
v -7.468 19.099 0.262
v -8.669 18.535 -0.504
v -6.031 26.306 -1.331
v -5.959 26.71 -0.72
v -5.933 26.852 0.003
v -5.959 26.709 0.726
v -6.031 26.306 1.337
v -6.138 25.704 1.747
v -6.265 24.993 1.891
v -6.391 24.281 1.747
v -6.498 23.679 1.337
v -6.57 23.276 0.725
v -6.596 23.134 0.003
v -6.57 23.276 -0.72
v -6.499 23.678 -1.332
v -6.391 24.281 -1.741
v -6.265 24.993 -1.885
v -6.138 25.704 -1.741
v -5.046 26.131 -1.331
v -4.974 26.534 -0.72
v -4.949 26.676 0.003
v -4.974 26.534 0.726
v -5.046 26.131 1.337
v -5.153 25.529 1.747
v -5.28 24.817 1.891
v -5.407 24.106 1.747
v -5.586 23.101 0.725
v -5.611 22.959 0.003
v -5.586 23.101 -0.72
v -5.514 23.503 -1.332
v -5.407 24.106 -1.741
v -5.28 24.817 -1.885
v -5.153 25.529 -1.741
v -8.498 25.949 0.003
v -5.027 26.238 1.446
v -4.46 26.127 1.435
v -3.384 25.77 1.274
v -2.929 25.473 1.061
v -4.949 26.674 0.784
v -4.383 26.559 0.779
v -3.315 26.154 0.69
v -2.872 25.793 0.575
v -4.922 26.827 0.002
v -4.356 26.711 0.003
v -3.291 26.289 0.003
v -2.852 25.905 0.003
v -4.949 26.674 -0.779
v -4.383 26.559 -0.773
v -3.315 26.154 -0.684
v -2.872 25.792 -0.57
v -5.027 26.239 -1.441
v -4.46 26.127 -1.43
v -3.384 25.77 -1.268
v -2.929 25.473 -1.055
v -5.143 25.587 -1.883
v -4.575 25.48 -1.869
v -3.486 25.196 -1.657
v -3.014 24.995 -1.38
v -5.28 24.817 -2.039
v -4.711 24.716 -2.024
v -3.606 24.519 -1.795
v -3.114 24.432 -1.493
v -5.417 24.048 -1.883
v -4.847 23.952 -1.869
v -3.727 23.843 -1.657
v -3.214 23.869 -1.38
v -5.533 23.396 -1.441
v -4.962 23.306 -1.43
v -3.829 23.268 -1.268
v -3.3 23.39 -1.055
v -5.611 22.961 -0.779
v -5.039 22.873 -0.773
v -3.897 22.885 -0.684
v -3.356 23.071 -0.569
v -5.638 22.807 0.003
v -5.066 22.721 0.003
v -3.921 22.75 0.003
v -3.376 22.959 0.003
v -5.611 22.961 0.784
v -5.039 22.873 0.779
v -3.897 22.885 0.69
v -3.356 23.071 0.575
v -5.417 24.048 1.889
v -4.847 23.952 1.875
v -3.727 23.843 1.663
v -3.215 23.868 1.385
v -5.28 24.817 2.044
v -4.711 24.716 2.029
v -3.606 24.519 1.8
v -3.114 24.432 1.499
v -5.143 25.587 1.889
v -4.575 25.48 1.875
v -3.486 25.196 1.663
v -3.014 24.995 1.385
v -3.903 25.99 1.399
v -3.828 26.41 0.758
v -3.802 26.559 0.002
v -3.828 26.411 -0.752
v -3.903 25.99 -1.393
v -4.015 25.359 -1.82
v -4.148 24.616 -1.971
v -4.28 23.872 -1.82
v -4.393 23.242 -1.393
v -4.467 22.821 -0.752
v -4.494 22.672 0.003
v -4.467 22.821 0.758
v -4.28 23.872 1.826
v -4.148 24.615 1.976
v -4.015 25.359 1.826
v -3.262 23.6 0.353
v -5.237 23.952 0.353
v -5.367 23.989 0.375
v -5.47 24.051 0.44
v -5.534 24.129 0.536
v -5.547 24.208 0.65
v -5.5 24.315 0.725
v -5.409 24.397 0.791
v -5.286 24.439 0.833
v -5.15 24.439 0.848
v -3.175 24.087 0.848
v -3.334 23.195 0.764
v -3.864 23.073 0.977
v -4.427 23.047 1.102
v -4.997 23.111 1.138
v -5.376 23.17 1.146
v -5.506 23.206 1.171
v -5.561 23.239 1.206
v -5.542 23.346 1.097
v -5.591 23.375 1.127
v -5.654 23.451 1.224
v -5.668 23.531 1.337
v -5.621 23.638 1.414
v -5.529 23.72 1.478
v -5.472 23.74 1.498
v -5.491 23.633 1.607
v -5.426 23.656 1.628
v -5.289 23.658 1.641
v -4.91 23.598 1.633
v -4.34 23.534 1.597
v -3.777 23.561 1.471
v -3.247 23.683 1.259
v -7.28 19.29 1.932
v -7.567 17.68 3.465
v -7.691 16.984 2.758
v -7.413 18.544 1.174
v -7.224 19.607 0.801
v -7.119 20.196 0.203
v -8.916 24.463 1.74
v -7.937 23.948 2.572
v -8.457 24.211 2.264
v -9.178 24.583 1.015
v -9.183 24.573 -1.01
v -8.949 24.459 -1.653
v -8.451 24.22 -2.225
v -7.881 23.949 -2.509
v -8.777 25.39 -0.007
v -8.088 24.891 -2.268
v -8.755 25.433 1.015
v -8.583 25.163 -1.696
v -8.798 25.346 -1.01
v -7.466 24.613 -2.555
v -8.535 25.23 1.74
v -7.485 24.627 2.589
v -8.753 25.435 1.015
v -8.071 24.924 2.292
v -5.81 27.544 -0.513
v -5.836 27.397 -1.009
v -6.524 23.538 -2.135
v -6.395 24.258 -2.392
v -7.606 24.302 0.003
v -7.594 24.371 -0.347
v -7.559 24.566 -0.644
v -7.507 24.859 -0.842
v -7.446 25.203 -0.912
v -7.385 25.548 -0.842
v -5.547 24.208 0.65
v -5.5 24.315 0.725
v -7.332 25.84 0.65
v -7.385 25.548 0.848
v -7.298 26.035 0.353
v -7.446 25.203 0.918
v -7.507 24.859 0.848
v -7.285 26.104 0.003
v -7.298 26.035 -0.347
v -7.332 25.84 -0.644
v -7.594 24.371 0.353
v -5.801 27.593 0.002
v -5.81 27.542 0.518
v -6.796 22.006 -1.566
v -6.644 22.889 -1.903
v -5.886 27.119 -1.533
v -5.944 26.792 -1.907
v -6.017 26.384 -2.231
v -6.099 25.919 -2.466
v -6.643 22.866 1.52
v -6.771 22.151 1.114
v -6.532 23.492 1.946
v -3.053 24.776 -0.842
v -3.001 25.069 -0.644
v -6.398 24.241 2.377
v -6.297 24.852 2.653
v -7.559 24.566 0.65
v -2.966 25.264 -0.347
v -2.954 25.333 0.003
v -2.966 25.264 0.353
v -5.876 27.173 1.441
v -5.837 27.395 1.013
v -3.053 24.776 0.848
v -3.114 24.432 0.918
v -3.001 25.069 0.65
v -6.192 25.401 -2.605
v -6.174 25.502 2.6
v -7.747 21.519 -0.99
v -7.779 21.841 -0.679
v -9.18 22.537 -0.239
v -9.578 22.429 -0.415
v -3.175 24.087 -0.842
v -3.114 24.432 -0.912
v -9.979 21.601 -1.301
v -9.78 21.297 -1.565
v -9.444 21.059 -1.741
v -5.936 26.836 1.875
v -3.262 23.6 -0.347
v -3.228 23.795 -0.644
v -8.577 20.904 -1.741
v -8.179 21.012 -1.565
v -9.87 22.213 -0.679
v -3.275 23.531 0.003
v -6.99 20.917 0.999
v -6.878 21.548 0.969
v -6.31 24.905 -2.644
v -6.087 25.99 2.449
v -6.013 26.404 2.231
v -7.978 22.144 -0.415
v -8.314 22.383 -0.239
v -9.021 20.92 -1.803
v -7.888 21.228 -1.301
v -10.011 21.922 -0.99
v -8.736 22.521 -0.177
v -9.033 18.345 3.862
v -9.455 18.484 3.924
v -8.697 18.106 3.686
v -8.498 17.803 3.422
v -8.466 17.481 3.111
v -8.607 17.19 2.8
v -8.898 16.974 2.536
v -9.296 16.866 2.36
v -9.74 16.882 2.298
v -10.163 17.021 2.36
v -10.499 17.26 2.536
v -10.698 17.563 2.8
v -10.73 17.885 3.111
v -10.589 18.175 3.422
v -10.297 18.391 3.686
v -9.899 18.499 3.862
v -8.616 18.835 4.418
v -9.35 19.075 4.525
v -8.03 18.419 4.111
v -7.684 17.891 3.652
v -7.567 17.68 3.465
v -7.567 17.68 3.465
v -7.691 16.984 2.758
v -7.691 16.984 2.758
v -7.629 17.332 3.111
v -8.381 16.451 2.111
v -7.873 16.826 2.57
v -9.074 16.262 1.804
v -9.846 16.291 1.697
v -10.58 16.531 1.804
v -11.165 16.947 2.111
v -11.512 17.474 2.57
v -11.567 18.034 3.111
v -11.322 18.54 3.652
v -10.815 18.915 4.111
v -10.122 19.104 4.418
v -7.136 20.097 1.306
v -7.019 20.758 -1.081
v -7.115 20.219 -0.529
v -7.286 19.257 0.449
v -5.959 26.71 -0.72
v -6.031 26.306 -1.331
v -5.933 26.852 0.003
v -5.959 26.709 0.726
v -6.031 26.306 1.337
v -6.138 25.704 1.747
v -6.265 24.993 1.891
v -6.391 24.281 1.747
v -6.498 23.679 1.337
v -6.57 23.276 0.725
v -6.596 23.134 0.003
v -6.57 23.276 -0.72
v -6.499 23.678 -1.332
v -6.391 24.281 -1.741
v -6.265 24.993 -1.885
v -6.138 25.704 -1.741
v -5.046 26.131 -1.331
v -5.153 25.529 -1.741
v -5.28 24.817 -1.885
v -5.407 24.106 -1.741
v -5.514 23.503 -1.332
v -5.586 23.101 -0.72
v -5.611 22.959 0.003
v -5.586 23.101 0.725
v -5.407 24.106 1.747
v -5.28 24.817 1.891
v -5.153 25.529 1.747
v -5.046 26.131 1.337
v -4.974 26.534 0.726
v -4.949 26.676 0.003
v -4.974 26.534 -0.72
v -2.929 25.473 1.061
v -2.872 25.793 0.575
v -5.027 26.238 1.446
v -4.949 26.674 0.784
v -2.852 25.905 0.003
v -4.922 26.827 0.002
v -2.872 25.792 -0.57
v -4.949 26.674 -0.779
v -2.929 25.473 -1.055
v -5.027 26.239 -1.441
v -3.014 24.995 -1.38
v -5.143 25.587 -1.883
v -3.114 24.432 -1.493
v -5.28 24.817 -2.039
v -3.214 23.869 -1.38
v -5.417 24.048 -1.883
v -3.3 23.39 -1.055
v -5.533 23.396 -1.441
v -3.356 23.071 -0.569
v -5.611 22.961 -0.779
v -3.376 22.959 0.003
v -5.638 22.807 0.003
v -3.356 23.071 0.575
v -5.611 22.961 0.784
v -3.175 24.087 0.848
v -3.175 24.087 0.848
v -3.262 23.6 0.353
v -3.262 23.6 0.353
v -3.215 23.868 1.385
v -3.114 24.432 1.499
v -5.417 24.048 1.889
v -5.28 24.817 2.044
v -3.014 24.995 1.385
v -5.143 25.587 1.889
v -5.561 23.239 1.206
v -5.561 23.239 1.206
v -5.542 23.346 1.097
v -5.542 23.346 1.097
v -5.491 23.633 1.607
v -5.491 23.633 1.607
v -5.472 23.74 1.498
v -5.472 23.74 1.498
v -5.668 23.531 1.337
v -5.621 23.638 1.414
v -5.286 24.439 0.833
v -5.15 24.439 0.848
v -3.334 23.195 0.764
v -3.334 23.195 0.764
v -5.237 23.952 0.353
v -5.367 23.989 0.375
v -5.47 24.051 0.44
v -5.534 24.129 0.536
v -5.409 24.397 0.791
v -3.864 23.073 0.977
v -4.427 23.047 1.102
v -4.997 23.111 1.138
v -5.376 23.17 1.146
v -5.506 23.206 1.171
v -5.591 23.375 1.127
v -5.654 23.451 1.224
v -5.529 23.72 1.478
v -5.426 23.656 1.628
v -5.289 23.658 1.641
v -4.91 23.598 1.633
v -4.34 23.534 1.597
v -3.777 23.561 1.471
v -3.247 23.683 1.259
v -3.247 23.683 1.259
v -7.28 19.29 1.932
v -7.413 18.544 1.174
usemtl MB_194
s off
f 3487 3587 3486
f 3587 3588 3486
f 3987 3515 4003
f 3515 3516 4003
f 3484 3486 3589
f 3486 3588 3589
f 3507 3482 3993
f 3482 3982 3993
f 3577 3584 3590
f 3584 3587 3590
f 3506 3507 4013
f 3507 3993 4013
f 3547 3974 3546
f 3974 3975 3546
f 3544 3545 4012
f 3545 3992 4012
f 3526 3525 3531
f 3525 3530 3531
f 3543 3947 3542
f 3947 3948 3542
f 3973 3974 3540
f 3974 3547 3540
f 3529 3531 3532
f 3531 3530 3532
f 3963 3983 3555
f 3959 3960 3555
f 3960 3962 3555
f 3967 3570 3555
f 3961 3959 3555
f 3570 3569 3555
f 4005 3998 3953
f 3998 3954 3953
f 4009 4004 3951
f 4004 3952 3951
f 3999 3979 3955
f 3979 3956 3955
f 4095 4097 4089
f 4097 4090 4089
f 4082 4111 4083
f 4111 4113 4083
f 3568 3567 3555
f 3567 3566 3555
f 3962 3963 3555
f 3965 3964 3555
f 3565 3966 3555
f 3964 3961 3555
f 3967 3555 3983
f 3566 3565 3555
f 3569 3568 3555
f 3966 3965 3555
f 4088 4087 4094
f 4087 4125 4094
f 3793 3808 4150
f 3986 3991 3561
f 3991 3560 3561
f 3998 3999 3954
f 3999 3955 3954
f 4087 4086 4125
f 4086 4123 4125
f 4086 4085 4123
f 4085 4122 4123
f 3991 3989 3560
f 3989 3559 3560
f 3792 4151 4134
f 4103 4105 4078
f 4105 4079 4078
f 3871 4120 3481
f 4120 4116 3481
f 4107 4109 4080
f 4109 4081 4080
f 4094 4095 4088
f 4095 4089 4088
f 4004 4005 3952
f 4005 3953 3952
f 4097 4099 4090
f 4099 4091 4090
f 3980 3984 3564
f 3984 3563 3564
f 4105 4107 4079
f 4107 4080 4079
f 3985 3986 3562
f 3986 3561 3562
f 4101 4103 4077
f 4103 4078 4077
f 3469 4118 3859
f 4118 4114 3859
f 3979 3980 3956
f 3980 3564 3956
f 3984 3985 3563
f 3985 3562 3563
f 4081 4109 4082
f 4109 4111 4082
f 4099 4101 4091
f 4101 4077 4091
f 3989 3990 3559
f 3990 3558 3559
f 4150 4151 3793
f 4083 4113 4084
f 4113 4115 4084
f 3624 3622 3580
f 3622 3585 3580
f 3968 3511 3969
f 3511 3513 3969
f 3578 3688 3577
f 3688 3580 3577
f 3585 3584 3580
f 3584 3577 3580
f 3538 3524 3539
f 3524 3535 3539
f 3620 3614 3613
f 3614 3618 3613
f 3581 3582 3628
f 3582 3583 3628
f 3628 3583 3626
f 3583 3627 3626
f 3581 3589 3582
f 3589 3588 3582
f 3650 3647 3982
f 3579 3590 3572
f 3590 3490 3572
f 3539 3535 3537
f 3535 3534 3537
f 3503 3492 3509
f 3492 3510 3509
f 3663 3660 3667
f 3660 3662 3667
f 3680 3618 3673
f 3618 3619 3673
f 3573 3572 3934
f 3572 3933 3934
f 3542 3948 3541
f 3948 3972 3541
f 3947 3543 3968
f 3543 3511 3968
f 3541 3972 3540
f 3972 3973 3540
f 3513 3514 3969
f 3514 3988 3969
f 3515 3519 3516
f 3519 3520 3516
f 3520 3521 3516
f 3521 3505 3516
f 3515 3987 3514
f 3987 3988 3514
f 3545 3544 3548
f 3544 3523 3548
f 3672 3673 3617
f 3673 3619 3617
f 3771 4056 3629
f 4056 3691 3629
f 3629 3622 3623
f 3622 3624 3623
f 3632 3631 3638
f 3631 3637 3638
f 3644 3648 3630
f 3648 3651 3630
f 4045 4043 3695
f 4043 4161 3695
f 3645 3648 3635
f 3648 3644 3635
f 3981 3982 3646
f 3648 3647 3651
f 3647 3650 3651
f 3640 3639 3637
f 3639 3638 3637
f 3977 3976 3639
f 3976 3635 3639
f 3641 4010 3640
f 4010 4011 3640
f 3700 4057 3641
f 4057 4010 3641
f 3667 3658 4012
f 3611 3658 3612
f 3658 3661 3612
f 3655 3654 3671
f 3654 3653 3671
f 3656 3671 3652
f 3671 3653 3652
f 3654 3659 3653
f 3659 3668 3653
f 3667 4012 3663
f 3576 3612 3655
f 3612 3661 3655
f 3652 3653 3657
f 3653 3668 3657
f 3661 3662 3655
f 3662 3654 3655
f 3659 3660 3971
f 3660 3949 3971
f 3685 3674 3681
f 3674 3676 3681
f 3613 3618 3679
f 3618 3680 3679
f 3579 3578 3590
f 3578 3577 3590
f 3712 3711 3676
f 3711 3681 3676
f 3631 3632 3586
f 3632 3591 3586
f 3701 3699 3693
f 3699 3692 3693
f 4037 4039 3692
f 4039 3693 3692
f 3576 3575 3612
f 3575 3936 3612
f 3631 3698 3637
f 3698 3697 3637
f 3982 3647 3646
f 3641 3640 3697
f 3640 3637 3697
f 3638 3644 3632
f 3644 3630 3632
f 3644 3638 3635
f 3638 3639 3635
f 3662 3661 3667
f 3661 3658 3667
f 3662 3660 3654
f 3660 3659 3654
f 3614 3574 3616
f 3574 3575 3616
f 3579 3572 3620
f 3572 3573 3620
f 3495 3493 3502
f 3493 3504 3502
f 3504 3503 3502
f 3503 3509 3502
f 3682 3684 3681
f 3684 3685 3681
f 4032 4031 4000
f 4031 4001 4000
f 4025 4024 3994
f 4024 3995 3994
f 4033 4032 4019
f 4032 4000 4019
f 4026 4025 4018
f 4025 3994 4018
f 4024 4023 3995
f 4023 4015 3995
f 4022 4036 4020
f 4036 3996 4020
f 4035 4034 3997
f 4034 4008 3997
f 4023 4021 4015
f 4021 4016 4015
f 4030 4029 4002
f 4029 4017 4002
f 4031 4030 4001
f 4030 4002 4001
f 4028 4027 4006
f 4027 4007 4006
f 4027 4026 4007
f 4026 4018 4007
f 4036 4035 3996
f 4035 3997 3996
f 4029 4028 4017
f 4028 4006 4017
f 4021 4022 4016
f 4022 4020 4016
f 4034 4033 4008
f 4033 4019 4008
f 4014 3505 4013
f 3505 3506 4013
f 4003 3516 4014
f 3516 3505 4014
f 3975 3992 3546
f 3992 3545 3546
f 3732 3733 3724
f 3729 3730 3724
f 3726 3727 3724
f 3737 3738 3724
f 3727 3728 3724
f 3730 3731 3724
f 3735 3736 3724
f 3739 3740 3724
f 3731 3732 3724
f 3725 3726 3724
f 3733 3734 3724
f 3738 3739 3724
f 3728 3729 3724
f 3736 3737 3724
f 3734 3735 3724
f 3740 3725 3724
f 3486 3931 3487
f 3931 3929 3487
f 3647 3648 3646
f 3648 3645 3646
f 3982 3594 3650
f 3651 3650 3595
f 3650 3594 3595
f 3749 3750 4049
f 3750 3766 4049
f 3747 3748 3763
f 3748 4048 3763
f 3741 3742 4038
f 3742 3758 4038
f 3752 3753 4052
f 3753 4053 4052
f 4052 4051 3752
f 4051 3751 3752
f 3772 3756 4038
f 3756 3741 4038
f 3745 3925 3761
f 3744 3745 4040
f 3745 4041 4040
f 4047 4046 3773
f 4046 3774 3773
f 3770 4053 3754
f 4053 3753 3754
f 4040 3759 3744
f 3759 3743 3744
f 4055 3770 3755
f 3770 3754 3755
f 3772 4055 3756
f 4055 3755 3756
f 4048 3748 4049
f 3748 3749 4049
f 4051 3766 3751
f 3766 3750 3751
f 3759 3758 3743
f 3758 3742 3743
f 3747 3763 3746
f 3763 3762 3746
f 4046 3764 3774
f 3764 3775 3774
f 3645 3635 3978
f 3635 3976 3978
f 3981 3646 3978
f 3646 3645 3978
f 3760 3924 3694
f 3924 3923 3694
f 3621 3698 3586
f 3698 3631 3586
f 4039 3760 3693
f 3760 3694 3693
f 3639 3640 3977
f 3640 4011 3977
f 3698 3621 3699
f 3621 3625 3699
f 3699 3625 3692
f 3625 3690 3692
f 3700 3701 3694
f 3701 3693 3694
f 3694 3923 3700
f 3923 4057 3700
f 3641 3697 3700
f 3697 3701 3700
f 3697 3698 3701
f 3698 3699 3701
f 3624 3714 3623
f 3714 3689 3623
f 3769 4054 3689
f 4054 3623 3689
f 4054 3771 3623
f 3771 3629 3623
f 3588 3587 3582
f 3587 3584 3582
f 3582 3584 3583
f 3584 3585 3583
f 3490 3590 3487
f 3590 3587 3487
f 3622 3627 3585
f 3627 3583 3585
f 3627 3622 3691
f 3622 3629 3691
f 3484 3589 3483
f 3589 3591 3483
f 3621 3586 3628
f 3586 3581 3628
f 3625 3621 3626
f 3621 3628 3626
f 3586 3591 3581
f 3591 3589 3581
f 3591 3632 3483
f 3632 3630 3483
f 3651 3595 3630
f 3595 3483 3630
f 3691 3626 3627
f 3625 3626 3690
f 3626 3691 3690
f 3573 3574 3620
f 3574 3614 3620
f 3499 3498 3496
f 3498 3497 3496
f 3489 3488 3492
f 3488 3510 3492
f 3500 3518 3497
f 3518 3517 3497
f 3550 3549 3529
f 3549 3531 3529
f 3487 3929 3490
f 3929 3932 3490
f 3757 4037 3690
f 4037 3692 3690
f 4056 3757 3691
f 3757 3690 3691
f 3652 3710 3656
f 3710 3672 3656
f 3672 3617 3656
f 3765 4050 3720
f 4050 3721 3720
f 3720 3721 3719
f 3721 3713 3719
f 3712 3719 3711
f 3719 3713 3711
f 3714 3624 3688
f 3624 3580 3688
f 3764 3765 3775
f 3765 3720 3775
f 3499 3496 3538
f 3496 3524 3538
f 3685 3683 3674
f 3683 3675 3674
f 3537 3534 3536
f 3534 3533 3536
f 3723 3716 3721
f 3716 3713 3721
f 3501 3500 3491
f 3500 3494 3491
f 3715 3714 3717
f 3714 3688 3717
f 3711 3713 3718
f 3713 3716 3718
f 3678 3684 3677
f 3684 3682 3677
f 3686 3679 3687
f 3679 3680 3687
f 3678 3686 3684
f 3686 3687 3684
f 3687 3680 3683
f 3680 3673 3683
f 3682 3718 3677
f 3718 3717 3677
f 3684 3687 3685
f 3687 3683 3685
f 3681 3711 3682
f 3711 3718 3682
f 3501 3491 3495
f 3491 3493 3495
f 3722 3715 3723
f 3715 3716 3723
f 3718 3716 3717
f 3716 3715 3717
f 3494 3500 3498
f 3500 3497 3498
f 3533 3529 3536
f 3529 3532 3536
f 3768 3769 3722
f 3769 3689 3722
f 3715 3722 3714
f 3722 3689 3714
f 4050 3767 3721
f 3767 3723 3721
f 3767 3768 3723
f 3768 3722 3723
f 3673 3672 3683
f 3672 3675 3683
f 4012 3658 3611
f 3950 3663 4012
f 3527 3528 3526
f 3528 3525 3526
f 3527 3523 3940
f 3523 3938 3940
f 3521 3502 3522
f 3502 3509 3522
f 3540 3547 3554
f 3547 3550 3554
f 3553 3541 3554
f 3541 3540 3554
f 3512 3517 3511
f 3517 3513 3511
f 3551 3543 3552
f 3543 3542 3552
f 3522 3508 3506
f 3508 3507 3506
f 3521 3520 3502
f 3520 3495 3502
f 3485 3508 3488
f 3508 3510 3488
f 3508 3522 3510
f 3522 3509 3510
f 3513 3517 3514
f 3517 3518 3514
f 3512 3511 3551
f 3511 3543 3551
f 3512 3551 3496
f 3551 3524 3496
f 3497 3517 3496
f 3517 3512 3496
f 3519 3501 3520
f 3501 3495 3520
f 3535 3552 3534
f 3552 3553 3534
f 3524 3551 3535
f 3551 3552 3535
f 3549 3546 3548
f 3546 3545 3548
f 3547 3546 3550
f 3546 3549 3550
f 3533 3554 3529
f 3554 3550 3529
f 3505 3521 3506
f 3521 3522 3506
f 3548 3523 3526
f 3523 3527 3526
f 3549 3548 3531
f 3548 3526 3531
f 3534 3553 3533
f 3553 3554 3533
f 3501 3519 3500
f 3519 3518 3500
f 3552 3542 3553
f 3542 3541 3553
f 3518 3519 3514
f 3519 3515 3514
f 3485 3482 3508
f 3482 3507 3508
f 3486 3484 3931
f 3484 3930 3931
f 3483 3595 3484
f 3595 3930 3484
f 3614 3616 3618
f 3616 3619 3618
f 3595 3594 3930
f 3594 3944 3930
f 3575 3576 3616
f 3576 3615 3616
f 3617 3619 3615
f 3619 3616 3615
f 3523 3544 3938
f 3544 3942 3938
f 3657 3668 4058
f 3668 3970 4058
f 3780 3708 3778
f 3708 3706 3778
f 3703 3657 3705
f 3657 3702 3705
f 3676 3674 3708
f 3674 3707 3708
f 3655 3671 3576
f 3671 3615 3576
f 3950 3949 3663
f 3949 3660 3663
f 3668 3659 3970
f 3659 3971 3970
f 4135 3792 4134
f 3703 3652 3657
f 3615 3671 3617
f 3671 3656 3617
f 3782 3777 4060
f 3777 4059 4060
f 3778 3706 3777
f 3706 3704 3777
f 3674 3675 3707
f 3675 3709 3707
f 3672 3710 3675
f 3710 3709 3675
f 3707 3709 3705
f 3709 3703 3705
f 3773 3782 3926
f 3782 4060 3926
f 3709 3710 3703
f 3710 3652 3703
f 3777 3704 4059
f 3704 4058 4059
f 3774 3781 3773
f 3781 3782 3773
f 3781 3778 3782
f 3778 3777 3782
f 3707 3705 3708
f 3705 3706 3708
f 3705 3702 3706
f 3702 3704 3706
f 3783 3780 3781
f 3780 3778 3781
f 3780 3712 3708
f 3712 3676 3708
f 3775 3783 3774
f 3783 3781 3774
f 3775 3720 3783
f 3720 3719 3783
f 3719 3712 3783
f 3712 3780 3783
f 3669 3642 3776
f 3642 3928 3776
f 3794 3636 3670
f 3636 3643 3670
f 4065 3609 4066
f 3609 3610 4066
f 3606 3608 4064
f 3608 4065 4064
f 3642 3669 3643
f 3669 3670 3643
f 3794 3670 4072
f 3670 3664 4072
f 4075 3813 4074
f 3813 3812 4074
f 4071 3809 3793
f 3809 3808 3793
f 3605 3606 3786
f 3606 4064 3786
f 3799 3597 3598
f 4063 3802 3785
f 3802 3801 3785
f 4073 3811 3795
f 3811 3810 3795
f 3636 3794 3634
f 3794 4070 3634
f 3787 3803 4063
f 3803 3802 4063
f 3799 3598 4062
f 3598 3599 4062
f 3593 4067 3592
f 4067 4066 3592
f 3784 3800 4076
f 3800 3814 4076
f 3634 4070 3633
f 4070 4069 3633
f 4062 3601 4061
f 3601 3600 4061
f 3789 3805 3788
f 3805 3804 3788
f 3601 4062 3599
f 4068 3807 3790
f 3807 3806 3790
f 3633 4069 3649
f 4069 3791 3649
f 3649 3791 3593
f 3791 4067 3593
f 4143 4142 3571
f 3795 3810 4071
f 3810 3809 4071
f 3603 4061 3600
f 3797 3666 3798
f 3666 3596 3798
f 4076 3814 4075
f 3814 3813 4075
f 3602 3604 4061
f 3604 3786 4061
f 4074 3812 4073
f 3812 3811 4073
f 3776 3928 3779
f 3928 3927 3779
f 4066 3610 3592
f 3796 3665 3797
f 3665 3666 3797
f 4065 3607 3609
f 3664 3665 4072
f 3665 3796 4072
f 3790 3806 3789
f 3806 3805 3789
f 3605 3786 3604
f 3602 4061 3603
f 3785 3801 3784
f 3801 3800 3784
f 3798 3596 3799
f 3596 3597 3799
f 3608 3607 4065
f 3788 3804 3787
f 3804 3803 3787
f 3578 3686 3678
f 3578 3677 3688
f 3677 3717 3688
f 3686 3578 3679
f 3679 3578 3613
f 3578 3678 3677
f 3613 3578 3620
f 3578 3579 3620
f 3815 3498 3499
f 3815 3538 3539
f 3537 3815 3539
f 3537 3536 3815
f 3536 3532 3815
f 3532 3530 3815
f 3530 3525 3815
f 3525 3528 3815
f 3815 3494 3498
f 3489 3492 3815
f 3815 3491 3494
f 3492 3503 3815
f 3815 3493 3491
f 3503 3504 3815
f 3504 3493 3815
f 3815 3499 3538
f 4092 4093 3818
f 4093 3822 3818
f 3876 3877 3817
f 3877 3821 3817
f 3817 3821 3816
f 3821 3820 3816
f 4093 4096 3822
f 4096 3826 3822
f 3877 3878 3821
f 3878 3825 3821
f 3821 3825 3820
f 3825 3824 3820
f 4096 4098 3826
f 4098 3830 3826
f 3878 3879 3825
f 3879 3829 3825
f 3825 3829 3824
f 3829 3828 3824
f 4098 4100 3830
f 4100 3834 3830
f 3879 3880 3829
f 3880 3833 3829
f 3829 3833 3828
f 3833 3832 3828
f 4100 4102 3834
f 4102 3838 3834
f 3880 3881 3833
f 3881 3837 3833
f 3833 3837 3832
f 3837 3836 3832
f 4102 4104 3838
f 4104 3842 3838
f 3881 3882 3837
f 3882 3841 3837
f 3837 3841 3836
f 3841 3840 3836
f 4104 4106 3842
f 4106 3846 3842
f 3882 3883 3841
f 3883 3845 3841
f 3841 3845 3840
f 3845 3844 3840
f 4106 4108 3846
f 4108 3850 3846
f 3883 3884 3845
f 3884 3849 3845
f 3845 3849 3844
f 3849 3848 3844
f 4108 4110 3850
f 4110 3854 3850
f 3884 3885 3849
f 3885 3853 3849
f 3849 3853 3848
f 3853 3852 3848
f 4110 4112 3854
f 4112 3858 3854
f 3885 3886 3853
f 3886 3857 3853
f 3853 3857 3852
f 3857 3856 3852
f 4112 3863 3858
f 3863 3862 3858
f 3886 3887 3857
f 3887 3861 3857
f 3857 3861 3856
f 3861 3860 3856
f 3951 4140 4009
f 4140 4119 4009
f 3951 3571 4140
f 3793 4151 3792
f 3990 4117 3558
f 4117 4137 3558
f 4068 4152 3807
f 4152 4068 4135
f 3867 4121 3866
f 4121 3870 3866
f 3888 3889 3865
f 3889 3869 3865
f 3865 3869 3864
f 3869 3868 3864
f 4121 4124 3870
f 4124 3874 3870
f 3889 3890 3869
f 3890 3873 3869
f 3869 3873 3868
f 3873 3872 3868
f 4124 4092 3874
f 4092 3818 3874
f 3890 3876 3873
f 3876 3817 3873
f 3873 3817 3872
f 3817 3816 3872
f 3847 3472 3851
f 3472 3471 3851
f 3479 3478 3819
f 3478 3823 3819
f 3473 3843 3474
f 3843 3839 3474
f 3471 3470 3851
f 3470 3855 3851
f 3470 3469 3855
f 3469 3859 3855
f 3875 3480 3819
f 3480 3479 3819
f 3807 4152 4132
f 3835 3831 3475
f 3831 3476 3475
f 4150 3808 4128
f 3831 3827 3476
f 3827 3477 3476
f 3875 3871 3480
f 3871 3481 3480
f 3827 3823 3477
f 3823 3478 3477
f 4068 3792 4135
f 3843 3473 3847
f 3473 3472 3847
f 3835 3475 3839
f 3475 3474 3839
f 3874 3818 3890
f 3818 3876 3890
f 3870 3874 3889
f 3874 3890 3889
f 3866 3870 3888
f 3870 3889 3888
f 4084 4115 4129
f 4115 4126 4129
f 4122 4085 4130
f 4085 4133 4130
f 3858 3862 3886
f 3862 3887 3886
f 3854 3858 3885
f 3858 3886 3885
f 3850 3854 3884
f 3854 3885 3884
f 3846 3850 3883
f 3850 3884 3883
f 3842 3846 3882
f 3846 3883 3882
f 3838 3842 3881
f 3842 3882 3881
f 3834 3838 3880
f 3838 3881 3880
f 3830 3834 3879
f 3834 3880 3879
f 3826 3830 3878
f 3830 3879 3878
f 3822 3826 3877
f 3826 3878 3877
f 3818 3822 3876
f 3822 3877 3876
f 4114 4118 4138
f 4120 4159 4116
f 4136 3557 4137
f 4142 4141 3571
f 4144 3958 3557
f 3557 3558 4137
f 3958 3957 3557
f 3957 3556 3557
f 3557 4136 4144
f 4141 4140 3571
f 3571 3556 4143
f 3556 3957 4143
f 3862 3863 4145
f 3863 4139 4145
f 3887 3862 4146
f 3862 4145 4146
f 3861 3887 4147
f 3887 4146 4147
f 3860 3861 4148
f 3861 4147 4148
f 4148 4149 3860
f 3860 4149 4127
f 4131 4153 3864
f 4153 4154 3864
f 3865 3864 4155
f 3864 4154 4155
f 3888 3865 4156
f 3865 4155 4156
f 3866 3888 4157
f 3888 4156 4157
f 3867 3866 4158
f 3866 4157 4158
f 3896 3912 3895
f 3912 3911 3895
f 3897 3913 3896
f 3913 3912 3896
f 3895 3911 3894
f 3911 3910 3894
f 3898 3914 3897
f 3914 3913 3897
f 3900 3918 3899
f 3918 3917 3899
f 3893 3907 3892
f 3907 3906 3892
f 3908 3907 3909
f 3907 3893 3909
f 3894 3910 3893
f 3910 3909 3893
f 3899 3915 3898
f 3915 3914 3898
f 3916 3915 3917
f 3917 3915 3899
f 3900 3919 3918
f 3900 3901 3920
f 3901 3921 3920
f 3902 3891 3903
f 3891 3892 3903
f 3920 3919 3900
f 3921 3901 3922
f 3892 3904 3903
f 3906 3905 3892
f 3892 3905 3904
f 3594 3982 3944
f 3982 3482 3944
f 3942 3544 3611
f 3544 4012 3611
f 3927 3695 3779
f 3695 4161 3779
f 4042 4045 4160
f 4045 3695 4160
f 4044 4047 3926
f 4047 3773 3926
f 3696 4160 3927
f 4160 3695 3927
f 3928 3642 3927
f 3642 3696 3927
f 4058 3704 3657
f 3704 3702 3657
f 3930 3944 3931
f 3944 3946 3931
f 3931 3946 3929
f 3946 3943 3929
f 3935 3574 3934
f 3574 3573 3934
f 3933 3572 3932
f 3572 3490 3932
f 3932 3939 3937
f 3932 3929 3943
f 3943 3945 3939
f 3943 3939 3932
f 3936 3575 3935
f 3575 3574 3935
f 3933 3941 3934
f 3941 3940 3934
f 3933 3937 3941
f 3938 3935 3940
f 3935 3934 3940
f 3937 3933 3932
f 3942 3936 3938
f 3936 3935 3938
f 3936 3942 3612
f 3942 3611 3612
f 3941 3528 3940
f 3528 3527 3940
f 3937 3939 3945
f 3945 3489 3815
f 3945 3815 3937
f 3937 3815 3941
f 3815 3528 3941
f 3944 3482 3946
f 3482 3485 3946
f 3943 3488 3945
f 3488 3489 3945
f 3946 3485 3943
f 3485 3488 3943
f 3925 3745 3762
f 3745 3746 3762
f 3745 3761 4041
o Part.5
v -8.189 18.751 1.831
v -8.226 18.706 1.881
v -8.209 18.806 1.781
v -8.222 19.086 2.156
v -8.258 19.034 2.198
v -8.241 19.132 2.098
v -8.429 19.402 2.431
v -8.461 19.343 2.467
v -8.444 19.441 2.367
v -8.781 19.652 2.615
v -8.804 19.586 2.646
v -8.786 19.684 2.546
v -9.056 18.11 1.046
v -9.072 18.081 1.115
v -9.054 18.18 1.015
v -8.639 18.222 1.23
v -8.666 18.191 1.295
v -8.649 18.29 1.195
v -8.335 18.448 1.505
v -8.369 18.41 1.563
v -8.352 18.509 1.464
v -9.309 16.904 2.406
v -8.928 17.007 2.576
v -8.65 17.214 2.829
v -8.515 17.491 3.126
v -8.545 17.799 3.424
v -8.735 18.088 3.677
v -9.057 18.317 3.846
v -8.733 21.147 -1.261
v -8.512 21.206 -1.164
v -8.351 21.326 -1.017
v -8.273 21.488 -0.845
v -8.29 21.665 -0.672
v -8.401 21.833 -0.526
v -8.587 21.966 -0.428
v -8.267 20.72 -1.191
v -8.648 20.617 -1.36
v -8.396 22.03 0.079
v -8.074 21.802 -0.089
v -7.884 21.512 -0.342
v -7.853 21.204 -0.641
v -7.988 20.926 -0.938
v -8.688 18.354 1.208
v -8.817 19.665 2.477
v -8.305 19.146 2.056
v -8.41 18.561 1.46
v -9.069 18.251 1.038
v -8.496 19.436 2.308
v -8.275 18.839 1.757
v -8.713 18.214 1.349
v -8.842 19.524 2.62
v -8.33 19.006 2.198
v -8.435 18.42 1.602
v -9.094 18.111 1.181
v -8.521 19.295 2.451
v -8.3 18.698 1.9
v -9.616 15.222 3.217
v -9.26 15.017 3.297
v -8.973 14.743 3.424
v -8.772 14.416 3.589
v -8.674 14.058 3.781
v -8.683 13.696 3.988
v -8.794 13.386 4.254
v -8.839 13.131 4.578
v -9.254 15.923 2.783
v -8.699 15.604 2.907
v -8.249 15.174 3.106
v -7.937 14.663 3.364
v -7.782 14.105 3.665
v -7.797 13.538 3.988
v -7.966 13.071 4.435
v -8.869 12.964 6.373
v -7.77 14.889 8.297
v -7.594 15.163 8.124
v -7.412 15.7 7.801
v -7.397 16.267 7.478
v -7.552 16.825 7.177
v -7.864 17.336 6.918
v -8.314 17.766 6.72
v -8.869 18.085 6.595
v -8.474 15.185 8.2
v -8.415 15.514 8.007
v -8.298 15.858 7.801
v -8.289 16.22 7.594
v -8.387 16.578 7.402
v -8.588 16.905 7.236
v -8.875 17.179 7.11
v -9.231 17.384 7.03
v -8.032 14.622 8.475
v -8.887 12.864 5.209
v -8.557 14.716 8.475
v -8.736 12.82 6.087
v -8.89 12.847 6.087
v -9.236 16.705 2.224
v -8.758 16.835 2.436
v -8.408 17.093 2.753
v -8.239 17.442 3.126
v -8.277 17.828 3.5
v -8.516 18.192 3.817
v -8.507 16.68 4.804
v -8.563 17.887 4.126
v -8.684 18.308 3.899
v -9.063 16.999 4.68
v -9.349 16.017 2.886
v -8.891 15.974 3.271
v -8.562 16.043 3.787
v -8.413 16.236 4.337
v -8.458 16.59 4.765
v -8.123 12.9 4.792
v -8.361 12.77 5.209
v -8.799 12.951 6.373
v -8.671 14.077 8.337
v -8.593 14.512 8.554
v -8.651 14.189 8.466
v -8.624 14.342 8.543
v -8.6 14.065 8.337
v -8.433 14.308 8.543
v -8.548 14.171 8.466
v -8.898 12.803 5.604
v -8.558 12.742 5.604
v -8.897 12.808 5.816
v -8.65 12.764 5.816
v -8.27 14.454 8.554
v -8.665 20.963 -1.431
v -8.636 20.717 -1.439
v -8.638 20.829 -1.475
v -8.355 21.048 -1.293
v -8.261 20.819 -1.273
v -8.283 20.926 -1.318
v -8.128 21.215 -1.088
v -7.986 21.022 -1.024
v -8.022 21.118 -1.082
v -8.018 21.442 -0.845
v -7.853 21.296 -0.731
v -7.897 21.378 -0.803
v -8.043 21.692 -0.602
v -7.884 21.599 -0.437
v -7.925 21.665 -0.526
v -8.198 21.929 -0.396
v -8.072 21.884 -0.187
v -8.103 21.936 -0.29
v -8.46 22.115 -0.259
v -8.388 22.11 -0.021
v -8.403 22.149 -0.132
v -10.552 19.172 1.831
v -10.532 19.117 1.881
v -10.514 19.216 1.781
v -10.405 19.475 2.156
v -10.389 19.413 2.198
v -10.371 19.512 2.098
v -10.101 19.7 2.431
v -10.092 19.633 2.467
v -10.074 19.731 2.367
v -9.685 19.813 2.615
v -9.686 19.743 2.646
v -9.669 19.841 2.546
v -9.959 18.271 1.046
v -9.954 18.238 1.115
v -9.936 18.337 1.015
v -10.311 18.52 1.23
v -10.297 18.482 1.295
v -10.279 18.58 1.195
v -10.519 18.836 1.505
v -10.5 18.79 1.563
v -10.482 18.889 1.464
v -10.138 17.051 2.406
v -10.46 17.28 2.576
v -10.65 17.57 2.829
v -10.681 17.877 3.126
v -10.546 18.155 3.424
v -10.267 18.361 3.677
v -9.886 18.465 3.846
v -9.214 21.232 -1.261
v -9.4 21.365 -1.164
v -9.511 21.532 -1.017
v -9.527 21.711 -0.845
v -9.45 21.872 -0.672
v -9.289 21.991 -0.526
v -9.068 22.051 -0.428
v -9.799 20.993 -1.191
v -9.477 20.764 -1.36
v -9.225 22.178 0.079
v -9.606 22.074 -0.089
v -9.885 21.868 -0.342
v -10.019 21.59 -0.641
v -9.989 21.283 -0.938
v -10.22 18.627 1.207
v -9.646 19.812 2.477
v -10.306 19.503 2.056
v -10.41 18.917 1.46
v -9.898 18.398 1.038
v -10.027 19.708 2.308
v -10.441 19.224 1.757
v -10.245 18.487 1.349
v -9.671 19.671 2.62
v -10.331 19.362 2.198
v -10.435 18.776 1.602
v -9.923 18.258 1.181
v -10.052 19.568 2.451
v -10.466 19.084 1.9
v -10.431 15.367 3.217
v -10.835 15.298 3.297
v -11.2 15.139 3.424
v -11.501 14.902 3.589
v -11.716 14.6 3.781
v -11.833 14.257 3.988
v -11.836 13.928 4.254
v -11.881 13.673 4.578
v -10.528 16.15 2.783
v -11.16 16.042 2.907
v -11.73 15.794 3.106
v -12.2 15.422 3.364
v -12.537 14.952 3.665
v -12.719 14.414 3.988
v -12.721 13.918 4.435
v -11.911 13.506 6.373
v -12.279 15.692 8.297
v -12.349 16.01 8.124
v -12.334 16.576 7.801
v -12.152 17.114 7.478
v -11.815 17.584 7.177
v -11.345 17.956 6.918
v -10.775 18.204 6.72
v -10.143 18.312 6.595
v -11.516 15.727 8.2
v -11.457 16.056 8.007
v -11.448 16.419 7.801
v -11.331 16.762 7.594
v -11.116 17.064 7.401
v -10.815 17.301 7.236
v -10.45 17.46 7.11
v -10.046 17.529 7.03
v -12.124 15.351 8.475
v -11.929 13.406 5.209
v -11.599 15.257 8.475
v -12.086 13.416 6.087
v -11.932 13.389 6.087
v -10.275 16.89 2.224
v -10.679 17.178 2.436
v -10.918 17.54 2.753
v -10.956 17.926 3.126
v -10.788 18.275 3.5
v -10.438 18.535 3.817
v -10.968 17.118 4.804
v -10.499 18.231 4.126
v -10.24 18.585 3.899
v -10.337 17.225 4.68
v -10.407 16.205 2.886
v -10.852 16.323 3.271
v -11.136 16.501 3.787
v -11.209 16.734 4.337
v -11.045 17.051 4.765
v -12.634 13.703 4.792
v -12.455 13.499 5.209
v -11.981 13.518 6.373
v -11.713 14.619 8.337
v -11.636 15.054 8.554
v -11.693 14.731 8.466
v -11.666 14.884 8.543
v -11.784 14.632 8.337
v -11.857 14.918 8.543
v -11.795 14.749 8.466
v -11.94 13.345 5.604
v -12.28 13.405 5.604
v -11.939 13.35 5.816
v -12.186 13.394 5.816
v -11.959 15.111 8.554
v -9.222 19.796 2.68
v -9.234 19.726 2.71
v -9.217 19.825 2.609
v -9.519 18.127 0.982
v -9.524 18.097 1.052
v -9.506 18.197 0.952
v -9.734 16.919 2.348
v -8.822 22.042 -0.394
v -8.979 21.156 -1.296
v -9.073 20.632 -1.419
v -8.8 22.162 0.138
v -8.9 21.6 -0.845
v -9.494 18.267 0.979
v -9.222 19.796 2.537
v -9.519 18.126 1.122
v -9.246 19.656 2.679
v -10.015 15.341 3.189
v -9.493 18.271 6.553
v -9.63 17.503 7.002
v -9.769 16.725 2.149
v -9.462 18.446 3.899
v -9.687 17.185 4.637
v -9.878 16.109 2.74
v -9.341 21.083 -1.431
v -9.453 20.862 -1.439
v -9.412 20.967 -1.475
v -9.603 21.27 -1.293
v -9.77 21.088 -1.273
v -9.712 21.18 -1.318
v -9.758 21.506 -1.088
v -9.957 21.373 -1.024
v -9.891 21.451 -1.082
v -9.782 21.757 -0.845
v -9.988 21.676 -0.731
v -9.919 21.738 -0.803
v -9.673 21.982 -0.602
v -9.855 21.95 -0.437
v -9.793 21.998 -0.526
v -9.446 22.151 -0.396
v -9.58 22.153 -0.187
v -9.533 22.19 -0.29
v -9.136 22.235 -0.259
v -9.205 22.255 -0.021
v -9.177 22.287 -0.132
v -8.79 22.222 -0.21
v -8.786 22.24 0.036
v -8.78 22.273 -0.076
v -9.055 20.732 -1.498
v -9.011 20.976 -1.479
v -9.035 20.844 -1.53
v -9.309 16.904 2.406
v -9.734 16.919 2.348
v -8.928 17.007 2.576
v -8.65 17.214 2.829
v -8.515 17.491 3.126
v -8.545 17.799 3.424
v -8.735 18.088 3.677
v -9.057 18.317 3.846
v -9.069 18.251 1.038
v -8.688 18.354 1.208
v -8.496 19.436 2.308
v -8.817 19.665 2.477
v -8.275 18.839 1.757
v -8.305 19.146 2.056
v -8.41 18.561 1.46
v -9.494 18.267 0.979
v -9.222 19.796 2.537
v -8.435 18.42 1.602
v -8.3 18.698 1.9
v -8.33 19.006 2.198
v -8.521 19.295 2.451
v -8.842 19.524 2.62
v -9.246 19.656 2.679
v -9.519 18.126 1.122
v -9.094 18.111 1.181
v -8.713 18.214 1.349
v -10.015 15.341 3.189
v -9.616 15.222 3.217
v -9.26 15.017 3.297
v -8.973 14.743 3.424
v -8.772 14.416 3.589
v -8.674 14.058 3.781
v -8.683 13.696 3.988
v -8.794 13.386 4.254
v -8.794 13.386 4.254
v -8.839 13.131 4.578
v -9.254 15.923 2.783
v -8.699 15.604 2.907
v -8.249 15.174 3.106
v -7.937 14.663 3.364
v -7.782 14.105 3.665
v -7.797 13.538 3.988
v -7.966 13.071 4.435
v -7.77 14.889 8.297
v -7.594 15.163 8.124
v -7.412 15.7 7.801
v -7.397 16.267 7.478
v -7.552 16.825 7.177
v -7.864 17.336 6.918
v -8.314 17.766 6.72
v -8.869 18.085 6.595
v -8.891 15.974 3.271
v -9.349 16.017 2.886
v -9.493 18.271 6.553
v -8.474 15.185 8.2
v -8.415 15.514 8.007
v -8.415 15.514 8.007
v -8.298 15.858 7.801
v -8.289 16.22 7.594
v -8.387 16.578 7.402
v -8.588 16.905 7.236
v -8.875 17.179 7.11
v -9.231 17.384 7.03
v -9.63 17.503 7.002
v -8.032 14.622 8.475
v -8.887 12.864 5.209
v -8.557 14.716 8.475
v -8.799 12.951 6.373
v -8.736 12.82 6.087
v -8.123 12.9 4.792
v -8.869 12.964 6.373
v -8.89 12.847 6.087
v -8.897 12.808 5.816
v -9.236 16.705 2.224
v -9.769 16.725 2.149
v -8.758 16.835 2.436
v -8.408 17.093 2.753
v -8.239 17.442 3.126
v -8.277 17.828 3.5
v -8.516 18.192 3.817
v -9.462 18.446 3.899
v -9.462 18.446 3.899
v -9.462 18.446 3.899
v -8.684 18.308 3.899
v -8.684 18.308 3.899
v -8.563 17.887 4.126
v -9.687 17.185 4.637
v -9.063 16.999 4.68
v -9.878 16.109 2.74
v -9.878 16.109 2.74
v -9.878 16.109 2.74
v -8.562 16.043 3.787
v -8.413 16.236 4.337
v -8.458 16.59 4.765
v -8.507 16.68 4.804
v -8.507 16.68 4.804
v -8.361 12.77 5.209
v -8.65 12.764 5.816
v -8.651 14.189 8.466
v -8.671 14.077 8.337
v -8.6 14.065 8.337
v -8.548 14.171 8.466
v -8.624 14.342 8.543
v -8.433 14.308 8.543
v -8.898 12.803 5.604
v -8.558 12.742 5.604
v -8.593 14.512 8.554
v -8.27 14.454 8.554
v -10.138 17.051 2.406
v -10.46 17.28 2.576
v -10.65 17.57 2.829
v -10.681 17.877 3.126
v -10.546 18.155 3.424
v -10.267 18.361 3.677
v -9.886 18.465 3.846
v -9.898 18.398 1.038
v -10.22 18.627 1.207
v -10.027 19.708 2.308
v -9.646 19.812 2.477
v -10.441 19.224 1.757
v -10.306 19.503 2.056
v -10.41 18.917 1.46
v -10.435 18.776 1.602
v -10.466 19.084 1.9
v -10.331 19.362 2.198
v -10.052 19.568 2.451
v -9.671 19.671 2.62
v -9.923 18.258 1.181
v -10.245 18.487 1.349
v -10.431 15.367 3.217
v -10.835 15.298 3.297
v -11.2 15.139 3.424
v -11.501 14.902 3.589
v -11.716 14.6 3.781
v -11.833 14.257 3.988
v -11.836 13.928 4.254
v -11.836 13.928 4.254
v -11.881 13.673 4.578
v -10.528 16.15 2.783
v -11.16 16.042 2.907
v -11.73 15.794 3.106
v -12.2 15.422 3.364
v -12.537 14.952 3.665
v -12.719 14.414 3.988
v -12.721 13.918 4.435
v -12.279 15.692 8.297
v -12.349 16.01 8.124
v -12.334 16.576 7.801
v -12.152 17.114 7.478
v -11.815 17.584 7.177
v -11.345 17.956 6.918
v -10.775 18.204 6.72
v -10.143 18.312 6.595
v -10.852 16.323 3.271
v -10.407 16.205 2.886
v -11.516 15.727 8.2
v -11.457 16.056 8.007
v -11.457 16.056 8.007
v -11.448 16.419 7.801
v -11.331 16.762 7.594
v -11.116 17.064 7.401
v -10.815 17.301 7.236
v -10.45 17.46 7.11
v -10.046 17.529 7.03
v -12.124 15.351 8.475
v -11.929 13.406 5.209
v -11.599 15.257 8.475
v -11.981 13.518 6.373
v -12.086 13.416 6.087
v -12.634 13.703 4.792
v -11.911 13.506 6.373
v -11.932 13.389 6.087
v -11.939 13.35 5.816
v -10.275 16.89 2.224
v -10.679 17.178 2.436
v -10.918 17.54 2.753
v -10.956 17.926 3.126
v -10.788 18.275 3.5
v -10.438 18.535 3.817
v -10.24 18.585 3.899
v -10.24 18.585 3.899
v -10.499 18.231 4.126
v -10.337 17.225 4.68
v -11.136 16.501 3.787
v -11.209 16.734 4.337
v -11.045 17.051 4.765
v -10.968 17.118 4.804
v -10.968 17.118 4.804
v -12.455 13.499 5.209
v -12.186 13.394 5.816
v -11.693 14.731 8.466
v -11.713 14.619 8.337
v -11.784 14.632 8.337
v -11.795 14.749 8.466
v -11.666 14.884 8.543
v -11.857 14.918 8.543
v -11.94 13.345 5.604
v -12.28 13.405 5.604
v -11.636 15.054 8.554
v -11.959 15.111 8.554
usemtl MB_26
s off
f 4162 4163 4180
f 4163 4181 4180
f 4181 4163 4496
f 4163 4497 4496
f 4430 4172 4429
f 4172 4171 4429
f 4491 4164 4493
f 4164 4182 4493
f 4164 4162 4182
f 4162 4180 4182
f 4178 4181 4504
f 4181 4496 4504
f 4170 4168 4167
f 4168 4165 4167
f 4173 4171 4170
f 4171 4168 4170
f 4172 4169 4171
f 4169 4168 4171
f 4487 4488 4176
f 4488 4179 4176
f 4491 4492 4164
f 4492 4167 4164
f 4162 4164 4165
f 4164 4167 4165
f 4179 4177 4176
f 4177 4174 4176
f 4169 4166 4168
f 4166 4165 4168
f 4181 4178 4180
f 4178 4177 4180
f 4182 4180 4179
f 4180 4177 4179
f 4493 4182 4488
f 4182 4179 4488
f 4502 4433 4503
f 4433 4175 4503
f 4499 4169 4500
f 4169 4172 4500
f 4487 4176 4494
f 4176 4434 4494
f 4490 4495 4173
f 4495 4431 4173
f 4500 4172 4501
f 4172 4430 4501
f 4431 4429 4173
f 4429 4171 4173
f 4489 4490 4170
f 4490 4173 4170
f 4175 4178 4503
f 4178 4504 4503
f 4497 4163 4498
f 4163 4166 4498
f 4163 4162 4166
f 4162 4165 4166
f 4498 4166 4499
f 4166 4169 4499
f 4492 4489 4167
f 4489 4170 4167
f 4176 4174 4434
f 4174 4432 4434
f 4175 4433 4174
f 4433 4432 4174
f 4198 4438 4286
f 4438 4476 4286
f 4473 4303 4436
f 4303 4196 4436
f 4300 4297 4195
f 4297 4194 4195
f 4294 4291 4193
f 4291 4192 4193
f 4288 4285 4191
f 4285 4190 4191
f 4303 4300 4196
f 4300 4195 4196
f 4297 4294 4194
f 4294 4193 4194
f 4200 4201 4301
f 4201 4298 4301
f 4202 4203 4295
f 4203 4292 4295
f 4291 4288 4192
f 4288 4191 4192
f 4199 4200 4304
f 4200 4301 4304
f 4201 4202 4298
f 4202 4295 4298
f 4203 4197 4292
f 4197 4289 4292
f 4197 4198 4289
f 4198 4286 4289
f 4439 4199 4474
f 4199 4304 4474
f 4210 4207 4202
f 4207 4203 4202
f 4209 4206 4200
f 4206 4201 4200
f 4442 4205 4439
f 4205 4199 4439
f 4208 4441 4198
f 4441 4438 4198
f 4207 4204 4203
f 4204 4197 4203
f 4206 4210 4201
f 4210 4202 4201
f 4205 4209 4199
f 4209 4200 4199
f 4204 4208 4197
f 4208 4198 4197
f 4196 4195 4440
f 4194 4193 4440
f 4192 4191 4440
f 4190 4437 4440
f 4436 4196 4440
f 4195 4194 4440
f 4193 4192 4440
f 4191 4190 4440
f 4483 4482 4217
f 4482 4214 4217
f 4485 4484 4216
f 4484 4213 4216
f 4479 4480 4215
f 4480 4443 4215
f 4482 4481 4214
f 4481 4211 4214
f 4484 4483 4213
f 4483 4217 4213
f 4486 4485 4212
f 4485 4216 4212
f 4481 4479 4211
f 4479 4215 4211
f 4531 4552 4530
f 4552 4554 4530
f 4218 4515 4507
f 4515 4516 4507
f 4507 4516 4508
f 4516 4517 4508
f 4508 4517 4509
f 4517 4518 4509
f 4509 4518 4510
f 4518 4519 4510
f 4510 4519 4511
f 4519 4520 4511
f 4511 4520 4512
f 4520 4521 4512
f 4232 4231 4523
f 4231 4524 4523
f 4231 4230 4524
f 4230 4525 4524
f 4230 4229 4525
f 4229 4526 4525
f 4229 4228 4526
f 4228 4527 4526
f 4228 4227 4571
f 4227 4267 4571
f 4226 4265 4227
f 4265 4266 4227
f 4552 4531 4553
f 4531 4567 4553
f 4264 4574 4564
f 4513 4514 4534
f 4514 4533 4534
f 4223 4224 4536
f 4224 4535 4536
f 4222 4223 4537
f 4223 4536 4537
f 4221 4222 4538
f 4222 4537 4538
f 4220 4221 4539
f 4221 4538 4539
f 4219 4220 4540
f 4220 4539 4540
f 4506 4219 4541
f 4219 4540 4541
f 4505 4506 4542
f 4506 4541 4542
f 4529 4566 4532
f 4566 4450 4532
f 4528 4573 4529
f 4573 4566 4529
f 4528 4527 4573
f 4527 4572 4573
f 4241 4446 4249
f 4446 4447 4249
f 4240 4241 4248
f 4241 4249 4248
f 4239 4240 4247
f 4240 4248 4247
f 4238 4239 4246
f 4239 4247 4246
f 4237 4238 4245
f 4238 4246 4245
f 4236 4237 4244
f 4237 4245 4244
f 4235 4236 4243
f 4236 4244 4243
f 4522 4235 4242
f 4235 4243 4242
f 4514 4544 4533
f 4544 4545 4533
f 4522 4242 4543
f 4242 4252 4543
f 4547 4580 4546
f 4580 4277 4546
f 4549 4550 4272
f 4550 4253 4272
f 4554 4555 4530
f 4555 4570 4530
f 4572 4527 4571
f 4225 4512 4548
f 4512 4521 4548
f 4564 4263 4565
f 4263 4559 4565
f 4556 4268 4555
f 4268 4570 4555
f 4185 4257 4184
f 4257 4256 4184
f 4256 4255 4184
f 4255 4183 4184
f 4186 4258 4185
f 4258 4257 4185
f 4188 4558 4187
f 4558 4557 4187
f 4186 4187 4258
f 4187 4557 4258
f 4435 4183 4448
f 4183 4255 4448
f 4560 4486 4444
f 4486 4212 4444
f 4445 4568 4218
f 4568 4515 4218
f 4563 4262 4260
f 4189 4561 4562
f 4265 4226 4569
f 4188 4189 4558
f 4189 4562 4558
f 4565 4264 4564
f 4527 4228 4571
f 4266 4267 4227
f 4269 4268 4259
f 4268 4556 4259
f 4259 4260 4262
f 4262 4261 4259
f 4261 4269 4259
f 4225 4548 4251
f 4548 4575 4251
f 4551 4576 4550
f 4576 4253 4550
f 4250 4271 4234
f 4271 4270 4234
f 4232 4523 4270
f 4523 4234 4270
f 4284 4584 4250
f 4584 4271 4250
f 4578 4579 4577
f 4579 4279 4577
f 4577 4279 4581
f 4279 4582 4581
f 4549 4272 4578
f 4272 4579 4578
f 4251 4575 4583
f 4575 4281 4583
f 4543 4252 4586
f 4252 4585 4586
f 4544 4280 4545
f 4280 4274 4545
f 4233 4273 4254
f 4273 4275 4254
f 4283 4278 4547
f 4278 4580 4547
f 4254 4275 4282
f 4275 4276 4282
f 4274 4280 4276
f 4280 4282 4276
f 4581 4582 4585
f 4582 4586 4585
f 4583 4281 4551
f 4281 4576 4551
f 4278 4283 4284
f 4283 4584 4284
f 4478 4477 4287
f 4477 4285 4287
f 4286 4287 4289
f 4287 4290 4289
f 4287 4285 4290
f 4285 4288 4290
f 4289 4290 4292
f 4290 4293 4292
f 4290 4288 4293
f 4288 4291 4293
f 4292 4293 4295
f 4293 4296 4295
f 4293 4291 4296
f 4291 4294 4296
f 4295 4296 4298
f 4296 4299 4298
f 4296 4294 4299
f 4294 4297 4299
f 4298 4299 4301
f 4299 4302 4301
f 4299 4297 4302
f 4297 4300 4302
f 4301 4302 4304
f 4302 4305 4304
f 4302 4300 4305
f 4300 4303 4305
f 4304 4305 4474
f 4305 4475 4474
f 4305 4303 4475
f 4303 4473 4475
f 4285 4477 4190
f 4477 4437 4190
f 4178 4175 4177
f 4175 4174 4177
f 4476 4478 4286
f 4478 4287 4286
f 4306 4324 4307
f 4324 4325 4307
f 4325 4601 4307
f 4601 4602 4307
f 4430 4429 4316
f 4429 4315 4316
f 4598 4600 4308
f 4600 4326 4308
f 4308 4326 4306
f 4326 4324 4306
f 4322 4607 4325
f 4607 4601 4325
f 4314 4311 4312
f 4311 4309 4312
f 4317 4314 4315
f 4314 4312 4315
f 4316 4315 4313
f 4315 4312 4313
f 4594 4320 4595
f 4320 4323 4595
f 4598 4308 4599
f 4308 4311 4599
f 4306 4309 4308
f 4309 4311 4308
f 4323 4320 4321
f 4320 4318 4321
f 4313 4312 4310
f 4312 4309 4310
f 4325 4324 4322
f 4324 4321 4322
f 4326 4323 4324
f 4323 4321 4324
f 4600 4595 4326
f 4595 4323 4326
f 4502 4606 4433
f 4606 4319 4433
f 4604 4605 4313
f 4605 4316 4313
f 4594 4494 4320
f 4494 4434 4320
f 4597 4317 4495
f 4317 4431 4495
f 4605 4501 4316
f 4501 4430 4316
f 4431 4317 4429
f 4317 4315 4429
f 4596 4314 4597
f 4314 4317 4597
f 4319 4606 4322
f 4606 4607 4322
f 4602 4603 4307
f 4603 4310 4307
f 4309 4306 4310
f 4306 4307 4310
f 4603 4604 4310
f 4604 4313 4310
f 4599 4311 4596
f 4311 4314 4596
f 4320 4434 4318
f 4434 4432 4318
f 4319 4318 4433
f 4318 4432 4433
f 4342 4453 4438
f 4453 4476 4438
f 4473 4436 4470
f 4436 4340 4470
f 4467 4339 4464
f 4339 4338 4464
f 4461 4337 4458
f 4337 4336 4458
f 4455 4335 4452
f 4335 4334 4452
f 4470 4340 4467
f 4340 4339 4467
f 4464 4338 4461
f 4338 4337 4461
f 4344 4468 4345
f 4468 4465 4345
f 4346 4462 4347
f 4462 4459 4347
f 4458 4336 4455
f 4336 4335 4455
f 4343 4471 4344
f 4471 4468 4344
f 4345 4465 4346
f 4465 4462 4346
f 4347 4459 4341
f 4459 4456 4341
f 4341 4456 4342
f 4456 4453 4342
f 4439 4474 4343
f 4474 4471 4343
f 4354 4346 4351
f 4346 4347 4351
f 4353 4344 4350
f 4344 4345 4350
f 4442 4439 4349
f 4439 4343 4349
f 4352 4342 4441
f 4342 4438 4441
f 4351 4347 4348
f 4347 4341 4348
f 4350 4345 4354
f 4345 4346 4354
f 4349 4343 4353
f 4343 4344 4353
f 4348 4341 4352
f 4341 4342 4352
f 4340 4440 4339
f 4338 4440 4337
f 4336 4440 4335
f 4334 4440 4437
f 4436 4440 4340
f 4339 4440 4338
f 4337 4440 4336
f 4335 4440 4334
f 4590 4361 4589
f 4361 4358 4589
f 4592 4360 4591
f 4360 4357 4591
f 4587 4359 4480
f 4359 4443 4480
f 4589 4358 4588
f 4358 4355 4588
f 4591 4357 4590
f 4357 4361 4590
f 4593 4356 4592
f 4356 4360 4592
f 4588 4355 4587
f 4355 4359 4587
f 4633 4632 4652
f 4632 4653 4652
f 4362 4609 4617
f 4609 4618 4617
f 4609 4610 4618
f 4610 4619 4618
f 4610 4611 4619
f 4611 4620 4619
f 4611 4612 4620
f 4612 4621 4620
f 4612 4613 4621
f 4613 4622 4621
f 4613 4614 4622
f 4614 4623 4622
f 4376 4625 4375
f 4625 4626 4375
f 4375 4626 4374
f 4626 4627 4374
f 4374 4627 4373
f 4627 4628 4373
f 4373 4628 4372
f 4628 4629 4372
f 4372 4663 4371
f 4663 4411 4371
f 4370 4371 4409
f 4371 4410 4409
f 4652 4553 4633
f 4553 4567 4633
f 4408 4660 4666
f 4615 4635 4616
f 4635 4634 4616
f 4367 4637 4368
f 4637 4636 4368
f 4366 4638 4367
f 4638 4637 4367
f 4365 4639 4366
f 4639 4638 4366
f 4364 4640 4365
f 4640 4639 4365
f 4363 4641 4364
f 4641 4640 4364
f 4608 4642 4363
f 4642 4641 4363
f 4505 4542 4608
f 4542 4642 4608
f 4631 4532 4661
f 4532 4450 4661
f 4630 4631 4665
f 4631 4661 4665
f 4630 4665 4629
f 4665 4664 4629
f 4385 4393 4446
f 4393 4447 4446
f 4384 4392 4385
f 4392 4393 4385
f 4383 4391 4384
f 4391 4392 4384
f 4382 4390 4383
f 4390 4391 4383
f 4381 4389 4382
f 4389 4390 4382
f 4380 4388 4381
f 4388 4389 4381
f 4379 4387 4380
f 4387 4388 4380
f 4624 4386 4379
f 4386 4387 4379
f 4616 4634 4644
f 4634 4645 4644
f 4624 4643 4386
f 4643 4396 4386
f 4647 4646 4672
f 4646 4421 4672
f 4649 4416 4650
f 4416 4397 4650
f 4653 4632 4654
f 4632 4662 4654
f 4664 4663 4629
f 4369 4648 4614
f 4648 4623 4614
f 4660 4565 4407
f 4565 4559 4407
f 4655 4654 4412
f 4654 4662 4412
f 4329 4328 4401
f 4328 4400 4401
f 4400 4328 4399
f 4328 4327 4399
f 4330 4329 4402
f 4329 4401 4402
f 4332 4331 4657
f 4331 4656 4657
f 4330 4402 4331
f 4402 4656 4331
f 4435 4448 4327
f 4448 4399 4327
f 4560 4444 4593
f 4444 4356 4593
f 4445 4362 4568
f 4362 4617 4568
f 4659 4404 4406
f 4333 4658 4449
f 4409 4451 4370
f 4332 4657 4333
f 4657 4658 4333
f 4565 4660 4408
f 4629 4663 4372
f 4410 4371 4411
f 4413 4403 4412
f 4403 4655 4412
f 4403 4406 4404
f 4406 4403 4405
f 4403 4413 4405
f 4369 4395 4648
f 4395 4667 4648
f 4651 4650 4668
f 4650 4397 4668
f 4394 4378 4415
f 4378 4414 4415
f 4376 4414 4625
f 4414 4378 4625
f 4428 4394 4676
f 4394 4415 4676
f 4670 4669 4671
f 4669 4423 4671
f 4669 4673 4423
f 4673 4674 4423
f 4649 4670 4416
f 4670 4671 4416
f 4395 4675 4667
f 4675 4425 4667
f 4643 4678 4396
f 4678 4677 4396
f 4644 4645 4424
f 4645 4418 4424
f 4377 4398 4417
f 4398 4419 4417
f 4427 4647 4422
f 4647 4672 4422
f 4398 4426 4419
f 4426 4420 4419
f 4418 4420 4424
f 4420 4426 4424
f 4673 4677 4674
f 4677 4678 4674
f 4675 4651 4425
f 4651 4668 4425
f 4422 4428 4427
f 4428 4676 4427
f 4478 4454 4477
f 4454 4452 4477
f 4453 4456 4454
f 4456 4457 4454
f 4454 4457 4452
f 4457 4455 4452
f 4456 4459 4457
f 4459 4460 4457
f 4457 4460 4455
f 4460 4458 4455
f 4459 4462 4460
f 4462 4463 4460
f 4460 4463 4458
f 4463 4461 4458
f 4462 4465 4463
f 4465 4466 4463
f 4463 4466 4461
f 4466 4464 4461
f 4465 4468 4466
f 4468 4469 4466
f 4466 4469 4464
f 4469 4467 4464
f 4468 4471 4469
f 4471 4472 4469
f 4469 4472 4467
f 4472 4470 4467
f 4471 4474 4472
f 4474 4475 4472
f 4472 4475 4470
f 4475 4473 4470
f 4452 4334 4477
f 4334 4437 4477
f 4322 4321 4319
f 4321 4318 4319
f 4476 4453 4478
f 4453 4454 4478
o Part.6
v 3.275 23.531 0.003
v 3.262 23.6 -0.347
v 3.228 23.795 -0.644
v 3.175 24.087 -0.842
v 3.114 24.432 -0.912
v 3.053 24.776 -0.842
v 3.001 25.069 -0.644
v 2.966 25.264 -0.347
v 2.954 25.333 0.003
v 2.966 25.264 0.353
v 3.001 25.069 0.65
v 3.053 24.776 0.848
v 3.114 24.432 0.918
v 7.075 25.24 2.605
v 7.743 23.083 2.652
v 8.341 23.342 2.555
v 7.724 25.564 2.317
v 8.785 23.602 2.242
v 9.234 23.824 1.74
v 8.241 25.821 1.74
v 8.499 25.949 1.015
v 9.492 23.954 1.015
v 8.152 26.695 0.544
v 8.424 26.134 0.987
v 8.204 26.588 0.696
v 8.114 26.775 0.374
v 7.802 26.889 1.163
v 7.625 27.292 0.003
v 7.642 27.272 0.317
v 8.09 26.823 0.192
v 8.083 26.834 0.003
v 7.675 27.193 0.621
v 7.729 27.065 0.907
v 7.894 26.671 1.385
v 8.343 26.302 0.922
v 8.268 26.456 0.823
v 6.697 26.616 2.139
v 6.814 26.193 2.389
v 6.942 25.73 2.551
v 7.587 25.985 2.246
v 8.001 26.415 1.56
v 8.121 26.131 1.683
v 6.403 27.669 0.003
v 7.038 27.588 0.003
v 6.416 27.64 0.498
v 6.452 27.504 0.976
v 6.514 27.282 1.418
v 6.596 26.984 1.812
v 7.053 27.559 0.424
v 7.089 27.451 0.833
v 7.15 27.272 1.215
v 7.232 27.029 1.559
v 7.335 26.728 1.853
v 7.454 26.377 2.085
v 7.724 25.564 -2.312
v 7.642 27.272 -0.311
v 8.424 26.134 -0.981
v 8.121 26.131 -1.677
v 8.241 25.821 -1.735
v 8.499 25.949 -1.009
v 7.894 26.671 -1.379
v 8.343 26.302 -0.916
v 8.001 26.415 -1.554
v 8.268 26.456 -0.817
v 7.802 26.889 -1.158
v 7.729 27.065 -0.901
v 7.674 27.194 -0.616
v 8.204 26.588 -0.69
v 8.152 26.695 -0.539
v 8.09 26.823 -0.187
v 8.114 26.774 -0.369
v 6.596 26.984 -1.806
v 6.514 27.282 -1.413
v 6.452 27.504 -0.97
v 6.416 27.64 -0.492
v 7.075 25.241 -2.599
v 6.942 25.729 -2.546
v 6.814 26.193 -2.384
v 6.697 26.616 -2.133
v 7.587 25.985 -2.24
v 7.454 26.377 -2.079
v 7.335 26.728 -1.847
v 7.053 27.559 -0.419
v 7.089 27.451 -0.827
v 7.15 27.272 -1.209
v 7.232 27.029 -1.554
v 7.446 25.203 0.003
v 7.559 24.566 0.65
v 7.507 24.859 0.848
v 7.446 25.203 0.918
v 7.385 25.548 0.848
v 7.332 25.84 0.65
v 7.298 26.035 0.353
v 7.285 26.104 0.003
v 7.298 26.035 -0.347
v 7.332 25.84 -0.644
v 7.385 25.548 -0.842
v 7.446 25.203 -0.912
v 7.507 24.859 -0.842
v 7.559 24.566 -0.644
v 7.594 24.371 -0.347
v 7.606 24.302 0.003
v 7.594 24.371 0.353
v 9.468 24.001 -1.009
v 9.244 23.889 -1.619
v 8.76 23.649 -2.186
v 8.232 23.386 -2.47
v 7.719 23.132 -2.647
v 10.316 22.317 1.011
v 10.451 22.06 -0.997
v 9.919 23.137 -1.004
v 10.658 21.571 1.051
v 9.167 21.932 2.531
v 9.646 22.096 2.222
v 9.9 21.466 2.268
v 10.089 22.256 1.667
v 10.389 21.57 1.717
v 8.769 21.815 2.652
v 9.678 23.063 1.686
v 9.229 22.859 2.247
v 8.797 22.661 2.484
v 9.91 23.154 1.008
v 8.32 22.45 2.653
v 6.174 25.502 2.6
v 6.297 24.852 2.653
v 6.678 24.294 2.653
v 7.224 23.613 2.652
v 6.31 24.905 -2.644
v 6.192 25.401 -2.605
v 6.099 25.919 -2.466
v 6.017 26.384 -2.231
v 5.886 27.119 -1.533
v 5.944 26.792 -1.907
v 5.81 27.544 -0.513
v 5.836 27.397 -1.009
v 5.801 27.593 0.002
v 5.81 27.542 0.518
v 5.837 27.395 1.013
v 5.936 26.836 1.875
v 5.876 27.173 1.441
v 6.013 26.404 2.231
v 6.087 25.99 2.449
v 6.668 24.3 -2.647
v 7.224 23.637 -2.647
v 10.177 22.106 -1.585
v 9.261 22.853 -2.158
v 8.377 22.43 -2.647
v 8.73 22.601 -2.508
v 8.929 21.435 -2.647
v 9.84 21.914 -2.102
v 9.285 21.619 -2.499
v 9.675 23.039 -1.639
v 8.966 21.231 2.669
v 10.48 21.074 1.959
v 11.045 20.099 2.068
v 10.871 20.841 1.372
v 9.014 20.959 2.736
v 9.5 21.051 2.603
v 9.851 21.104 2.476
v 9.367 21.362 2.574
v 10.537 20.475 2.527
v 7.349 22.992 2.573
v 8.049 21.688 2.473
v 7.742 22.334 2.514
v 6.532 23.492 1.946
v 6.643 22.866 1.52
v 6.722 22.881 1.936
v 6.771 22.151 1.114
v 7.443 21.582 2.091
v 7.229 22.243 2.185
v 6.879 22.18 1.644
v 7.022 21.507 1.44
v 7.158 20.806 1.388
v 6.99 20.917 0.999
v 6.878 21.548 0.969
v 6.97 22.925 2.321
v 6.581 23.497 2.21
v 6.417 24.244 2.479
v 6.478 24.255 2.572
v 6.734 23.524 2.447
v 6.398 24.241 2.377
v 6.57 24.271 2.633
v 6.968 23.567 2.604
v 7.54 21.14 -2.05
v 7.284 22.115 -2.148
v 6.965 22.956 -2.315
v 7.343 23.022 -2.568
v 8.249 21.235 -2.546
v 7.104 20.993 -1.354
v 6.568 24.282 -2.628
v 6.718 22.904 -2.052
v 6.577 23.52 -2.251
v 6.965 23.588 -2.598
v 6.731 23.545 -2.442
v 6.415 24.255 -2.473
v 6.644 22.889 -1.903
v 6.524 23.538 -2.135
v 6.395 24.258 -2.392
v 6.476 24.266 -2.566
v 6.911 22.05 -1.766
v 7.019 20.758 -1.081
v 6.796 22.006 -1.566
v 7.819 22.246 -2.561
v 8.99 21.088 -2.622
v 9.473 21.297 -2.461
v 9.131 20.304 -2.313
v 9.07 20.647 -2.495
v 9.186 19.996 -2.061
v 10.472 21.475 -1.316
v 10.425 21.621 -1.423
v 10.286 21.92 -1.549
v 9.974 21.679 -2.065
v 9.799 20.409 -1.962
v 10.308 20.992 -1.67
v 9.611 20.982 -2.353
v 10.225 21.195 -1.85
v 9.717 20.685 -2.191
v 10.358 21.766 -1.503
v 10.119 21.417 -1.974
v 10.743 21.385 -0.315
v 11.289 19.593 1.527
v 9.072 20.635 2.942
v 9.844 20.663 2.834
v 8.338 20.395 2.834
v 7.753 19.979 2.527
v 7.406 19.451 2.068
v 7.351 18.892 1.527
v 7.136 20.097 1.306
v 7.585 20.921 2.076
v 8.21 21.077 2.488
v 8.267 20.756 2.571
v 7.289 20.155 1.557
v 7.662 20.487 2.188
v 7.209 20.714 -1.346
v 7.613 20.703 -1.969
v 7.214 20.529 -1.191
v 7.666 20.409 -1.834
v 7.722 20.154 -1.65
v 8.38 20.19 -2.184
v 8.42 19.932 -1.99
v 8.36 20.463 -2.355
v 8.319 20.923 -2.51
v 9.948 19.881 -1.496
v 9.269 19.528 -1.587
v 10.157 18.876 -0.494
v 11.06 20.344 0.75
v 11.002 19.841 0.221
v 10.7 19.314 -0.211
v 10.701 20.948 -0.796
v 10.492 20.441 -1.185
v 9.44 18.57 -0.612
v 9.568 17.85 0.113
v 10.302 18.09 0.221
v 11.234 19.034 0.986
v 10.888 18.506 0.527
v 8.879 21.721 -0.99
v 9.18 22.537 -0.239
v 9.578 22.429 -0.415
v 9.87 22.213 -0.679
v 10.011 21.922 -0.99
v 9.979 21.601 -1.301
v 9.78 21.297 -1.565
v 9.444 21.059 -1.741
v 9.021 20.92 -1.803
v 8.577 20.904 -1.741
v 8.179 21.012 -1.565
v 7.888 21.228 -1.301
v 7.747 21.519 -0.99
v 7.779 21.841 -0.679
v 7.978 22.144 -0.415
v 8.314 22.383 -0.239
v 8.736 22.521 -0.177
v 9.455 18.484 3.924
v 9.033 18.345 3.862
v 8.697 18.106 3.686
v 8.498 17.803 3.422
v 8.466 17.481 3.111
v 8.607 17.19 2.8
v 8.898 16.974 2.536
v 9.296 16.866 2.36
v 9.74 16.882 2.298
v 10.163 17.021 2.36
v 10.499 17.26 2.536
v 10.698 17.563 2.8
v 10.73 17.885 3.111
v 10.589 18.175 3.422
v 10.297 18.391 3.686
v 9.899 18.499 3.862
v 9.35 19.075 4.525
v 8.616 18.835 4.418
v 8.03 18.419 4.111
v 7.684 17.891 3.652
v 7.629 17.332 3.111
v 7.873 16.826 2.57
v 8.381 16.451 2.111
v 9.074 16.262 1.804
v 9.846 16.291 1.697
v 10.58 16.531 1.804
v 11.165 16.947 2.111
v 11.512 17.474 2.57
v 11.567 18.034 3.111
v 11.322 18.54 3.652
v 10.815 18.915 4.111
v 10.122 19.104 4.418
v 7.596 18.386 0.986
v 8.103 18.01 0.527
v 8.796 17.822 0.221
v 7.115 20.219 -0.529
v 7.297 20.061 -0.716
v 7.805 19.686 -1.175
v 7.286 19.257 0.449
v 8.498 19.497 -1.481
v 7.976 18.724 -0.197
v 7.468 19.099 0.262
v 8.669 18.535 -0.504
v 6.031 26.306 -1.331
v 5.959 26.71 -0.72
v 5.933 26.852 0.003
v 5.959 26.709 0.726
v 6.031 26.306 1.337
v 6.138 25.704 1.747
v 6.265 24.993 1.891
v 6.391 24.281 1.747
v 6.498 23.679 1.337
v 6.57 23.276 0.725
v 6.596 23.134 0.003
v 6.57 23.276 -0.72
v 6.499 23.678 -1.332
v 6.391 24.281 -1.741
v 6.265 24.993 -1.885
v 6.138 25.704 -1.741
v 5.046 26.131 -1.331
v 4.974 26.534 -0.72
v 4.949 26.676 0.003
v 4.974 26.534 0.726
v 5.046 26.131 1.337
v 5.153 25.529 1.747
v 5.28 24.817 1.891
v 5.407 24.106 1.747
v 5.586 23.101 0.725
v 5.611 22.959 0.003
v 5.586 23.101 -0.72
v 5.514 23.503 -1.332
v 5.407 24.106 -1.741
v 5.28 24.817 -1.885
v 5.153 25.529 -1.741
v 8.498 25.949 0.003
v 5.027 26.238 1.446
v 4.46 26.127 1.435
v 3.384 25.77 1.274
v 2.929 25.473 1.061
v 4.949 26.674 0.784
v 4.383 26.559 0.779
v 3.315 26.154 0.69
v 2.872 25.793 0.575
v 4.922 26.827 0.002
v 4.356 26.711 0.003
v 3.291 26.289 0.003
v 2.852 25.905 0.003
v 4.949 26.674 -0.779
v 4.383 26.559 -0.773
v 3.315 26.154 -0.684
v 2.872 25.792 -0.57
v 5.027 26.239 -1.441
v 4.46 26.127 -1.43
v 3.384 25.77 -1.268
v 2.929 25.473 -1.055
v 5.143 25.587 -1.883
v 4.575 25.48 -1.869
v 3.486 25.196 -1.657
v 3.014 24.995 -1.38
v 5.28 24.817 -2.039
v 4.711 24.716 -2.024
v 3.606 24.519 -1.795
v 3.114 24.432 -1.493
v 5.417 24.048 -1.883
v 4.847 23.952 -1.869
v 3.727 23.843 -1.657
v 3.214 23.869 -1.38
v 5.533 23.396 -1.441
v 4.962 23.306 -1.43
v 3.829 23.268 -1.268
v 3.3 23.39 -1.055
v 5.611 22.961 -0.779
v 5.039 22.873 -0.773
v 3.897 22.885 -0.684
v 3.356 23.071 -0.569
v 5.638 22.807 0.003
v 5.066 22.721 0.003
v 3.921 22.75 0.003
v 3.376 22.959 0.003
v 5.611 22.961 0.784
v 5.039 22.873 0.779
v 3.897 22.885 0.69
v 3.356 23.071 0.575
v 5.417 24.048 1.889
v 4.847 23.952 1.875
v 3.727 23.843 1.663
v 3.215 23.868 1.385
v 5.28 24.817 2.044
v 4.711 24.716 2.029
v 3.606 24.519 1.8
v 3.114 24.432 1.499
v 5.143 25.587 1.889
v 4.575 25.48 1.875
v 3.486 25.196 1.663
v 3.014 24.995 1.385
v 3.903 25.99 1.399
v 3.828 26.41 0.758
v 3.802 26.559 0.002
v 3.828 26.411 -0.752
v 3.903 25.99 -1.393
v 4.015 25.359 -1.82
v 4.148 24.616 -1.971
v 4.28 23.872 -1.82
v 4.393 23.242 -1.393
v 4.467 22.821 -0.752
v 4.494 22.672 0.003
v 4.467 22.821 0.758
v 4.28 23.872 1.826
v 4.148 24.615 1.976
v 4.015 25.359 1.826
v 3.262 23.6 0.353
v 5.237 23.952 0.353
v 5.367 23.989 0.375
v 5.47 24.051 0.44
v 5.534 24.129 0.536
v 5.547 24.208 0.65
v 5.5 24.315 0.725
v 5.409 24.397 0.791
v 5.286 24.439 0.833
v 5.15 24.439 0.848
v 3.175 24.087 0.848
v 3.334 23.195 0.764
v 3.864 23.073 0.977
v 4.427 23.047 1.102
v 4.997 23.111 1.138
v 5.376 23.17 1.146
v 5.506 23.206 1.171
v 5.561 23.239 1.206
v 5.542 23.346 1.097
v 5.591 23.375 1.127
v 5.654 23.451 1.224
v 5.668 23.531 1.337
v 5.621 23.638 1.414
v 5.529 23.72 1.478
v 5.472 23.74 1.498
v 5.491 23.633 1.607
v 5.426 23.656 1.628
v 5.289 23.658 1.641
v 4.91 23.598 1.633
v 4.34 23.534 1.597
v 3.777 23.561 1.471
v 3.247 23.683 1.259
v 7.28 19.29 1.932
v 7.567 17.68 3.465
v 7.691 16.984 2.758
v 7.413 18.544 1.174
v 7.224 19.607 0.801
v 7.119 20.196 0.203
v 8.916 24.463 1.74
v 7.937 23.948 2.572
v 8.457 24.211 2.264
v 9.178 24.583 1.015
v 9.183 24.573 -1.01
v 8.949 24.459 -1.653
v 8.451 24.22 -2.225
v 7.881 23.949 -2.509
v 8.777 25.39 -0.007
v 8.088 24.891 -2.268
v 8.755 25.433 1.015
v 8.583 25.163 -1.696
v 8.798 25.346 -1.01
v 7.466 24.613 -2.555
v 8.535 25.23 1.74
v 7.485 24.627 2.589
v 8.753 25.435 1.015
v 8.071 24.924 2.292
v 5.81 27.544 -0.513
v 5.836 27.397 -1.009
v 6.524 23.538 -2.135
v 6.395 24.258 -2.392
v 7.606 24.302 0.003
v 7.594 24.371 -0.347
v 7.559 24.566 -0.644
v 7.507 24.859 -0.842
v 7.446 25.203 -0.912
v 7.385 25.548 -0.842
v 5.547 24.208 0.65
v 5.5 24.315 0.725
v 7.332 25.84 0.65
v 7.385 25.548 0.848
v 7.298 26.035 0.353
v 7.446 25.203 0.918
v 7.507 24.859 0.848
v 7.285 26.104 0.003
v 7.298 26.035 -0.347
v 7.332 25.84 -0.644
v 7.594 24.371 0.353
v 5.801 27.593 0.002
v 5.81 27.542 0.518
v 6.796 22.006 -1.566
v 6.644 22.889 -1.903
v 5.886 27.119 -1.533
v 5.944 26.792 -1.907
v 6.017 26.384 -2.231
v 6.099 25.919 -2.466
v 6.643 22.866 1.52
v 6.771 22.151 1.114
v 6.532 23.492 1.946
v 3.053 24.776 -0.842
v 3.001 25.069 -0.644
v 6.398 24.241 2.377
v 6.297 24.852 2.653
v 7.559 24.566 0.65
v 2.966 25.264 -0.347
v 2.954 25.333 0.003
v 2.966 25.264 0.353
v 5.876 27.173 1.441
v 5.837 27.395 1.013
v 3.053 24.776 0.848
v 3.114 24.432 0.918
v 3.001 25.069 0.65
v 6.192 25.401 -2.605
v 6.174 25.502 2.6
v 7.747 21.519 -0.99
v 7.779 21.841 -0.679
v 9.18 22.537 -0.239
v 9.578 22.429 -0.415
v 3.175 24.087 -0.842
v 3.114 24.432 -0.912
v 9.979 21.601 -1.301
v 9.78 21.297 -1.565
v 9.444 21.059 -1.741
v 5.936 26.836 1.875
v 3.262 23.6 -0.347
v 3.228 23.795 -0.644
v 8.577 20.904 -1.741
v 8.179 21.012 -1.565
v 9.87 22.213 -0.679
v 3.275 23.531 0.003
v 6.99 20.917 0.999
v 6.878 21.548 0.969
v 6.31 24.905 -2.644
v 6.087 25.99 2.449
v 6.013 26.404 2.231
v 7.978 22.144 -0.415
v 8.314 22.383 -0.239
v 9.021 20.92 -1.803
v 7.888 21.228 -1.301
v 10.011 21.922 -0.99
v 8.736 22.521 -0.177
v 9.033 18.345 3.862
v 9.455 18.484 3.924
v 8.697 18.106 3.686
v 8.498 17.803 3.422
v 8.466 17.481 3.111
v 8.607 17.19 2.8
v 8.898 16.974 2.536
v 9.296 16.866 2.36
v 9.74 16.882 2.298
v 10.163 17.021 2.36
v 10.499 17.26 2.536
v 10.698 17.563 2.8
v 10.73 17.885 3.111
v 10.589 18.175 3.422
v 10.297 18.391 3.686
v 9.899 18.499 3.862
v 8.616 18.835 4.418
v 9.35 19.075 4.525
v 8.03 18.419 4.111
v 7.684 17.891 3.652
v 7.567 17.68 3.465
v 7.567 17.68 3.465
v 7.691 16.984 2.758
v 7.691 16.984 2.758
v 7.629 17.332 3.111
v 8.381 16.451 2.111
v 7.873 16.826 2.57
v 9.074 16.262 1.804
v 9.846 16.291 1.697
v 10.58 16.531 1.804
v 11.165 16.947 2.111
v 11.512 17.474 2.57
v 11.567 18.034 3.111
v 11.322 18.54 3.652
v 10.815 18.915 4.111
v 10.122 19.104 4.418
v 7.136 20.097 1.306
v 7.019 20.758 -1.081
v 7.115 20.219 -0.529
v 7.286 19.257 0.449
v 5.959 26.71 -0.72
v 6.031 26.306 -1.331
v 5.933 26.852 0.003
v 5.959 26.709 0.726
v 6.031 26.306 1.337
v 6.138 25.704 1.747
v 6.265 24.993 1.891
v 6.391 24.281 1.747
v 6.498 23.679 1.337
v 6.57 23.276 0.725
v 6.596 23.134 0.003
v 6.57 23.276 -0.72
v 6.499 23.678 -1.332
v 6.391 24.281 -1.741
v 6.265 24.993 -1.885
v 6.138 25.704 -1.741
v 5.046 26.131 -1.331
v 5.153 25.529 -1.741
v 5.28 24.817 -1.885
v 5.407 24.106 -1.741
v 5.514 23.503 -1.332
v 5.586 23.101 -0.72
v 5.611 22.959 0.003
v 5.586 23.101 0.725
v 5.407 24.106 1.747
v 5.28 24.817 1.891
v 5.153 25.529 1.747
v 5.046 26.131 1.337
v 4.974 26.534 0.726
v 4.949 26.676 0.003
v 4.974 26.534 -0.72
v 2.929 25.473 1.061
v 2.872 25.793 0.575
v 5.027 26.238 1.446
v 4.949 26.674 0.784
v 2.852 25.905 0.003
v 4.922 26.827 0.002
v 2.872 25.792 -0.57
v 4.949 26.674 -0.779
v 2.929 25.473 -1.055
v 5.027 26.239 -1.441
v 3.014 24.995 -1.38
v 5.143 25.587 -1.883
v 3.114 24.432 -1.493
v 5.28 24.817 -2.039
v 3.214 23.869 -1.38
v 5.417 24.048 -1.883
v 3.3 23.39 -1.055
v 5.533 23.396 -1.441
v 3.356 23.071 -0.569
v 5.611 22.961 -0.779
v 3.376 22.959 0.003
v 5.638 22.807 0.003
v 3.356 23.071 0.575
v 5.611 22.961 0.784
v 3.175 24.087 0.848
v 3.175 24.087 0.848
v 3.262 23.6 0.353
v 3.262 23.6 0.353
v 3.215 23.868 1.385
v 3.114 24.432 1.499
v 5.417 24.048 1.889
v 5.28 24.817 2.044
v 3.014 24.995 1.385
v 5.143 25.587 1.889
v 5.561 23.239 1.206
v 5.561 23.239 1.206
v 5.542 23.346 1.097
v 5.542 23.346 1.097
v 5.491 23.633 1.607
v 5.491 23.633 1.607
v 5.472 23.74 1.498
v 5.472 23.74 1.498
v 5.668 23.531 1.337
v 5.621 23.638 1.414
v 5.286 24.439 0.833
v 5.15 24.439 0.848
v 3.334 23.195 0.764
v 3.334 23.195 0.764
v 5.237 23.952 0.353
v 5.367 23.989 0.375
v 5.47 24.051 0.44
v 5.534 24.129 0.536
v 5.409 24.397 0.791
v 3.864 23.073 0.977
v 4.427 23.047 1.102
v 4.997 23.111 1.138
v 5.376 23.17 1.146
v 5.506 23.206 1.171
v 5.591 23.375 1.127
v 5.654 23.451 1.224
v 5.529 23.72 1.478
v 5.426 23.656 1.628
v 5.289 23.658 1.641
v 4.91 23.598 1.633
v 4.34 23.534 1.597
v 3.777 23.561 1.471
v 3.247 23.683 1.259
v 3.247 23.683 1.259
v 7.28 19.29 1.932
v 7.413 18.544 1.174
usemtl MB_194
s off
f 4697 4696 4797
f 4696 4798 4797
f 5197 5213 4725
f 5213 4726 4725
f 4694 4799 4696
f 4799 4798 4696
f 4717 5203 4692
f 5203 5192 4692
f 4787 4800 4794
f 4800 4797 4794
f 4716 5223 4717
f 5223 5203 4717
f 4757 4756 5184
f 4756 5185 5184
f 4754 5222 4755
f 5222 5202 4755
f 4736 4741 4735
f 4741 4740 4735
f 4753 4752 5157
f 4752 5158 5157
f 5183 4750 5184
f 4750 4757 5184
f 4739 4742 4741
f 4742 4740 4741
f 5173 4765 5193
f 5169 4765 5170
f 5170 4765 5172
f 5177 4765 4780
f 5171 4765 5169
f 4780 4765 4779
f 5215 5163 5208
f 5163 5164 5208
f 5219 5161 5214
f 5161 5162 5214
f 5209 5165 5189
f 5165 5166 5189
f 5305 5299 5307
f 5299 5300 5307
f 5292 5293 5321
f 5293 5323 5321
f 4778 4765 4777
f 4777 4765 4776
f 5172 4765 5173
f 5175 4765 5174
f 4775 4765 5176
f 5174 4765 5171
f 5177 5193 4765
f 4776 4765 4775
f 4779 4765 4778
f 5176 4765 5175
f 5298 5304 5297
f 5304 5335 5297
f 5003 5360 5018
f 5196 4771 5201
f 4771 4770 5201
f 5208 5164 5209
f 5164 5165 5209
f 5297 5335 5296
f 5335 5333 5296
f 5296 5333 5295
f 5333 5332 5295
f 5201 4770 5199
f 4770 4769 5199
f 5002 5344 5361
f 5313 5288 5315
f 5288 5289 5315
f 5081 4691 5330
f 4691 5326 5330
f 5317 5290 5319
f 5290 5291 5319
f 5304 5298 5305
f 5298 5299 5305
f 5214 5162 5215
f 5162 5163 5215
f 5307 5300 5309
f 5300 5301 5309
f 5190 4774 5194
f 4774 4773 5194
f 5315 5289 5317
f 5289 5290 5317
f 5195 4772 5196
f 4772 4771 5196
f 5311 5287 5313
f 5287 5288 5313
f 4679 5069 5328
f 5069 5324 5328
f 5189 5166 5190
f 5166 4774 5190
f 5194 4773 5195
f 4773 4772 5195
f 5291 5292 5319
f 5292 5321 5319
f 5309 5301 5311
f 5301 5287 5311
f 5199 4769 5200
f 4769 4768 5200
f 5360 5003 5361
f 5293 5294 5323
f 5294 5325 5323
f 4834 4790 4832
f 4790 4795 4832
f 5178 5179 4721
f 5179 4723 4721
f 4788 4787 4898
f 4787 4790 4898
f 4795 4790 4794
f 4790 4787 4794
f 4748 4749 4734
f 4749 4745 4734
f 4830 4823 4824
f 4823 4828 4824
f 4791 4838 4792
f 4838 4793 4792
f 4838 4836 4793
f 4836 4837 4793
f 4791 4792 4799
f 4792 4798 4799
f 4860 5192 4857
f 4789 4782 4800
f 4782 4700 4800
f 4749 4747 4745
f 4747 4744 4745
f 4713 4719 4702
f 4719 4720 4702
f 4873 4877 4870
f 4877 4872 4870
f 4890 4883 4828
f 4883 4829 4828
f 4783 5144 4782
f 5144 5143 4782
f 4752 4751 5158
f 4751 5182 5158
f 5157 5178 4753
f 5178 4721 4753
f 4751 4750 5182
f 4750 5183 5182
f 4723 5179 4724
f 5179 5198 4724
f 4725 4726 4729
f 4726 4730 4729
f 4730 4726 4731
f 4726 4715 4731
f 4725 4724 5197
f 4724 5198 5197
f 4755 4758 4754
f 4758 4733 4754
f 4882 4827 4883
f 4827 4829 4883
f 4981 4839 5266
f 4839 4901 5266
f 4839 4833 4832
f 4833 4834 4832
f 4842 4848 4841
f 4848 4847 4841
f 4854 4840 4858
f 4840 4861 4858
f 5255 4905 5253
f 4905 5371 5253
f 4855 4845 4858
f 4845 4854 4858
f 5191 4856 5192
f 4858 4861 4857
f 4861 4860 4857
f 4850 4847 4849
f 4847 4848 4849
f 5187 4849 5186
f 4849 4845 5186
f 4851 4850 5220
f 4850 5221 5220
f 4910 4851 5267
f 4851 5220 5267
f 4877 5222 4868
f 4821 4822 4868
f 4822 4871 4868
f 4865 4881 4864
f 4881 4863 4864
f 4866 4862 4881
f 4862 4863 4881
f 4864 4863 4869
f 4863 4878 4869
f 4877 4873 5222
f 4786 4865 4822
f 4865 4871 4822
f 4862 4867 4863
f 4867 4878 4863
f 4871 4865 4872
f 4865 4864 4872
f 4869 5181 4870
f 5181 5159 4870
f 4895 4891 4884
f 4891 4886 4884
f 4823 4889 4828
f 4889 4890 4828
f 4789 4800 4788
f 4800 4787 4788
f 4922 4886 4921
f 4886 4891 4921
f 4841 4796 4842
f 4796 4801 4842
f 4911 4903 4909
f 4903 4902 4909
f 5247 4902 5249
f 4902 4903 5249
f 4786 4822 4785
f 4822 5146 4785
f 4841 4847 4908
f 4847 4907 4908
f 5192 4856 4857
f 4851 4907 4850
f 4907 4847 4850
f 4848 4842 4854
f 4842 4840 4854
f 4854 4845 4848
f 4845 4849 4848
f 4872 4877 4871
f 4877 4868 4871
f 4872 4864 4870
f 4864 4869 4870
f 4824 4826 4784
f 4826 4785 4784
f 4789 4830 4782
f 4830 4783 4782
f 4705 4712 4703
f 4712 4714 4703
f 4714 4712 4713
f 4712 4719 4713
f 4892 4891 4894
f 4891 4895 4894
f 5242 5210 5241
f 5210 5211 5241
f 5235 5204 5234
f 5204 5205 5234
f 5243 5229 5242
f 5229 5210 5242
f 5236 5228 5235
f 5228 5204 5235
f 5234 5205 5233
f 5205 5225 5233
f 5232 5230 5246
f 5230 5206 5246
f 5245 5207 5244
f 5207 5218 5244
f 5233 5225 5231
f 5225 5226 5231
f 5240 5212 5239
f 5212 5227 5239
f 5241 5211 5240
f 5211 5212 5240
f 5238 5216 5237
f 5216 5217 5237
f 5237 5217 5236
f 5217 5228 5236
f 5246 5206 5245
f 5206 5207 5245
f 5239 5227 5238
f 5227 5216 5238
f 5231 5226 5232
f 5226 5230 5232
f 5244 5218 5243
f 5218 5229 5243
f 5224 5223 4715
f 5223 4716 4715
f 5213 5224 4726
f 5224 4715 4726
f 5185 4756 5202
f 4756 4755 5202
f 4942 4934 4943
f 4939 4934 4940
f 4936 4934 4937
f 4947 4934 4948
f 4937 4934 4938
f 4940 4934 4941
f 4945 4934 4946
f 4949 4934 4950
f 4941 4934 4942
f 4935 4934 4936
f 4943 4934 4944
f 4948 4934 4949
f 4938 4934 4939
f 4946 4934 4947
f 4944 4934 4945
f 4950 4934 4935
f 4696 4697 5141
f 4697 5139 5141
f 4857 4856 4858
f 4856 4855 4858
f 5192 4860 4804
f 4861 4805 4860
f 4805 4804 4860
f 4959 5259 4960
f 5259 4976 4960
f 4957 4973 4958
f 4973 5258 4958
f 4951 5248 4952
f 5248 4968 4952
f 4962 5262 4963
f 5262 5263 4963
f 5262 4962 5261
f 4962 4961 5261
f 4982 5248 4966
f 5248 4951 4966
f 4955 4971 5135
f 4954 5250 4955
f 5250 5251 4955
f 5257 4983 5256
f 4983 4984 5256
f 4980 4964 5263
f 4964 4963 5263
f 5250 4954 4969
f 4954 4953 4969
f 5265 4965 4980
f 4965 4964 4980
f 4982 4966 5265
f 4966 4965 5265
f 5258 5259 4958
f 5259 4959 4958
f 5261 4961 4976
f 4961 4960 4976
f 4969 4953 4968
f 4953 4952 4968
f 4957 4956 4973
f 4956 4972 4973
f 5256 4984 4974
f 4984 4985 4974
f 4855 5188 4845
f 5188 5186 4845
f 5191 5188 4856
f 5188 4855 4856
f 4970 4904 5134
f 4904 5133 5134
f 4831 4796 4908
f 4796 4841 4908
f 5249 4903 4970
f 4903 4904 4970
f 4849 5187 4850
f 5187 5221 4850
f 4908 4909 4831
f 4909 4835 4831
f 4909 4902 4835
f 4902 4900 4835
f 4910 4904 4911
f 4904 4903 4911
f 4904 4910 5133
f 4910 5267 5133
f 4851 4910 4907
f 4910 4911 4907
f 4907 4911 4908
f 4911 4909 4908
f 4834 4833 4924
f 4833 4899 4924
f 4979 4899 5264
f 4899 4833 5264
f 5264 4833 4981
f 4833 4839 4981
f 4798 4792 4797
f 4792 4794 4797
f 4792 4793 4794
f 4793 4795 4794
f 4700 4697 4800
f 4697 4797 4800
f 4832 4795 4837
f 4795 4793 4837
f 4837 4901 4832
f 4901 4839 4832
f 4694 4693 4799
f 4693 4801 4799
f 4831 4838 4796
f 4838 4791 4796
f 4835 4836 4831
f 4836 4838 4831
f 4796 4791 4801
f 4791 4799 4801
f 4801 4693 4842
f 4693 4840 4842
f 4861 4840 4805
f 4840 4693 4805
f 4901 4837 4836
f 4835 4900 4836
f 4900 4901 4836
f 4783 4830 4784
f 4830 4824 4784
f 4709 4706 4708
f 4706 4707 4708
f 4699 4702 4698
f 4702 4720 4698
f 4710 4707 4728
f 4707 4727 4728
f 4760 4739 4759
f 4739 4741 4759
f 4697 4700 5139
f 4700 5142 5139
f 4967 4900 5247
f 4900 4902 5247
f 5266 4901 4967
f 4901 4900 4967
f 4862 4866 4920
f 4920 4866 4882
f 4866 4827 4882
f 4975 4930 5260
f 4930 4931 5260
f 4930 4929 4931
f 4929 4923 4931
f 4922 4921 4929
f 4921 4923 4929
f 4924 4898 4834
f 4898 4790 4834
f 4974 4985 4975
f 4985 4930 4975
f 4709 4748 4706
f 4748 4734 4706
f 4895 4884 4893
f 4884 4885 4893
f 4747 4746 4744
f 4746 4743 4744
f 4933 4931 4926
f 4931 4923 4926
f 4711 4701 4710
f 4701 4704 4710
f 4925 4927 4924
f 4927 4898 4924
f 4921 4928 4923
f 4928 4926 4923
f 4888 4887 4894
f 4887 4892 4894
f 4896 4897 4889
f 4897 4890 4889
f 4888 4894 4896
f 4894 4897 4896
f 4897 4893 4890
f 4893 4883 4890
f 4892 4887 4928
f 4887 4927 4928
f 4894 4895 4897
f 4895 4893 4897
f 4891 4892 4921
f 4892 4928 4921
f 4711 4705 4701
f 4705 4703 4701
f 4932 4933 4925
f 4933 4926 4925
f 4928 4927 4926
f 4927 4925 4926
f 4704 4708 4710
f 4708 4707 4710
f 4743 4746 4739
f 4746 4742 4739
f 4978 4932 4979
f 4932 4899 4979
f 4925 4924 4932
f 4924 4899 4932
f 5260 4931 4977
f 4931 4933 4977
f 4977 4933 4978
f 4933 4932 4978
f 4883 4893 4882
f 4893 4885 4882
f 5222 4821 4868
f 5160 5222 4873
f 4737 4736 4738
f 4736 4735 4738
f 4737 5150 4733
f 5150 5148 4733
f 4731 4732 4712
f 4732 4719 4712
f 4750 4764 4757
f 4764 4760 4757
f 4763 4764 4751
f 4764 4750 4751
f 4722 4721 4727
f 4721 4723 4727
f 4761 4762 4753
f 4762 4752 4753
f 4732 4716 4718
f 4716 4717 4718
f 4731 4712 4730
f 4712 4705 4730
f 4695 4698 4718
f 4698 4720 4718
f 4718 4720 4732
f 4720 4719 4732
f 4723 4724 4727
f 4724 4728 4727
f 4722 4761 4721
f 4761 4753 4721
f 4722 4706 4761
f 4706 4734 4761
f 4707 4706 4727
f 4706 4722 4727
f 4729 4730 4711
f 4730 4705 4711
f 4745 4744 4762
f 4744 4763 4762
f 4734 4745 4761
f 4745 4762 4761
f 4759 4758 4756
f 4758 4755 4756
f 4757 4760 4756
f 4760 4759 4756
f 4743 4739 4764
f 4739 4760 4764
f 4715 4716 4731
f 4716 4732 4731
f 4758 4736 4733
f 4736 4737 4733
f 4759 4741 4758
f 4741 4736 4758
f 4744 4743 4763
f 4743 4764 4763
f 4711 4710 4729
f 4710 4728 4729
f 4762 4763 4752
f 4763 4751 4752
f 4728 4724 4729
f 4724 4725 4729
f 4695 4718 4692
f 4718 4717 4692
f 4696 5141 4694
f 5141 5140 4694
f 4693 4694 4805
f 4694 5140 4805
f 4824 4828 4826
f 4828 4829 4826
f 4805 5140 4804
f 5140 5154 4804
f 4785 4826 4786
f 4826 4825 4786
f 4827 4825 4829
f 4825 4826 4829
f 4733 5148 4754
f 5148 5152 4754
f 4867 5268 4878
f 5268 5180 4878
f 4990 4988 4918
f 4988 4916 4918
f 4913 4915 4867
f 4915 4912 4867
f 4886 4918 4884
f 4918 4917 4884
f 4865 4786 4881
f 4786 4825 4881
f 5160 4873 5159
f 4873 4870 5159
f 4878 5180 4869
f 5180 5181 4869
f 5345 5344 5002
f 4913 4867 4862
f 4825 4827 4881
f 4827 4866 4881
f 4992 5270 4987
f 5270 5269 4987
f 4988 4987 4916
f 4987 4914 4916
f 4884 4917 4885
f 4917 4919 4885
f 4882 4885 4920
f 4885 4919 4920
f 4917 4915 4919
f 4915 4913 4919
f 4983 5136 4992
f 5136 5270 4992
f 4919 4913 4920
f 4913 4862 4920
f 4987 5269 4914
f 5269 5268 4914
f 4984 4983 4991
f 4983 4992 4991
f 4991 4992 4988
f 4992 4987 4988
f 4917 4918 4915
f 4918 4916 4915
f 4915 4916 4912
f 4916 4914 4912
f 4993 4991 4990
f 4991 4988 4990
f 4990 4918 4922
f 4918 4886 4922
f 4985 4984 4993
f 4984 4991 4993
f 4985 4993 4930
f 4993 4929 4930
f 4929 4993 4922
f 4993 4990 4922
f 4879 4986 4852
f 4986 5138 4852
f 5004 4880 4846
f 4880 4853 4846
f 5275 5276 4819
f 5276 4820 4819
f 4816 5274 4818
f 5274 5275 4818
f 4852 4853 4879
f 4853 4880 4879
f 5004 5282 4880
f 5282 4874 4880
f 5285 5284 5023
f 5284 5022 5023
f 5281 5003 5019
f 5003 5018 5019
f 4815 4996 4816
f 4996 5274 4816
f 5009 4808 4807
f 5273 4995 5012
f 4995 5011 5012
f 5283 5005 5021
f 5005 5020 5021
f 4846 4844 5004
f 4844 5280 5004
f 4997 5273 5013
f 5273 5012 5013
f 5009 5272 4808
f 5272 4809 4808
f 4803 4802 5277
f 4802 5276 5277
f 4994 5286 5010
f 5286 5024 5010
f 4844 4843 5280
f 4843 5279 5280
f 5272 5271 4811
f 5271 4810 4811
f 4999 4998 5015
f 4998 5014 5015
f 4811 4809 5272
f 5278 5000 5017
f 5000 5016 5017
f 4843 4859 5279
f 4859 5001 5279
f 4859 4803 5001
f 4803 5277 5001
f 5353 4781 5352
f 5005 5281 5020
f 5281 5019 5020
f 4813 4810 5271
f 5007 5008 4876
f 5008 4806 4876
f 5286 5285 5024
f 5285 5023 5024
f 4812 5271 4814
f 5271 4996 4814
f 5284 5283 5022
f 5283 5021 5022
f 4986 4989 5138
f 4989 5137 5138
f 5276 4802 4820
f 5006 5007 4875
f 5007 4876 4875
f 5275 4819 4817
f 4874 5282 4875
f 5282 5006 4875
f 5000 4999 5016
f 4999 5015 5016
f 4815 4814 4996
f 4812 4813 5271
f 4995 4994 5011
f 4994 5010 5011
f 5008 5009 4806
f 5009 4807 4806
f 4818 5275 4817
f 4998 4997 5014
f 4997 5013 5014
f 4788 4888 4896
f 4788 4898 4887
f 4898 4927 4887
f 4896 4889 4788
f 4889 4823 4788
f 4788 4887 4888
f 4823 4830 4788
f 4830 4789 4788
f 5025 4709 4708
f 5025 4749 4748
f 4747 4749 5025
f 4747 5025 4746
f 4746 5025 4742
f 4742 5025 4740
f 4740 5025 4735
f 4735 5025 4738
f 5025 4708 4704
f 4699 5025 4702
f 5025 4704 4701
f 4702 5025 4713
f 5025 4701 4703
f 4713 5025 4714
f 4714 5025 4703
f 5025 4748 4709
f 5302 5028 5303
f 5028 5032 5303
f 5086 5027 5087
f 5027 5031 5087
f 5027 5026 5031
f 5026 5030 5031
f 5303 5032 5306
f 5032 5036 5306
f 5087 5031 5088
f 5031 5035 5088
f 5031 5030 5035
f 5030 5034 5035
f 5306 5036 5308
f 5036 5040 5308
f 5088 5035 5089
f 5035 5039 5089
f 5035 5034 5039
f 5034 5038 5039
f 5308 5040 5310
f 5040 5044 5310
f 5089 5039 5090
f 5039 5043 5090
f 5039 5038 5043
f 5038 5042 5043
f 5310 5044 5312
f 5044 5048 5312
f 5090 5043 5091
f 5043 5047 5091
f 5043 5042 5047
f 5042 5046 5047
f 5312 5048 5314
f 5048 5052 5314
f 5091 5047 5092
f 5047 5051 5092
f 5047 5046 5051
f 5046 5050 5051
f 5314 5052 5316
f 5052 5056 5316
f 5092 5051 5093
f 5051 5055 5093
f 5051 5050 5055
f 5050 5054 5055
f 5316 5056 5318
f 5056 5060 5318
f 5093 5055 5094
f 5055 5059 5094
f 5055 5054 5059
f 5054 5058 5059
f 5318 5060 5320
f 5060 5064 5320
f 5094 5059 5095
f 5059 5063 5095
f 5059 5058 5063
f 5058 5062 5063
f 5320 5064 5322
f 5064 5068 5322
f 5095 5063 5096
f 5063 5067 5096
f 5063 5062 5067
f 5062 5066 5067
f 5322 5068 5073
f 5068 5072 5073
f 5096 5067 5097
f 5067 5071 5097
f 5067 5066 5071
f 5066 5070 5071
f 5161 5219 5350
f 5219 5329 5350
f 5161 5350 4781
f 5003 5002 5361
f 5200 4768 5327
f 4768 5347 5327
f 5278 5017 5362
f 5362 5345 5278
f 5077 5076 5331
f 5076 5080 5331
f 5098 5075 5099
f 5075 5079 5099
f 5075 5074 5079
f 5074 5078 5079
f 5331 5080 5334
f 5080 5084 5334
f 5099 5079 5100
f 5079 5083 5100
f 5079 5078 5083
f 5078 5082 5083
f 5334 5084 5302
f 5084 5028 5302
f 5100 5083 5086
f 5083 5027 5086
f 5083 5082 5027
f 5082 5026 5027
f 5057 5061 4682
f 5061 4681 4682
f 4689 5029 4688
f 5029 5033 4688
f 4683 4684 5053
f 4684 5049 5053
f 4681 5061 4680
f 5061 5065 4680
f 5069 4679 5065
f 4679 4680 5065
f 5085 5029 4690
f 5029 4689 4690
f 5017 5342 5362
f 5045 4685 5041
f 4685 4686 5041
f 5360 5338 5018
f 5041 4686 5037
f 4686 4687 5037
f 5085 4690 5081
f 4690 4691 5081
f 5037 4687 5033
f 4687 4688 5033
f 5278 5345 5002
f 5053 5057 4683
f 5057 4682 4683
f 5045 5049 4685
f 5049 4684 4685
f 5084 5100 5028
f 5100 5086 5028
f 5080 5099 5084
f 5099 5100 5084
f 5076 5098 5080
f 5098 5099 5080
f 5294 5339 5325
f 5339 5336 5325
f 5332 5340 5295
f 5340 5343 5295
f 5068 5096 5072
f 5096 5097 5072
f 5064 5095 5068
f 5095 5096 5068
f 5060 5094 5064
f 5094 5095 5064
f 5056 5093 5060
f 5093 5094 5060
f 5052 5092 5056
f 5092 5093 5056
f 5048 5091 5052
f 5091 5092 5052
f 5044 5090 5048
f 5090 5091 5048
f 5040 5089 5044
f 5089 5090 5044
f 5036 5088 5040
f 5088 5089 5040
f 5032 5087 5036
f 5087 5088 5036
f 5028 5086 5032
f 5086 5087 5032
f 5324 5348 5328
f 5330 5326 5369
f 5346 5347 4767
f 5352 4781 5351
f 5354 4767 5168
f 4767 5347 4768
f 5168 4767 5167
f 4767 4766 5167
f 4767 5354 5346
f 5351 4781 5350
f 4781 5353 4766
f 5353 5167 4766
f 5072 5355 5073
f 5355 5349 5073
f 5097 5356 5072
f 5356 5355 5072
f 5071 5357 5097
f 5357 5356 5097
f 5070 5358 5071
f 5358 5357 5071
f 5358 5070 5359
f 5070 5337 5359
f 5341 5074 5363
f 5363 5074 5364
f 5075 5365 5074
f 5365 5364 5074
f 5098 5366 5075
f 5366 5365 5075
f 5076 5367 5098
f 5367 5366 5098
f 5077 5368 5076
f 5368 5367 5076
f 5106 5105 5122
f 5105 5121 5122
f 5107 5106 5123
f 5106 5122 5123
f 5105 5104 5121
f 5104 5120 5121
f 5108 5107 5124
f 5107 5123 5124
f 5110 5109 5128
f 5109 5127 5128
f 5103 5102 5117
f 5102 5116 5117
f 5118 5119 5117
f 5117 5119 5103
f 5104 5103 5120
f 5103 5119 5120
f 5109 5108 5125
f 5108 5124 5125
f 5126 5127 5125
f 5127 5109 5125
f 5110 5128 5129
f 5110 5130 5111
f 5130 5131 5111
f 5112 5113 5101
f 5113 5102 5101
f 5130 5110 5129
f 5131 5132 5111
f 5102 5113 5114
f 5116 5102 5115
f 5102 5114 5115
f 4804 5154 5192
f 5154 4692 5192
f 5152 4821 4754
f 4821 5222 4754
f 5137 4989 4905
f 4989 5371 4905
f 5252 5370 5255
f 5370 4905 5255
f 5254 5136 5257
f 5136 4983 5257
f 4906 5137 5370
f 5137 4905 5370
f 5138 5137 4852
f 5137 4906 4852
f 5268 4867 4914
f 4867 4912 4914
f 5140 5141 5154
f 5141 5156 5154
f 5141 5139 5156
f 5139 5153 5156
f 5145 5144 4784
f 5144 4783 4784
f 5143 5142 4782
f 5142 4700 4782
f 5142 5147 5149
f 5153 5139 5142
f 5149 5155 5153
f 5142 5149 5153
f 5146 5145 4785
f 5145 4784 4785
f 5143 5144 5151
f 5144 5150 5151
f 5143 5151 5147
f 5148 5150 5145
f 5150 5144 5145
f 5147 5142 5143
f 5152 5148 5146
f 5148 5145 5146
f 5146 4822 5152
f 4822 4821 5152
f 5151 5150 4738
f 5150 4737 4738
f 5155 5149 5147
f 5147 5025 4699
f 5147 4699 5155
f 5147 5151 5025
f 5151 4738 5025
f 5154 5156 4692
f 5156 4695 4692
f 5153 5155 4698
f 5155 4699 4698
f 5156 5153 4695
f 5153 4698 4695
f 5135 4972 4955
f 4972 4956 4955
f 4955 5251 4971
o Part.7
v 10.552 19.172 1.831
v 10.532 19.117 1.881
v 10.514 19.216 1.781
v 10.405 19.475 2.156
v 10.389 19.413 2.198
v 10.371 19.512 2.098
v 10.101 19.7 2.431
v 10.092 19.633 2.467
v 10.074 19.731 2.367
v 9.685 19.813 2.615
v 9.686 19.743 2.646
v 9.669 19.841 2.546
v 9.959 18.271 1.046
v 9.954 18.238 1.115
v 9.936 18.337 1.015
v 10.311 18.52 1.23
v 10.297 18.482 1.295
v 10.279 18.58 1.195
v 10.519 18.836 1.505
v 10.5 18.79 1.563
v 10.482 18.889 1.464
v 10.138 17.051 2.406
v 10.46 17.28 2.576
v 10.65 17.57 2.829
v 10.681 17.877 3.126
v 10.546 18.155 3.424
v 10.267 18.361 3.677
v 9.886 18.465 3.846
v 9.214 21.232 -1.261
v 9.4 21.365 -1.164
v 9.511 21.532 -1.017
v 9.527 21.711 -0.845
v 9.45 21.872 -0.672
v 9.289 21.991 -0.526
v 9.068 22.051 -0.428
v 9.799 20.993 -1.191
v 9.477 20.764 -1.36
v 9.225 22.178 0.079
v 9.606 22.074 -0.089
v 9.885 21.868 -0.342
v 10.019 21.59 -0.641
v 9.989 21.283 -0.938
v 10.22 18.627 1.207
v 9.646 19.812 2.477
v 10.306 19.503 2.056
v 10.41 18.917 1.46
v 9.898 18.398 1.038
v 10.027 19.708 2.308
v 10.441 19.224 1.757
v 10.245 18.487 1.349
v 9.671 19.671 2.62
v 10.331 19.362 2.198
v 10.435 18.776 1.602
v 9.923 18.258 1.181
v 10.052 19.568 2.451
v 10.466 19.084 1.9
v 10.431 15.367 3.217
v 10.835 15.298 3.297
v 11.2 15.139 3.424
v 11.501 14.902 3.589
v 11.716 14.6 3.781
v 11.833 14.257 3.988
v 11.836 13.928 4.254
v 11.881 13.673 4.578
v 10.528 16.15 2.783
v 11.16 16.042 2.907
v 11.73 15.794 3.106
v 12.2 15.422 3.364
v 12.537 14.952 3.665
v 12.719 14.414 3.988
v 12.721 13.918 4.435
v 11.911 13.506 6.373
v 12.279 15.692 8.297
v 12.349 16.01 8.124
v 12.334 16.576 7.801
v 12.152 17.114 7.478
v 11.815 17.584 7.177
v 11.345 17.956 6.918
v 10.775 18.204 6.72
v 10.143 18.312 6.595
v 11.516 15.727 8.2
v 11.457 16.056 8.007
v 11.448 16.419 7.801
v 11.331 16.762 7.594
v 11.116 17.064 7.401
v 10.815 17.301 7.236
v 10.45 17.46 7.11
v 10.046 17.529 7.03
v 12.124 15.351 8.475
v 11.929 13.406 5.209
v 11.599 15.257 8.475
v 12.086 13.416 6.087
v 11.932 13.389 6.087
v 10.275 16.89 2.224
v 10.679 17.178 2.436
v 10.918 17.54 2.753
v 10.956 17.926 3.126
v 10.788 18.275 3.5
v 10.438 18.535 3.817
v 10.968 17.118 4.804
v 10.499 18.231 4.126
v 10.24 18.585 3.899
v 10.337 17.225 4.68
v 10.407 16.205 2.886
v 10.852 16.323 3.271
v 11.136 16.501 3.787
v 11.209 16.734 4.337
v 11.045 17.051 4.765
v 12.634 13.703 4.792
v 12.455 13.499 5.209
v 11.981 13.518 6.373
v 11.713 14.619 8.337
v 11.636 15.054 8.554
v 11.693 14.731 8.466
v 11.666 14.884 8.543
v 11.784 14.632 8.337
v 11.857 14.918 8.543
v 11.795 14.749 8.466
v 11.94 13.345 5.604
v 12.28 13.405 5.604
v 11.939 13.35 5.816
v 12.186 13.394 5.816
v 11.959 15.111 8.554
v 9.341 21.083 -1.431
v 9.453 20.862 -1.439
v 9.412 20.967 -1.475
v 9.603 21.27 -1.293
v 9.77 21.088 -1.273
v 9.712 21.18 -1.318
v 9.758 21.506 -1.088
v 9.957 21.373 -1.024
v 9.891 21.451 -1.082
v 9.782 21.757 -0.845
v 9.988 21.676 -0.731
v 9.919 21.738 -0.803
v 9.673 21.982 -0.602
v 9.855 21.95 -0.437
v 9.793 21.998 -0.526
v 9.446 22.151 -0.396
v 9.58 22.153 -0.187
v 9.533 22.19 -0.29
v 9.136 22.235 -0.259
v 9.205 22.255 -0.021
v 9.177 22.287 -0.132
v 8.189 18.751 1.831
v 8.226 18.706 1.881
v 8.209 18.806 1.781
v 8.222 19.086 2.156
v 8.258 19.034 2.198
v 8.241 19.132 2.098
v 8.429 19.402 2.431
v 8.461 19.343 2.467
v 8.444 19.441 2.367
v 8.781 19.652 2.615
v 8.804 19.586 2.646
v 8.786 19.684 2.546
v 9.056 18.11 1.046
v 9.072 18.081 1.115
v 9.054 18.18 1.015
v 8.639 18.222 1.23
v 8.666 18.191 1.295
v 8.649 18.29 1.195
v 8.335 18.448 1.505
v 8.369 18.41 1.563
v 8.352 18.509 1.464
v 9.309 16.904 2.406
v 8.928 17.007 2.576
v 8.65 17.214 2.829
v 8.515 17.491 3.126
v 8.545 17.799 3.424
v 8.735 18.088 3.677
v 9.057 18.317 3.846
v 8.733 21.147 -1.261
v 8.512 21.206 -1.164
v 8.351 21.326 -1.017
v 8.273 21.488 -0.845
v 8.29 21.665 -0.672
v 8.401 21.833 -0.526
v 8.587 21.966 -0.428
v 8.267 20.72 -1.191
v 8.648 20.617 -1.36
v 8.396 22.03 0.079
v 8.074 21.802 -0.089
v 7.884 21.512 -0.342
v 7.853 21.204 -0.641
v 7.988 20.926 -0.938
v 8.688 18.354 1.208
v 8.817 19.665 2.477
v 8.305 19.146 2.056
v 8.41 18.561 1.46
v 9.069 18.251 1.038
v 8.496 19.436 2.308
v 8.275 18.839 1.757
v 8.713 18.214 1.349
v 8.842 19.524 2.62
v 8.33 19.006 2.198
v 8.435 18.42 1.602
v 9.094 18.111 1.181
v 8.521 19.295 2.451
v 8.3 18.698 1.9
v 9.616 15.222 3.217
v 9.26 15.017 3.297
v 8.973 14.743 3.424
v 8.772 14.416 3.589
v 8.674 14.058 3.781
v 8.683 13.696 3.988
v 8.794 13.386 4.254
v 8.839 13.131 4.578
v 9.254 15.923 2.783
v 8.699 15.604 2.907
v 8.249 15.174 3.106
v 7.937 14.663 3.364
v 7.782 14.105 3.665
v 7.797 13.538 3.988
v 7.966 13.071 4.435
v 8.869 12.964 6.373
v 7.77 14.889 8.297
v 7.594 15.163 8.124
v 7.412 15.7 7.801
v 7.397 16.267 7.478
v 7.552 16.825 7.177
v 7.864 17.336 6.918
v 8.314 17.766 6.72
v 8.869 18.085 6.595
v 8.474 15.185 8.2
v 8.415 15.514 8.007
v 8.298 15.858 7.801
v 8.289 16.22 7.594
v 8.387 16.578 7.402
v 8.588 16.905 7.236
v 8.875 17.179 7.11
v 9.231 17.384 7.03
v 8.032 14.622 8.475
v 8.887 12.864 5.209
v 8.557 14.716 8.475
v 8.736 12.82 6.087
v 8.89 12.847 6.087
v 9.236 16.705 2.224
v 8.758 16.835 2.436
v 8.408 17.093 2.753
v 8.239 17.442 3.126
v 8.277 17.828 3.5
v 8.516 18.192 3.817
v 8.507 16.68 4.804
v 8.563 17.887 4.126
v 8.684 18.308 3.899
v 9.063 16.999 4.68
v 9.349 16.017 2.886
v 8.891 15.974 3.271
v 8.562 16.043 3.787
v 8.413 16.236 4.337
v 8.458 16.59 4.765
v 8.123 12.9 4.792
v 8.361 12.77 5.209
v 8.799 12.951 6.373
v 8.671 14.077 8.337
v 8.593 14.512 8.554
v 8.651 14.189 8.466
v 8.624 14.342 8.543
v 8.6 14.065 8.337
v 8.433 14.308 8.543
v 8.548 14.171 8.466
v 8.898 12.803 5.604
v 8.558 12.742 5.604
v 8.897 12.808 5.816
v 8.65 12.764 5.816
v 8.27 14.454 8.554
v 9.222 19.796 2.68
v 9.234 19.726 2.71
v 9.217 19.825 2.609
v 9.519 18.127 0.982
v 9.524 18.097 1.052
v 9.506 18.197 0.952
v 9.734 16.919 2.348
v 8.822 22.042 -0.394
v 8.979 21.156 -1.296
v 9.073 20.632 -1.419
v 8.8 22.162 0.138
v 8.9 21.6 -0.845
v 9.494 18.267 0.979
v 9.222 19.796 2.537
v 9.519 18.126 1.122
v 9.246 19.656 2.679
v 10.015 15.341 3.189
v 9.493 18.271 6.553
v 9.63 17.503 7.002
v 9.769 16.725 2.149
v 9.462 18.446 3.899
v 9.687 17.185 4.637
v 9.878 16.109 2.74
v 8.665 20.963 -1.431
v 8.636 20.717 -1.439
v 8.638 20.829 -1.475
v 8.355 21.048 -1.293
v 8.261 20.819 -1.273
v 8.283 20.926 -1.318
v 8.128 21.215 -1.088
v 7.986 21.022 -1.024
v 8.022 21.118 -1.082
v 8.018 21.442 -0.845
v 7.853 21.296 -0.731
v 7.897 21.378 -0.803
v 8.043 21.692 -0.602
v 7.884 21.599 -0.437
v 7.925 21.665 -0.526
v 8.198 21.929 -0.396
v 8.072 21.884 -0.187
v 8.103 21.936 -0.29
v 8.46 22.115 -0.259
v 8.388 22.11 -0.021
v 8.403 22.149 -0.132
v 8.79 22.222 -0.21
v 8.786 22.24 0.036
v 8.78 22.273 -0.076
v 9.055 20.732 -1.498
v 9.011 20.976 -1.479
v 9.035 20.844 -1.53
v 10.138 17.051 2.406
v 9.734 16.919 2.348
v 10.46 17.28 2.576
v 10.65 17.57 2.829
v 10.681 17.877 3.126
v 10.546 18.155 3.424
v 10.267 18.361 3.677
v 9.886 18.465 3.846
v 9.898 18.398 1.038
v 10.22 18.627 1.207
v 10.027 19.708 2.308
v 9.646 19.812 2.477
v 10.441 19.224 1.757
v 10.306 19.503 2.056
v 10.41 18.917 1.46
v 9.494 18.267 0.979
v 9.222 19.796 2.537
v 10.435 18.776 1.602
v 10.466 19.084 1.9
v 10.331 19.362 2.198
v 10.052 19.568 2.451
v 9.671 19.671 2.62
v 9.246 19.656 2.679
v 9.519 18.126 1.122
v 9.923 18.258 1.181
v 10.245 18.487 1.349
v 10.015 15.341 3.189
v 10.431 15.367 3.217
v 10.835 15.298 3.297
v 11.2 15.139 3.424
v 11.501 14.902 3.589
v 11.716 14.6 3.781
v 11.833 14.257 3.988
v 11.836 13.928 4.254
v 11.836 13.928 4.254
v 11.881 13.673 4.578
v 10.528 16.15 2.783
v 11.16 16.042 2.907
v 11.73 15.794 3.106
v 12.2 15.422 3.364
v 12.537 14.952 3.665
v 12.719 14.414 3.988
v 12.721 13.918 4.435
v 12.279 15.692 8.297
v 12.349 16.01 8.124
v 12.334 16.576 7.801
v 12.152 17.114 7.478
v 11.815 17.584 7.177
v 11.345 17.956 6.918
v 10.775 18.204 6.72
v 10.143 18.312 6.595
v 10.852 16.323 3.271
v 10.407 16.205 2.886
v 9.493 18.271 6.553
v 11.516 15.727 8.2
v 11.457 16.056 8.007
v 11.457 16.056 8.007
v 11.448 16.419 7.801
v 11.331 16.762 7.594
v 11.116 17.064 7.401
v 10.815 17.301 7.236
v 10.45 17.46 7.11
v 10.046 17.529 7.03
v 9.63 17.503 7.002
v 12.124 15.351 8.475
v 11.929 13.406 5.209
v 11.599 15.257 8.475
v 11.981 13.518 6.373
v 12.086 13.416 6.087
v 12.634 13.703 4.792
v 11.911 13.506 6.373
v 11.932 13.389 6.087
v 11.939 13.35 5.816
v 10.275 16.89 2.224
v 9.769 16.725 2.149
v 10.679 17.178 2.436
v 10.918 17.54 2.753
v 10.956 17.926 3.126
v 10.788 18.275 3.5
v 10.438 18.535 3.817
v 9.462 18.446 3.899
v 9.462 18.446 3.899
v 9.462 18.446 3.899
v 10.24 18.585 3.899
v 10.24 18.585 3.899
v 10.499 18.231 4.126
v 9.687 17.185 4.637
v 10.337 17.225 4.68
v 9.878 16.109 2.74
v 9.878 16.109 2.74
v 9.878 16.109 2.74
v 11.136 16.501 3.787
v 11.209 16.734 4.337
v 11.045 17.051 4.765
v 10.968 17.118 4.804
v 10.968 17.118 4.804
v 12.455 13.499 5.209
v 12.186 13.394 5.816
v 11.693 14.731 8.466
v 11.713 14.619 8.337
v 11.784 14.632 8.337
v 11.795 14.749 8.466
v 11.666 14.884 8.543
v 11.857 14.918 8.543
v 11.94 13.345 5.604
v 12.28 13.405 5.604
v 11.636 15.054 8.554
v 11.959 15.111 8.554
v 9.309 16.904 2.406
v 8.928 17.007 2.576
v 8.65 17.214 2.829
v 8.515 17.491 3.126
v 8.545 17.799 3.424
v 8.735 18.088 3.677
v 9.057 18.317 3.846
v 9.069 18.251 1.038
v 8.688 18.354 1.208
v 8.496 19.436 2.308
v 8.817 19.665 2.477
v 8.275 18.839 1.757
v 8.305 19.146 2.056
v 8.41 18.561 1.46
v 8.435 18.42 1.602
v 8.3 18.698 1.9
v 8.33 19.006 2.198
v 8.521 19.295 2.451
v 8.842 19.524 2.62
v 9.094 18.111 1.181
v 8.713 18.214 1.349
v 9.616 15.222 3.217
v 9.26 15.017 3.297
v 8.973 14.743 3.424
v 8.772 14.416 3.589
v 8.674 14.058 3.781
v 8.683 13.696 3.988
v 8.794 13.386 4.254
v 8.794 13.386 4.254
v 8.839 13.131 4.578
v 9.254 15.923 2.783
v 8.699 15.604 2.907
v 8.249 15.174 3.106
v 7.937 14.663 3.364
v 7.782 14.105 3.665
v 7.797 13.538 3.988
v 7.966 13.071 4.435
v 7.77 14.889 8.297
v 7.594 15.163 8.124
v 7.412 15.7 7.801
v 7.397 16.267 7.478
v 7.552 16.825 7.177
v 7.864 17.336 6.918
v 8.314 17.766 6.72
v 8.869 18.085 6.595
v 8.891 15.974 3.271
v 9.349 16.017 2.886
v 8.474 15.185 8.2
v 8.415 15.514 8.007
v 8.415 15.514 8.007
v 8.298 15.858 7.801
v 8.289 16.22 7.594
v 8.387 16.578 7.402
v 8.588 16.905 7.236
v 8.875 17.179 7.11
v 9.231 17.384 7.03
v 8.032 14.622 8.475
v 8.887 12.864 5.209
v 8.557 14.716 8.475
v 8.799 12.951 6.373
v 8.736 12.82 6.087
v 8.123 12.9 4.792
v 8.869 12.964 6.373
v 8.89 12.847 6.087
v 8.897 12.808 5.816
v 9.236 16.705 2.224
v 8.758 16.835 2.436
v 8.408 17.093 2.753
v 8.239 17.442 3.126
v 8.277 17.828 3.5
v 8.516 18.192 3.817
v 8.684 18.308 3.899
v 8.684 18.308 3.899
v 8.563 17.887 4.126
v 9.063 16.999 4.68
v 8.562 16.043 3.787
v 8.413 16.236 4.337
v 8.458 16.59 4.765
v 8.507 16.68 4.804
v 8.507 16.68 4.804
v 8.361 12.77 5.209
v 8.65 12.764 5.816
v 8.651 14.189 8.466
v 8.671 14.077 8.337
v 8.6 14.065 8.337
v 8.548 14.171 8.466
v 8.624 14.342 8.543
v 8.433 14.308 8.543
v 8.898 12.803 5.604
v 8.558 12.742 5.604
v 8.593 14.512 8.554
v 8.27 14.454 8.554
usemtl MB_26
s off
f 5372 5373 5390
f 5373 5391 5390
f 5391 5373 5706
f 5373 5707 5706
f 5640 5382 5639
f 5382 5381 5639
f 5701 5374 5703
f 5374 5392 5703
f 5374 5372 5392
f 5372 5390 5392
f 5388 5391 5714
f 5391 5706 5714
f 5380 5378 5377
f 5378 5375 5377
f 5383 5381 5380
f 5381 5378 5380
f 5382 5379 5381
f 5379 5378 5381
f 5697 5698 5386
f 5698 5389 5386
f 5701 5702 5374
f 5702 5377 5374
f 5372 5374 5375
f 5374 5377 5375
f 5389 5387 5386
f 5387 5384 5386
f 5379 5376 5378
f 5376 5375 5378
f 5391 5388 5390
f 5388 5387 5390
f 5392 5390 5389
f 5390 5387 5389
f 5703 5392 5698
f 5392 5389 5698
f 5712 5643 5713
f 5643 5385 5713
f 5709 5379 5710
f 5379 5382 5710
f 5697 5386 5704
f 5386 5644 5704
f 5700 5705 5383
f 5705 5641 5383
f 5710 5382 5711
f 5382 5640 5711
f 5641 5639 5383
f 5639 5381 5383
f 5699 5700 5380
f 5700 5383 5380
f 5385 5388 5713
f 5388 5714 5713
f 5707 5373 5708
f 5373 5376 5708
f 5373 5372 5376
f 5372 5375 5376
f 5708 5376 5709
f 5376 5379 5709
f 5702 5699 5377
f 5699 5380 5377
f 5386 5384 5644
f 5384 5642 5644
f 5385 5643 5384
f 5643 5642 5384
f 5408 5648 5496
f 5648 5686 5496
f 5683 5513 5646
f 5513 5406 5646
f 5510 5507 5405
f 5507 5404 5405
f 5504 5501 5403
f 5501 5402 5403
f 5498 5495 5401
f 5495 5400 5401
f 5513 5510 5406
f 5510 5405 5406
f 5507 5504 5404
f 5504 5403 5404
f 5410 5411 5511
f 5411 5508 5511
f 5412 5413 5505
f 5413 5502 5505
f 5501 5498 5402
f 5498 5401 5402
f 5409 5410 5514
f 5410 5511 5514
f 5411 5412 5508
f 5412 5505 5508
f 5413 5407 5502
f 5407 5499 5502
f 5407 5408 5499
f 5408 5496 5499
f 5649 5409 5684
f 5409 5514 5684
f 5420 5417 5412
f 5417 5413 5412
f 5419 5416 5410
f 5416 5411 5410
f 5652 5415 5649
f 5415 5409 5649
f 5418 5651 5408
f 5651 5648 5408
f 5417 5414 5413
f 5414 5407 5413
f 5416 5420 5411
f 5420 5412 5411
f 5415 5419 5409
f 5419 5410 5409
f 5414 5418 5407
f 5418 5408 5407
f 5406 5405 5650
f 5404 5403 5650
f 5402 5401 5650
f 5400 5647 5650
f 5646 5406 5650
f 5405 5404 5650
f 5403 5402 5650
f 5401 5400 5650
f 5693 5692 5427
f 5692 5424 5427
f 5695 5694 5426
f 5694 5423 5426
f 5689 5690 5425
f 5690 5653 5425
f 5692 5691 5424
f 5691 5421 5424
f 5694 5693 5423
f 5693 5427 5423
f 5696 5695 5422
f 5695 5426 5422
f 5691 5689 5421
f 5689 5425 5421
f 5741 5762 5740
f 5762 5764 5740
f 5428 5725 5717
f 5725 5726 5717
f 5717 5726 5718
f 5726 5727 5718
f 5718 5727 5719
f 5727 5728 5719
f 5719 5728 5720
f 5728 5729 5720
f 5720 5729 5721
f 5729 5730 5721
f 5721 5730 5722
f 5730 5731 5722
f 5442 5441 5733
f 5441 5734 5733
f 5441 5440 5734
f 5440 5735 5734
f 5440 5439 5735
f 5439 5736 5735
f 5439 5438 5736
f 5438 5737 5736
f 5438 5437 5781
f 5437 5477 5781
f 5436 5475 5437
f 5475 5476 5437
f 5762 5741 5763
f 5741 5777 5763
f 5474 5784 5774
f 5723 5724 5744
f 5724 5743 5744
f 5433 5434 5746
f 5434 5745 5746
f 5432 5433 5747
f 5433 5746 5747
f 5431 5432 5748
f 5432 5747 5748
f 5430 5431 5749
f 5431 5748 5749
f 5429 5430 5750
f 5430 5749 5750
f 5716 5429 5751
f 5429 5750 5751
f 5715 5716 5752
f 5716 5751 5752
f 5739 5776 5742
f 5776 5660 5742
f 5738 5783 5739
f 5783 5776 5739
f 5738 5737 5783
f 5737 5782 5783
f 5451 5656 5459
f 5656 5657 5459
f 5450 5451 5458
f 5451 5459 5458
f 5449 5450 5457
f 5450 5458 5457
f 5448 5449 5456
f 5449 5457 5456
f 5447 5448 5455
f 5448 5456 5455
f 5446 5447 5454
f 5447 5455 5454
f 5445 5446 5453
f 5446 5454 5453
f 5732 5445 5452
f 5445 5453 5452
f 5724 5754 5743
f 5754 5755 5743
f 5732 5452 5753
f 5452 5462 5753
f 5757 5790 5756
f 5790 5487 5756
f 5759 5760 5482
f 5760 5463 5482
f 5764 5765 5740
f 5765 5780 5740
f 5782 5737 5781
f 5435 5722 5758
f 5722 5731 5758
f 5774 5473 5775
f 5473 5769 5775
f 5766 5478 5765
f 5478 5780 5765
f 5395 5467 5394
f 5467 5466 5394
f 5466 5465 5394
f 5465 5393 5394
f 5396 5468 5395
f 5468 5467 5395
f 5398 5768 5397
f 5768 5767 5397
f 5396 5397 5468
f 5397 5767 5468
f 5645 5393 5658
f 5393 5465 5658
f 5770 5696 5654
f 5696 5422 5654
f 5655 5778 5428
f 5778 5725 5428
f 5773 5472 5470
f 5399 5771 5772
f 5475 5436 5779
f 5398 5399 5768
f 5399 5772 5768
f 5775 5474 5774
f 5737 5438 5781
f 5476 5477 5437
f 5479 5478 5469
f 5478 5766 5469
f 5469 5470 5472
f 5472 5471 5469
f 5471 5479 5469
f 5435 5758 5461
f 5758 5785 5461
f 5761 5786 5760
f 5786 5463 5760
f 5460 5481 5444
f 5481 5480 5444
f 5442 5733 5480
f 5733 5444 5480
f 5494 5794 5460
f 5794 5481 5460
f 5788 5789 5787
f 5789 5489 5787
f 5787 5489 5791
f 5489 5792 5791
f 5759 5482 5788
f 5482 5789 5788
f 5461 5785 5793
f 5785 5491 5793
f 5753 5462 5796
f 5462 5795 5796
f 5754 5490 5755
f 5490 5484 5755
f 5443 5483 5464
f 5483 5485 5464
f 5493 5488 5757
f 5488 5790 5757
f 5464 5485 5492
f 5485 5486 5492
f 5484 5490 5486
f 5490 5492 5486
f 5791 5792 5795
f 5792 5796 5795
f 5793 5491 5761
f 5491 5786 5761
f 5488 5493 5494
f 5493 5794 5494
f 5688 5687 5497
f 5687 5495 5497
f 5496 5497 5499
f 5497 5500 5499
f 5497 5495 5500
f 5495 5498 5500
f 5499 5500 5502
f 5500 5503 5502
f 5500 5498 5503
f 5498 5501 5503
f 5502 5503 5505
f 5503 5506 5505
f 5503 5501 5506
f 5501 5504 5506
f 5505 5506 5508
f 5506 5509 5508
f 5506 5504 5509
f 5504 5507 5509
f 5508 5509 5511
f 5509 5512 5511
f 5509 5507 5512
f 5507 5510 5512
f 5511 5512 5514
f 5512 5515 5514
f 5512 5510 5515
f 5510 5513 5515
f 5514 5515 5684
f 5515 5685 5684
f 5515 5513 5685
f 5513 5683 5685
f 5495 5687 5400
f 5687 5647 5400
f 5388 5385 5387
f 5385 5384 5387
f 5686 5688 5496
f 5688 5497 5496
f 5516 5534 5517
f 5534 5535 5517
f 5535 5811 5517
f 5811 5812 5517
f 5640 5639 5526
f 5639 5525 5526
f 5808 5810 5518
f 5810 5536 5518
f 5518 5536 5516
f 5536 5534 5516
f 5532 5817 5535
f 5817 5811 5535
f 5524 5521 5522
f 5521 5519 5522
f 5527 5524 5525
f 5524 5522 5525
f 5526 5525 5523
f 5525 5522 5523
f 5804 5530 5805
f 5530 5533 5805
f 5808 5518 5809
f 5518 5521 5809
f 5516 5519 5518
f 5519 5521 5518
f 5533 5530 5531
f 5530 5528 5531
f 5523 5522 5520
f 5522 5519 5520
f 5535 5534 5532
f 5534 5531 5532
f 5536 5533 5534
f 5533 5531 5534
f 5810 5805 5536
f 5805 5533 5536
f 5712 5816 5643
f 5816 5529 5643
f 5814 5815 5523
f 5815 5526 5523
f 5804 5704 5530
f 5704 5644 5530
f 5807 5527 5705
f 5527 5641 5705
f 5815 5711 5526
f 5711 5640 5526
f 5641 5527 5639
f 5527 5525 5639
f 5806 5524 5807
f 5524 5527 5807
f 5529 5816 5532
f 5816 5817 5532
f 5812 5813 5517
f 5813 5520 5517
f 5519 5516 5520
f 5516 5517 5520
f 5813 5814 5520
f 5814 5523 5520
f 5809 5521 5806
f 5521 5524 5806
f 5530 5644 5528
f 5644 5642 5528
f 5529 5528 5643
f 5528 5642 5643
f 5552 5663 5648
f 5663 5686 5648
f 5683 5646 5680
f 5646 5550 5680
f 5677 5549 5674
f 5549 5548 5674
f 5671 5547 5668
f 5547 5546 5668
f 5665 5545 5662
f 5545 5544 5662
f 5680 5550 5677
f 5550 5549 5677
f 5674 5548 5671
f 5548 5547 5671
f 5554 5678 5555
f 5678 5675 5555
f 5556 5672 5557
f 5672 5669 5557
f 5668 5546 5665
f 5546 5545 5665
f 5553 5681 5554
f 5681 5678 5554
f 5555 5675 5556
f 5675 5672 5556
f 5557 5669 5551
f 5669 5666 5551
f 5551 5666 5552
f 5666 5663 5552
f 5649 5684 5553
f 5684 5681 5553
f 5564 5556 5561
f 5556 5557 5561
f 5563 5554 5560
f 5554 5555 5560
f 5652 5649 5559
f 5649 5553 5559
f 5562 5552 5651
f 5552 5648 5651
f 5561 5557 5558
f 5557 5551 5558
f 5560 5555 5564
f 5555 5556 5564
f 5559 5553 5563
f 5553 5554 5563
f 5558 5551 5562
f 5551 5552 5562
f 5550 5650 5549
f 5548 5650 5547
f 5546 5650 5545
f 5544 5650 5647
f 5646 5650 5550
f 5549 5650 5548
f 5547 5650 5546
f 5545 5650 5544
f 5800 5571 5799
f 5571 5568 5799
f 5802 5570 5801
f 5570 5567 5801
f 5797 5569 5690
f 5569 5653 5690
f 5799 5568 5798
f 5568 5565 5798
f 5801 5567 5800
f 5567 5571 5800
f 5803 5566 5802
f 5566 5570 5802
f 5798 5565 5797
f 5565 5569 5797
f 5843 5842 5862
f 5842 5863 5862
f 5572 5819 5827
f 5819 5828 5827
f 5819 5820 5828
f 5820 5829 5828
f 5820 5821 5829
f 5821 5830 5829
f 5821 5822 5830
f 5822 5831 5830
f 5822 5823 5831
f 5823 5832 5831
f 5823 5824 5832
f 5824 5833 5832
f 5586 5835 5585
f 5835 5836 5585
f 5585 5836 5584
f 5836 5837 5584
f 5584 5837 5583
f 5837 5838 5583
f 5583 5838 5582
f 5838 5839 5582
f 5582 5873 5581
f 5873 5621 5581
f 5580 5581 5619
f 5581 5620 5619
f 5862 5763 5843
f 5763 5777 5843
f 5618 5870 5876
f 5825 5845 5826
f 5845 5844 5826
f 5577 5847 5578
f 5847 5846 5578
f 5576 5848 5577
f 5848 5847 5577
f 5575 5849 5576
f 5849 5848 5576
f 5574 5850 5575
f 5850 5849 5575
f 5573 5851 5574
f 5851 5850 5574
f 5818 5852 5573
f 5852 5851 5573
f 5715 5752 5818
f 5752 5852 5818
f 5841 5742 5871
f 5742 5660 5871
f 5840 5841 5875
f 5841 5871 5875
f 5840 5875 5839
f 5875 5874 5839
f 5595 5603 5656
f 5603 5657 5656
f 5594 5602 5595
f 5602 5603 5595
f 5593 5601 5594
f 5601 5602 5594
f 5592 5600 5593
f 5600 5601 5593
f 5591 5599 5592
f 5599 5600 5592
f 5590 5598 5591
f 5598 5599 5591
f 5589 5597 5590
f 5597 5598 5590
f 5834 5596 5589
f 5596 5597 5589
f 5826 5844 5854
f 5844 5855 5854
f 5834 5853 5596
f 5853 5606 5596
f 5857 5856 5882
f 5856 5631 5882
f 5859 5626 5860
f 5626 5607 5860
f 5863 5842 5864
f 5842 5872 5864
f 5874 5873 5839
f 5579 5858 5824
f 5858 5833 5824
f 5870 5775 5617
f 5775 5769 5617
f 5865 5864 5622
f 5864 5872 5622
f 5539 5538 5611
f 5538 5610 5611
f 5610 5538 5609
f 5538 5537 5609
f 5540 5539 5612
f 5539 5611 5612
f 5542 5541 5867
f 5541 5866 5867
f 5540 5612 5541
f 5612 5866 5541
f 5645 5658 5537
f 5658 5609 5537
f 5770 5654 5803
f 5654 5566 5803
f 5655 5572 5778
f 5572 5827 5778
f 5869 5614 5616
f 5543 5868 5659
f 5619 5661 5580
f 5542 5867 5543
f 5867 5868 5543
f 5775 5870 5618
f 5839 5873 5582
f 5620 5581 5621
f 5623 5613 5622
f 5613 5865 5622
f 5613 5616 5614
f 5616 5613 5615
f 5613 5623 5615
f 5579 5605 5858
f 5605 5877 5858
f 5861 5860 5878
f 5860 5607 5878
f 5604 5588 5625
f 5588 5624 5625
f 5586 5624 5835
f 5624 5588 5835
f 5638 5604 5886
f 5604 5625 5886
f 5880 5879 5881
f 5879 5633 5881
f 5879 5883 5633
f 5883 5884 5633
f 5859 5880 5626
f 5880 5881 5626
f 5605 5885 5877
f 5885 5635 5877
f 5853 5888 5606
f 5888 5887 5606
f 5854 5855 5634
f 5855 5628 5634
f 5587 5608 5627
f 5608 5629 5627
f 5637 5857 5632
f 5857 5882 5632
f 5608 5636 5629
f 5636 5630 5629
f 5628 5630 5634
f 5630 5636 5634
f 5883 5887 5884
f 5887 5888 5884
f 5885 5861 5635
f 5861 5878 5635
f 5632 5638 5637
f 5638 5886 5637
f 5688 5664 5687
f 5664 5662 5687
f 5663 5666 5664
f 5666 5667 5664
f 5664 5667 5662
f 5667 5665 5662
f 5666 5669 5667
f 5669 5670 5667
f 5667 5670 5665
f 5670 5668 5665
f 5669 5672 5670
f 5672 5673 5670
f 5670 5673 5668
f 5673 5671 5668
f 5672 5675 5673
f 5675 5676 5673
f 5673 5676 5671
f 5676 5674 5671
f 5675 5678 5676
f 5678 5679 5676
f 5676 5679 5674
f 5679 5677 5674
f 5678 5681 5679
f 5681 5682 5679
f 5679 5682 5677
f 5682 5680 5677
f 5681 5684 5682
f 5684 5685 5682
f 5682 5685 5680
f 5685 5683 5680
f 5662 5544 5687
f 5544 5647 5687
f 5532 5531 5529
f 5531 5528 5529
f 5686 5663 5688
f 5663 5664 5688
o Part.8
v 7.1 15.98 3.96
v 7.1 13.9 3.96
v 0.76 10.091 0.459
v 0.76 10.351 0.849
v 0.76 10.741 1.109
v 0.76 11.2 1.2
v 0.76 11.659 1.109
v 0.76 12.049 0.849
v 0.76 12.309 0.459
v 0.76 11.2 3.599
v 0.76 7.724 0.931
v 0.76 8.084 1.799
v 0.76 8.655 2.545
v 0.76 9.401 3.116
v 0.76 10.269 3.476
v 0.76 12.131 3.476
v 0.76 12.999 3.116
v 0.76 14.316 1.799
v 0.76 14.676 0.931
v 7.1 14.316 1.799
v 0.76 13.9 2.319
v 7.1 14.676 0.931
v 0 13.9 3.96
v 0 15.98 3.96
v 0 11.2 3.599
v 0 7.724 0.931
v 0 8.084 1.799
v 0 8.655 2.545
v 0 9.401 3.116
v 0 10.269 3.476
v 0 12.131 3.476
v 0 12.999 3.116
v 0.76 10 0
v 0.76 12.4 0
v 7.1 15.98 0
v 0.76 7.601 0
v 0.76 14.799 0
v 7.1 14.799 0
v 0 13.542 2.7
v 0.76 13.542 2.7
v 0.76 13.9 2.7
v 0 15.98 0
v 0 7.601 0
v 0 13.9 2.7
v 7.1 13.9 2.319
v 2.939 15.98 1.061
v 2.614 15.98 0.574
v 5.2 20.8 0.967
v 1.596 15.98 0.996
v 3.004 15.98 2.404
v 1.596 17.8 0.996
v 3.004 17.8 2.404
v 5.2 15.98 0.967
v 4 17.8 2.404
v 1.596 15.98 0
v 4 15.98 2.404
v 5.2 20.8 0
v 2.5 20.8 0
v 1.596 17.8 0
v 5.2 15.98 0
v 6.404 15.98 0
v 6.404 17.8 0
v 2.5 15.98 0
v 2.614 20.8 0.574
v 2.939 20.8 1.061
v 3.426 20.8 1.386
v 4 20.8 1.5
v 4.574 20.8 1.386
v 2.371 15.98 1.629
v 2.371 17.8 1.629
v 6.404 15.98 0.996
v 4.996 15.98 2.404
v 6.404 17.8 0.996
v 4.996 17.8 2.404
v 5.629 15.98 1.629
v 5.629 17.8 1.629
v 3.426 15.98 1.386
v 4 15.98 1.5
v 4.574 15.98 1.386
v 1.596 20.45 0.996
v 1.963 20.8 0.844
v 1.704 20.697 0.951
v 3.004 20.45 2.404
v 3.158 20.8 2.034
v 3.049 20.697 2.295
v 5.414 20.8 0
v 1.596 20.45 0
v 4 20.45 2.404
v 4 20.8 2.031
v 4 20.697 2.295
v 2.621 20.8 1.379
v 2.371 20.45 1.629
v 2.444 20.697 1.556
v 4.84 20.8 2.027
v 4.996 20.45 2.404
v 4.95 20.697 2.294
v 5.421 20.8 1.308
v 5.718 20.456 1.522
v 5.594 20.699 1.504
v 5.715 20.461 0
v 5.59 20.701 0
v 1.963 20.8 0
v 1.704 20.697 0
v 3.25 10.741 1.109
v 3.25 10.091 0.459
v 3.25 12.4 0
v 3.25 12.049 0.849
v 3.25 11.2 1.2
v 3.25 11.659 1.109
v 3.25 12.309 0.459
v 3.25 10 0
v 3.25 10.351 0.849
v 3.25 11.907 0
v 3.25 9.949 0.6
v 3.7 9.949 0.6
v 3.25 9.867 0.321
v 3.25 9.8 0
v 3.7 9.8 0
v 3.7 9.867 0.321
v 3.25 10.421 0.6
v 4 10.419 0.6
v 3.25 10.817 0.924
v 3.25 10.493 0.707
v 3.25 11.583 0.924
v 3.25 11.2 1
v 4 11.2 1
v 4 11.907 0.707
v 4.25 10.915 0.688
v 4 10.817 0.924
v 4.177 10.846 0.855
v 4 10.493 0.707
v 4.25 10.673 0.527
v 4.177 10.546 0.654
v 4.25 11.907 0
v 4.25 11.907 0.285
v 4.25 11.727 0.527
v 4 11.583 0.924
v 4.25 11.485 0.688
v 4.177 11.554 0.855
v 4.25 11.485 0.285
v 4.25 11.2 0.745
v 4.177 11.2 0.925
v 4.25 10.512 0.285
v 4.25 11.2 0.285
v 4.177 10.334 0.298
v 4.25 10.455 0
v 4.177 10.275 0
v 4.25 10.915 0
v 4.25 10.915 0.285
v 4.25 11.2 0
v 4.25 11.485 0
v 3.25 11.907 0.707
v 4.177 11.907 0.575
v 4 11.907 0
v 4.177 11.854 0.654
v 3.25 10.183 0.6
v 3.25 11.907 0.282
v 4 11.907 0.282
v 3 11.659 1.109
v 3 12.4 0
v 3 10.351 0.849
v 3 10.091 0.459
v 3 11.2 1.2
v 3 10 0
v 3 12.309 0.459
v 3 12.049 0.849
v 3 10.741 1.109
v 4.177 10.513 0.6
v 3.97 10.231 0.6
v 3.97 10.101 0.31
v 3.97 10.037 0
v 7.1 15.389 0
v 7.1 15.328 1.543
v 0.76 14.206 0
v 0.76 14.104 0.778
v 0.76 13.804 1.503
v 0.76 13.326 2.126
v 0.76 12.703 2.604
v 0.76 11.978 2.904
v 0.76 11.2 3.006
v 0.76 10.422 2.904
v 0.76 9.697 2.604
v 0.76 9.074 2.126
v 0.76 8.596 1.503
v 0.76 8.296 0.778
v 0.76 8.194 0
v 0.76 11.2 0
v 0.76 11.2 0.806
v 0.76 11.2 1.556
v 0.76 11.2 2.201
v 0.76 12.206 0
v 0.76 12.07 2.173
v 0.76 12.17 1.54
v 0.76 12.201 0.798
v 0.76 10.33 2.173
v 0.76 10.23 1.54
v 0.76 10.199 0.798
v 0.76 10.194 0
v -7.1 15.98 3.96
v -7.1 13.9 3.96
v -0.76 10.091 0.459
v -0.76 10.351 0.849
v -0.76 10.741 1.109
v -0.76 11.2 1.2
v -0.76 11.659 1.109
v -0.76 12.049 0.849
v -0.76 12.309 0.459
v -0.76 11.2 3.599
v -0.76 7.724 0.931
v -0.76 8.084 1.799
v -0.76 8.655 2.545
v -0.76 9.401 3.116
v -0.76 10.269 3.476
v -0.76 12.131 3.476
v -0.76 12.999 3.116
v -0.76 14.316 1.799
v -0.76 14.676 0.931
v -7.1 14.316 1.799
v -0.76 13.9 2.319
v -7.1 14.676 0.931
v -0.76 10 0
v -0.76 12.4 0
v -7.1 15.98 0
v -0.76 7.601 0
v -0.76 14.799 0
v -7.1 14.799 0
v -0.76 13.542 2.7
v -0.76 13.9 2.7
v -7.1 13.9 2.319
v -2.939 15.98 1.061
v -2.614 15.98 0.574
v -5.2 20.8 0.967
v -1.596 15.98 0.996
v -3.004 15.98 2.404
v -1.596 17.8 0.996
v -3.004 17.8 2.404
v -5.2 15.98 0.967
v -4 17.8 2.404
v -1.596 15.98 0
v -4 15.98 2.404
v -5.2 20.8 0
v -2.5 20.8 0
v -1.596 17.8 0
v -5.2 15.98 0
v -6.404 15.98 0
v -6.404 17.8 0
v -2.5 15.98 0
v -2.614 20.8 0.574
v -2.939 20.8 1.061
v -3.426 20.8 1.386
v -4 20.8 1.5
v -4.574 20.8 1.386
v -2.371 15.98 1.629
v -2.371 17.8 1.629
v -6.404 15.98 0.996
v -4.996 15.98 2.404
v -6.404 17.8 0.996
v -4.996 17.8 2.404
v -5.629 15.98 1.629
v -5.629 17.8 1.629
v -3.426 15.98 1.386
v -4 15.98 1.5
v -4.574 15.98 1.386
v -1.596 20.45 0.996
v -1.963 20.8 0.844
v -1.704 20.697 0.951
v -3.004 20.45 2.404
v -3.158 20.8 2.034
v -3.049 20.697 2.295
v -5.414 20.8 0
v -1.596 20.45 0
v -4 20.45 2.404
v -4 20.8 2.031
v -4 20.697 2.295
v -2.621 20.8 1.379
v -2.371 20.45 1.629
v -2.444 20.697 1.556
v -4.84 20.8 2.027
v -4.996 20.45 2.404
v -4.95 20.697 2.294
v -5.421 20.8 1.308
v -5.718 20.456 1.522
v -5.594 20.699 1.504
v -5.715 20.461 0
v -5.59 20.701 0
v -1.963 20.8 0
v -1.704 20.697 0
v -3.25 10.741 1.109
v -3.25 10.091 0.459
v -3.25 12.4 0
v -3.25 12.049 0.849
v -3.25 11.2 1.2
v -3.25 11.659 1.109
v -3.25 12.309 0.459
v -3.25 10 0
v -3.25 10.351 0.849
v -3.25 11.907 0
v -3.25 9.949 0.6
v -3.7 9.949 0.6
v -3.25 9.867 0.321
v -3.25 9.8 0
v -3.7 9.8 0
v -3.7 9.867 0.321
v -3.25 10.421 0.6
v -4 10.419 0.6
v -3.25 10.817 0.924
v -3.25 10.493 0.707
v -3.25 11.583 0.924
v -3.25 11.2 1
v -4 11.2 1
v -4 11.907 0.707
v -4.25 10.915 0.688
v -4 10.817 0.924
v -4.177 10.846 0.855
v -4 10.493 0.707
v -4.25 10.673 0.527
v -4.177 10.546 0.654
v -4.25 11.907 0
v -4.25 11.907 0.285
v -4.25 11.727 0.527
v -4 11.583 0.924
v -4.25 11.485 0.688
v -4.177 11.554 0.855
v -4.25 11.485 0.285
v -4.25 11.2 0.745
v -4.177 11.2 0.925
v -4.25 10.512 0.285
v -4.25 11.2 0.285
v -4.177 10.334 0.298
v -4.25 10.455 0
v -4.177 10.275 0
v -4.25 10.915 0
v -4.25 10.915 0.285
v -4.25 11.2 0
v -4.25 11.485 0
v -3.25 11.907 0.707
v -4.177 11.907 0.575
v -4 11.907 0
v -4.177 11.854 0.654
v -3.25 10.183 0.6
v -3.25 11.907 0.282
v -4 11.907 0.282
v -3 11.659 1.109
v -3 12.4 0
v -3 10.351 0.849
v -3 10.091 0.459
v -3 11.2 1.2
v -3 10 0
v -3 12.309 0.459
v -3 12.049 0.849
v -3 10.741 1.109
v -4.177 10.513 0.6
v -3.97 10.231 0.6
v -3.97 10.101 0.31
v -3.97 10.037 0
v -7.1 15.389 0
v -7.1 15.328 1.543
v -0.76 14.206 0
v -0.76 14.104 0.778
v -0.76 13.804 1.503
v -0.76 13.326 2.126
v -0.76 12.703 2.604
v -0.76 11.978 2.904
v -0.76 11.2 3.006
v -0.76 10.422 2.904
v -0.76 9.697 2.604
v -0.76 9.074 2.126
v -0.76 8.596 1.503
v -0.76 8.296 0.778
v -0.76 8.194 0
v -0.76 11.2 0
v -0.76 11.2 0.806
v -0.76 11.2 1.556
v -0.76 11.2 2.201
v -0.76 12.206 0
v -0.76 12.07 2.173
v -0.76 12.17 1.54
v -0.76 12.201 0.798
v -0.76 10.33 2.173
v -0.76 10.23 1.54
v -0.76 10.199 0.798
v -0.76 10.194 0
v 7.1 15.98 -3.96
v 7.1 13.9 -3.96
v 0.76 10.091 -0.459
v 0.76 10.351 -0.849
v 0.76 10.741 -1.109
v 0.76 11.2 -1.2
v 0.76 11.659 -1.109
v 0.76 12.049 -0.849
v 0.76 12.309 -0.459
v 0.76 11.2 -3.599
v 0.76 7.724 -0.931
v 0.76 8.084 -1.799
v 0.76 8.655 -2.545
v 0.76 9.401 -3.116
v 0.76 10.269 -3.476
v 0.76 12.131 -3.476
v 0.76 12.999 -3.116
v 0.76 14.316 -1.799
v 0.76 14.676 -0.931
v 7.1 14.316 -1.799
v 0.76 13.9 -2.319
v 7.1 14.676 -0.931
v 0 13.9 -3.96
v 0 15.98 -3.96
v 0 11.2 -3.599
v 0 7.724 -0.931
v 0 8.084 -1.799
v 0 8.655 -2.545
v 0 9.401 -3.116
v 0 10.269 -3.476
v 0 12.131 -3.476
v 0 12.999 -3.116
v 0 13.542 -2.7
v 0.76 13.542 -2.7
v 0.76 13.9 -2.7
v 0 13.9 -2.7
v 7.1 13.9 -2.319
v 2.939 15.98 -1.061
v 2.614 15.98 -0.574
v 5.2 20.8 -0.967
v 1.596 15.98 -0.996
v 3.004 15.98 -2.404
v 1.596 17.8 -0.996
v 3.004 17.8 -2.404
v 5.2 15.98 -0.967
v 4 17.8 -2.404
v 4 15.98 -2.404
v 2.614 20.8 -0.574
v 2.939 20.8 -1.061
v 3.426 20.8 -1.386
v 4 20.8 -1.5
v 4.574 20.8 -1.386
v 2.371 15.98 -1.629
v 2.371 17.8 -1.629
v 6.404 15.98 -0.996
v 4.996 15.98 -2.404
v 6.404 17.8 -0.996
v 4.996 17.8 -2.404
v 5.629 15.98 -1.629
v 5.629 17.8 -1.629
v 3.426 15.98 -1.386
v 4 15.98 -1.5
v 4.574 15.98 -1.386
v 1.596 20.45 -0.996
v 1.963 20.8 -0.844
v 1.704 20.697 -0.951
v 3.004 20.45 -2.404
v 3.158 20.8 -2.034
v 3.049 20.697 -2.295
v 4 20.45 -2.404
v 4 20.8 -2.031
v 4 20.697 -2.295
v 2.621 20.8 -1.379
v 2.371 20.45 -1.629
v 2.444 20.697 -1.556
v 4.84 20.8 -2.027
v 4.996 20.45 -2.404
v 4.95 20.697 -2.294
v 5.421 20.8 -1.308
v 5.718 20.456 -1.522
v 5.594 20.699 -1.504
v 3.25 10.741 -1.109
v 3.25 10.091 -0.459
v 3.25 12.049 -0.849
v 3.25 11.2 -1.2
v 3.25 11.659 -1.109
v 3.25 12.309 -0.459
v 3.25 10.351 -0.849
v 3.25 9.949 -0.6
v 3.7 9.949 -0.6
v 3.25 9.867 -0.321
v 3.7 9.867 -0.321
v 3.25 10.421 -0.6
v 4 10.419 -0.6
v 3.25 10.817 -0.924
v 3.25 10.493 -0.707
v 3.25 11.583 -0.924
v 3.25 11.2 -1
v 4 11.2 -1
v 4 11.907 -0.707
v 4.25 10.915 -0.688
v 4 10.817 -0.924
v 4.177 10.846 -0.855
v 4 10.493 -0.707
v 4.25 10.673 -0.527
v 4.177 10.546 -0.654
v 4.25 11.907 -0.285
v 4.25 11.727 -0.527
v 4 11.583 -0.924
v 4.25 11.485 -0.688
v 4.177 11.554 -0.855
v 4.25 11.485 -0.285
v 4.25 11.2 -0.745
v 4.177 11.2 -0.925
v 4.25 10.512 -0.285
v 4.25 11.2 -0.285
v 4.177 10.334 -0.298
v 4.25 10.915 -0.285
v 3.25 11.907 -0.707
v 4.177 11.907 -0.575
v 4.177 11.854 -0.654
v 3.25 10.183 -0.6
v 3.25 11.907 -0.282
v 4 11.907 -0.282
v 3 11.659 -1.109
v 3 10.351 -0.849
v 3 10.091 -0.459
v 3 11.2 -1.2
v 3 12.309 -0.459
v 3 12.049 -0.849
v 3 10.741 -1.109
v 4.177 10.513 -0.6
v 3.97 10.231 -0.6
v 3.97 10.101 -0.31
v 7.1 15.328 -1.543
v 0.76 14.104 -0.778
v 0.76 13.804 -1.503
v 0.76 13.326 -2.126
v 0.76 12.703 -2.604
v 0.76 11.978 -2.904
v 0.76 11.2 -3.006
v 0.76 10.422 -2.904
v 0.76 9.697 -2.604
v 0.76 9.074 -2.126
v 0.76 8.596 -1.503
v 0.76 8.296 -0.778
v 0.76 11.2 -0.806
v 0.76 11.2 -1.556
v 0.76 11.2 -2.201
v 0.76 12.07 -2.173
v 0.76 12.17 -1.54
v 0.76 12.201 -0.798
v 0.76 10.33 -2.173
v 0.76 10.23 -1.54
v 0.76 10.199 -0.798
v -7.1 15.98 -3.96
v -7.1 13.9 -3.96
v -0.76 10.091 -0.459
v -0.76 10.351 -0.849
v -0.76 10.741 -1.109
v -0.76 11.2 -1.2
v -0.76 11.659 -1.109
v -0.76 12.049 -0.849
v -0.76 12.309 -0.459
v -0.76 11.2 -3.599
v -0.76 7.724 -0.931
v -0.76 8.084 -1.799
v -0.76 8.655 -2.545
v -0.76 9.401 -3.116
v -0.76 10.269 -3.476
v -0.76 12.131 -3.476
v -0.76 12.999 -3.116
v -0.76 14.316 -1.799
v -0.76 14.676 -0.931
v -7.1 14.316 -1.799
v -0.76 13.9 -2.319
v -7.1 14.676 -0.931
v -0.76 13.542 -2.7
v -0.76 13.9 -2.7
v -7.1 13.9 -2.319
v -2.939 15.98 -1.061
v -2.614 15.98 -0.574
v -5.2 20.8 -0.967
v -1.596 15.98 -0.996
v -3.004 15.98 -2.404
v -1.596 17.8 -0.996
v -3.004 17.8 -2.404
v -5.2 15.98 -0.967
v -4 17.8 -2.404
v -4 15.98 -2.404
v -2.614 20.8 -0.574
v -2.939 20.8 -1.061
v -3.426 20.8 -1.386
v -4 20.8 -1.5
v -4.574 20.8 -1.386
v -2.371 15.98 -1.629
v -2.371 17.8 -1.629
v -6.404 15.98 -0.996
v -4.996 15.98 -2.404
v -6.404 17.8 -0.996
v -4.996 17.8 -2.404
v -5.629 15.98 -1.629
v -5.629 17.8 -1.629
v -3.426 15.98 -1.386
v -4 15.98 -1.5
v -4.574 15.98 -1.386
v -1.596 20.45 -0.996
v -1.963 20.8 -0.844
v -1.704 20.697 -0.951
v -3.004 20.45 -2.404
v -3.158 20.8 -2.034
v -3.049 20.697 -2.295
v -4 20.45 -2.404
v -4 20.8 -2.031
v -4 20.697 -2.295
v -2.621 20.8 -1.379
v -2.371 20.45 -1.629
v -2.444 20.697 -1.556
v -4.84 20.8 -2.027
v -4.996 20.45 -2.404
v -4.95 20.697 -2.294
v -5.421 20.8 -1.308
v -5.718 20.456 -1.522
v -5.594 20.699 -1.504
v -3.25 10.741 -1.109
v -3.25 10.091 -0.459
v -3.25 12.049 -0.849
v -3.25 11.2 -1.2
v -3.25 11.659 -1.109
v -3.25 12.309 -0.459
v -3.25 10.351 -0.849
v -3.25 9.949 -0.6
v -3.7 9.949 -0.6
v -3.25 9.867 -0.321
v -3.7 9.867 -0.321
v -3.25 10.421 -0.6
v -4 10.419 -0.6
v -3.25 10.817 -0.924
v -3.25 10.493 -0.707
v -3.25 11.583 -0.924
v -3.25 11.2 -1
v -4 11.2 -1
v -4 11.907 -0.707
v -4.25 10.915 -0.688
v -4 10.817 -0.924
v -4.177 10.846 -0.855
v -4 10.493 -0.707
v -4.25 10.673 -0.527
v -4.177 10.546 -0.654
v -4.25 11.907 -0.285
v -4.25 11.727 -0.527
v -4 11.583 -0.924
v -4.25 11.485 -0.688
v -4.177 11.554 -0.855
v -4.25 11.485 -0.285
v -4.25 11.2 -0.745
v -4.177 11.2 -0.925
v -4.25 10.512 -0.285
v -4.25 11.2 -0.285
v -4.177 10.334 -0.298
v -4.25 10.915 -0.285
v -3.25 11.907 -0.707
v -4.177 11.907 -0.575
v -4.177 11.854 -0.654
v -3.25 10.183 -0.6
v -3.25 11.907 -0.282
v -4 11.907 -0.282
v -3 11.659 -1.109
v -3 10.351 -0.849
v -3 10.091 -0.459
v -3 11.2 -1.2
v -3 12.309 -0.459
v -3 12.049 -0.849
v -3 10.741 -1.109
v -4.177 10.513 -0.6
v -3.97 10.231 -0.6
v -3.97 10.101 -0.31
v -7.1 15.328 -1.543
v -0.76 14.104 -0.778
v -0.76 13.804 -1.503
v -0.76 13.326 -2.126
v -0.76 12.703 -2.604
v -0.76 11.978 -2.904
v -0.76 11.2 -3.006
v -0.76 10.422 -2.904
v -0.76 9.697 -2.604
v -0.76 9.074 -2.126
v -0.76 8.596 -1.503
v -0.76 8.296 -0.778
v -0.76 11.2 -0.806
v -0.76 11.2 -1.556
v -0.76 11.2 -2.201
v -0.76 12.07 -2.173
v -0.76 12.17 -1.54
v -0.76 12.201 -0.798
v -0.76 10.33 -2.173
v -0.76 10.23 -1.54
v -0.76 10.199 -0.798
v 7.1 15.98 3.96
v 7.1 15.98 3.96
v 7.1 13.9 3.96
v 7.1 13.9 3.96
v 0.76 8.655 2.545
v 0.76 8.084 1.799
v 7.1 15.98 0
v 0.76 9.401 3.116
v 0 13.9 3.96
v 0.76 7.724 0.931
v 0.76 7.601 0
v 0 15.98 3.96
v 0.76 10.269 3.476
v 0.76 11.2 3.599
v 0.76 12.131 3.476
v 0.76 12.999 3.116
v 0.76 14.316 1.799
v 0.76 14.676 0.931
v 0.76 14.799 0
v 7.1 14.676 0.931
v 7.1 14.799 0
v 7.1 14.316 1.799
v 0.76 13.9 2.319
v 0.76 13.9 2.319
v 0.76 13.9 2.7
v 0.76 13.9 2.7
v 0.76 13.542 2.7
v 0.76 13.542 2.7
v 0 13.542 2.7
v 0 13.9 2.7
v 7.1 13.9 2.319
v 7.1 13.9 2.319
v 5.2 15.98 0.967
v 5.2 20.8 0.967
v 5.2 20.8 0.967
v 4.574 20.8 1.386
v 1.596 17.8 0.996
v 1.596 15.98 0.996
v 3.004 17.8 2.404
v 3.004 15.98 2.404
v 5.2 20.8 0
v 2.939 20.8 1.061
v 2.614 20.8 0.574
v 3.426 20.8 1.386
v 4 20.8 1.5
v 6.404 17.8 0.996
v 6.404 17.8 0.996
v 6.404 15.98 0.996
v 4.996 17.8 2.404
v 4.996 15.98 2.404
v 1.596 20.45 0.996
v 1.704 20.697 0.951
v 3.004 20.45 2.404
v 3.049 20.697 2.295
v 5.594 20.699 1.504
v 5.718 20.456 1.522
v 4.95 20.697 2.294
v 4.996 20.45 2.404
v 2.5 20.8 0
v 6.404 17.8 0
v 3.25 11.659 1.109
v 3.25 11.2 1.2
v 3.25 12.309 0.459
v 3.25 12.049 0.849
v 3.25 10.741 1.109
v 3.25 12.4 0
v 3.25 10.091 0.459
v 3.25 10 0
v 3.25 10.351 0.849
v 3.7 9.949 0.6
v 3.7 9.949 0.6
v 3.25 9.949 0.6
v 3.25 9.949 0.6
v 3.7 9.8 0
v 3.7 9.867 0.321
v 3.25 9.867 0.321
v 3.25 9.8 0
v 3.25 10.421 0.6
v 3.25 10.421 0.6
v 4 10.419 0.6
v 3.25 10.493 0.707
v 3.25 10.817 0.924
v 3.25 11.2 1
v 3.25 11.583 0.924
v 3.25 11.907 0.282
v 3.25 11.907 0
v 4 11.907 0.707
v 4.177 11.907 0.575
v 3.25 11.907 0.707
v 3.25 11.907 0.707
v 4.25 11.907 0.285
v 4.25 11.907 0
v 4.177 10.513 0.6
v 3.25 10.183 0.6
v 3.25 10.183 0.6
v 3.97 10.231 0.6
v -7.1 15.98 3.96
v -7.1 15.98 3.96
v -7.1 13.9 3.96
v -7.1 13.9 3.96
v -0.76 8.655 2.545
v -0.76 8.084 1.799
v -7.1 15.98 0
v -0.76 9.401 3.116
v -0.76 7.724 0.931
v -0.76 7.601 0
v -0.76 10.269 3.476
v -0.76 11.2 3.599
v -0.76 12.131 3.476
v -0.76 12.999 3.116
v -0.76 14.316 1.799
v -0.76 14.676 0.931
v -0.76 14.799 0
v -7.1 14.676 0.931
v -7.1 14.799 0
v -7.1 14.316 1.799
v -0.76 13.9 2.319
v -0.76 13.9 2.319
v -0.76 13.9 2.7
v -0.76 13.9 2.7
v -0.76 13.542 2.7
v -0.76 13.542 2.7
v -7.1 13.9 2.319
v -7.1 13.9 2.319
v -5.2 15.98 0.967
v -5.2 20.8 0.967
v -5.2 20.8 0.967
v -4.574 20.8 1.386
v -1.596 17.8 0.996
v -1.596 15.98 0.996
v -3.004 17.8 2.404
v -3.004 15.98 2.404
v -5.2 20.8 0
v -2.939 20.8 1.061
v -2.614 20.8 0.574
v -3.426 20.8 1.386
v -4 20.8 1.5
v -6.404 17.8 0.996
v -6.404 17.8 0.996
v -6.404 15.98 0.996
v -4.996 17.8 2.404
v -4.996 15.98 2.404
v -1.596 20.45 0.996
v -1.704 20.697 0.951
v -3.004 20.45 2.404
v -3.049 20.697 2.295
v -5.594 20.699 1.504
v -5.718 20.456 1.522
v -4.95 20.697 2.294
v -4.996 20.45 2.404
v -2.5 20.8 0
v -6.404 17.8 0
v -3.25 11.659 1.109
v -3.25 11.2 1.2
v -3.25 12.309 0.459
v -3.25 12.049 0.849
v -3.25 10.741 1.109
v -3.25 12.4 0
v -3.25 10.091 0.459
v -3.25 10 0
v -3.25 10.351 0.849
v -3.7 9.949 0.6
v -3.7 9.949 0.6
v -3.25 9.949 0.6
v -3.25 9.949 0.6
v -3.7 9.8 0
v -3.7 9.867 0.321
v -3.25 9.867 0.321
v -3.25 9.8 0
v -3.25 10.421 0.6
v -3.25 10.421 0.6
v -4 10.419 0.6
v -3.25 10.493 0.707
v -3.25 10.817 0.924
v -3.25 11.2 1
v -3.25 11.583 0.924
v -3.25 11.907 0.282
v -3.25 11.907 0
v -4 11.907 0.707
v -4.177 11.907 0.575
v -3.25 11.907 0.707
v -3.25 11.907 0.707
v -4.25 11.907 0.285
v -4.25 11.907 0
v -4.177 10.513 0.6
v -3.25 10.183 0.6
v -3.25 10.183 0.6
v -3.97 10.231 0.6
v 7.1 15.98 -3.96
v 7.1 15.98 -3.96
v 7.1 13.9 -3.96
v 7.1 13.9 -3.96
v 0.76 8.655 -2.545
v 0.76 8.084 -1.799
v 0.76 9.401 -3.116
v 0 13.9 -3.96
v 0.76 7.724 -0.931
v 0 15.98 -3.96
v 0.76 10.269 -3.476
v 0.76 11.2 -3.599
v 0.76 12.131 -3.476
v 0.76 12.999 -3.116
v 0.76 14.316 -1.799
v 0.76 14.676 -0.931
v 7.1 14.676 -0.931
v 7.1 14.316 -1.799
v 0.76 13.9 -2.319
v 0.76 13.9 -2.319
v 0.76 13.9 -2.7
v 0.76 13.9 -2.7
v 0.76 13.542 -2.7
v 0.76 13.542 -2.7
v 0 13.542 -2.7
v 0 13.9 -2.7
v 7.1 13.9 -2.319
v 7.1 13.9 -2.319
v 5.2 15.98 -0.967
v 5.2 20.8 -0.967
v 5.2 20.8 -0.967
v 4.574 20.8 -1.386
v 1.596 17.8 -0.996
v 1.596 15.98 -0.996
v 3.004 17.8 -2.404
v 3.004 15.98 -2.404
v 2.939 20.8 -1.061
v 2.614 20.8 -0.574
v 3.426 20.8 -1.386
v 4 20.8 -1.5
v 6.404 17.8 -0.996
v 6.404 17.8 -0.996
v 6.404 15.98 -0.996
v 4.996 17.8 -2.404
v 4.996 15.98 -2.404
v 1.596 20.45 -0.996
v 1.704 20.697 -0.951
v 3.004 20.45 -2.404
v 3.049 20.697 -2.295
v 5.594 20.699 -1.504
v 5.718 20.456 -1.522
v 4.95 20.697 -2.294
v 4.996 20.45 -2.404
v 3.25 11.659 -1.109
v 3.25 11.2 -1.2
v 3.25 12.309 -0.459
v 3.25 12.049 -0.849
v 3.25 10.741 -1.109
v 3.25 10.091 -0.459
v 3.25 10.351 -0.849
v 3.7 9.949 -0.6
v 3.7 9.949 -0.6
v 3.25 9.949 -0.6
v 3.25 9.949 -0.6
v 3.7 9.867 -0.321
v 3.25 9.867 -0.321
v 3.25 10.421 -0.6
v 3.25 10.421 -0.6
v 4 10.419 -0.6
v 3.25 10.493 -0.707
v 3.25 10.817 -0.924
v 3.25 11.2 -1
v 3.25 11.583 -0.924
v 3.25 11.907 -0.282
v 4 11.907 -0.707
v 4.177 11.907 -0.575
v 3.25 11.907 -0.707
v 3.25 11.907 -0.707
v 4.25 11.907 -0.285
v 4.177 10.513 -0.6
v 3.25 10.183 -0.6
v 3.25 10.183 -0.6
v 3.97 10.231 -0.6
v -7.1 15.98 -3.96
v -7.1 15.98 -3.96
v -7.1 13.9 -3.96
v -7.1 13.9 -3.96
v -0.76 8.655 -2.545
v -0.76 8.084 -1.799
v -0.76 9.401 -3.116
v -0.76 7.724 -0.931
v -0.76 10.269 -3.476
v -0.76 11.2 -3.599
v -0.76 12.131 -3.476
v -0.76 12.999 -3.116
v -0.76 14.316 -1.799
v -0.76 14.676 -0.931
v -7.1 14.676 -0.931
v -7.1 14.316 -1.799
v -0.76 13.9 -2.319
v -0.76 13.9 -2.319
v -0.76 13.9 -2.7
v -0.76 13.9 -2.7
v -0.76 13.542 -2.7
v -0.76 13.542 -2.7
v -7.1 13.9 -2.319
v -7.1 13.9 -2.319
v -5.2 15.98 -0.967
v -5.2 20.8 -0.967
v -5.2 20.8 -0.967
v -4.574 20.8 -1.386
v -1.596 17.8 -0.996
v -1.596 15.98 -0.996
v -3.004 17.8 -2.404
v -3.004 15.98 -2.404
v -2.939 20.8 -1.061
v -2.614 20.8 -0.574
v -3.426 20.8 -1.386
v -4 20.8 -1.5
v -6.404 17.8 -0.996
v -6.404 17.8 -0.996
v -6.404 15.98 -0.996
v -4.996 17.8 -2.404
v -4.996 15.98 -2.404
v -1.596 20.45 -0.996
v -1.704 20.697 -0.951
v -3.004 20.45 -2.404
v -3.049 20.697 -2.295
v -5.594 20.699 -1.504
v -5.718 20.456 -1.522
v -4.95 20.697 -2.294
v -4.996 20.45 -2.404
v -3.25 11.659 -1.109
v -3.25 11.2 -1.2
v -3.25 12.309 -0.459
v -3.25 12.049 -0.849
v -3.25 10.741 -1.109
v -3.25 10.091 -0.459
v -3.25 10.351 -0.849
v -3.7 9.949 -0.6
v -3.7 9.949 -0.6
v -3.25 9.949 -0.6
v -3.25 9.949 -0.6
v -3.7 9.867 -0.321
v -3.25 9.867 -0.321
v -3.25 10.421 -0.6
v -3.25 10.421 -0.6
v -4 10.419 -0.6
v -3.25 10.493 -0.707
v -3.25 10.817 -0.924
v -3.25 11.2 -1
v -3.25 11.583 -0.924
v -3.25 11.907 -0.282
v -4 11.907 -0.707
v -4.177 11.907 -0.575
v -3.25 11.907 -0.707
v -3.25 11.907 -0.707
v -4.25 11.907 -0.285
v -4.177 10.513 -0.6
v -3.25 10.183 -0.6
v -3.25 10.183 -0.6
v -3.97 10.231 -0.6
vt 0 0
vt 0 0
vt 0 0
vt 0 0
vt 0 0
vt 0 0
vt 0 0
vt 0 0
vt 0 0
vt 0 0
vt 0 0
vt 0 0
vt 0 0
vt 0 0
vt 0 0
vt 0 0
vt 0 0
vt 0 0
vt 0 0
vt 0 0
vt 0 0
vt 0 0
vt 0 0
vt 0 0
vt 0 0
vt 0 0
vt 0 0
vt 0 0
vt 0 0
vt 0 0
vt 0 0
vt 0 0
vt 0 0
vt 0 0
vt 0 0
vt 0 0
vt 0 0
vt 0 0
vt 0 0
vt 0 0
vt 0 0
vt 0 0
vt 0 0
vt 0 0
vt 0 0
vt 0 0
vt 0 0
vt 0 0
vt 0.895 0.86
vt 0.895 0.991
vt 0.448 0.86
vt 0.895 0.991
vt 0.448 0.991
vt 0.448 0.86
vt 0.022 0.151
vt 0.022 0.02
vt 0.158 0.046
vt 0.022 0.02
vt 0.125 0.02
vt 0.158 0.046
vt 0 0
vt 0 0
vt 0 0
vt 0 0
vt 0 0
vt 0 0
vt 0 0
vt 0 0
vt 0 0
vt 0 0
vt 0 0
vt 0 0
vt 0.495 0.803
vt 0.495 0.837
vt 0.448 0.803
vt 0.495 0.837
vt 0.448 0.837
vt 0.448 0.803
vt 0.495 0.748
vt 0.495 0.803
vt 0.448 0.748
vt 0.495 0.803
vt 0.448 0.803
vt 0.448 0.748
vt 0.495 0.69
vt 0.495 0.748
vt 0.448 0.69
vt 0.495 0.748
vt 0.448 0.748
vt 0.448 0.69
vt 0.495 0.631
vt 0.495 0.69
vt 0.448 0.631
vt 0.495 0.69
vt 0.448 0.69
vt 0.448 0.631
vt 0.495 0.576
vt 0.495 0.631
vt 0.448 0.576
vt 0.495 0.631
vt 0.448 0.631
vt 0.448 0.576
vt 0.495 0.471
vt 0.495 0.493
vt 0.448 0.471
vt 0.495 0.493
vt 0.448 0.493
vt 0.448 0.471
vt 0.495 0.463
vt 0.495 0.471
vt 0.448 0.463
vt 0.495 0.471
vt 0.448 0.471
vt 0.448 0.463
vt 0.495 0.529
vt 0.495 0.576
vt 0.448 0.529
vt 0.495 0.576
vt 0.448 0.576
vt 0.448 0.529
vt 0.495 0.493
vt 0.495 0.529
vt 0.448 0.493
vt 0.495 0.529
vt 0.448 0.529
vt 0.448 0.493
vt 0 0
vt 0 0
vt 0 0
vt 0 0
vt 0 0
vt 0 0
vt 0 0
vt 0 0
vt 0 0
vt 0 0
vt 0 0
vt 0 0
vt 0 0
vt 0 0
vt 0 0
vt 0 0
vt 0 0
vt 0 0
vt 0.271 0.114
vt 0.174 0.11
vt 0.271 0.077
vt 0.174 0.11
vt 0.212 0.069
vt 0.271 0.077
vt 0.212 0.069
vt 0.174 0.11
vt 0.158 0.046
vt 0.174 0.11
vt 0.022 0.151
vt 0.158 0.046
vt 0.448 0.86
vt 0.448 0.837
vt 0.495 0.86
vt 0.448 0.837
vt 0.495 0.837
vt 0.495 0.86
vt 0 0
vt 0 0
vt 0 0
vt 0 0
vt 0 0
vt 0 0
vt 0 0
vt 0 0
vt 0 0
vt 0 0
vt 0 0
vt 0 0
vt 0 0
vt 0 0
vt 0 0
vt 0 0
vt 0 0
vt 0 0
vt 0 0
vt 0 0
vt 0 0
vt 0 0
vt 0 0
vt 0 0
vt 0 0
vt 0 0
vt 0 0
vt 0 0
vt 0 0
vt 0 0
vt 0 0
vt 0 0
vt 0 0
vt 0 0
vt 0 0
vt 0 0
vt 0 0
vt 0 0
vt 0 0
vt 0 0
vt 0 0
vt 0 0
vt 0 0
vt 0 0
vt 0 0
vt 0 0
vt 0 0
vt 0 0
vt 0 0
vt 0 0
vt 0 0
vt 0 0
vt 0 0
vt 0 0
vt 0 0
vt 0 0
vt 0 0
vt 0 0
vt 0 0
vt 0 0
vt 0 0
vt 0 0
vt 0 0
vt 0 0
vt 0 0
vt 0 0
vt 0 0
vt 0 0
vt 0 0
vt 0 0
vt 0 0
vt 0 0
vt 0 0
vt 0 0
vt 0 0
vt 0 0
vt 0 0
vt 0 0
vt 0 0
vt 0 0
vt 0 0
vt 0 0
vt 0 0
vt 0 0
vt 0 0
vt 0 0
vt 0 0
vt 0 0
vt 0 0
vt 0 0
vt 0 0
vt 0 0
vt 0 0
vt 0 0
vt 0 0
vt 0 0
vt 0 0
vt 0 0
vt 0 0
vt 0 0
vt 0 0
vt 0 0
vt 0 0
vt 0 0
vt 0 0
vt 0 0
vt 0 0
vt 0 0
vt 0 0
vt 0 0
vt 0 0
vt 0 0
vt 0 0
vt 0 0
vt 0 0
vt 0 0
vt 0 0
vt 0 0
vt 0 0
vt 0 0
vt 0 0
vt 0 0
vt 0 0
vt 0 0
vt 0 0
vt 0 0
vt 0 0
vt 0 0
vt 0 0
vt 0 0
vt 0 0
vt 0 0
vt 0 0
vt 0 0
vt 0 0
vt 0 0
vt 0 0
vt 0 0
vt 0 0
vt 0 0
vt 0 0
vt 0 0
vt 0 0
vt 0 0
vt 0 0
vt 0 0
vt 0 0
vt 0 0
vt 0 0
vt 0 0
vt 0 0
vt 0 0
vt 0 0
vt 0 0
vt 0 0
vt 0 0
vt 0 0
vt 0 0
vt 0 0
vt 0 0
vt 0 0
vt 0 0
vt 0 0
vt 0 0
vt 0 0
vt 0 0
vt 0 0
vt 0 0
vt 0 0
vt 0 0
vt 0 0
vt 0 0
vt 0 0
vt 0 0
vt 0 0
vt 0 0
vt 0 0
vt 0 0
vt 0 0
vt 0 0
vt 0 0
vt 0 0
vt 0 0
vt 0 0
vt 0 0
vt 0 0
vt 0 0
vt 0 0
vt 0 0
vt 0 0
vt 0 0
vt 0 0
vt 0 0
vt 0 0
vt 0 0
vt 0 0
vt 0 0
vt 0 0
vt 0 0
vt 0 0
vt 0 0
vt 0 0
vt 0 0
vt 0 0
vt 0 0
vt 0 0
vt 0 0
vt 0 0
vt 0 0
vt 0 0
vt 0 0
vt 0 0
vt 0 0
vt 0 0
vt 0 0
vt 0 0
vt 0 0
vt 0 0
vt 0 0
vt 0 0
vt 0 0
vt 0 0
vt 0 0
vt 0 0
vt 0 0
vt 0 0
vt 0 0
vt 0 0
vt 0 0
vt 0 0
vt 0 0
vt 0 0
vt 0 0
vt 0 0
vt 0 0
vt 0 0
vt 0 0
vt 0 0
vt 0 0
vt 0 0
vt 0 0
vt 0 0
vt 0 0
vt 0 0
vt 0 0
vt 0 0
vt 0 0
vt 0 0
vt 0 0
vt 0 0
vt 0 0
vt 0 0
vt 0 0
vt 0 0
vt 0 0
vt 0 0
vt 0 0
vt 0 0
vt 0 0
vt 0 0
vt 0 0
vt 0 0
vt 0 0
vt 0 0
vt 0 0
vt 0 0
vt 0 0
vt 0 0
vt 0 0
vt 0 0
vt 0 0
vt 0 0
vt 0 0
vt 0 0
vt 0 0
vt 0 0
vt 0 0
vt 0 0
vt 0 0
vt 0 0
vt 0 0
vt 0 0
vt 0 0
vt 0 0
vt 0 0
vt 0 0
vt 0 0
vt 0 0
vt 0 0
vt 0 0
vt 0 0
vt 0 0
vt 0 0
vt 0 0
vt 0 0
vt 0 0
vt 0 0
vt 0 0
vt 0 0
vt 0 0
vt 0 0
vt 0 0
vt 0 0
vt 0 0
vt 0 0
vt 0 0
vt 0 0
vt 0 0
vt 0 0
vt 0 0
vt 0 0
vt 0 0
vt 0 0
vt 0 0
vt 0 0
vt 0 0
vt 0 0
vt 0 0
vt 0 0
vt 0 0
vt 0 0
vt 0 0
vt 0 0
vt 0 0
vt 0 0
vt 0 0
vt 0 0
vt 0 0
vt 0 0
vt 0 0
vt 0 0
vt 0 0
vt 0 0
vt 0 0
vt 0 0
vt 0 0
vt 0 0
vt 0 0
vt 0 0
vt 0 0
vt 0 0
vt 0 0
vt 0 0
vt 0 0
vt 0 0
vt 0 0
vt 0 0
vt 0 0
vt 0 0
vt 0 0
vt 0 0
vt 0 0
vt 0 0
vt 0 0
vt 0 0
vt 0 0
vt 0 0
vt 0 0
vt 0 0
vt 0 0
vt 0 0
vt 0 0
vt 0 0
vt 0 0
vt 0 0
vt 0 0
vt 0 0
vt 0 0
vt 0 0
vt 0 0
vt 0 0
vt 0 0
vt 0 0
vt 0 0
vt 0 0
vt 0 0
vt 0 0
vt 0 0
vt 0 0
vt 0 0
vt 0 0
vt 0 0
vt 0 0
vt 0 0
vt 0 0
vt 0 0
vt 0 0
vt 0 0
vt 0 0
vt 0 0
vt 0 0
vt 0 0
vt 0 0
vt 0 0
vt 0 0
vt 0 0
vt 0 0
vt 0 0
vt 0 0
vt 0 0
vt 0 0
vt 0 0
vt 0 0
vt 0 0
vt 0 0
vt 0 0
vt 0 0
vt 0 0
vt 0 0
vt 0 0
vt 0 0
vt 0 0
vt 0 0
vt 0 0
vt 0 0
vt 0 0
vt 0 0
vt 0 0
vt 0 0
vt 0 0
vt 0 0
vt 0 0
vt 0 0
vt 0 0
vt 0 0
vt 0 0
vt 0 0
vt 0 0
vt 0 0
vt 0 0
vt 0 0
vt 0 0
vt 0 0
vt 0 0
vt 0 0
vt 0 0
vt 0 0
vt 0 0
vt 0 0
vt 0 0
vt 0 0
vt 0 0
vt 0 0
vt 0 0
vt 0 0
vt 0 0
vt 0 0
vt 0 0
vt 0 0
vt 0 0
vt 0 0
vt 0 0
vt 0 0
vt 0 0
vt 0 0
vt 0 0
vt 0 0
vt 0 0
vt 0 0
vt 0 0
vt 0 0
vt 0 0
vt 0 0
vt 0 0
vt 0 0
vt 0 0
vt 0 0
vt 0 0
vt 0 0
vt 0 0
vt 0 0
vt 0 0
vt 0 0
vt 0 0
vt 0 0
vt 0 0
vt 0 0
vt 0 0
vt 0 0
vt 0 0
vt 0 0
vt 0 0
vt 0 0
vt 0 0
vt 0 0
vt 0 0
vt 0 0
vt 0 0
vt 0 0
vt 0 0
vt 0 0
vt 0 0
vt 0 0
vt 0 0
vt 0 0
vt 0 0
vt 0 0
vt 0 0
vt 0 0
vt 0 0
vt 0 0
vt 0 0
vt 0 0
vt 0 0
vt 0 0
vt 0 0
vt 0 0
vt 0 0
vt 0 0
vt 0 0
vt 0 0
vt 0 0
vt 0 0
vt 0 0
vt 0 0
vt 0 0
vt 0 0
vt 0 0
vt 0 0
vt 0 0
vt 0 0
vt 0 0
vt 0 0
vt 0 0
vt 0 0
vt 0 0
vt 0 0
vt 0 0
vt 0 0
vt 0 0
vt 0 0
vt 0 0
vt 0 0
vt 0 0
vt 0 0
vt 0 0
vt 0 0
vt 0 0
vt 0 0
vt 0 0
vt 0 0
vt 0 0
vt 0 0
vt 0 0
vt 0 0
vt 0 0
vt 0 0
vt 0 0
vt 0 0
vt 0 0
vt 0 0
vt 0 0
vt 0 0
vt 0 0
vt 0 0
vt 0 0
vt 0 0
vt 0 0
vt 0 0
vt 0 0
vt 0 0
vt 0 0
vt 0 0
vt 0 0
vt 0 0
vt 0 0
vt 0 0
vt 0 0
vt 0 0
vt 0 0
vt 0 0
vt 0 0
vt 0 0
vt 0 0
vt 0 0
vt 0 0
vt 0 0
vt 0 0
vt 0 0
vt 0 0
vt 0 0
vt 0 0
vt 0 0
vt 0 0
vt 0 0
vt 0 0
vt 0 0
vt 0 0
vt 0 0
vt 0 0
vt 0 0
vt 0 0
vt 0 0
vt 0 0
vt 0 0
vt 0 0
vt 0 0
vt 0 0
vt 0 0
vt 0 0
vt 0.271 0.151
vt 0.022 0.151
vt 0.271 0.114
vt 0.022 0.151
vt 0.174 0.11
vt 0.271 0.114
vt 0 0
vt 0 0
vt 0 0
vt 0 0
vt 0 0
vt 0 0
vt 0 0
vt 0 0
vt 0 0
vt 0 0
vt 0 0
vt 0 0
vt 0 0
vt 0 0
vt 0 0
vt 0 0
vt 0 0
vt 0 0
vt 0 0
vt 0 0
vt 0 0
vt 0 0
vt 0 0
vt 0 0
vt 0 0
vt 0 0
vt 0 0
vt 0 0
vt 0 0
vt 0 0
vt 0 0
vt 0 0
vt 0 0
vt 0 0
vt 0 0
vt 0 0
vt 0 0
vt 0 0
vt 0 0
vt 0 0
vt 0 0
vt 0 0
vt 0 0
vt 0 0
vt 0 0
vt 0 0
vt 0 0
vt 0 0
vt 0 0
vt 0 0
vt 0 0
vt 0 0
vt 0 0
vt 0 0
vt 0 0
vt 0 0
vt 0 0
vt 0 0
vt 0 0
vt 0 0
vt 0 0
vt 0 0
vt 0 0
vt 0 0
vt 0 0
vt 0 0
vt 0 0
vt 0 0
vt 0 0
vt 0 0
vt 0 0
vt 0 0
vt 0 0
vt 0 0
vt 0 0
vt 0 0
vt 0 0
vt 0 0
vt 0 0
vt 0 0
vt 0 0
vt 0 0
vt 0 0
vt 0 0
vt 0 0
vt 0 0
vt 0 0
vt 0 0
vt 0 0
vt 0 0
vt 0 0
vt 0 0
vt 0 0
vt 0 0
vt 0 0
vt 0 0
vt 0 0
vt 0 0
vt 0 0
vt 0 0
vt 0 0
vt 0 0
vt 0 0
vt 0 0
vt 0 0
vt 0 0
vt 0 0
vt 0 0
vt 0 0
vt 0 0
vt 0 0
vt 0 0
vt 0 0
vt 0 0
vt 0 0
vt 0 0
vt 0 0
vt 0 0
vt 0 0
vt 0 0
vt 0 0
vt 0 0
vt 0 0
vt 0 0
vt 0 0
vt 0 0
vt 0 0
vt 0 0
vt 0 0
vt 0 0
vt 0 0
vt 0 0
vt 0 0
vt 0 0
vt 0 0
vt 0 0
vt 0 0
vt 0 0
vt 0 0
vt 0 0
vt 0 0
vt 0 0
vt 0 0
vt 0 0
vt 0 0
vt 0 0
vt 0 0
vt 0 0
vt 0 0
vt 0 0
vt 0 0
vt 0 0
vt 0 0
vt 0 0
vt 0 0
vt 0 0
vt 0 0
vt 0 0
vt 0 0
vt 0 0
vt 0 0
vt 0 0
vt 0 0
vt 0 0
vt 0 0
vt 0 0
vt 0 0
vt 0 0
vt 0 0
vt 0 0
vt 0 0
vt 0 0
vt 0 0
vt 0 0
vt 0 0
vt 0 0
vt 0 0
vt 0 0
vt 0 0
vt 0 0
vt 0 0
vt 0 0
vt 0 0
vt 0 0
vt 0 0
vt 0 0
vt 0 0
vt 0 0
vt 0 0
vt 0 0
vt 0 0
vt 0 0
vt 0 0
vt 0 0
vt 0 0
vt 0 0
vt 0 0
vt 0 0
vt 0 0
vt 0 0
vt 0 0
vt 0 0
vt 0 0
vt 0 0
vt 0 0
vt 0 0
vt 0 0
vt 0 0
vt 0 0
vt 0 0
vt 0 0
vt 0 0
vt 0 0
vt 0 0
vt 0 0
vt 0 0
vt 0 0
vt 0 0
vt 0 0
vt 0 0
vt 0 0
vt 0 0
vt 0 0.86
vt 0.448 0.86
vt 0 0.991
vt 0.448 0.86
vt 0.448 0.991
vt 0 0.991
vt 0.52 0.29
vt 0.384 0.186
vt 0.52 0.159
vt 0.384 0.186
vt 0.417 0.159
vt 0.52 0.159
vt 0 0
vt 0 0
vt 0 0
vt 0 0
vt 0 0
vt 0 0
vt 0 0
vt 0 0
vt 0 0
vt 0 0
vt 0 0
vt 0 0
vt 0.4 0.803
vt 0.448 0.803
vt 0.4 0.837
vt 0.448 0.803
vt 0.448 0.837
vt 0.4 0.837
vt 0.4 0.748
vt 0.448 0.748
vt 0.4 0.803
vt 0.448 0.748
vt 0.448 0.803
vt 0.4 0.803
vt 0.4 0.69
vt 0.448 0.69
vt 0.4 0.748
vt 0.448 0.69
vt 0.448 0.748
vt 0.4 0.748
vt 0.4 0.631
vt 0.448 0.631
vt 0.4 0.69
vt 0.448 0.631
vt 0.448 0.69
vt 0.4 0.69
vt 0.4 0.576
vt 0.448 0.576
vt 0.4 0.631
vt 0.448 0.576
vt 0.448 0.631
vt 0.4 0.631
vt 0.4 0.471
vt 0.448 0.471
vt 0.4 0.493
vt 0.448 0.471
vt 0.448 0.493
vt 0.4 0.493
vt 0.4 0.463
vt 0.448 0.463
vt 0.4 0.471
vt 0.448 0.463
vt 0.448 0.471
vt 0.4 0.471
vt 0.4 0.529
vt 0.448 0.529
vt 0.4 0.576
vt 0.448 0.529
vt 0.448 0.576
vt 0.4 0.576
vt 0.4 0.493
vt 0.448 0.493
vt 0.4 0.529
vt 0.448 0.493
vt 0.448 0.529
vt 0.4 0.529
vt 0 0
vt 0 0
vt 0 0
vt 0 0
vt 0 0
vt 0 0
vt 0 0
vt 0 0
vt 0 0
vt 0 0
vt 0 0
vt 0 0
vt 0 0
vt 0 0
vt 0 0
vt 0 0
vt 0 0
vt 0 0
vt 0.271 0.253
vt 0.271 0.216
vt 0.368 0.249
vt 0.271 0.216
vt 0.33 0.208
vt 0.368 0.249
vt 0.33 0.208
vt 0.384 0.186
vt 0.368 0.249
vt 0.384 0.186
vt 0.52 0.29
vt 0.368 0.249
vt 0.448 0.86
vt 0.4 0.86
vt 0.448 0.837
vt 0.4 0.86
vt 0.4 0.837
vt 0.448 0.837
vt 0 0
vt 0 0
vt 0 0
vt 0 0
vt 0 0
vt 0 0
vt 0 0
vt 0 0
vt 0 0
vt 0 0
vt 0 0
vt 0 0
vt 0 0
vt 0 0
vt 0 0
vt 0 0
vt 0 0
vt 0 0
vt 0 0
vt 0 0
vt 0 0
vt 0 0
vt 0 0
vt 0 0
vt 0 0
vt 0 0
vt 0 0
vt 0 0
vt 0 0
vt 0 0
vt 0 0
vt 0 0
vt 0 0
vt 0 0
vt 0 0
vt 0 0
vt 0 0
vt 0 0
vt 0 0
vt 0 0
vt 0 0
vt 0 0
vt 0 0
vt 0 0
vt 0 0
vt 0 0
vt 0 0
vt 0 0
vt 0 0
vt 0 0
vt 0 0
vt 0 0
vt 0 0
vt 0 0
vt 0 0
vt 0 0
vt 0 0
vt 0 0
vt 0 0
vt 0 0
vt 0 0
vt 0 0
vt 0 0
vt 0 0
vt 0 0
vt 0 0
vt 0 0
vt 0 0
vt 0 0
vt 0 0
vt 0 0
vt 0 0
vt 0 0
vt 0 0
vt 0 0
vt 0 0
vt 0 0
vt 0 0
vt 0 0
vt 0 0
vt 0 0
vt 0 0
vt 0 0
vt 0 0
vt 0 0
vt 0 0
vt 0 0
vt 0 0
vt 0 0
vt 0 0
vt 0 0
vt 0 0
vt 0 0
vt 0 0
vt 0 0
vt 0 0
vt 0 0
vt 0 0
vt 0 0
vt 0 0
vt 0 0
vt 0 0
vt 0 0
vt 0 0
vt 0 0
vt 0 0
vt 0 0
vt 0 0
vt 0 0
vt 0 0
vt 0 0
vt 0 0
vt 0 0
vt 0 0
vt 0 0
vt 0 0
vt 0 0
vt 0 0
vt 0 0
vt 0 0
vt 0 0
vt 0 0
vt 0 0
vt 0 0
vt 0 0
vt 0 0
vt 0 0
vt 0 0
vt 0 0
vt 0 0
vt 0 0
vt 0 0
vt 0 0
vt 0 0
vt 0 0
vt 0 0
vt 0 0
vt 0 0
vt 0 0
vt 0 0
vt 0 0
vt 0 0
vt 0 0
vt 0 0
vt 0 0
vt 0 0
vt 0 0
vt 0 0
vt 0 0
vt 0 0
vt 0 0
vt 0 0
vt 0 0
vt 0 0
vt 0 0
vt 0 0
vt 0 0
vt 0 0
vt 0 0
vt 0 0
vt 0 0
vt 0 0
vt 0 0
vt 0 0
vt 0 0
vt 0 0
vt 0 0
vt 0 0
vt 0 0
vt 0 0
vt 0 0
vt 0 0
vt 0 0
vt 0 0
vt 0 0
vt 0 0
vt 0 0
vt 0 0
vt 0 0
vt 0 0
vt 0 0
vt 0 0
vt 0 0
vt 0 0
vt 0 0
vt 0 0
vt 0 0
vt 0 0
vt 0 0
vt 0 0
vt 0 0
vt 0 0
vt 0 0
vt 0 0
vt 0 0
vt 0 0
vt 0 0
vt 0 0
vt 0 0
vt 0 0
vt 0 0
vt 0 0
vt 0 0
vt 0 0
vt 0 0
vt 0 0
vt 0 0
vt 0 0
vt 0 0
vt 0 0
vt 0 0
vt 0 0
vt 0 0
vt 0 0
vt 0 0
vt 0 0
vt 0 0
vt 0 0
vt 0 0
vt 0 0
vt 0 0
vt 0 0
vt 0 0
vt 0 0
vt 0 0
vt 0 0
vt 0 0
vt 0 0
vt 0 0
vt 0 0
vt 0 0
vt 0 0
vt 0 0
vt 0 0
vt 0 0
vt 0 0
vt 0 0
vt 0 0
vt 0 0
vt 0 0
vt 0 0
vt 0 0
vt 0 0
vt 0 0
vt 0 0
vt 0 0
vt 0 0
vt 0 0
vt 0 0
vt 0 0
vt 0 0
vt 0 0
vt 0 0
vt 0 0
vt 0 0
vt 0 0
vt 0 0
vt 0 0
vt 0 0
vt 0 0
vt 0 0
vt 0 0
vt 0 0
vt 0 0
vt 0 0
vt 0 0
vt 0 0
vt 0 0
vt 0 0
vt 0 0
vt 0 0
vt 0 0
vt 0 0
vt 0 0
vt 0 0
vt 0 0
vt 0 0
vt 0 0
vt 0 0
vt 0 0
vt 0 0
vt 0 0
vt 0 0
vt 0 0
vt 0 0
vt 0 0
vt 0 0
vt 0 0
vt 0 0
vt 0 0
vt 0 0
vt 0 0
vt 0 0
vt 0 0
vt 0 0
vt 0 0
vt 0 0
vt 0 0
vt 0 0
vt 0 0
vt 0 0
vt 0 0
vt 0 0
vt 0 0
vt 0 0
vt 0 0
vt 0 0
vt 0 0
vt 0 0
vt 0 0
vt 0 0
vt 0 0
vt 0 0
vt 0 0
vt 0 0
vt 0 0
vt 0 0
vt 0 0
vt 0 0
vt 0 0
vt 0 0
vt 0 0
vt 0 0
vt 0 0
vt 0 0
vt 0 0
vt 0 0
vt 0 0
vt 0 0
vt 0 0
vt 0 0
vt 0 0
vt 0 0
vt 0 0
vt 0 0
vt 0 0
vt 0 0
vt 0 0
vt 0 0
vt 0 0
vt 0 0
vt 0 0
vt 0 0
vt 0 0
vt 0 0
vt 0 0
vt 0 0
vt 0 0
vt 0 0
vt 0 0
vt 0 0
vt 0 0
vt 0 0
vt 0 0
vt 0 0
vt 0 0
vt 0 0
vt 0 0
vt 0 0
vt 0 0
vt 0 0
vt 0 0
vt 0 0
vt 0 0
vt 0 0
vt 0 0
vt 0 0
vt 0 0
vt 0 0
vt 0 0
vt 0 0
vt 0 0
vt 0 0
vt 0 0
vt 0 0
vt 0 0
vt 0 0
vt 0 0
vt 0 0
vt 0 0
vt 0 0
vt 0 0
vt 0 0
vt 0 0
vt 0 0
vt 0 0
vt 0 0
vt 0 0
vt 0 0
vt 0 0
vt 0 0
vt 0 0
vt 0 0
vt 0 0
vt 0 0
vt 0 0
vt 0 0
vt 0 0
vt 0 0
vt 0 0
vt 0 0
vt 0 0
vt 0 0
vt 0 0
vt 0 0
vt 0 0
vt 0 0
vt 0 0
vt 0 0
vt 0 0
vt 0 0
vt 0 0
vt 0 0
vt 0 0
vt 0 0
vt 0 0
vt 0 0
vt 0 0
vt 0 0
vt 0 0
vt 0 0
vt 0 0
vt 0 0
vt 0 0
vt 0 0
vt 0 0
vt 0 0
vt 0 0
vt 0 0
vt 0 0
vt 0 0
vt 0 0
vt 0 0
vt 0 0
vt 0 0
vt 0 0
vt 0 0
vt 0 0
vt 0 0
vt 0 0
vt 0 0
vt 0 0
vt 0 0
vt 0 0
vt 0 0
vt 0 0
vt 0 0
vt 0 0
vt 0 0
vt 0 0
vt 0 0
vt 0 0
vt 0 0
vt 0 0
vt 0 0
vt 0 0
vt 0 0
vt 0 0
vt 0 0
vt 0 0
vt 0 0
vt 0 0
vt 0 0
vt 0 0
vt 0 0
vt 0 0
vt 0 0
vt 0 0
vt 0 0
vt 0 0
vt 0 0
vt 0 0
vt 0 0
vt 0 0
vt 0 0
vt 0 0
vt 0 0
vt 0 0
vt 0 0
vt 0 0
vt 0 0
vt 0 0
vt 0 0
vt 0 0
vt 0 0
vt 0 0
vt 0 0
vt 0 0
vt 0 0
vt 0 0
vt 0 0
vt 0 0
vt 0 0
vt 0 0
vt 0 0
vt 0 0
vt 0 0
vt 0 0
vt 0 0
vt 0 0
vt 0 0
vt 0 0
vt 0 0
vt 0 0
vt 0 0
vt 0 0
vt 0 0
vt 0 0
vt 0 0
vt 0 0
vt 0 0
vt 0 0
vt 0 0
vt 0 0
vt 0 0
vt 0 0
vt 0 0
vt 0 0
vt 0 0
vt 0 0
vt 0 0
vt 0 0
vt 0 0
vt 0 0
vt 0 0
vt 0 0
vt 0 0
vt 0 0
vt 0 0
vt 0 0
vt 0 0
vt 0 0
vt 0 0
vt 0 0
vt 0 0
vt 0 0
vt 0 0
vt 0 0
vt 0 0
vt 0 0
vt 0 0
vt 0 0
vt 0 0
vt 0 0
vt 0 0
vt 0 0
vt 0 0
vt 0 0
vt 0 0
vt 0 0
vt 0 0
vt 0 0
vt 0 0
vt 0 0
vt 0 0
vt 0 0
vt 0 0
vt 0 0
vt 0 0
vt 0 0
vt 0 0
vt 0 0
vt 0 0
vt 0 0
vt 0 0
vt 0 0
vt 0 0
vt 0 0
vt 0 0
vt 0 0
vt 0 0
vt 0 0
vt 0 0
vt 0 0
vt 0 0
vt 0 0
vt 0 0
vt 0 0
vt 0 0
vt 0 0
vt 0 0
vt 0 0
vt 0 0
vt 0 0
vt 0 0
vt 0 0
vt 0 0
vt 0 0
vt 0 0
vt 0 0
vt 0 0
vt 0 0
vt 0 0
vt 0 0
vt 0 0
vt 0 0
vt 0 0
vt 0 0
vt 0 0
vt 0 0
vt 0.271 0.29
vt 0.271 0.253
vt 0.52 0.29
vt 0.271 0.253
vt 0.368 0.249
vt 0.52 0.29
vt 0 0
vt 0 0
vt 0 0
vt 0 0
vt 0 0
vt 0 0
vt 0 0
vt 0 0
vt 0 0
vt 0 0
vt 0 0
vt 0 0
vt 0 0
vt 0 0
vt 0 0
vt 0 0
vt 0 0
vt 0 0
vt 0 0
vt 0 0
vt 0 0
vt 0 0
vt 0 0
vt 0 0
vt 0 0
vt 0 0
vt 0 0
vt 0 0
vt 0 0
vt 0 0
vt 0 0
vt 0 0
vt 0 0
vt 0 0
vt 0 0
vt 0 0
vt 0 0
vt 0 0
vt 0 0
vt 0 0
vt 0 0
vt 0 0
vt 0 0
vt 0 0
vt 0 0
vt 0 0
vt 0 0
vt 0 0
vt 0 0
vt 0 0
vt 0 0
vt 0 0
vt 0 0
vt 0 0
vt 0 0
vt 0 0
vt 0 0
vt 0 0
vt 0 0
vt 0 0
vt 0 0
vt 0 0
vt 0 0
vt 0 0
vt 0 0
vt 0 0
vt 0 0
vt 0 0
vt 0 0
vt 0 0
vt 0 0
vt 0 0
vt 0 0
vt 0 0
vt 0 0
vt 0 0
vt 0 0
vt 0 0
vt 0 0
vt 0 0
vt 0 0
vt 0 0
vt 0 0
vt 0 0
vt 0 0
vt 0 0
vt 0 0
vt 0 0
vt 0 0
vt 0 0
vt 0 0
vt 0 0
vt 0 0
vt 0 0
vt 0 0
vt 0 0
vt 0 0
vt 0 0
vt 0 0
vt 0 0
vt 0 0
vt 0 0
vt 0 0
vt 0 0
vt 0 0
vt 0 0
vt 0 0
vt 0 0
vt 0 0
vt 0 0
vt 0 0
vt 0 0
vt 0 0
vt 0 0
vt 0 0
vt 0 0
vt 0 0
vt 0 0
vt 0 0
vt 0 0
vt 0 0
vt 0 0
vt 0 0
vt 0 0
vt 0 0
vt 0 0
vt 0 0
vt 0 0
vt 0 0
vt 0 0
vt 0 0
vt 0 0
vt 0 0
vt 0 0
vt 0 0
vt 0 0
vt 0 0
vt 0 0
vt 0 0
vt 0 0
vt 0 0
vt 0 0
vt 0 0
vt 0 0
vt 0 0
vt 0 0
vt 0 0
vt 0 0
vt 0 0
vt 0 0
vt 0 0
vt 0 0
vt 0 0
vt 0 0
vt 0 0
vt 0 0
vt 0 0
vt 0 0
vt 0 0
vt 0 0
vt 0 0
vt 0 0
vt 0 0
vt 0 0
vt 0 0
vt 0 0
vt 0 0
vt 0 0
vt 0 0
vt 0 0
vt 0 0
vt 0 0
vt 0 0
vt 0 0
vt 0 0
vt 0 0
vt 0 0
vt 0 0
vt 0 0
vt 0 0
vt 0 0
vt 0 0
vt 0 0
vt 0 0
vt 0 0
vt 0 0
vt 0 0
vt 0 0
vt 0 0
vt 0 0
vt 0 0
vt 0 0
vt 0 0
vt 0 0
vt 0 0
vt 0 0
vt 0 0
vt 0 0
vt 0 0
vt 0 0
vt 0 0
vt 0 0
vt 0 0
vt 0 0
vt 0 0
vt 0 0
vt 0 0
vt 0 0
vt 0 0
vt 0 0
vt 0 0
vt 0 0
vt 0 0
vt 0 0
vt 0 0
vt 0 0
vt 0 0
vt 0 0
vt 0 0
vt 0 0
vt 0 0
vt 0 0
vt 0.998 0.459
vt 0.551 0.459
vt 0.998 0.328
vt 0.551 0.459
vt 0.551 0.328
vt 0.998 0.328
vt 0.521 0.151
vt 0.384 0.046
vt 0.521 0.02
vt 0.384 0.046
vt 0.417 0.02
vt 0.521 0.02
vt 0 0
vt 0 0
vt 0 0
vt 0 0
vt 0 0
vt 0 0
vt 0 0
vt 0 0
vt 0 0
vt 0 0
vt 0 0
vt 0 0
vt 0.599 0.516
vt 0.551 0.516
vt 0.599 0.482
vt 0.551 0.516
vt 0.551 0.482
vt 0.599 0.482
vt 0.599 0.57
vt 0.551 0.57
vt 0.599 0.516
vt 0.551 0.57
vt 0.551 0.516
vt 0.599 0.516
vt 0.599 0.629
vt 0.551 0.629
vt 0.599 0.57
vt 0.551 0.629
vt 0.551 0.57
vt 0.599 0.57
vt 0.599 0.688
vt 0.551 0.688
vt 0.599 0.629
vt 0.551 0.688
vt 0.551 0.629
vt 0.599 0.629
vt 0.599 0.742
vt 0.551 0.742
vt 0.599 0.688
vt 0.551 0.742
vt 0.551 0.688
vt 0.599 0.688
vt 0.599 0.848
vt 0.551 0.848
vt 0.599 0.825
vt 0.551 0.848
vt 0.551 0.825
vt 0.599 0.825
vt 0.599 0.856
vt 0.551 0.856
vt 0.599 0.848
vt 0.551 0.856
vt 0.551 0.848
vt 0.599 0.848
vt 0.599 0.789
vt 0.551 0.789
vt 0.599 0.742
vt 0.551 0.789
vt 0.551 0.742
vt 0.599 0.742
vt 0.599 0.825
vt 0.551 0.825
vt 0.599 0.789
vt 0.551 0.825
vt 0.551 0.789
vt 0.599 0.789
vt 0 0
vt 0 0
vt 0 0
vt 0 0
vt 0 0
vt 0 0
vt 0 0
vt 0 0
vt 0 0
vt 0 0
vt 0 0
vt 0 0
vt 0 0
vt 0 0
vt 0 0
vt 0 0
vt 0 0
vt 0 0
vt 0.271 0.114
vt 0.271 0.077
vt 0.368 0.11
vt 0.271 0.077
vt 0.33 0.069
vt 0.368 0.11
vt 0.33 0.069
vt 0.384 0.046
vt 0.368 0.11
vt 0.384 0.046
vt 0.521 0.151
vt 0.368 0.11
vt 0.551 0.459
vt 0.599 0.459
vt 0.551 0.482
vt 0.599 0.459
vt 0.599 0.482
vt 0.551 0.482
vt 0 0
vt 0 0
vt 0 0
vt 0 0
vt 0 0
vt 0 0
vt 0 0
vt 0 0
vt 0 0
vt 0 0
vt 0 0
vt 0 0
vt 0 0
vt 0 0
vt 0 0
vt 0 0
vt 0 0
vt 0 0
vt 0 0
vt 0 0
vt 0 0
vt 0 0
vt 0 0
vt 0 0
vt 0 0
vt 0 0
vt 0 0
vt 0 0
vt 0 0
vt 0 0
vt 0 0
vt 0 0
vt 0 0
vt 0 0
vt 0 0
vt 0 0
vt 0 0
vt 0 0
vt 0 0
vt 0 0
vt 0 0
vt 0 0
vt 0 0
vt 0 0
vt 0 0
vt 0 0
vt 0 0
vt 0 0
vt 0 0
vt 0 0
vt 0 0
vt 0 0
vt 0 0
vt 0 0
vt 0 0
vt 0 0
vt 0 0
vt 0 0
vt 0 0
vt 0 0
vt 0 0
vt 0 0
vt 0 0
vt 0 0
vt 0 0
vt 0 0
vt 0 0
vt 0 0
vt 0 0
vt 0 0
vt 0 0
vt 0 0
vt 0 0
vt 0 0
vt 0 0
vt 0 0
vt 0 0
vt 0 0
vt 0 0
vt 0 0
vt 0 0
vt 0 0
vt 0 0
vt 0 0
vt 0 0
vt 0 0
vt 0 0
vt 0 0
vt 0 0
vt 0 0
vt 0 0
vt 0 0
vt 0 0
vt 0 0
vt 0 0
vt 0 0
vt 0 0
vt 0 0
vt 0 0
vt 0 0
vt 0 0
vt 0 0
vt 0 0
vt 0 0
vt 0 0
vt 0 0
vt 0 0
vt 0 0
vt 0 0
vt 0 0
vt 0 0
vt 0 0
vt 0 0
vt 0 0
vt 0 0
vt 0 0
vt 0 0
vt 0 0
vt 0 0
vt 0 0
vt 0 0
vt 0 0
vt 0 0
vt 0 0
vt 0 0
vt 0 0
vt 0 0
vt 0 0
vt 0 0
vt 0 0
vt 0 0
vt 0 0
vt 0 0
vt 0 0
vt 0 0
vt 0 0
vt 0 0
vt 0 0
vt 0 0
vt 0 0
vt 0 0
vt 0 0
vt 0 0
vt 0 0
vt 0 0
vt 0 0
vt 0 0
vt 0 0
vt 0 0
vt 0 0
vt 0 0
vt 0 0
vt 0 0
vt 0 0
vt 0 0
vt 0 0
vt 0 0
vt 0 0
vt 0 0
vt 0 0
vt 0 0
vt 0 0
vt 0 0
vt 0 0
vt 0 0
vt 0 0
vt 0 0
vt 0 0
vt 0 0
vt 0 0
vt 0 0
vt 0 0
vt 0 0
vt 0 0
vt 0 0
vt 0 0
vt 0 0
vt 0 0
vt 0 0
vt 0 0
vt 0 0
vt 0 0
vt 0 0
vt 0 0
vt 0 0
vt 0 0
vt 0 0
vt 0 0
vt 0 0
vt 0 0
vt 0 0
vt 0 0
vt 0 0
vt 0 0
vt 0 0
vt 0 0
vt 0 0
vt 0 0
vt 0 0
vt 0 0
vt 0 0
vt 0 0
vt 0 0
vt 0 0
vt 0 0
vt 0 0
vt 0 0
vt 0 0
vt 0 0
vt 0 0
vt 0 0
vt 0 0
vt 0 0
vt 0 0
vt 0 0
vt 0 0
vt 0 0
vt 0 0
vt 0 0
vt 0 0
vt 0 0
vt 0 0
vt 0 0
vt 0 0
vt 0 0
vt 0 0
vt 0 0
vt 0 0
vt 0 0
vt 0 0
vt 0 0
vt 0 0
vt 0 0
vt 0 0
vt 0 0
vt 0 0
vt 0 0
vt 0 0
vt 0 0
vt 0 0
vt 0 0
vt 0 0
vt 0 0
vt 0 0
vt 0 0
vt 0 0
vt 0 0
vt 0 0
vt 0 0
vt 0 0
vt 0 0
vt 0 0
vt 0 0
vt 0 0
vt 0 0
vt 0 0
vt 0 0
vt 0 0
vt 0 0
vt 0 0
vt 0 0
vt 0 0
vt 0 0
vt 0 0
vt 0 0
vt 0 0
vt 0 0
vt 0 0
vt 0 0
vt 0 0
vt 0 0
vt 0 0
vt 0 0
vt 0 0
vt 0 0
vt 0 0
vt 0 0
vt 0 0
vt 0 0
vt 0 0
vt 0 0
vt 0 0
vt 0 0
vt 0 0
vt 0 0
vt 0 0
vt 0 0
vt 0 0
vt 0 0
vt 0 0
vt 0 0
vt 0 0
vt 0 0
vt 0 0
vt 0 0
vt 0 0
vt 0 0
vt 0 0
vt 0 0
vt 0 0
vt 0 0
vt 0 0
vt 0 0
vt 0 0
vt 0 0
vt 0 0
vt 0 0
vt 0 0
vt 0 0
vt 0 0
vt 0 0
vt 0 0
vt 0 0
vt 0 0
vt 0 0
vt 0 0
vt 0 0
vt 0 0
vt 0 0
vt 0 0
vt 0 0
vt 0 0
vt 0 0
vt 0 0
vt 0 0
vt 0 0
vt 0 0
vt 0 0
vt 0 0
vt 0 0
vt 0 0
vt 0 0
vt 0 0
vt 0 0
vt 0 0
vt 0 0
vt 0 0
vt 0 0
vt 0 0
vt 0 0
vt 0 0
vt 0 0
vt 0 0
vt 0 0
vt 0 0
vt 0 0
vt 0 0
vt 0 0
vt 0 0
vt 0 0
vt 0 0
vt 0 0
vt 0 0
vt 0 0
vt 0 0
vt 0 0
vt 0 0
vt 0 0
vt 0 0
vt 0 0
vt 0 0
vt 0 0
vt 0 0
vt 0 0
vt 0 0
vt 0 0
vt 0 0
vt 0 0
vt 0 0
vt 0 0
vt 0 0
vt 0 0
vt 0 0
vt 0 0
vt 0 0
vt 0 0
vt 0 0
vt 0 0
vt 0 0
vt 0 0
vt 0 0
vt 0 0
vt 0 0
vt 0 0
vt 0 0
vt 0 0
vt 0 0
vt 0 0
vt 0 0
vt 0 0
vt 0 0
vt 0 0
vt 0 0
vt 0 0
vt 0 0
vt 0 0
vt 0 0
vt 0 0
vt 0 0
vt 0 0
vt 0 0
vt 0 0
vt 0 0
vt 0 0
vt 0 0
vt 0 0
vt 0 0
vt 0 0
vt 0 0
vt 0 0
vt 0 0
vt 0 0
vt 0 0
vt 0 0
vt 0 0
vt 0 0
vt 0 0
vt 0 0
vt 0 0
vt 0 0
vt 0 0
vt 0 0
vt 0 0
vt 0 0
vt 0 0
vt 0 0
vt 0 0
vt 0 0
vt 0 0
vt 0 0
vt 0 0
vt 0 0
vt 0 0
vt 0 0
vt 0 0
vt 0 0
vt 0 0
vt 0 0
vt 0 0
vt 0 0
vt 0 0
vt 0 0
vt 0 0
vt 0 0
vt 0 0
vt 0 0
vt 0 0
vt 0 0
vt 0 0
vt 0 0
vt 0 0
vt 0 0
vt 0 0
vt 0 0
vt 0 0
vt 0 0
vt 0 0
vt 0 0
vt 0 0
vt 0 0
vt 0 0
vt 0 0
vt 0 0
vt 0 0
vt 0 0
vt 0 0
vt 0 0
vt 0 0
vt 0 0
vt 0 0
vt 0 0
vt 0 0
vt 0 0
vt 0 0
vt 0 0
vt 0 0
vt 0 0
vt 0 0
vt 0 0
vt 0 0
vt 0 0
vt 0 0
vt 0 0
vt 0 0
vt 0 0
vt 0 0
vt 0 0
vt 0 0
vt 0 0
vt 0 0
vt 0 0
vt 0 0
vt 0 0
vt 0 0
vt 0 0
vt 0 0
vt 0 0
vt 0 0
vt 0 0
vt 0 0
vt 0 0
vt 0 0
vt 0 0
vt 0 0
vt 0 0
vt 0 0
vt 0 0
vt 0 0
vt 0 0
vt 0 0
vt 0 0
vt 0 0
vt 0 0
vt 0 0
vt 0 0
vt 0 0
vt 0 0
vt 0 0
vt 0 0
vt 0 0
vt 0 0
vt 0 0
vt 0 0
vt 0 0
vt 0 0
vt 0 0
vt 0 0
vt 0 0
vt 0 0
vt 0 0
vt 0 0
vt 0 0
vt 0 0
vt 0 0
vt 0 0
vt 0 0
vt 0 0
vt 0 0
vt 0 0
vt 0 0
vt 0 0
vt 0 0
vt 0 0
vt 0 0
vt 0 0
vt 0 0
vt 0 0
vt 0 0
vt 0 0
vt 0 0
vt 0 0
vt 0 0
vt 0 0
vt 0 0
vt 0 0
vt 0 0
vt 0 0
vt 0 0
vt 0 0
vt 0 0
vt 0 0
vt 0 0
vt 0 0
vt 0 0
vt 0 0
vt 0 0
vt 0 0
vt 0 0
vt 0 0
vt 0 0
vt 0 0
vt 0 0
vt 0 0
vt 0 0
vt 0 0
vt 0 0
vt 0 0
vt 0 0
vt 0 0
vt 0 0
vt 0 0
vt 0 0
vt 0 0
vt 0 0
vt 0 0
vt 0 0
vt 0 0
vt 0 0
vt 0 0
vt 0 0
vt 0 0
vt 0 0
vt 0 0
vt 0 0
vt 0 0
vt 0 0
vt 0 0
vt 0 0
vt 0 0
vt 0 0
vt 0.271 0.151
vt 0.271 0.114
vt 0.521 0.151
vt 0.271 0.114
vt 0.368 0.11
vt 0.521 0.151
vt 0 0
vt 0 0
vt 0 0
vt 0 0
vt 0 0
vt 0 0
vt 0 0
vt 0 0
vt 0 0
vt 0 0
vt 0 0
vt 0 0
vt 0 0
vt 0 0
vt 0 0
vt 0 0
vt 0 0
vt 0 0
vt 0 0
vt 0 0
vt 0 0
vt 0 0
vt 0 0
vt 0 0
vt 0 0
vt 0 0
vt 0 0
vt 0 0
vt 0 0
vt 0 0
vt 0 0
vt 0 0
vt 0 0
vt 0 0
vt 0 0
vt 0 0
vt 0 0
vt 0 0
vt 0 0
vt 0 0
vt 0 0
vt 0 0
vt 0 0
vt 0 0
vt 0 0
vt 0 0
vt 0 0
vt 0 0
vt 0 0
vt 0 0
vt 0 0
vt 0 0
vt 0 0
vt 0 0
vt 0 0
vt 0 0
vt 0 0
vt 0 0
vt 0 0
vt 0 0
vt 0 0
vt 0 0
vt 0 0
vt 0 0
vt 0 0
vt 0 0
vt 0 0
vt 0 0
vt 0 0
vt 0 0
vt 0 0
vt 0 0
vt 0 0
vt 0 0
vt 0 0
vt 0 0
vt 0 0
vt 0 0
vt 0 0
vt 0 0
vt 0 0
vt 0 0
vt 0 0
vt 0 0
vt 0 0
vt 0 0
vt 0 0
vt 0 0
vt 0 0
vt 0 0
vt 0 0
vt 0 0
vt 0 0
vt 0 0
vt 0 0
vt 0 0
vt 0 0
vt 0 0
vt 0 0
vt 0 0
vt 0 0
vt 0 0
vt 0 0
vt 0 0
vt 0 0
vt 0 0
vt 0 0
vt 0 0
vt 0 0
vt 0 0
vt 0 0
vt 0 0
vt 0 0
vt 0 0
vt 0 0
vt 0 0
vt 0 0
vt 0 0
vt 0 0
vt 0 0
vt 0 0
vt 0 0
vt 0 0
vt 0 0
vt 0 0
vt 0 0
vt 0 0
vt 0 0
vt 0 0
vt 0 0
vt 0 0
vt 0 0
vt 0 0
vt 0 0
vt 0 0
vt 0 0
vt 0 0
vt 0 0
vt 0 0
vt 0 0
vt 0 0
vt 0 0
vt 0 0
vt 0 0
vt 0 0
vt 0 0
vt 0 0
vt 0 0
vt 0 0
vt 0 0
vt 0 0
vt 0 0
vt 0 0
vt 0 0
vt 0 0
vt 0 0
vt 0 0
vt 0 0
vt 0 0
vt 0 0
vt 0 0
vt 0 0
vt 0 0
vt 0 0
vt 0 0
vt 0 0
vt 0 0
vt 0 0
vt 0 0
vt 0 0
vt 0 0
vt 0 0
vt 0 0
vt 0 0
vt 0 0
vt 0 0
vt 0 0
vt 0 0
vt 0 0
vt 0 0
vt 0 0
vt 0 0
vt 0 0
vt 0 0
vt 0 0
vt 0 0
vt 0 0
vt 0 0
vt 0 0
vt 0 0
vt 0 0
vt 0 0
vt 0 0
vt 0 0
vt 0 0
vt 0 0
vt 0 0
vt 0 0
vt 0 0
vt 0 0
vt 0 0
vt 0 0
vt 0 0
vt 0 0
vt 0 0
vt 0 0
vt 0 0
vt 0 0
vt 0 0
vt 0 0
vt 0 0
vt 0 0
vt 0 0
vt 0 0
vt 0 0
vt 0 0
vt 0 0
vt 0 0
vt 0 0
vt 0 0
vt 0 0
vt 0 0
vt 0.104 0.459
vt 0.104 0.328
vt 0.551 0.459
vt 0.104 0.328
vt 0.551 0.328
vt 0.551 0.459
vt 0.021 0.29
vt 0.021 0.159
vt 0.158 0.186
vt 0.021 0.159
vt 0.125 0.159
vt 0.158 0.186
vt 0 0
vt 0 0
vt 0 0
vt 0 0
vt 0 0
vt 0 0
vt 0 0
vt 0 0
vt 0 0
vt 0 0
vt 0 0
vt 0 0
vt 0.503 0.516
vt 0.503 0.482
vt 0.551 0.516
vt 0.503 0.482
vt 0.551 0.482
vt 0.551 0.516
vt 0.503 0.57
vt 0.503 0.516
vt 0.551 0.57
vt 0.503 0.516
vt 0.551 0.516
vt 0.551 0.57
vt 0.503 0.629
vt 0.503 0.57
vt 0.551 0.629
vt 0.503 0.57
vt 0.551 0.57
vt 0.551 0.629
vt 0.503 0.688
vt 0.503 0.629
vt 0.551 0.688
vt 0.503 0.629
vt 0.551 0.629
vt 0.551 0.688
vt 0.503 0.742
vt 0.503 0.688
vt 0.551 0.742
vt 0.503 0.688
vt 0.551 0.688
vt 0.551 0.742
vt 0.503 0.848
vt 0.503 0.825
vt 0.551 0.848
vt 0.503 0.825
vt 0.551 0.825
vt 0.551 0.848
vt 0.503 0.856
vt 0.503 0.848
vt 0.551 0.856
vt 0.503 0.848
vt 0.551 0.848
vt 0.551 0.856
vt 0.503 0.789
vt 0.503 0.742
vt 0.551 0.789
vt 0.503 0.742
vt 0.551 0.742
vt 0.551 0.789
vt 0.503 0.825
vt 0.503 0.789
vt 0.551 0.825
vt 0.503 0.789
vt 0.551 0.789
vt 0.551 0.825
vt 0 0
vt 0 0
vt 0 0
vt 0 0
vt 0 0
vt 0 0
vt 0 0
vt 0 0
vt 0 0
vt 0 0
vt 0 0
vt 0 0
vt 0 0
vt 0 0
vt 0 0
vt 0 0
vt 0 0
vt 0 0
vt 0.271 0.253
vt 0.174 0.249
vt 0.271 0.216
vt 0.174 0.249
vt 0.212 0.208
vt 0.271 0.216
vt 0.212 0.208
vt 0.174 0.249
vt 0.158 0.186
vt 0.174 0.249
vt 0.021 0.29
vt 0.158 0.186
vt 0.551 0.459
vt 0.551 0.482
vt 0.503 0.459
vt 0.551 0.482
vt 0.503 0.482
vt 0.503 0.459
vt 0 0
vt 0 0
vt 0 0
vt 0 0
vt 0 0
vt 0 0
vt 0 0
vt 0 0
vt 0 0
vt 0 0
vt 0 0
vt 0 0
vt 0 0
vt 0 0
vt 0 0
vt 0 0
vt 0 0
vt 0 0
vt 0 0
vt 0 0
vt 0 0
vt 0 0
vt 0 0
vt 0 0
vt 0 0
vt 0 0
vt 0 0
vt 0 0
vt 0 0
vt 0 0
vt 0 0
vt 0 0
vt 0 0
vt 0 0
vt 0 0
vt 0 0
vt 0 0
vt 0 0
vt 0 0
vt 0 0
vt 0 0
vt 0 0
vt 0 0
vt 0 0
vt 0 0
vt 0 0
vt 0 0
vt 0 0
vt 0 0
vt 0 0
vt 0 0
vt 0 0
vt 0 0
vt 0 0
vt 0 0
vt 0 0
vt 0 0
vt 0 0
vt 0 0
vt 0 0
vt 0 0
vt 0 0
vt 0 0
vt 0 0
vt 0 0
vt 0 0
vt 0 0
vt 0 0
vt 0 0
vt 0 0
vt 0 0
vt 0 0
vt 0 0
vt 0 0
vt 0 0
vt 0 0
vt 0 0
vt 0 0
vt 0 0
vt 0 0
vt 0 0
vt 0 0
vt 0 0
vt 0 0
vt 0 0
vt 0 0
vt 0 0
vt 0 0
vt 0 0
vt 0 0
vt 0 0
vt 0 0
vt 0 0
vt 0 0
vt 0 0
vt 0 0
vt 0 0
vt 0 0
vt 0 0
vt 0 0
vt 0 0
vt 0 0
vt 0 0
vt 0 0
vt 0 0
vt 0 0
vt 0 0
vt 0 0
vt 0 0
vt 0 0
vt 0 0
vt 0 0
vt 0 0
vt 0 0
vt 0 0
vt 0 0
vt 0 0
vt 0 0
vt 0 0
vt 0 0
vt 0 0
vt 0 0
vt 0 0
vt 0 0
vt 0 0
vt 0 0
vt 0 0
vt 0 0
vt 0 0
vt 0 0
vt 0 0
vt 0 0
vt 0 0
vt 0 0
vt 0 0
vt 0 0
vt 0 0
vt 0 0
vt 0 0
vt 0 0
vt 0 0
vt 0 0
vt 0 0
vt 0 0
vt 0 0
vt 0 0
vt 0 0
vt 0 0
vt 0 0
vt 0 0
vt 0 0
vt 0 0
vt 0 0
vt 0 0
vt 0 0
vt 0 0
vt 0 0
vt 0 0
vt 0 0
vt 0 0
vt 0 0
vt 0 0
vt 0 0
vt 0 0
vt 0 0
vt 0 0
vt 0 0
vt 0 0
vt 0 0
vt 0 0
vt 0 0
vt 0 0
vt 0 0
vt 0 0
vt 0 0
vt 0 0
vt 0 0
vt 0 0
vt 0 0
vt 0 0
vt 0 0
vt 0 0
vt 0 0
vt 0 0
vt 0 0
vt 0 0
vt 0 0
vt 0 0
vt 0 0
vt 0 0
vt 0 0
vt 0 0
vt 0 0
vt 0 0
vt 0 0
vt 0 0
vt 0 0
vt 0 0
vt 0 0
vt 0 0
vt 0 0
vt 0 0
vt 0 0
vt 0 0
vt 0 0
vt 0 0
vt 0 0
vt 0 0
vt 0 0
vt 0 0
vt 0 0
vt 0 0
vt 0 0
vt 0 0
vt 0 0
vt 0 0
vt 0 0
vt 0 0
vt 0 0
vt 0 0
vt 0 0
vt 0 0
vt 0 0
vt 0 0
vt 0 0
vt 0 0
vt 0 0
vt 0 0
vt 0 0
vt 0 0
vt 0 0
vt 0 0
vt 0 0
vt 0 0
vt 0 0
vt 0 0
vt 0 0
vt 0 0
vt 0 0
vt 0 0
vt 0 0
vt 0 0
vt 0 0
vt 0 0
vt 0 0
vt 0 0
vt 0 0
vt 0 0
vt 0 0
vt 0 0
vt 0 0
vt 0 0
vt 0 0
vt 0 0
vt 0 0
vt 0 0
vt 0 0
vt 0 0
vt 0 0
vt 0 0
vt 0 0
vt 0 0
vt 0 0
vt 0 0
vt 0 0
vt 0 0
vt 0 0
vt 0 0
vt 0 0
vt 0 0
vt 0 0
vt 0 0
vt 0 0
vt 0 0
vt 0 0
vt 0 0
vt 0 0
vt 0 0
vt 0 0
vt 0 0
vt 0 0
vt 0 0
vt 0 0
vt 0 0
vt 0 0
vt 0 0
vt 0 0
vt 0 0
vt 0 0
vt 0 0
vt 0 0
vt 0 0
vt 0 0
vt 0 0
vt 0 0
vt 0 0
vt 0 0
vt 0 0
vt 0 0
vt 0 0
vt 0 0
vt 0 0
vt 0 0
vt 0 0
vt 0 0
vt 0 0
vt 0 0
vt 0 0
vt 0 0
vt 0 0
vt 0 0
vt 0 0
vt 0 0
vt 0 0
vt 0 0
vt 0 0
vt 0 0
vt 0 0
vt 0 0
vt 0 0
vt 0 0
vt 0 0
vt 0 0
vt 0 0
vt 0 0
vt 0 0
vt 0 0
vt 0 0
vt 0 0
vt 0 0
vt 0 0
vt 0 0
vt 0 0
vt 0 0
vt 0 0
vt 0 0
vt 0 0
vt 0 0
vt 0 0
vt 0 0
vt 0 0
vt 0 0
vt 0 0
vt 0 0
vt 0 0
vt 0 0
vt 0 0
vt 0 0
vt 0 0
vt 0 0
vt 0 0
vt 0 0
vt 0 0
vt 0 0
vt 0 0
vt 0 0
vt 0 0
vt 0 0
vt 0 0
vt 0 0
vt 0 0
vt 0 0
vt 0 0
vt 0 0
vt 0 0
vt 0 0
vt 0 0
vt 0 0
vt 0 0
vt 0 0
vt 0 0
vt 0 0
vt 0 0
vt 0 0
vt 0 0
vt 0 0
vt 0 0
vt 0 0
vt 0 0
vt 0 0
vt 0 0
vt 0 0
vt 0 0
vt 0 0
vt 0 0
vt 0 0
vt 0 0
vt 0 0
vt 0 0
vt 0 0
vt 0 0
vt 0 0
vt 0 0
vt 0 0
vt 0 0
vt 0 0
vt 0 0
vt 0 0
vt 0 0
vt 0 0
vt 0 0
vt 0 0
vt 0 0
vt 0 0
vt 0 0
vt 0 0
vt 0 0
vt 0 0
vt 0 0
vt 0 0
vt 0 0
vt 0 0
vt 0 0
vt 0 0
vt 0 0
vt 0 0
vt 0 0
vt 0 0
vt 0 0
vt 0 0
vt 0 0
vt 0 0
vt 0 0
vt 0 0
vt 0 0
vt 0 0
vt 0 0
vt 0 0
vt 0 0
vt 0 0
vt 0 0
vt 0 0
vt 0 0
vt 0 0
vt 0 0
vt 0 0
vt 0 0
vt 0 0
vt 0 0
vt 0 0
vt 0 0
vt 0 0
vt 0 0
vt 0 0
vt 0 0
vt 0 0
vt 0 0
vt 0 0
vt 0 0
vt 0 0
vt 0 0
vt 0 0
vt 0 0
vt 0 0
vt 0 0
vt 0 0
vt 0 0
vt 0 0
vt 0 0
vt 0 0
vt 0 0
vt 0 0
vt 0 0
vt 0 0
vt 0 0
vt 0 0
vt 0 0
vt 0 0
vt 0 0
vt 0 0
vt 0 0
vt 0 0
vt 0 0
vt 0 0
vt 0 0
vt 0 0
vt 0 0
vt 0 0
vt 0 0
vt 0 0
vt 0 0
vt 0 0
vt 0 0
vt 0 0
vt 0 0
vt 0 0
vt 0 0
vt 0 0
vt 0 0
vt 0 0
vt 0 0
vt 0 0
vt 0 0
vt 0 0
vt 0 0
vt 0 0
vt 0 0
vt 0 0
vt 0 0
vt 0 0
vt 0 0
vt 0 0
vt 0 0
vt 0 0
vt 0 0
vt 0 0
vt 0 0
vt 0 0
vt 0 0
vt 0 0
vt 0 0
vt 0 0
vt 0 0
vt 0 0
vt 0 0
vt 0 0
vt 0 0
vt 0 0
vt 0 0
vt 0 0
vt 0 0
vt 0 0
vt 0 0
vt 0 0
vt 0 0
vt 0 0
vt 0 0
vt 0 0
vt 0 0
vt 0 0
vt 0 0
vt 0 0
vt 0 0
vt 0 0
vt 0 0
vt 0 0
vt 0 0
vt 0 0
vt 0 0
vt 0 0
vt 0 0
vt 0 0
vt 0 0
vt 0 0
vt 0 0
vt 0 0
vt 0 0
vt 0 0
vt 0 0
vt 0 0
vt 0 0
vt 0 0
vt 0 0
vt 0 0
vt 0 0
vt 0 0
vt 0 0
vt 0 0
vt 0 0
vt 0 0
vt 0 0
vt 0 0
vt 0 0
vt 0 0
vt 0 0
vt 0 0
vt 0 0
vt 0 0
vt 0 0
vt 0 0
vt 0 0
vt 0 0
vt 0 0
vt 0 0
vt 0 0
vt 0 0
vt 0 0
vt 0 0
vt 0 0
vt 0 0
vt 0 0
vt 0 0
vt 0 0
vt 0 0
vt 0 0
vt 0 0
vt 0 0
vt 0 0
vt 0 0
vt 0 0
vt 0 0
vt 0 0
vt 0 0
vt 0 0
vt 0 0
vt 0 0
vt 0 0
vt 0 0
vt 0 0
vt 0 0
vt 0.271 0.29
vt 0.021 0.29
vt 0.271 0.253
vt 0.021 0.29
vt 0.174 0.249
vt 0.271 0.253
vt 0 0
vt 0 0
vt 0 0
vt 0 0
vt 0 0
vt 0 0
vt 0 0
vt 0 0
vt 0 0
vt 0 0
vt 0 0
vt 0 0
vt 0 0
vt 0 0
vt 0 0
vt 0 0
vt 0 0
vt 0 0
vt 0 0
vt 0 0
vt 0 0
vt 0 0
vt 0 0
vt 0 0
vt 0 0
vt 0 0
vt 0 0
vt 0 0
vt 0 0
vt 0 0
vt 0 0
vt 0 0
vt 0 0
vt 0 0
vt 0 0
vt 0 0
vt 0 0
vt 0 0
vt 0 0
vt 0 0
vt 0 0
vt 0 0
vt 0 0
vt 0 0
vt 0 0
vt 0 0
vt 0 0
vt 0 0
vt 0 0
vt 0 0
vt 0 0
vt 0 0
vt 0 0
vt 0 0
vt 0 0
vt 0 0
vt 0 0
vt 0 0
vt 0 0
vt 0 0
vt 0 0
vt 0 0
vt 0 0
vt 0 0
vt 0 0
vt 0 0
vt 0 0
vt 0 0
vt 0 0
vt 0 0
vt 0 0
vt 0 0
vt 0 0
vt 0 0
vt 0 0
vt 0 0
vt 0 0
vt 0 0
vt 0 0
vt 0 0
vt 0 0
vt 0 0
vt 0 0
vt 0 0
vt 0 0
vt 0 0
vt 0 0
vt 0 0
vt 0 0
vt 0 0
vt 0 0
vt 0 0
vt 0 0
vt 0 0
vt 0 0
vt 0 0
vt 0 0
vt 0 0
vt 0 0
vt 0 0
vt 0 0
vt 0 0
vt 0 0
vt 0 0
vt 0 0
vt 0 0
vt 0 0
vt 0 0
vt 0 0
vt 0 0
vt 0 0
vt 0 0
vt 0 0
vt 0 0
vt 0 0
vt 0 0
vt 0 0
vt 0 0
vt 0 0
vt 0 0
vt 0 0
vt 0 0
vt 0 0
vt 0 0
vt 0 0
vt 0 0
vt 0 0
vt 0 0
vt 0 0
vt 0 0
vt 0 0
vt 0 0
vt 0 0
vt 0 0
vt 0 0
vt 0 0
vt 0 0
vt 0 0
vt 0 0
vt 0 0
vt 0 0
vt 0 0
vt 0 0
vt 0 0
vt 0 0
vt 0 0
vt 0 0
vt 0 0
vt 0 0
vt 0 0
vt 0 0
vt 0 0
vt 0 0
vt 0 0
vt 0 0
vt 0 0
vt 0 0
vt 0 0
vt 0 0
vt 0 0
vt 0 0
vt 0 0
vt 0 0
vt 0 0
vt 0 0
vt 0 0
vt 0 0
vt 0 0
vt 0 0
vt 0 0
vt 0 0
vt 0 0
vt 0 0
vt 0 0
usemtl MB_194_official_16749
s off
f 6637/10315 6633/10316 6049/10317
f 6633/10318 6055/10319 6049/10320
f 6636/10321 6635/10322 6052/10323
f 6635/10324 6050/10325 6052/10326
f 6631/10327 6634/10328 6053/10329
f 6634/10330 6048/10331 6053/10332
f 6629/10333 6632/10334 6047/10335
f 6632/10336 6054/10337 6047/10338
f 6633/10339 6630/10340 6055/10341
f 6630/10342 6051/10343 6055/10344
f 6050/10345 6662/10346 6049/10347
f 6662/10348 6637/10349 6049/10350
f 6632/10351 6631/10352 6054/10353
f 6631/10354 6053/10355 6054/10356
f 6630/10357 6629/10358 6051/10359
f 6629/10360 6047/10361 6051/10362
f 6571/10363 6569/10364 6577/10365
f 6569/10366 6580/10367 6577/10368
f 5889/10369 5890/10370 5908/10371
f 5890/10372 6599/10373 5908/10374
f 6575/10375 5930/10376 6570/10377
f 5930/10378 5912/10379 6570/10380
f 6572/10381 5911/10382 6593/10383
f 5911/10384 6598/10385 6593/10386
f 6584/10387 6595/10388 5920/10389
f 6595/10390 6597/10391 5920/10392
f 6583/10393 6584/10394 5919/10395
f 6584/10396 5920/10397 5919/10398
f 6582/10399 6583/10400 5913/10401
f 6583/10402 5919/10403 5913/10404
f 6581/10405 6582/10406 5918/10407
f 6582/10408 5913/10409 5918/10410
f 6576/10411 6581/10412 5917/10413
f 6581/10414 5918/10415 5917/10416
f 6578/10417 6574/10418 5914/10419
f 6574/10420 5915/10421 5914/10422
f 6579/10423 6578/10424 5931/10425
f 6578/10426 5914/10427 5931/10428
f 6573/10429 6576/10430 5916/10431
f 6576/10432 5917/10433 5916/10434
f 6574/10435 6573/10436 5915/10437
f 6573/10438 5916/10439 5915/10440
f 6586/10441 6587/10442 6588/10443
f 6587/10444 6589/10445 6588/10446
f 6585/10447 6586/10448 6590/10449
f 6586/10450 6588/10451 6590/10452
f 6591/10453 6600/10454 6593/10455
f 6600/10456 6572/10457 6593/10458
f 6060/10459 6061/10460 5926/10461
f 6061/10462 5910/10463 5926/10464
f 5910/10465 6061/10466 5908/10467
f 6061/10468 5889/10469 5908/10470
f 5932/10471 5927/10472 6594/10473
f 5927/10474 6596/10475 6594/10476
f 6585/10477 6590/10478 6592/10479
f 6590/10480 5933/10481 6592/10482
f 6606/10483 6605/10484 5943/10485
f 6605/10486 5947/10487 5943/10488
f 5958/10489 5980/10490 5939/10491
f 5980/10492 5968/10493 5939/10494
f 5969/10495 5979/10496 6611/10497
f 5979/10498 6610/10499 6611/10500
f 5949/10501 6628/10502 6616/10503
f 6628/10504 6614/10505 6616/10506
f 6603/10507 5985/10508 6609/10509
f 5985/10510 5974/10511 6609/10512
f 6608/10513 5944/10514 6607/10515
f 5944/10516 5942/10517 6607/10518
f 5944/10519 6618/10520 5942/10521
f 6618/10522 6617/10523 5942/10524
f 5972/10525 5977/10526 6612/10527
f 5977/10528 6613/10529 6612/10530
f 5977/10531 5982/10532 6613/10533
f 5982/10534 6604/10535 6613/10536
f 5957/10537 5958/10538 5937/10539
f 5958/10540 5939/10541 5937/10542
f 5938/10543 5940/10544 5957/10545
f 5940/10546 5958/10547 5957/10548
f 6607/10549 5942/10550 5971/10551
f 5942/10552 5976/10553 5971/10554
f 6605/10555 6619/10556 5947/10557
f 6619/10558 5975/10559 5947/10560
f 5979/10561 5972/10562 6610/10563
f 5972/10564 6612/10565 6610/10566
f 5940/10567 6621/10568 5958/10569
f 6621/10570 5980/10571 5958/10572
f 5988/10573 6624/10574 5950/10575
f 6624/10576 5961/10577 5950/10578
f 6604/10579 5982/10580 6603/10581
f 5982/10582 5985/10583 6603/10584
f 5963/10585 5959/10586 5964/10587
f 5959/10588 6615/10589 5964/10590
f 5960/10591 5963/10592 5962/10593
f 5963/10594 5964/10595 5962/10596
f 6615/10597 5986/10598 5964/10599
f 5962/10600 5964/10601 6626/10602
f 5964/10603 5986/10604 6626/10605
f 5942/10606 6617/10607 5976/10608
f 6617/10609 5983/10610 5976/10611
f 6602/10612 5945/10613 6601/10614
f 5945/10615 5948/10616 6601/10617
f 5954/10618 5955/10619 5965/10620
f 5955/10621 5966/10622 5965/10623
f 5952/10624 5953/10625 5935/10626
f 5953/10627 5934/10628 5935/10629
f 5956/10630 5936/10631 5967/10632
f 5936/10633 5941/10634 5967/10635
f 5955/10636 5956/10637 5966/10638
f 5956/10639 5967/10640 5966/10641
f 5953/10642 5954/10643 5934/10644
f 5954/10645 5965/10646 5934/10647
f 6627/10648 5952/10649 5951/10650
f 5952/10651 5935/10652 5951/10653
f 5975/10654 6619/10655 5991/10656
f 6619/10657 6620/10658 5991/10659
f 5991/10660 6620/10661 5990/10662
f 6620/10663 5969/10664 5990/10665
f 5980/10666 6621/10667 5981/10668
f 6621/10669 6622/10670 5981/10671
f 5981/10672 6622/10673 5979/10674
f 6622/10675 5972/10676 5979/10677
f 5968/10678 5980/10679 5970/10680
f 5980/10681 5981/10682 5970/10683
f 5970/10684 5981/10685 5969/10686
f 5981/10687 5979/10688 5969/10689
f 5974/10690 5985/10691 5989/10692
f 5985/10693 6623/10694 5989/10695
f 5989/10696 6623/10697 5988/10698
f 6623/10699 6624/10700 5988/10701
f 5971/10702 5976/10703 5973/10704
f 5976/10705 5978/10706 5973/10707
f 5973/10708 5978/10709 5972/10710
f 5978/10711 5977/10712 5972/10713
f 5985/10714 5982/10715 5987/10716
f 5982/10717 6625/10718 5987/10719
f 5987/10720 6625/10721 5986/10722
f 6625/10723 6626/10724 5986/10725
f 5976/10726 5983/10727 5978/10728
f 5983/10729 5984/10730 5978/10731
f 5978/10732 5984/10733 5977/10734
f 5984/10735 5982/10736 5977/10737
f 5946/10738 5990/10739 6611/10740
f 5990/10741 5969/10742 6611/10743
f 6648/10744 6019/10745 6646/10746
f 6019/10747 6011/10748 6646/10749
f 6014/10750 6025/10751 6013/10752
f 6025/10753 6012/10754 6013/10755
f 6017/10756 6014/10757 6010/10758
f 6014/10759 6013/10760 6010/10761
f 6025/10762 6655/10763 6012/10764
f 6655/10765 6658/10766 6012/10767
f 6644/10768 6645/10769 6643/10770
f 6645/10771 6642/10772 6643/10773
f 6640/10774 6644/10775 6638/10776
f 6644/10777 6643/10778 6638/10779
f 6008/10780 6641/10781 6009/10782
f 6641/10783 6639/10784 6009/10785
f 5995/10786 5997/10787 6657/10788
f 5997/10789 6652/10790 6657/10791
f 5997/10792 5996/10793 6652/10794
f 5996/10795 6651/10796 6652/10797
f 5996/10798 5992/10799 6651/10800
f 5992/10801 6650/10802 6651/10803
f 5992/10804 6000/10805 6650/10806
f 6000/10807 6649/10808 6650/10809
f 6663/10810 6647/10811 6000/10812
f 6647/10813 6649/10814 6000/10815
f 6033/10816 6031/10817 6661/10818
f 6031/10819 6020/10820 6661/10821
f 6019/10822 6017/10823 6011/10824
f 6017/10825 6010/10826 6011/10827
f 6009/10828 6639/10829 6056/10830
f 6639/10831 6664/10832 6056/10833
f 6648/10834 6661/10835 6019/10836
f 6661/10837 6021/10838 6019/10839
f 6026/10840 6028/10841 6024/10842
f 6028/10843 6659/10844 6024/10845
f 6029/10846 6032/10847 6026/10848
f 6032/10849 6028/10850 6026/10851
f 6016/10852 6020/10853 6037/10854
f 6020/10855 6031/10856 6037/10857
f 6029/10858 6016/10859 6032/10860
f 6016/10861 6037/10862 6032/10863
f 6028/10864 6032/10865 6039/10866
f 6032/10867 6038/10868 6039/10869
f 6017/10870 6019/10871 6018/10872
f 6019/10873 6021/10874 6018/10875
f 6018/10876 6021/10877 6016/10878
f 6021/10879 6020/10880 6016/10881
f 6653/10882 6040/10883 6046/10884
f 6040/10885 6015/10886 6046/10887
f 6043/10888 6024/10889 6656/10890
f 6024/10891 6659/10892 6656/10893
f 6656/10894 6655/10895 6043/10896
f 6655/10897 6025/10898 6043/10899
f 6025/10900 6027/10901 6043/10902
f 6043/10903 6027/10904 6024/10905
f 6027/10906 6026/10907 6024/10908
f 6025/10909 6014/10910 6027/10911
f 6014/10912 6030/10913 6027/10914
f 6027/10915 6030/10916 6026/10917
f 6030/10918 6029/10919 6026/10920
f 6033/10921 6035/10922 6031/10923
f 6035/10924 6034/10925 6031/10926
f 6659/10927 6028/10928 6660/10929
f 6028/10930 6039/10931 6660/10932
f 6034/10933 6036/10934 6031/10935
f 6036/10936 6037/10937 6031/10938
f 6032/10939 6037/10940 6038/10941
f 6037/10942 6036/10943 6038/10944
f 6014/10945 6017/10946 6030/10947
f 6017/10948 6018/10949 6030/10950
f 6030/10951 6018/10952 6029/10953
f 6018/10954 6016/10955 6029/10956
f 6020/10957 6021/10958 6661/10959
f 6002/10960 6044/10961 6004/10962
f 6044/10963 5993/10964 6004/10965
f 5999/10966 6005/10967 5993/10968
f 6005/10969 6004/10970 5993/10971
f 6654/10972 6653/10973 6042/10974
f 6653/10975 6046/10976 6042/10977
f 5998/10978 5995/10979 6045/10980
f 5995/10981 6657/10982 6045/10983
f 5994/10984 5998/10985 6001/10986
f 5998/10987 6045/10988 6001/10989
f 6022/10990 6042/10991 6023/10992
f 6042/10993 6046/10994 6023/10995
f 6015/10996 6041/10997 6046/10998
f 6041/10999 6023/11000 6046/11001
f 6047/11002 6054/11003 5895/11004
f 6054/11005 5896/11006 5895/11007
f 6049/11008 6055/11009 5892/11010
f 6055/11011 5893/11012 5892/11013
f 6051/11014 6047/11015 5894/11016
f 6047/11017 5895/11018 5894/11019
f 6055/11020 6051/11021 5893/11022
f 6051/11023 5894/11024 5893/11025
f 6052/11026 6050/11027 5921/11028
f 6050/11029 5891/11030 5921/11031
f 6050/11032 6049/11033 5891/11034
f 6049/11035 5892/11036 5891/11037
f 6053/11038 6048/11039 5897/11040
f 6048/11041 5922/11042 5897/11043
f 6054/11044 6053/11045 5896/11046
f 6053/11047 5897/11048 5896/11049
f 6050/11050 6635/11051 6662/11052
f 6058/11053 6033/11054 6057/11055
f 6033/11056 6661/11057 6057/11058
f 6059/11059 6058/11060 6006/11061
f 6058/11062 6007/11063 6006/11064
f 6035/11065 6033/11066 6059/11067
f 6033/11068 6058/11069 6059/11070
f 6007/11071 6058/11072 6003/11073
f 6058/11074 6057/11075 6003/11076
f 5923/11077 5889/11078 6060/11079
f 5889/11080 6061/11081 6060/11082
f 5929/11083 5928/11084 5909/11085
f 5928/11086 6065/11087 5909/11088
f 5928/11089 5905/11090 6065/11091
f 5905/11092 6066/11093 6065/11094
f 5899/11095 5924/11096 6073/11097
f 5924/11098 6074/11099 6073/11100
f 5900/11101 5899/11102 6072/11103
f 5899/11104 6073/11105 6072/11106
f 5901/11107 5900/11108 6071/11109
f 5900/11110 6072/11111 6071/11112
f 5902/11113 5901/11114 6070/11115
f 5901/11116 6071/11117 6070/11118
f 5903/11119 5902/11120 6069/11121
f 5902/11122 6070/11123 6069/11124
f 5898/11125 5903/11126 6068/11127
f 5903/11128 6069/11129 6068/11130
f 5904/11131 5898/11132 6067/11133
f 5898/11134 6068/11135 6067/11136
f 5905/11137 5904/11138 6066/11139
f 5904/11140 6067/11141 6066/11142
f 5906/11143 5909/11144 6064/11145
f 5909/11146 6065/11147 6064/11148
f 5907/11149 5906/11150 6063/11151
f 5906/11152 6064/11153 6063/11154
f 5925/11155 5907/11156 6062/11157
f 5907/11158 6063/11159 6062/11160
f 6063/11161 6082/11162 6062/11163
f 6082/11164 6079/11165 6062/11166
f 6076/11167 6085/11168 6075/11169
f 6085/11170 6086/11171 6075/11172
f 6064/11173 6081/11174 6063/11175
f 6081/11176 6082/11177 6063/11178
f 6077/11179 6084/11180 6076/11181
f 6084/11182 6085/11183 6076/11184
f 6065/11185 6080/11186 6064/11187
f 6080/11188 6081/11189 6064/11190
f 6078/11191 6083/11192 6077/11193
f 6083/11194 6084/11195 6077/11196
f 6067/11197 6068/11198 6080/11199
f 6068/11200 6078/11201 6080/11202
f 6068/11203 6069/11204 6078/11205
f 6069/11206 6083/11207 6078/11208
f 6083/11209 6069/11210 6071/11211
f 6069/11212 6070/11213 6071/11214
f 6079/11215 6082/11216 6075/11217
f 6082/11218 6076/11219 6075/11220
f 6082/11221 6081/11222 6076/11223
f 6081/11224 6077/11225 6076/11226
f 6081/11227 6080/11228 6077/11229
f 6080/11230 6078/11231 6077/11232
f 6066/11233 6067/11234 6065/11235
f 6067/11236 6080/11237 6065/11238
f 6085/11239 6084/11240 6073/11241
f 6084/11242 6072/11243 6073/11244
f 6086/11245 6085/11246 6074/11247
f 6085/11248 6073/11249 6074/11250
f 6084/11251 6083/11252 6072/11253
f 6083/11254 6071/11255 6072/11256
f 6729/11257 6233/11258 6725/11259
f 6233/11260 6239/11261 6725/11262
f 6728/11263 6236/11264 6727/11265
f 6236/11266 6234/11267 6727/11268
f 6723/11269 6237/11270 6726/11271
f 6237/11272 6232/11273 6726/11274
f 6721/11275 6231/11276 6724/11277
f 6231/11278 6238/11279 6724/11280
f 6725/11281 6239/11282 6722/11283
f 6239/11284 6235/11285 6722/11286
f 6234/11287 6233/11288 6754/11289
f 6233/11290 6729/11291 6754/11292
f 6724/11293 6238/11294 6723/11295
f 6238/11296 6237/11297 6723/11298
f 6722/11299 6235/11300 6721/11301
f 6235/11302 6231/11303 6721/11304
f 6667/11305 6577/11306 6665/11307
f 6577/11308 6580/11309 6665/11310
f 6087/11311 6106/11312 6088/11313
f 6106/11314 6691/11315 6088/11316
f 6671/11317 6666/11318 5930/11319
f 6666/11320 5912/11321 5930/11322
f 6668/11323 6687/11324 5911/11325
f 6687/11326 6598/11327 5911/11328
f 6678/11329 5920/11330 6689/11331
f 5920/11332 6597/11333 6689/11334
f 6677/11335 5919/11336 6678/11337
f 5919/11338 5920/11339 6678/11340
f 6676/11341 5913/11342 6677/11343
f 5913/11344 5919/11345 6677/11346
f 6675/11347 5918/11348 6676/11349
f 5918/11350 5913/11351 6676/11352
f 6672/11353 5917/11354 6675/11355
f 5917/11356 5918/11357 6675/11358
f 6673/11359 5914/11360 6670/11361
f 5914/11362 5915/11363 6670/11364
f 6674/11365 5931/11366 6673/11367
f 5931/11368 5914/11369 6673/11370
f 6669/11371 5916/11372 6672/11373
f 5916/11374 5917/11375 6672/11376
f 6670/11377 5915/11378 6669/11379
f 5915/11380 5916/11381 6669/11382
f 6680/11383 6682/11384 6681/11385
f 6682/11386 6683/11387 6681/11388
f 6679/11389 6684/11390 6680/11391
f 6684/11392 6682/11393 6680/11394
f 6685/11395 6687/11396 6692/11397
f 6687/11398 6668/11399 6692/11400
f 6244/11401 6114/11402 6245/11403
f 6114/11404 6108/11405 6245/11406
f 6108/11407 6106/11408 6245/11409
f 6106/11410 6087/11411 6245/11412
f 5932/11413 6688/11414 5927/11415
f 6688/11416 6690/11417 5927/11418
f 6679/11419 6686/11420 6684/11421
f 6686/11422 6117/11423 6684/11424
f 6698/11425 6127/11426 6697/11427
f 6127/11428 6131/11429 6697/11430
f 6142/11431 6123/11432 6164/11433
f 6123/11434 6152/11435 6164/11436
f 6153/11437 6703/11438 6163/11439
f 6703/11440 6702/11441 6163/11442
f 6133/11443 6708/11444 6720/11445
f 6708/11446 6706/11447 6720/11448
f 6695/11449 6701/11450 6169/11451
f 6701/11452 6158/11453 6169/11454
f 6700/11455 6699/11456 6128/11457
f 6699/11458 6126/11459 6128/11460
f 6128/11461 6126/11462 6710/11463
f 6126/11464 6709/11465 6710/11466
f 6156/11467 6704/11468 6161/11469
f 6704/11470 6705/11471 6161/11472
f 6161/11473 6705/11474 6166/11475
f 6705/11476 6696/11477 6166/11478
f 6141/11479 6121/11480 6142/11481
f 6121/11482 6123/11483 6142/11484
f 6122/11485 6141/11486 6124/11487
f 6141/11488 6142/11489 6124/11490
f 6699/11491 6155/11492 6126/11493
f 6155/11494 6160/11495 6126/11496
f 6697/11497 6131/11498 6711/11499
f 6131/11500 6159/11501 6711/11502
f 6163/11503 6702/11504 6156/11505
f 6702/11506 6704/11507 6156/11508
f 6124/11509 6142/11510 6713/11511
f 6142/11512 6164/11513 6713/11514
f 6172/11515 6134/11516 6716/11517
f 6134/11518 6145/11519 6716/11520
f 6696/11521 6695/11522 6166/11523
f 6695/11524 6169/11525 6166/11526
f 6147/11527 6148/11528 6143/11529
f 6148/11530 6707/11531 6143/11532
f 6144/11533 6146/11534 6147/11535
f 6146/11536 6148/11537 6147/11538
f 6707/11539 6148/11540 6170/11541
f 6146/11542 6718/11543 6148/11544
f 6718/11545 6170/11546 6148/11547
f 6126/11548 6160/11549 6709/11550
f 6160/11551 6167/11552 6709/11553
f 6694/11554 6693/11555 6129/11556
f 6693/11557 6132/11558 6129/11559
f 6138/11560 6149/11561 6139/11562
f 6149/11563 6150/11564 6139/11565
f 6136/11566 6119/11567 6137/11568
f 6119/11569 6118/11570 6137/11571
f 6140/11572 6151/11573 6120/11574
f 6151/11575 6125/11576 6120/11577
f 6139/11578 6150/11579 6140/11580
f 6150/11581 6151/11582 6140/11583
f 6137/11584 6118/11585 6138/11586
f 6118/11587 6149/11588 6138/11589
f 6719/11590 6135/11591 6136/11592
f 6135/11593 6119/11594 6136/11595
f 6159/11596 6175/11597 6711/11598
f 6175/11599 6712/11600 6711/11601
f 6175/11602 6174/11603 6712/11604
f 6174/11605 6153/11606 6712/11607
f 6164/11608 6165/11609 6713/11610
f 6165/11611 6714/11612 6713/11613
f 6165/11614 6163/11615 6714/11616
f 6163/11617 6156/11618 6714/11619
f 6152/11620 6154/11621 6164/11622
f 6154/11623 6165/11624 6164/11625
f 6154/11626 6153/11627 6165/11628
f 6153/11629 6163/11630 6165/11631
f 6158/11632 6173/11633 6169/11634
f 6173/11635 6715/11636 6169/11637
f 6173/11638 6172/11639 6715/11640
f 6172/11641 6716/11642 6715/11643
f 6155/11644 6157/11645 6160/11646
f 6157/11647 6162/11648 6160/11649
f 6157/11650 6156/11651 6162/11652
f 6156/11653 6161/11654 6162/11655
f 6169/11656 6171/11657 6166/11658
f 6171/11659 6717/11660 6166/11661
f 6171/11662 6170/11663 6717/11664
f 6170/11665 6718/11666 6717/11667
f 6160/11668 6162/11669 6167/11670
f 6162/11671 6168/11672 6167/11673
f 6162/11674 6161/11675 6168/11676
f 6161/11677 6166/11678 6168/11679
f 6130/11680 6703/11681 6174/11682
f 6703/11683 6153/11684 6174/11685
f 6740/11686 6738/11687 6203/11688
f 6738/11689 6195/11690 6203/11691
f 6198/11692 6197/11693 6209/11694
f 6197/11695 6196/11696 6209/11697
f 6201/11698 6194/11699 6198/11700
f 6194/11701 6197/11702 6198/11703
f 6209/11704 6196/11705 6747/11706
f 6196/11707 6750/11708 6747/11709
f 6736/11710 6735/11711 6737/11712
f 6735/11713 6734/11714 6737/11715
f 6732/11716 6730/11717 6736/11718
f 6730/11719 6735/11720 6736/11721
f 6192/11722 6193/11723 6733/11724
f 6193/11725 6731/11726 6733/11727
f 6179/11728 6749/11729 6181/11730
f 6749/11731 6744/11732 6181/11733
f 6181/11734 6744/11735 6180/11736
f 6744/11737 6743/11738 6180/11739
f 6180/11740 6743/11741 6176/11742
f 6743/11743 6742/11744 6176/11745
f 6176/11746 6742/11747 6184/11748
f 6742/11749 6741/11750 6184/11751
f 6755/11752 6184/11753 6739/11754
f 6184/11755 6741/11756 6739/11757
f 6217/11758 6753/11759 6215/11760
f 6753/11761 6204/11762 6215/11763
f 6203/11764 6195/11765 6201/11766
f 6195/11767 6194/11768 6201/11769
f 6193/11770 6240/11771 6731/11772
f 6240/11773 6756/11774 6731/11775
f 6740/11776 6203/11777 6753/11778
f 6203/11779 6205/11780 6753/11781
f 6210/11782 6208/11783 6212/11784
f 6208/11785 6751/11786 6212/11787
f 6213/11788 6210/11789 6216/11790
f 6210/11791 6212/11792 6216/11793
f 6200/11794 6221/11795 6204/11796
f 6221/11797 6215/11798 6204/11799
f 6213/11800 6216/11801 6200/11802
f 6216/11803 6221/11804 6200/11805
f 6212/11806 6223/11807 6216/11808
f 6223/11809 6222/11810 6216/11811
f 6201/11812 6202/11813 6203/11814
f 6202/11815 6205/11816 6203/11817
f 6202/11818 6200/11819 6205/11820
f 6200/11821 6204/11822 6205/11823
f 6745/11824 6230/11825 6224/11826
f 6230/11827 6199/11828 6224/11829
f 6227/11830 6748/11831 6208/11832
f 6748/11833 6751/11834 6208/11835
f 6748/11836 6227/11837 6747/11838
f 6747/11839 6227/11840 6209/11841
f 6227/11842 6211/11843 6209/11844
f 6227/11845 6208/11846 6211/11847
f 6208/11848 6210/11849 6211/11850
f 6209/11851 6211/11852 6198/11853
f 6211/11854 6214/11855 6198/11856
f 6211/11857 6210/11858 6214/11859
f 6210/11860 6213/11861 6214/11862
f 6217/11863 6215/11864 6219/11865
f 6215/11866 6218/11867 6219/11868
f 6751/11869 6752/11870 6212/11871
f 6752/11872 6223/11873 6212/11874
f 6218/11875 6215/11876 6220/11877
f 6215/11878 6221/11879 6220/11880
f 6216/11881 6222/11882 6221/11883
f 6222/11884 6220/11885 6221/11886
f 6198/11887 6214/11888 6201/11889
f 6214/11890 6202/11891 6201/11892
f 6214/11893 6213/11894 6202/11895
f 6213/11896 6200/11897 6202/11898
f 6204/11899 6753/11900 6205/11901
f 6186/11902 6188/11903 6228/11904
f 6188/11905 6177/11906 6228/11907
f 6183/11908 6177/11909 6189/11910
f 6177/11911 6188/11912 6189/11913
f 6746/11914 6226/11915 6745/11916
f 6226/11917 6230/11918 6745/11919
f 6182/11920 6229/11921 6179/11922
f 6229/11923 6749/11924 6179/11925
f 6178/11926 6185/11927 6182/11928
f 6185/11929 6229/11930 6182/11931
f 6206/11932 6207/11933 6226/11934
f 6207/11935 6230/11936 6226/11937
f 6199/11938 6230/11939 6225/11940
f 6230/11941 6207/11942 6225/11943
f 6231/11944 6093/11945 6238/11946
f 6093/11947 6094/11948 6238/11949
f 6233/11950 6090/11951 6239/11952
f 6090/11953 6091/11954 6239/11955
f 6235/11956 6092/11957 6231/11958
f 6092/11959 6093/11960 6231/11961
f 6239/11962 6091/11963 6235/11964
f 6091/11965 6092/11966 6235/11967
f 6236/11968 6109/11969 6234/11970
f 6109/11971 6089/11972 6234/11973
f 6234/11974 6089/11975 6233/11976
f 6089/11977 6090/11978 6233/11979
f 6237/11980 6095/11981 6232/11982
f 6095/11983 6110/11984 6232/11985
f 6238/11986 6094/11987 6237/11988
f 6094/11989 6095/11990 6237/11991
f 6234/11992 6754/11993 6727/11994
f 6242/11995 6241/11996 6217/11997
f 6241/11998 6753/11999 6217/12000
f 6243/12001 6190/12002 6242/12003
f 6190/12004 6191/12005 6242/12006
f 6219/12007 6243/12008 6217/12009
f 6243/12010 6242/12011 6217/12012
f 6191/12013 6187/12014 6242/12015
f 6187/12016 6241/12017 6242/12018
f 6111/12019 6244/12020 6087/12021
f 6244/12022 6245/12023 6087/12024
f 6116/12025 6107/12026 6115/12027
f 6107/12028 6249/12029 6115/12030
f 6115/12031 6249/12032 6103/12033
f 6249/12034 6250/12035 6103/12036
f 6097/12037 6257/12038 6112/12039
f 6257/12040 6258/12041 6112/12042
f 6098/12043 6256/12044 6097/12045
f 6256/12046 6257/12047 6097/12048
f 6099/12049 6255/12050 6098/12051
f 6255/12052 6256/12053 6098/12054
f 6100/12055 6254/12056 6099/12057
f 6254/12058 6255/12059 6099/12060
f 6101/12061 6253/12062 6100/12063
f 6253/12064 6254/12065 6100/12066
f 6096/12067 6252/12068 6101/12069
f 6252/12070 6253/12071 6101/12072
f 6102/12073 6251/12074 6096/12075
f 6251/12076 6252/12077 6096/12078
f 6103/12079 6250/12080 6102/12081
f 6250/12082 6251/12083 6102/12084
f 6104/12085 6248/12086 6107/12087
f 6248/12088 6249/12089 6107/12090
f 6105/12091 6247/12092 6104/12093
f 6247/12094 6248/12095 6104/12096
f 6113/12097 6246/12098 6105/12099
f 6246/12100 6247/12101 6105/12102
f 6247/12103 6246/12104 6266/12105
f 6246/12106 6263/12107 6266/12108
f 6260/12109 6259/12110 6269/12111
f 6259/12112 6270/12113 6269/12114
f 6248/12115 6247/12116 6265/12117
f 6247/12118 6266/12119 6265/12120
f 6261/12121 6260/12122 6268/12123
f 6260/12124 6269/12125 6268/12126
f 6249/12127 6248/12128 6264/12129
f 6248/12130 6265/12131 6264/12132
f 6262/12133 6261/12134 6267/12135
f 6261/12136 6268/12137 6267/12138
f 6251/12139 6264/12140 6252/12141
f 6264/12142 6262/12143 6252/12144
f 6252/12145 6262/12146 6253/12147
f 6262/12148 6267/12149 6253/12150
f 6267/12151 6255/12152 6253/12153
f 6255/12154 6254/12155 6253/12156
f 6263/12157 6259/12158 6266/12159
f 6259/12160 6260/12161 6266/12162
f 6266/12163 6260/12164 6265/12165
f 6260/12166 6261/12167 6265/12168
f 6265/12169 6261/12170 6264/12171
f 6261/12172 6262/12173 6264/12174
f 6250/12175 6249/12176 6251/12177
f 6249/12178 6264/12179 6251/12180
f 6269/12181 6257/12182 6268/12183
f 6257/12184 6256/12185 6268/12186
f 6270/12187 6258/12188 6269/12189
f 6258/12190 6257/12191 6269/12192
f 6268/12193 6256/12194 6267/12195
f 6256/12196 6255/12197 6267/12198
f 6816/12199 6396/12200 6814/12201
f 6396/12202 6401/12203 6814/12204
f 6636/12205 6052/12206 6815/12207
f 6052/12208 6397/12209 6815/12210
f 6812/12211 6399/12212 6634/12213
f 6399/12214 6048/12215 6634/12216
f 6810/12217 6395/12218 6813/12219
f 6395/12220 6400/12221 6813/12222
f 6814/12223 6401/12224 6811/12225
f 6401/12226 6398/12227 6811/12228
f 6397/12229 6396/12230 6837/12231
f 6396/12232 6816/12233 6837/12234
f 6813/12235 6400/12236 6812/12237
f 6400/12238 6399/12239 6812/12240
f 6811/12241 6398/12242 6810/12243
f 6398/12244 6395/12245 6810/12246
f 6759/12247 6764/12248 6757/12249
f 6764/12250 6766/12251 6757/12252
f 6271/12253 6290/12254 6272/12255
f 6290/12256 6783/12257 6272/12258
f 6575/12259 6758/12260 5930/12261
f 6758/12262 6294/12263 5930/12264
f 6760/12265 6777/12266 6293/12267
f 6777/12268 6782/12269 6293/12270
f 6770/12271 6302/12272 6779/12273
f 6302/12274 6781/12275 6779/12276
f 6769/12277 6301/12278 6770/12279
f 6301/12280 6302/12281 6770/12282
f 6768/12283 6295/12284 6769/12285
f 6295/12286 6301/12287 6769/12288
f 6767/12289 6300/12290 6768/12291
f 6300/12292 6295/12293 6768/12294
f 6763/12295 6299/12296 6767/12297
f 6299/12298 6300/12299 6767/12300
f 6765/12301 6296/12302 6762/12303
f 6296/12304 6297/12305 6762/12306
f 6579/12307 5931/12308 6765/12309
f 5931/12310 6296/12311 6765/12312
f 6761/12313 6298/12314 6763/12315
f 6298/12316 6299/12317 6763/12318
f 6762/12319 6297/12320 6761/12321
f 6297/12322 6298/12323 6761/12324
f 6772/12325 6773/12326 6587/12327
f 6773/12328 6589/12329 6587/12330
f 6771/12331 6774/12332 6772/12333
f 6774/12334 6773/12335 6772/12336
f 6775/12337 6777/12338 6784/12339
f 6777/12340 6760/12341 6784/12342
f 6060/12343 5926/12344 6405/12345
f 5926/12346 6292/12347 6405/12348
f 6292/12349 6290/12350 6405/12351
f 6290/12352 6271/12353 6405/12354
f 6306/12355 6778/12356 6303/12357
f 6778/12358 6780/12359 6303/12360
f 6771/12361 6776/12362 6774/12363
f 6776/12364 6307/12365 6774/12366
f 6790/12367 5943/12368 6789/12369
f 5943/12370 5947/12371 6789/12372
f 6324/12373 6313/12374 6344/12375
f 6313/12376 6334/12377 6344/12378
f 6335/12379 6794/12380 6343/12381
f 6794/12382 6793/12383 6343/12384
f 5949/12385 6799/12386 6628/12387
f 6799/12388 6797/12389 6628/12390
f 6787/12391 6609/12392 6349/12393
f 6609/12394 5974/12395 6349/12396
f 6792/12397 6791/12398 6317/12399
f 6791/12400 6316/12401 6317/12402
f 6317/12403 6316/12404 6801/12405
f 6316/12406 6800/12407 6801/12408
f 6338/12409 6795/12410 6341/12411
f 6795/12412 6796/12413 6341/12414
f 6341/12415 6796/12416 6346/12417
f 6796/12418 6788/12419 6346/12420
f 6323/12421 6311/12422 6324/12423
f 6311/12424 6313/12425 6324/12426
f 6312/12427 6323/12428 6314/12429
f 6323/12430 6324/12431 6314/12432
f 6791/12433 6337/12434 6316/12435
f 6337/12436 6340/12437 6316/12438
f 6789/12439 5947/12440 6802/12441
f 5947/12442 5975/12443 6802/12444
f 6343/12445 6793/12446 6338/12447
f 6793/12448 6795/12449 6338/12450
f 6314/12451 6324/12452 6804/12453
f 6324/12454 6344/12455 6804/12456
f 5988/12457 5950/12458 6807/12459
f 5950/12460 6327/12461 6807/12462
f 6788/12463 6787/12464 6346/12465
f 6787/12466 6349/12467 6346/12468
f 6329/12469 6330/12470 6325/12471
f 6330/12472 6798/12473 6325/12474
f 6326/12475 6328/12476 6329/12477
f 6328/12478 6330/12479 6329/12480
f 6798/12481 6330/12482 6350/12483
f 6328/12484 6809/12485 6330/12486
f 6809/12487 6350/12488 6330/12489
f 6316/12490 6340/12491 6800/12492
f 6340/12493 6347/12494 6800/12495
f 6786/12496 6785/12497 5945/12498
f 6785/12499 5948/12500 5945/12501
f 6320/12502 6331/12503 6321/12504
f 6331/12505 6332/12506 6321/12507
f 6318/12508 6309/12509 6319/12510
f 6309/12511 6308/12512 6319/12513
f 6322/12514 6333/12515 6310/12516
f 6333/12517 6315/12518 6310/12519
f 6321/12520 6332/12521 6322/12522
f 6332/12523 6333/12524 6322/12525
f 6319/12526 6308/12527 6320/12528
f 6308/12529 6331/12530 6320/12531
f 6627/12532 5951/12533 6318/12534
f 5951/12535 6309/12536 6318/12537
f 5975/12538 5991/12539 6802/12540
f 5991/12541 6803/12542 6802/12543
f 5991/12544 5990/12545 6803/12546
f 5990/12547 6335/12548 6803/12549
f 6344/12550 6345/12551 6804/12552
f 6345/12553 6805/12554 6804/12555
f 6345/12556 6343/12557 6805/12558
f 6343/12559 6338/12560 6805/12561
f 6334/12562 6336/12563 6344/12564
f 6336/12565 6345/12566 6344/12567
f 6336/12568 6335/12569 6345/12570
f 6335/12571 6343/12572 6345/12573
f 5974/12574 5989/12575 6349/12576
f 5989/12577 6806/12578 6349/12579
f 5989/12580 5988/12581 6806/12582
f 5988/12583 6807/12584 6806/12585
f 6337/12586 6339/12587 6340/12588
f 6339/12589 6342/12590 6340/12591
f 6339/12592 6338/12593 6342/12594
f 6338/12595 6341/12596 6342/12597
f 6349/12598 6351/12599 6346/12600
f 6351/12601 6808/12602 6346/12603
f 6351/12604 6350/12605 6808/12606
f 6350/12607 6809/12608 6808/12609
f 6340/12610 6342/12611 6347/12612
f 6342/12613 6348/12614 6347/12615
f 6342/12616 6341/12617 6348/12618
f 6341/12619 6346/12620 6348/12621
f 5946/12622 6794/12623 5990/12624
f 6794/12625 6335/12626 5990/12627
f 6825/12628 6823/12629 6374/12630
f 6823/12631 6366/12632 6374/12633
f 6369/12634 6368/12635 6379/12636
f 6368/12637 6367/12638 6379/12639
f 6372/12640 6365/12641 6369/12642
f 6365/12643 6368/12644 6369/12645
f 6379/12646 6367/12647 6831/12648
f 6367/12649 6834/12650 6831/12651
f 6822/12652 6821/12653 6645/12654
f 6821/12655 6642/12656 6645/12657
f 6819/12658 6817/12659 6822/12660
f 6817/12661 6821/12662 6822/12663
f 6363/12664 6364/12665 6820/12666
f 6364/12667 6818/12668 6820/12669
f 6354/12670 6833/12671 6356/12672
f 6833/12673 6829/12674 6356/12675
f 6356/12676 6829/12677 6355/12678
f 6829/12679 6828/12680 6355/12681
f 6355/12682 6828/12683 6352/12684
f 6828/12685 6827/12686 6352/12687
f 6352/12688 6827/12689 6358/12690
f 6827/12691 6826/12692 6358/12693
f 6838/12694 6358/12695 6824/12696
f 6358/12697 6826/12698 6824/12699
f 6387/12700 6836/12701 6385/12702
f 6836/12703 6375/12704 6385/12705
f 6374/12706 6366/12707 6372/12708
f 6366/12709 6365/12710 6372/12711
f 6364/12712 6402/12713 6818/12714
f 6402/12715 6839/12716 6818/12717
f 6825/12718 6374/12719 6836/12720
f 6374/12721 6376/12722 6836/12723
f 6380/12724 6378/12725 6382/12726
f 6378/12727 6835/12728 6382/12729
f 6383/12730 6380/12731 6386/12732
f 6380/12733 6382/12734 6386/12735
f 6371/12736 6388/12737 6375/12738
f 6388/12739 6385/12740 6375/12741
f 6383/12742 6386/12743 6371/12744
f 6386/12745 6388/12746 6371/12747
f 6382/12748 6039/12749 6386/12750
f 6039/12751 6038/12752 6386/12753
f 6372/12754 6373/12755 6374/12756
f 6373/12757 6376/12758 6374/12759
f 6373/12760 6371/12761 6376/12762
f 6371/12763 6375/12764 6376/12765
f 6830/12766 6394/12767 6389/12768
f 6394/12769 6370/12770 6389/12771
f 6391/12772 6832/12773 6378/12774
f 6832/12775 6835/12776 6378/12777
f 6832/12778 6391/12779 6831/12780
f 6831/12781 6391/12782 6379/12783
f 6391/12784 6381/12785 6379/12786
f 6391/12787 6378/12788 6381/12789
f 6378/12790 6380/12791 6381/12792
f 6379/12793 6381/12794 6369/12795
f 6381/12796 6384/12797 6369/12798
f 6381/12799 6380/12800 6384/12801
f 6380/12802 6383/12803 6384/12804
f 6387/12805 6385/12806 6035/12807
f 6385/12808 6034/12809 6035/12810
f 6835/12811 6660/12812 6382/12813
f 6660/12814 6039/12815 6382/12816
f 6034/12817 6385/12818 6036/12819
f 6385/12820 6388/12821 6036/12822
f 6386/12823 6038/12824 6388/12825
f 6038/12826 6036/12827 6388/12828
f 6369/12829 6384/12830 6372/12831
f 6384/12832 6373/12833 6372/12834
f 6384/12835 6383/12836 6373/12837
f 6383/12838 6371/12839 6373/12840
f 6375/12841 6836/12842 6376/12843
f 6359/12844 6361/12845 6392/12846
f 6361/12847 6353/12848 6392/12849
f 5999/12850 6353/12851 6005/12852
f 6353/12853 6361/12854 6005/12855
f 6654/12856 6042/12857 6830/12858
f 6042/12859 6394/12860 6830/12861
f 6357/12862 6393/12863 6354/12864
f 6393/12865 6833/12866 6354/12867
f 5994/12868 6001/12869 6357/12870
f 6001/12871 6393/12872 6357/12873
f 6022/12874 6377/12875 6042/12876
f 6377/12877 6394/12878 6042/12879
f 6370/12880 6394/12881 6390/12882
f 6394/12883 6377/12884 6390/12885
f 6395/12886 6277/12887 6400/12888
f 6277/12889 6278/12890 6400/12891
f 6396/12892 6274/12893 6401/12894
f 6274/12895 6275/12896 6401/12897
f 6398/12898 6276/12899 6395/12900
f 6276/12901 6277/12902 6395/12903
f 6401/12904 6275/12905 6398/12906
f 6275/12907 6276/12908 6398/12909
f 6052/12910 5921/12911 6397/12912
f 5921/12913 6273/12914 6397/12915
f 6397/12916 6273/12917 6396/12918
f 6273/12919 6274/12920 6396/12921
f 6399/12922 6279/12923 6048/12924
f 6279/12925 5922/12926 6048/12927
f 6400/12928 6278/12929 6399/12930
f 6278/12931 6279/12932 6399/12933
f 6397/12934 6837/12935 6815/12936
f 6404/12937 6403/12938 6387/12939
f 6403/12940 6836/12941 6387/12942
f 6059/12943 6006/12944 6404/12945
f 6006/12946 6362/12947 6404/12948
f 6035/12949 6059/12950 6387/12951
f 6059/12952 6404/12953 6387/12954
f 6362/12955 6360/12956 6404/12957
f 6360/12958 6403/12959 6404/12960
f 5923/12961 6060/12962 6271/12963
f 6060/12964 6405/12965 6271/12966
f 6305/12967 6291/12968 6304/12969
f 6291/12970 6408/12971 6304/12972
f 6304/12973 6408/12974 6287/12975
f 6408/12976 6409/12977 6287/12978
f 6281/12979 6416/12980 5924/12981
f 6416/12982 6074/12983 5924/12984
f 6282/12985 6415/12986 6281/12987
f 6415/12988 6416/12989 6281/12990
f 6283/12991 6414/12992 6282/12993
f 6414/12994 6415/12995 6282/12996
f 6284/12997 6413/12998 6283/12999
f 6413/13000 6414/13001 6283/13002
f 6285/13003 6412/13004 6284/13005
f 6412/13006 6413/13007 6284/13008
f 6280/13009 6411/13010 6285/13011
f 6411/13012 6412/13013 6285/13014
f 6286/13015 6410/13016 6280/13017
f 6410/13018 6411/13019 6280/13020
f 6287/13021 6409/13022 6286/13023
f 6409/13024 6410/13025 6286/13026
f 6288/13027 6407/13028 6291/13029
f 6407/13030 6408/13031 6291/13032
f 6289/13033 6406/13034 6288/13035
f 6406/13036 6407/13037 6288/13038
f 5925/13039 6062/13040 6289/13041
f 6062/13042 6406/13043 6289/13044
f 6406/13045 6062/13046 6422/13047
f 6062/13048 6079/13049 6422/13050
f 6417/13051 6075/13052 6425/13053
f 6075/13054 6086/13055 6425/13056
f 6407/13057 6406/13058 6421/13059
f 6406/13060 6422/13061 6421/13062
f 6418/13063 6417/13064 6424/13065
f 6417/13066 6425/13067 6424/13068
f 6408/13069 6407/13070 6420/13071
f 6407/13072 6421/13073 6420/13074
f 6419/13075 6418/13076 6423/13077
f 6418/13078 6424/13079 6423/13080
f 6410/13081 6420/13082 6411/13083
f 6420/13084 6419/13085 6411/13086
f 6411/13087 6419/13088 6412/13089
f 6419/13090 6423/13091 6412/13092
f 6423/13093 6414/13094 6412/13095
f 6414/13096 6413/13097 6412/13098
f 6079/13099 6075/13100 6422/13101
f 6075/13102 6417/13103 6422/13104
f 6422/13105 6417/13106 6421/13107
f 6417/13108 6418/13109 6421/13110
f 6421/13111 6418/13112 6420/13113
f 6418/13114 6419/13115 6420/13116
f 6409/13117 6408/13118 6410/13119
f 6408/13120 6420/13121 6410/13122
f 6425/13123 6416/13124 6424/13125
f 6416/13126 6415/13127 6424/13128
f 6086/13129 6074/13130 6425/13131
f 6074/13132 6416/13133 6425/13134
f 6424/13135 6415/13136 6423/13137
f 6415/13138 6414/13139 6423/13140
f 6895/13141 6893/13142 6539/13143
f 6893/13144 6544/13145 6539/13146
f 6728/13147 6894/13148 6236/13149
f 6894/13150 6540/13151 6236/13152
f 6891/13153 6726/13154 6542/13155
f 6726/13156 6232/13157 6542/13158
f 6889/13159 6892/13160 6538/13161
f 6892/13162 6543/13163 6538/13164
f 6893/13165 6890/13166 6544/13167
f 6890/13168 6541/13169 6544/13170
f 6540/13171 6916/13172 6539/13173
f 6916/13174 6895/13175 6539/13176
f 6892/13177 6891/13178 6543/13179
f 6891/13180 6542/13181 6543/13182
f 6890/13183 6889/13184 6541/13185
f 6889/13186 6538/13187 6541/13188
f 6842/13189 6840/13190 6764/13191
f 6840/13192 6766/13193 6764/13194
f 6426/13195 6427/13196 6445/13197
f 6427/13198 6862/13199 6445/13200
f 6671/13201 5930/13202 6841/13203
f 5930/13204 6294/13205 6841/13206
f 6843/13207 6293/13208 6858/13209
f 6293/13210 6782/13211 6858/13212
f 6851/13213 6860/13214 6302/13215
f 6860/13216 6781/13217 6302/13218
f 6850/13219 6851/13220 6301/13221
f 6851/13222 6302/13223 6301/13224
f 6849/13225 6850/13226 6295/13227
f 6850/13228 6301/13229 6295/13230
f 6848/13231 6849/13232 6300/13233
f 6849/13234 6295/13235 6300/13236
f 6846/13237 6848/13238 6299/13239
f 6848/13240 6300/13241 6299/13242
f 6847/13243 6845/13244 6296/13245
f 6845/13246 6297/13247 6296/13248
f 6674/13249 6847/13250 5931/13251
f 6847/13252 6296/13253 5931/13254
f 6844/13255 6846/13256 6298/13257
f 6846/13258 6299/13259 6298/13260
f 6845/13261 6844/13262 6297/13263
f 6844/13264 6298/13265 6297/13266
f 6853/13267 6681/13268 6854/13269
f 6681/13270 6683/13271 6854/13272
f 6852/13273 6853/13274 6855/13275
f 6853/13276 6854/13277 6855/13278
f 6856/13279 6863/13280 6858/13281
f 6863/13282 6843/13283 6858/13284
f 6244/13285 6548/13286 6114/13287
f 6548/13288 6447/13289 6114/13290
f 6447/13291 6548/13292 6445/13293
f 6548/13294 6426/13295 6445/13296
f 6306/13297 6303/13298 6859/13299
f 6303/13300 6861/13301 6859/13302
f 6852/13303 6855/13304 6857/13305
f 6855/13306 6450/13307 6857/13308
f 6869/13309 6868/13310 6127/13311
f 6868/13312 6131/13313 6127/13314
f 6467/13315 6487/13316 6456/13317
f 6487/13318 6477/13319 6456/13320
f 6478/13321 6486/13322 6873/13323
f 6486/13324 6872/13325 6873/13326
f 6133/13327 6720/13328 6878/13329
f 6720/13330 6876/13331 6878/13332
f 6866/13333 6492/13334 6701/13335
f 6492/13336 6158/13337 6701/13338
f 6871/13339 6460/13340 6870/13341
f 6460/13342 6459/13343 6870/13344
f 6460/13345 6880/13346 6459/13347
f 6880/13348 6879/13349 6459/13350
f 6481/13351 6484/13352 6874/13353
f 6484/13354 6875/13355 6874/13356
f 6484/13357 6489/13358 6875/13359
f 6489/13360 6867/13361 6875/13362
f 6466/13363 6467/13364 6454/13365
f 6467/13366 6456/13367 6454/13368
f 6455/13369 6457/13370 6466/13371
f 6457/13372 6467/13373 6466/13374
f 6870/13375 6459/13376 6480/13377
f 6459/13378 6483/13379 6480/13380
f 6868/13381 6881/13382 6131/13383
f 6881/13384 6159/13385 6131/13386
f 6486/13387 6481/13388 6872/13389
f 6481/13390 6874/13391 6872/13392
f 6457/13393 6883/13394 6467/13395
f 6883/13396 6487/13397 6467/13398
f 6172/13399 6886/13400 6134/13401
f 6886/13402 6470/13403 6134/13404
f 6867/13405 6489/13406 6866/13407
f 6489/13408 6492/13409 6866/13410
f 6472/13411 6468/13412 6473/13413
f 6468/13414 6877/13415 6473/13416
f 6469/13417 6472/13418 6471/13419
f 6472/13420 6473/13421 6471/13422
f 6877/13423 6493/13424 6473/13425
f 6471/13426 6473/13427 6888/13428
f 6473/13429 6493/13430 6888/13431
f 6459/13432 6879/13433 6483/13434
f 6879/13435 6490/13436 6483/13437
f 6865/13438 6129/13439 6864/13440
f 6129/13441 6132/13442 6864/13443
f 6463/13444 6464/13445 6474/13446
f 6464/13447 6475/13448 6474/13449
f 6461/13450 6462/13451 6452/13452
f 6462/13453 6451/13454 6452/13455
f 6465/13456 6453/13457 6476/13458
f 6453/13459 6458/13460 6476/13461
f 6464/13462 6465/13463 6475/13464
f 6465/13465 6476/13466 6475/13467
f 6462/13468 6463/13469 6451/13470
f 6463/13471 6474/13472 6451/13473
f 6719/13474 6461/13475 6135/13476
f 6461/13477 6452/13478 6135/13479
f 6159/13480 6881/13481 6175/13482
f 6881/13483 6882/13484 6175/13485
f 6175/13486 6882/13487 6174/13488
f 6882/13489 6478/13490 6174/13491
f 6487/13492 6883/13493 6488/13494
f 6883/13495 6884/13496 6488/13497
f 6488/13498 6884/13499 6486/13500
f 6884/13501 6481/13502 6486/13503
f 6477/13504 6487/13505 6479/13506
f 6487/13507 6488/13508 6479/13509
f 6479/13510 6488/13511 6478/13512
f 6488/13513 6486/13514 6478/13515
f 6158/13516 6492/13517 6173/13518
f 6492/13519 6885/13520 6173/13521
f 6173/13522 6885/13523 6172/13524
f 6885/13525 6886/13526 6172/13527
f 6480/13528 6483/13529 6482/13530
f 6483/13531 6485/13532 6482/13533
f 6482/13534 6485/13535 6481/13536
f 6485/13537 6484/13538 6481/13539
f 6492/13540 6489/13541 6494/13542
f 6489/13543 6887/13544 6494/13545
f 6494/13546 6887/13547 6493/13548
f 6887/13549 6888/13550 6493/13551
f 6483/13552 6490/13553 6485/13554
f 6490/13555 6491/13556 6485/13557
f 6485/13558 6491/13559 6484/13560
f 6491/13561 6489/13562 6484/13563
f 6130/13564 6174/13565 6873/13566
f 6174/13567 6478/13568 6873/13569
f 6904/13570 6517/13571 6902/13572
f 6517/13573 6509/13574 6902/13575
f 6512/13576 6522/13577 6511/13578
f 6522/13579 6510/13580 6511/13581
f 6515/13582 6512/13583 6508/13584
f 6512/13585 6511/13586 6508/13587
f 6522/13588 6910/13589 6510/13590
f 6910/13591 6913/13592 6510/13593
f 6901/13594 6737/13595 6900/13596
f 6737/13597 6734/13598 6900/13599
f 6898/13600 6901/13601 6896/13602
f 6901/13603 6900/13604 6896/13605
f 6506/13606 6899/13607 6507/13608
f 6899/13609 6897/13610 6507/13611
f 6497/13612 6499/13613 6912/13614
f 6499/13615 6908/13616 6912/13617
f 6499/13618 6498/13619 6908/13620
f 6498/13621 6907/13622 6908/13623
f 6498/13624 6495/13625 6907/13626
f 6495/13627 6906/13628 6907/13629
f 6495/13630 6501/13631 6906/13632
f 6501/13633 6905/13634 6906/13635
f 6917/13636 6903/13637 6501/13638
f 6903/13639 6905/13640 6501/13641
f 6530/13642 6528/13643 6915/13644
f 6528/13645 6518/13646 6915/13647
f 6517/13648 6515/13649 6509/13650
f 6515/13651 6508/13652 6509/13653
f 6507/13654 6897/13655 6545/13656
f 6897/13657 6918/13658 6545/13659
f 6904/13660 6915/13661 6517/13662
f 6915/13663 6519/13664 6517/13665
f 6523/13666 6525/13667 6521/13668
f 6525/13669 6914/13670 6521/13671
f 6526/13672 6529/13673 6523/13674
f 6529/13675 6525/13676 6523/13677
f 6514/13678 6518/13679 6531/13680
f 6518/13681 6528/13682 6531/13683
f 6526/13684 6514/13685 6529/13686
f 6514/13687 6531/13688 6529/13689
f 6525/13690 6529/13691 6223/13692
f 6529/13693 6222/13694 6223/13695
f 6515/13696 6517/13697 6516/13698
f 6517/13699 6519/13700 6516/13701
f 6516/13702 6519/13703 6514/13704
f 6519/13705 6518/13706 6514/13707
f 6909/13708 6532/13709 6537/13710
f 6532/13711 6513/13712 6537/13713
f 6534/13714 6521/13715 6911/13716
f 6521/13717 6914/13718 6911/13719
f 6911/13720 6910/13721 6534/13722
f 6910/13723 6522/13724 6534/13725
f 6522/13726 6524/13727 6534/13728
f 6534/13729 6524/13730 6521/13731
f 6524/13732 6523/13733 6521/13734
f 6522/13735 6512/13736 6524/13737
f 6512/13738 6527/13739 6524/13740
f 6524/13741 6527/13742 6523/13743
f 6527/13744 6526/13745 6523/13746
f 6530/13747 6219/13748 6528/13749
f 6219/13750 6218/13751 6528/13752
f 6914/13753 6525/13754 6752/13755
f 6525/13756 6223/13757 6752/13758
f 6218/13759 6220/13760 6528/13761
f 6220/13762 6531/13763 6528/13764
f 6529/13765 6531/13766 6222/13767
f 6531/13768 6220/13769 6222/13770
f 6512/13771 6515/13772 6527/13773
f 6515/13774 6516/13775 6527/13776
f 6527/13777 6516/13778 6526/13779
f 6516/13780 6514/13781 6526/13782
f 6518/13783 6519/13784 6915/13785
f 6502/13786 6535/13787 6504/13788
f 6535/13789 6496/13790 6504/13791
f 6183/13792 6189/13793 6496/13794
f 6189/13795 6504/13796 6496/13797
f 6746/13798 6909/13799 6226/13800
f 6909/13801 6537/13802 6226/13803
f 6500/13804 6497/13805 6536/13806
f 6497/13807 6912/13808 6536/13809
f 6178/13810 6500/13811 6185/13812
f 6500/13813 6536/13814 6185/13815
f 6206/13816 6226/13817 6520/13818
f 6226/13819 6537/13820 6520/13821
f 6513/13822 6533/13823 6537/13824
f 6533/13825 6520/13826 6537/13827
f 6538/13828 6543/13829 6432/13830
f 6543/13831 6433/13832 6432/13833
f 6539/13834 6544/13835 6429/13836
f 6544/13837 6430/13838 6429/13839
f 6541/13840 6538/13841 6431/13842
f 6538/13843 6432/13844 6431/13845
f 6544/13846 6541/13847 6430/13848
f 6541/13849 6431/13850 6430/13851
f 6236/13852 6540/13853 6109/13854
f 6540/13855 6428/13856 6109/13857
f 6540/13858 6539/13859 6428/13860
f 6539/13861 6429/13862 6428/13863
f 6542/13864 6232/13865 6434/13866
f 6232/13867 6110/13868 6434/13869
f 6543/13870 6542/13871 6433/13872
f 6542/13873 6434/13874 6433/13875
f 6540/13876 6894/13877 6916/13878
f 6547/13879 6530/13880 6546/13881
f 6530/13882 6915/13883 6546/13884
f 6243/13885 6547/13886 6190/13887
f 6547/13888 6505/13889 6190/13890
f 6219/13891 6530/13892 6243/13893
f 6530/13894 6547/13895 6243/13896
f 6505/13897 6547/13898 6503/13899
f 6547/13900 6546/13901 6503/13902
f 6111/13903 6426/13904 6244/13905
f 6426/13906 6548/13907 6244/13908
f 6449/13909 6448/13910 6446/13911
f 6448/13912 6551/13913 6446/13914
f 6448/13915 6442/13916 6551/13917
f 6442/13918 6552/13919 6551/13920
f 6436/13921 6112/13922 6559/13923
f 6112/13924 6258/13925 6559/13926
f 6437/13927 6436/13928 6558/13929
f 6436/13930 6559/13931 6558/13932
f 6438/13933 6437/13934 6557/13935
f 6437/13936 6558/13937 6557/13938
f 6439/13939 6438/13940 6556/13941
f 6438/13942 6557/13943 6556/13944
f 6440/13945 6439/13946 6555/13947
f 6439/13948 6556/13949 6555/13950
f 6435/13951 6440/13952 6554/13953
f 6440/13954 6555/13955 6554/13956
f 6441/13957 6435/13958 6553/13959
f 6435/13960 6554/13961 6553/13962
f 6442/13963 6441/13964 6552/13965
f 6441/13966 6553/13967 6552/13968
f 6443/13969 6446/13970 6550/13971
f 6446/13972 6551/13973 6550/13974
f 6444/13975 6443/13976 6549/13977
f 6443/13978 6550/13979 6549/13980
f 6113/13981 6444/13982 6246/13983
f 6444/13984 6549/13985 6246/13986
f 6549/13987 6565/13988 6246/13989
f 6565/13990 6263/13991 6246/13992
f 6560/13993 6568/13994 6259/13995
f 6568/13996 6270/13997 6259/13998
f 6550/13999 6564/14000 6549/14001
f 6564/14002 6565/14003 6549/14004
f 6561/14005 6567/14006 6560/14007
f 6567/14008 6568/14009 6560/14010
f 6551/14011 6563/14012 6550/14013
f 6563/14014 6564/14015 6550/14016
f 6562/14017 6566/14018 6561/14019
f 6566/14020 6567/14021 6561/14022
f 6553/14023 6554/14024 6563/14025
f 6554/14026 6562/14027 6563/14028
f 6554/14029 6555/14030 6562/14031
f 6555/14032 6566/14033 6562/14034
f 6566/14035 6555/14036 6557/14037
f 6555/14038 6556/14039 6557/14040
f 6263/14041 6565/14042 6259/14043
f 6565/14044 6560/14045 6259/14046
f 6565/14047 6564/14048 6560/14049
f 6564/14050 6561/14051 6560/14052
f 6564/14053 6563/14054 6561/14055
f 6563/14056 6562/14057 6561/14058
f 6552/14059 6553/14060 6551/14061
f 6553/14062 6563/14063 6551/14064
f 6568/14065 6567/14066 6559/14067
f 6567/14068 6558/14069 6559/14070
f 6270/14071 6568/14072 6258/14073
f 6568/14074 6559/14075 6258/14076
f 6567/14077 6566/14078 6558/14079
f 6566/14080 6557/14081 6558/14082
o Part.9
v -5.8 10.452 -1.7
v -5.8 13.3 -1.7
v -3 13.3 -1.7
v -4 9.6 -1.7
v -4.918 9.783 -1.7
v -5.703 10.301 -1.7
v -4 14.486 -1.7
v -6.212 11.074 -1.7
v -3.519 14.357 -1.7
v -6.4 12.131 -1.7
v -4.481 14.357 -1.7
v -4 6.4 -2
v -4.918 6.217 -2
v -5.697 5.697 -2
v -6.217 4.918 -2
v -6.4 4 -2
v -6.217 3.082 -2
v -5.697 2.303 -2
v -4.918 1.783 -2
v -4 1.6 -2
v -3.082 1.783 -2
v -2.303 2.303 -2
v -1.783 3.082 -2
v -1.6 4 -2
v -1.783 4.918 -2
v -2.303 5.697 -2
v -3.082 6.217 -2
v -4 6.4 -3.6
v -4.918 6.217 -3.6
v -5.697 5.697 -3.6
v -6.217 4.918 -3.6
v -6.4 4 -3.6
v -6.217 3.082 -3.6
v -5.697 2.303 -3.6
v -4.918 1.783 -3.6
v -4 1.6 -3.6
v -3.082 1.783 -3.6
v -2.303 2.303 -3.6
v -1.783 3.082 -3.6
v -1.6 4 -3.6
v -1.783 4.918 -3.6
v -2.303 5.697 -3.6
v -3.082 6.217 -3.6
v -5.697 10.303 1.881
v -4.918 9.783 1.541
v -4 9.6 1.311
v -3.082 9.783 1.541
v -4 14.486 -1.393
v -4.634 14.316 -1.797
v -5.702 13.743 -2.545
v -6.2 12.998 -3.117
v -6.4 12.131 -3.476
v -6.212 11.074 -3.6
v -5.703 10.301 -3.6
v -4.918 9.783 -3.6
v -4 9.6 -3.6
v -3.082 9.783 -3.6
v -2.3 10.301 -3.6
v -1.781 11.08 -3.6
v -1.6 12.131 -3.476
v -1.792 12.998 -3.117
v -2.298 13.743 -2.545
v -3.366 14.316 -1.797
v -0.84 11.2 -3.6
v -0.84 8.237 2
v -0.84 8.656 2.543
v -0.84 9.401 3.115
v -0.84 10.268 3.474
v -0.84 11.2 3.597
v -0.84 12.131 3.474
v -0.84 12.998 3.115
v -0.84 13.743 2.543
v -0.84 14.315 1.798
v -0.84 14.675 0.93
v -0.84 14.8 0
v -0.84 14.675 -0.932
v -0.84 14.315 -1.798
v -0.84 13.743 -2.545
v -0.84 12.998 -3.117
v -0.84 12.131 -3.476
v -7.319 11.2 -3.599
v -7.406 8.656 2.543
v -7.381 9.401 3.115
v -7.319 11.2 3.597
v -7.287 12.131 3.474
v -7.233 13.743 2.543
v -7.2 14.675 0.93
v -7.2 14.675 -0.932
v -7.208 14.315 -1.798
v -7.233 13.743 -2.545
v -7.258 12.998 -3.117
v -7.287 12.131 -3.476
v -0.84 7.935 2
v -0.84 7.42 0.806
v -0.84 7.301 0
v -0.84 7.427 -0.932
v -0.84 7.74 -1.85
v -0.84 8.224 -2.545
v -0.84 8.808 -3.117
v -0.84 9.264 -3.481
v -0.84 9.482 -3.6
v -0.5 9.482 -3.6
v -0.5 9.264 -3.481
v -0.5 8.808 -3.117
v -0.5 8.224 -2.545
v -0.5 7.74 -1.85
v -0.5 7.427 -0.932
v -0.5 7.301 0
v -0.5 7.42 0.806
v -0.5 7.935 2
v -0.5 0.02 -3.6
v -7.7 0.02 -3.6
v -7.7 0.02 4.36
v -1.6 0.02 2.8
v -0.5 3.2 2
v -7.592 3.2 2
v -0.5 3.2 4.36
v -0.5 0.02 4.36
v -1.6 0.02 -2
v -3 10.741 -1.109
v -3 10.351 -0.849
v -3 10.091 -0.459
v -3 10 0
v -3 10.091 0.459
v -3 10.351 0.849
v -3 10.741 1.109
v -3 11.2 1.2
v -3 11.659 1.109
v -3 12.049 0.849
v -3 12.309 0.459
v -3 12.4 0
v -3 12.309 -0.459
v -3 12.049 -0.849
v -3 11.659 -1.109
v -3 11.2 -1.2
v -7.42 8.237 2
v -7.351 10.268 3.474
v -7.258 12.998 3.115
v -7.213 14.315 1.798
v -7.197 14.8 0
v -7.592 3.2 4.36
v -6.4 0.02 -2
v -6.4 0.02 2.8
v -6.4 2 1.2
v -6.4 2 2.8
v -1.6 2 1.2
v -1.6 2 2.8
v -1.6 9 -2
v -1.6 9 1.2
v -6.4 9 -2
v -6.4 9 1.2
v -5.8 12.758 1.393
v -5.8 10.452 1.921
v -5.8 12 1.936
v -2.298 13.743 -1.7
v -1.781 11.08 -1.7
v -1.6 12.096 -1.7
v -1.791 12.955 -1.7
v -3.082 9.783 -1.7
v -6.2 12.998 -1.7
v -0.84 11.2 -1.2
v -0.84 11.659 -1.109
v -0.84 12.049 -0.849
v -0.84 12.309 -0.459
v -0.84 12.4 0
v -0.84 12.309 0.459
v -0.84 12.049 0.849
v -0.84 11.659 1.109
v -0.84 11.2 1.2
v -0.84 10.741 1.109
v -0.84 10.351 0.849
v -0.84 10.091 0.459
v -0.84 10 0
v -0.84 10.091 -0.459
v -0.84 10.351 -0.849
v -0.84 10.741 -1.109
v -2.02 13.3 -1.7
v -2.3 10.301 -1.7
v -3 9.838 -1.7
v -5.702 13.743 -1.7
v -4.634 14.316 -1.7
v -3.366 14.316 -1.7
v -5.8 13.3 0.699
v -3 13.3 0.699
v -5.8 11.082 2.074
v -3 9.835 1.574
v -3 10.303 1.881
v -3 11.082 2.074
v -3 12 1.936
v -3 12.758 1.393
v -5.8 10.452 -1.7
v -5.8 10.452 -1.7
v -5.8 13.3 -1.7
v -5.8 13.3 -1.7
v -4 14.486 -1.7
v -3.519 14.357 -1.7
v -3.519 14.357 -1.7
v -3.519 14.357 -1.7
v -4.481 14.357 -1.7
v -4.481 14.357 -1.7
v -4.481 14.357 -1.7
v -4 14.486 -1.393
v -6.2 12.998 -1.7
v -5.702 13.743 -1.7
v -3 13.3 -1.7
v -3 13.3 -1.7
v -3 9.838 -1.7
v -3 9.838 -1.7
v -4 6.4 -2
v -4.918 6.217 -2
v -5.697 5.697 -2
v -6.217 4.918 -2
v -6.4 4 -2
v -6.4 4 -2
v -6.4 4 -2
v -6.217 3.082 -2
v -5.697 2.303 -2
v -4.918 1.783 -2
v -4 1.6 -2
v -3.082 1.783 -2
v -2.303 2.303 -2
v -1.783 3.082 -2
v -1.6 4 -2
v -1.6 4 -2
v -1.6 4 -2
v -1.783 4.918 -2
v -2.303 5.697 -2
v -3.082 6.217 -2
v -4 6.4 -3.6
v -4.918 6.217 -3.6
v -5.697 5.697 -3.6
v -6.217 4.918 -3.6
v -6.4 4 -3.6
v -6.217 3.082 -3.6
v -5.697 2.303 -3.6
v -4.918 1.783 -3.6
v -4 1.6 -3.6
v -3.082 1.783 -3.6
v -2.303 2.303 -3.6
v -1.783 3.082 -3.6
v -1.6 4 -3.6
v -1.783 4.918 -3.6
v -2.303 5.697 -3.6
v -3.082 6.217 -3.6
v -5.697 10.303 1.881
v -4.918 9.783 1.541
v -4 9.6 1.311
v -3.082 9.783 1.541
v -4.634 14.316 -1.797
v -5.702 13.743 -2.545
v -6.2 12.998 -3.117
v -6.4 12.131 -3.476
v -6.212 11.074 -3.6
v -5.703 10.301 -3.6
v -4.918 9.783 -3.6
v -4 9.6 -3.6
v -3.082 9.783 -3.6
v -2.3 10.301 -3.6
v -1.781 11.08 -3.6
v -1.6 12.131 -3.476
v -1.792 12.998 -3.117
v -2.298 13.743 -2.545
v -3.366 14.316 -1.797
v -7.197 14.8 0
v -7.2 14.675 -0.932
v -7.213 14.315 1.798
v -7.2 14.675 0.93
v -7.258 12.998 3.115
v -7.233 13.743 2.543
v -7.351 10.268 3.474
v -7.319 11.2 3.597
v -7.42 8.237 2
v -7.42 8.237 2
v -7.406 8.656 2.543
v -0.84 8.237 2
v -0.84 8.237 2
v -0.84 8.656 2.543
v -0.84 9.401 3.115
v -7.381 9.401 3.115
v -0.84 10.268 3.474
v -0.84 11.2 3.597
v -0.84 12.131 3.474
v -7.287 12.131 3.474
v -0.84 12.998 3.115
v -0.84 13.743 2.543
v -0.84 14.315 1.798
v -0.84 14.675 0.93
v -0.84 14.8 0
v -0.84 14.675 -0.932
v -0.84 14.315 -1.798
v -7.208 14.315 -1.798
v -0.84 13.743 -2.545
v -7.233 13.743 -2.545
v -0.84 12.998 -3.117
v -7.258 12.998 -3.117
v -0.84 12.131 -3.476
v -7.287 12.131 -3.476
v -0.84 11.2 -3.6
v -7.319 11.2 -3.599
v -0.84 7.935 2
v -0.84 7.935 2
v -0.84 7.42 0.806
v -0.84 7.301 0
v -0.84 7.427 -0.932
v -0.84 7.74 -1.85
v -0.84 8.224 -2.545
v -7.7 0.02 -3.6
v -7.7 0.02 -3.6
v -0.84 8.808 -3.117
v -0.84 9.264 -3.481
v -0.84 9.482 -3.6
v -0.84 9.482 -3.6
v -0.5 9.482 -3.6
v -0.5 9.482 -3.6
v -0.5 9.264 -3.481
v -0.5 8.808 -3.117
v -0.5 8.224 -2.545
v -0.5 7.74 -1.85
v -0.5 7.427 -0.932
v -0.5 7.301 0
v -0.5 7.42 0.806
v -0.5 7.935 2
v -0.5 7.935 2
v -1.6 0.02 2.8
v -1.6 0.02 2.8
v -1.6 0.02 -2
v -1.6 0.02 -2
v -0.5 3.2 2
v -0.5 3.2 2
v -0.5 3.2 4.36
v -0.5 3.2 4.36
v -0.5 0.02 4.36
v -0.5 0.02 4.36
v -0.5 0.02 -3.6
v -0.5 0.02 -3.6
v -3 11.2 -1.2
v -3 10.741 -1.109
v -3 10.351 -0.849
v -3 10.091 -0.459
v -3 10 0
v -3 10.091 0.459
v -3 10.351 0.849
v -3 10.741 1.109
v -3 11.2 1.2
v -3 11.659 1.109
v -3 12.049 0.849
v -3 12.309 0.459
v -3 12.4 0
v -3 12.309 -0.459
v -3 12.049 -0.849
v -3 11.659 -1.109
v -6.4 0.02 -2
v -6.4 0.02 -2
v -7.592 3.2 4.36
v -7.592 3.2 4.36
v -7.592 3.2 2
v -7.592 3.2 2
v -6.4 2 1.2
v -6.4 2 1.2
v -6.4 2 2.8
v -6.4 2 2.8
v -1.6 2 2.8
v -1.6 2 2.8
v -1.6 2 1.2
v -1.6 2 1.2
v -1.6 9 1.2
v -1.6 9 1.2
v -6.4 9 1.2
v -6.4 9 1.2
v -1.6 9 -2
v -1.6 9 -2
v -6.4 9 -2
v -6.4 9 -2
v -6.4 0.02 2.8
v -6.4 0.02 2.8
v -7.7 0.02 4.36
v -7.7 0.02 4.36
v -5.8 10.452 1.921
v -5.8 10.452 1.921
v -5.8 11.082 2.074
v -5.8 12 1.936
v -5.8 12.758 1.393
v -3 9.835 1.574
v -3 9.835 1.574
v -2.298 13.743 -1.7
v -2.02 13.3 -1.7
v -1.791 12.955 -1.7
v -1.781 11.08 -1.7
v -2.3 10.301 -1.7
v -1.6 12.096 -1.7
v -3.366 14.316 -1.7
v -6.4 12.131 -1.7
v -6.212 11.074 -1.7
v -4.634 14.316 -1.7
v -0.84 11.659 -1.109
v -0.84 11.2 -1.2
v -0.84 12.049 -0.849
v -0.84 12.309 -0.459
v -0.84 12.4 0
v -0.84 12.309 0.459
v -0.84 12.049 0.849
v -0.84 11.659 1.109
v -0.84 11.2 1.2
v -0.84 10.741 1.109
v -0.84 10.351 0.849
v -0.84 10.091 0.459
v -0.84 10 0
v -0.84 10.091 -0.459
v -0.84 10.351 -0.849
v -0.84 10.741 -1.109
v -5.8 13.3 0.699
v -5.8 13.3 0.699
v -3 13.3 0.699
v -3 13.3 0.699
v -3 12.758 1.393
v -3 12 1.936
v -3 11.082 2.074
v -3 10.303 1.881
vt 1 1
vt 1 1
vt 1 1
vt 1 1
vt 1 1
vt 1 1
vt 1 1
vt 1 1
vt 1 1
vt 1 1
vt 1 1
vt 1 1
vt 1 1
vt 1 1
vt 1 1
vt 1 1
vt 1 1
vt 1 1
vt 1 1
vt 1 1
vt 1 1
vt 1 1
vt 1 1
vt 1 1
vt 1 1
vt 1 1
vt 1 1
vt 1 1
vt 1 1
vt 1 1
vt 1 1
vt 1 1
vt 1 1
vt 0.625 0.831
vt 0.619 0.811
vt 0.625 0.831
vt 1 1
vt 1 1
vt 1 1
vt 1 1
vt 1 1
vt 1 1
vt 1 1
vt 1 1
vt 1 1
vt 1 1
vt 1 1
vt 1 1
vt 1 1
vt 1 1
vt 1 1
vt 1 1
vt 1 1
vt 1 1
vt 1 1
vt 1 1
vt 1 1
vt 1 1
vt 1 1
vt 1 1
vt 1 1
vt 1 1
vt 1 1
vt 1 1
vt 1 1
vt 1 1
vt 1 1
vt 1 1
vt 1 1
vt 1 1
vt 1 1
vt 1 1
vt 1 1
vt 1 1
vt 1 1
vt 1 1
vt 1 1
vt 1 1
vt 1 1
vt 1 1
vt 1 1
vt 1 1
vt 1 1
vt 1 1
vt 1 1
vt 1 1
vt 1 1
vt 1 1
vt 1 1
vt 1 1
vt 1 1
vt 1 1
vt 1 1
vt 1 1
vt 1 1
vt 1 1
vt 1 1
vt 1 1
vt 1 1
vt 1 1
vt 1 1
vt 1 1
vt 1 1
vt 1 1
vt 1 1
vt 1 1
vt 1 1
vt 1 1
vt 1 1
vt 1 1
vt 1 1
vt 1 1
vt 1 1
vt 1 1
vt 1 1
vt 1 1
vt 1 1
vt 1 1
vt 1 1
vt 1 1
vt 1 1
vt 1 1
vt 1 1
vt 1 1
vt 1 1
vt 1 1
vt 1 1
vt 1 1
vt 1 1
vt 1 1
vt 1 1
vt 1 1
vt 0.341 0.017
vt 0.341 0.149
vt 0.009 0.017
vt 0.341 0.149
vt 0.242 0.149
vt 0.009 0.017
vt 0.637 0.346
vt 0.363 0.359
vt 0.651 0.149
vt 0.363 0.359
vt 0.356 0.149
vt 0.651 0.149
vt 0.363 0.376
vt 0.363 0.359
vt 0.637 0.376
vt 0.363 0.359
vt 0.637 0.359
vt 0.637 0.376
vt 0.366 0.443
vt 0.364 0.407
vt 0.637 0.443
vt 0.364 0.407
vt 0.637 0.407
vt 0.637 0.443
vt 0.368 0.521
vt 0.367 0.482
vt 0.637 0.521
vt 0.367 0.482
vt 0.637 0.482
vt 0.637 0.521
vt 0.987 0.402
vt 0.992 0.411
vt 0.987 0.402
vt 0.992 0.411
vt 0.992 0.411
vt 0.987 0.402
vt 0.971 0.383
vt 0.987 0.402
vt 0.971 0.383
vt 0.987 0.402
vt 0.987 0.402
vt 0.971 0.383
vt 0.948 0.358
vt 0.971 0.383
vt 0.948 0.358
vt 0.971 0.383
vt 0.971 0.383
vt 0.948 0.358
vt 0.919 0.338
vt 0.948 0.358
vt 0.919 0.338
vt 0.948 0.358
vt 0.948 0.358
vt 0.919 0.338
vt 0.881 0.325
vt 0.919 0.338
vt 0.881 0.325
vt 0.919 0.338
vt 0.919 0.338
vt 0.881 0.325
vt 0.842 0.32
vt 0.881 0.325
vt 0.842 0.32
vt 0.881 0.325
vt 0.881 0.325
vt 0.842 0.32
vt 0.808 0.325
vt 0.842 0.32
vt 0.808 0.325
vt 0.842 0.32
vt 0.842 0.32
vt 0.808 0.325
vt 0.758 0.346
vt 0.808 0.325
vt 0.758 0.346
vt 0.808 0.325
vt 0.808 0.325
vt 0.758 0.346
vt 1 1
vt 1 1
vt 1 1
vt 1 1
vt 1 1
vt 1 1
vt 0.66 0.149
vt 0.66 0.017
vt 0.758 0.149
vt 0.66 0.017
vt 0.992 0.017
vt 0.758 0.149
vt 0.364 0.407
vt 0.363 0.376
vt 0.637 0.407
vt 0.363 0.376
vt 0.637 0.376
vt 0.637 0.407
vt 0.367 0.482
vt 0.366 0.443
vt 0.637 0.482
vt 0.366 0.443
vt 0.637 0.443
vt 0.637 0.482
vt 0.369 0.557
vt 0.368 0.521
vt 0.637 0.557
vt 0.368 0.521
vt 0.637 0.521
vt 0.637 0.557
vt 0.651 0.346
vt 0.637 0.346
vt 0.651 0.149
vt 0.637 0.346
vt 0.637 0.359
vt 0.363 0.359
vt 1 1
vt 1 1
vt 1 1
vt 1 1
vt 1 1
vt 1 1
vt 1 1
vt 1 1
vt 1 1
vt 1 1
vt 1 1
vt 1 1
vt 1 1
vt 1 1
vt 1 1
vt 1 1
vt 1 1
vt 1 1
vt 0.651 0.149
vt 0.356 0.149
vt 0.651 0.016
vt 0.356 0.149
vt 0.351 0.016
vt 0.651 0.016
vt 1 1
vt 1 1
vt 1 1
vt 1 1
vt 1 1
vt 1 1
vt 1 1
vt 1 1
vt 1 1
vt 1 1
vt 1 1
vt 1 1
vt 0.633 0.698
vt 0.638 0.698
vt 0.633 0.962
vt 0.638 0.698
vt 0.638 0.962
vt 0.633 0.962
vt 0.371 0.612
vt 0.371 0.588
vt 0.637 0.612
vt 0.371 0.588
vt 0.637 0.588
vt 0.637 0.612
vt 0.675 0.773
vt 0.97 0.773
vt 0.675 0.871
vt 0.97 0.773
vt 0.97 0.871
vt 0.675 0.871
vt 0.527 0.962
vt 0.488 0.962
vt 0.527 0.931
vt 0.488 0.962
vt 0.483 0.923
vt 0.527 0.931
vt 0.625 0.831
vt 0.633 0.698
vt 0.633 0.962
vt 0.372 0.632
vt 0.372 0.627
vt 0.637 0.632
vt 0.372 0.627
vt 0.637 0.627
vt 0.637 0.632
vt 0.372 0.627
vt 0.371 0.612
vt 0.637 0.627
vt 0.371 0.612
vt 0.637 0.612
vt 0.637 0.627
vt 1 1
vt 1 1
vt 1 1
vt 1 1
vt 1 1
vt 1 1
vt 0.371 0.588
vt 0.369 0.557
vt 0.637 0.588
vt 0.369 0.557
vt 0.637 0.557
vt 0.637 0.588
vt 1 1
vt 1 1
vt 1 1
vt 1 1
vt 1 1
vt 1 1
vt 1 1
vt 1 1
vt 1 1
vt 1 1
vt 1 1
vt 1 1
vt 1 1
vt 1 1
vt 1 1
vt 1 1
vt 1 1
vt 1 1
vt 1 1
vt 1 1
vt 1 1
vt 1 1
vt 1 1
vt 1 1
vt 1 1
vt 1 1
vt 1 1
vt 1 1
vt 1 1
vt 1 1
vt 1 1
vt 1 1
vt 1 1
vt 1 1
vt 1 1
vt 1 1
vt 1 1
vt 1 1
vt 1 1
vt 1 1
vt 1 1
vt 1 1
vt 1 1
vt 1 1
vt 1 1
vt 1 1
vt 1 1
vt 1 1
vt 1 1
vt 1 1
vt 1 1
vt 1 1
vt 1 1
vt 1 1
vt 1 1
vt 1 1
vt 1 1
vt 1 1
vt 1 1
vt 1 1
vt 1 1
vt 1 1
vt 1 1
vt 1 1
vt 1 1
vt 1 1
vt 1 1
vt 1 1
vt 1 1
vt 1 1
vt 1 1
vt 1 1
vt 1 1
vt 1 1
vt 1 1
vt 1 1
vt 1 1
vt 1 1
vt 1 1
vt 1 1
vt 1 1
vt 1 1
vt 1 1
vt 1 1
vt 1 1
vt 1 1
vt 1 1
vt 1 1
vt 1 1
vt 1 1
vt 1 1
vt 1 1
vt 1 1
vt 1 1
vt 1 1
vt 1 1
vt 1 1
vt 1 1
vt 1 1
vt 1 1
vt 1 1
vt 1 1
vt 1 1
vt 1 1
vt 1 1
vt 1 1
vt 1 1
vt 1 1
vt 1 1
vt 1 1
vt 1 1
vt 1 1
vt 1 1
vt 1 1
vt 1 1
vt 1 1
vt 1 1
vt 1 1
vt 1 1
vt 1 1
vt 1 1
vt 1 1
vt 1 1
vt 1 1
vt 1 1
vt 1 1
vt 1 1
vt 1 1
vt 1 1
vt 1 1
vt 1 1
vt 1 1
vt 1 1
vt 1 1
vt 1 1
vt 1 1
vt 1 1
vt 1 1
vt 1 1
vt 1 1
vt 1 1
vt 1 1
vt 1 1
vt 1 1
vt 1 1
vt 1 1
vt 1 1
vt 1 1
vt 1 1
vt 1 1
vt 1 1
vt 1 1
vt 1 1
vt 1 1
vt 1 1
vt 1 1
vt 1 1
vt 1 1
vt 1 1
vt 1 1
vt 1 1
vt 1 1
vt 0.159 0.632
vt 0.12 0.627
vt 0.198 0.627
vt 0.234 0.612
vt 0.198 0.627
vt 0.084 0.612
vt 0.198 0.627
vt 0.12 0.627
vt 0.084 0.612
vt 0.084 0.612
vt 0.053 0.588
vt 0.234 0.612
vt 0.053 0.588
vt 0.265 0.588
vt 0.234 0.612
vt 0.289 0.557
vt 0.265 0.588
vt 0.029 0.557
vt 0.265 0.588
vt 0.053 0.588
vt 0.029 0.557
vt 0.029 0.557
vt 0.014 0.521
vt 0.289 0.557
vt 0.014 0.521
vt 0.304 0.521
vt 0.289 0.557
vt 0.304 0.521
vt 0.014 0.521
vt 0.309 0.482
vt 0.014 0.521
vt 0.009 0.482
vt 0.309 0.482
vt 0.304 0.443
vt 0.309 0.482
vt 0.265 0.376
vt 0.309 0.482
vt 0.242 0.359
vt 0.265 0.376
vt 0.265 0.376
vt 0.289 0.407
vt 0.304 0.443
vt 0.009 0.482
vt 0.242 0.359
vt 0.309 0.482
vt 0.009 0.482
vt 0.009 0.017
vt 0.242 0.359
vt 0.009 0.017
vt 0.242 0.149
vt 0.242 0.359
vt 0.527 0.731
vt 0.483 0.739
vt 0.527 0.694
vt 0.483 0.739
vt 0.488 0.693
vt 0.527 0.694
vt 1 1
vt 1 1
vt 1 1
vt 1 1
vt 1 1
vt 1 1
vt 1 1
vt 1 1
vt 1 1
vt 1 1
vt 1 1
vt 1 1
vt 0.416 0.962
vt 0.022 0.977
vt 0.188 0.931
vt 0.188 0.931
vt 0.022 0.977
vt 0.15 0.923
vt 0.15 0.923
vt 0.022 0.977
vt 0.118 0.901
vt 0.118 0.901
vt 0.022 0.977
vt 0.096 0.869
vt 0.096 0.869
vt 0.022 0.977
vt 0.088 0.831
vt 0.088 0.831
vt 0.022 0.677
vt 0.096 0.793
vt 0.096 0.793
vt 0.022 0.677
vt 0.118 0.76
vt 0.118 0.76
vt 0.022 0.677
vt 0.15 0.738
vt 0.15 0.738
vt 0.022 0.677
vt 0.188 0.731
vt 0.188 0.731
vt 0.022 0.677
vt 0.488 0.693
vt 0.416 0.962
vt 0.188 0.931
vt 0.226 0.923
vt 0.226 0.738
vt 0.188 0.731
vt 0.488 0.693
vt 0.416 0.962
vt 0.226 0.923
vt 0.259 0.901
vt 0.259 0.76
vt 0.226 0.738
vt 0.488 0.693
vt 0.451 0.902
vt 0.483 0.923
vt 0.416 0.962
vt 0.483 0.923
vt 0.488 0.962
vt 0.416 0.962
vt 0.429 0.793
vt 0.421 0.831
vt 0.281 0.793
vt 0.421 0.831
vt 0.288 0.831
vt 0.281 0.793
vt 0.288 0.831
vt 0.421 0.831
vt 0.281 0.869
vt 0.421 0.831
vt 0.429 0.869
vt 0.281 0.869
vt 0.088 0.831
vt 0.022 0.977
vt 0.022 0.677
vt 0.416 0.962
vt 0.259 0.901
vt 0.429 0.869
vt 0.259 0.901
vt 0.281 0.869
vt 0.429 0.869
vt 0.483 0.739
vt 0.451 0.76
vt 0.488 0.693
vt 0.451 0.902
vt 0.416 0.962
vt 0.429 0.869
vt 0.416 0.977
vt 0.022 0.977
vt 0.416 0.962
vt 0.971 0.383
vt 0.948 0.358
vt 0.992 0.017
vt 0.971 0.383
vt 0.992 0.017
vt 0.987 0.402
vt 0.987 0.402
vt 0.992 0.017
vt 0.992 0.411
vt 0.758 0.346
vt 0.758 0.149
vt 0.808 0.325
vt 0.808 0.325
vt 0.758 0.149
vt 0.842 0.32
vt 0.842 0.32
vt 0.758 0.149
vt 0.881 0.325
vt 0.758 0.149
vt 0.992 0.017
vt 0.881 0.325
vt 0.992 0.017
vt 0.948 0.358
vt 0.919 0.338
vt 0.992 0.017
vt 0.919 0.338
vt 0.881 0.325
vt 1 1
vt 1 1
vt 1 1
vt 1 1
vt 1 1
vt 1 1
vt 1 1
vt 1 1
vt 1 1
vt 1 1
vt 1 1
vt 1 1
vt 1 1
vt 1 1
vt 1 1
vt 1 1
vt 1 1
vt 1 1
vt 1 1
vt 1 1
vt 1 1
vt 1 1
vt 1 1
vt 1 1
vt 1 1
vt 1 1
vt 1 1
vt 1 1
vt 1 1
vt 1 1
vt 1 1
vt 1 1
vt 1 1
vt 1 1
vt 1 1
vt 1 1
vt 1 1
vt 1 1
vt 1 1
vt 1 1
vt 1 1
vt 1 1
vt 1 1
vt 1 1
vt 1 1
vt 1 1
vt 1 1
vt 1 1
vt 1 1
vt 1 1
vt 1 1
vt 1 1
vt 1 1
vt 1 1
vt 1 1
vt 1 1
vt 1 1
vt 1 1
vt 1 1
vt 1 1
vt 1 1
vt 1 1
vt 1 1
vt 1 1
vt 1 1
vt 1 1
vt 1 1
vt 1 1
vt 1 1
vt 1 1
vt 1 1
vt 1 1
vt 1 1
vt 1 1
vt 1 1
vt 1 1
vt 1 1
vt 1 1
vt 1 1
vt 1 1
vt 1 1
vt 1 1
vt 1 1
vt 1 1
vt 1 1
vt 1 1
vt 1 1
vt 1 1
vt 1 1
vt 1 1
vt 1 1
vt 1 1
vt 1 1
vt 1 1
vt 1 1
vt 1 1
vt 1 1
vt 1 1
vt 1 1
vt 1 1
vt 1 1
vt 1 1
vt 0.527 0.731
vt 0.527 0.694
vt 0.563 0.739
vt 0.527 0.694
vt 0.563 0.695
vt 0.563 0.739
vt 0.527 0.931
vt 0.563 0.923
vt 0.527 0.962
vt 0.563 0.923
vt 0.563 0.962
vt 0.527 0.962
vt 1 1
vt 1 1
vt 1 1
vt 1 1
vt 1 1
vt 1 1
vt 1 1
vt 1 1
vt 1 1
vt 1 1
vt 1 1
vt 1 1
vt 1 1
vt 1 1
vt 1 1
vt 1 1
vt 1 1
vt 1 1
vt 1 1
vt 1 1
vt 1 1
vt 1 1
vt 1 1
vt 1 1
vt 1 1
vt 1 1
vt 1 1
vt 0.625 0.831
vt 0.625 0.831
vt 0.619 0.851
vt 1 1
vt 1 1
vt 1 1
vt 1 1
vt 1 1
vt 1 1
vt 0.563 0.739
vt 0.563 0.695
vt 0.594 0.76
vt 0.563 0.695
vt 0.594 0.696
vt 0.594 0.76
vt 0.563 0.923
vt 0.594 0.902
vt 0.563 0.962
vt 0.594 0.902
vt 0.594 0.962
vt 0.563 0.962
vt 1 1
vt 1 1
vt 1 1
vt 1 1
vt 1 1
vt 1 1
vt 1 1
vt 1 1
vt 1 1
vt 1 1
vt 1 1
vt 1 1
vt 1 1
vt 1 1
vt 1 1
vt 1 1
vt 1 1
vt 1 1
vt 1 1
vt 1 1
vt 1 1
vt 1 1
vt 1 1
vt 1 1
vt 1 1
vt 1 1
vt 1 1
vt 0.594 0.76
vt 0.594 0.696
vt 0.618 0.804
vt 0.594 0.696
vt 0.618 0.697
vt 0.618 0.804
vt 0.594 0.902
vt 0.618 0.857
vt 0.594 0.962
vt 0.618 0.857
vt 0.618 0.962
vt 0.594 0.962
vt 0.619 0.851
vt 0.633 0.962
vt 0.618 0.857
vt 0.633 0.962
vt 0.618 0.962
vt 0.618 0.857
vt 0.625 0.831
vt 0.619 0.811
vt 0.633 0.698
vt 0.625 0.831
vt 0.633 0.962
vt 0.619 0.851
vt 0.619 0.811
vt 0.618 0.804
vt 0.633 0.698
vt 0.618 0.804
vt 0.618 0.697
vt 0.633 0.698
vt 1 1
vt 1 1
vt 1 1
vt 1 1
vt 1 1
vt 1 1
vt 1 1
vt 1 1
vt 1 1
vt 1 1
vt 1 1
vt 1 1
vt 1 1
vt 1 1
vt 1 1
vt 1 1
vt 1 1
vt 1 1
vt 1 1
vt 1 1
vt 1 1
vt 1 1
vt 1 1
vt 1 1
vt 1 1
vt 1 1
vt 1 1
vt 1 1
vt 1 1
vt 1 1
vt 1 1
vt 1 1
vt 1 1
vt 1 1
vt 1 1
vt 1 1
vt 1 1
vt 1 1
vt 1 1
vt 1 1
vt 1 1
vt 1 1
vt 1 1
vt 1 1
vt 1 1
vt 1 1
vt 1 1
vt 1 1
vt 1 1
vt 1 1
vt 1 1
vt 1 1
vt 1 1
vt 1 1
vt 1 1
vt 1 1
vt 1 1
vt 1 1
vt 1 1
vt 1 1
vt 1 1
vt 1 1
vt 1 1
vt 1 1
vt 1 1
vt 1 1
vt 1 1
vt 1 1
vt 1 1
vt 1 1
vt 1 1
vt 1 1
vt 1 1
vt 1 1
vt 1 1
vt 1 1
vt 1 1
vt 1 1
vt 1 1
vt 1 1
vt 1 1
vt 1 1
vt 1 1
vt 1 1
vt 1 1
vt 1 1
vt 1 1
vt 1 1
vt 1 1
vt 1 1
vt 1 1
vt 1 1
vt 1 1
vt 1 1
vt 1 1
vt 1 1
vt 1 1
vt 1 1
vt 1 1
vt 1 1
vt 1 1
vt 1 1
vt 1 1
vt 1 1
vt 1 1
vt 1 1
vt 1 1
vt 1 1
vt 1 1
vt 1 1
vt 1 1
vt 1 1
vt 1 1
vt 1 1
vt 1 1
vt 1 1
vt 1 1
vt 1 1
vt 1 1
vt 1 1
vt 1 1
vt 1 1
vt 1 1
vt 1 1
vt 1 1
vt 1 1
vt 1 1
vt 1 1
vt 1 1
vt 0.948 0.358
vt 0.877 0.447
vt 0.919 0.338
vt 0.877 0.447
vt 0.861 0.436
vt 0.919 0.338
vt 0.842 0.432
vt 0.808 0.325
vt 0.842 0.32
vt 0.758 0.359
vt 0.758 0.346
vt 0.808 0.325
vt 0.861 0.436
vt 0.842 0.432
vt 0.881 0.325
vt 0.842 0.432
vt 0.842 0.32
vt 0.881 0.325
vt 0.861 0.528
vt 0.877 0.517
vt 0.881 0.627
vt 0.877 0.517
vt 0.917 0.612
vt 0.881 0.627
vt 0.806 0.447
vt 0.796 0.463
vt 0.736 0.376
vt 0.796 0.463
vt 0.712 0.407
vt 0.736 0.376
vt 0.888 0.463
vt 0.877 0.447
vt 0.971 0.383
vt 0.877 0.447
vt 0.948 0.358
vt 0.971 0.383
vt 0.987 0.402
vt 0.888 0.463
vt 0.971 0.383
vt 0.842 0.532
vt 0.861 0.528
vt 0.842 0.632
vt 0.861 0.528
vt 0.881 0.627
vt 0.842 0.632
vt 0.736 0.588
vt 0.806 0.517
vt 0.767 0.612
vt 0.806 0.517
vt 0.823 0.528
vt 0.767 0.612
vt 0.796 0.463
vt 0.697 0.443
vt 0.712 0.407
vt 0.992 0.482
vt 0.986 0.521
vt 0.892 0.482
vt 0.986 0.521
vt 0.888 0.501
vt 0.892 0.482
vt 0.892 0.482
vt 0.888 0.463
vt 0.992 0.482
vt 0.767 0.612
vt 0.823 0.528
vt 0.803 0.627
vt 0.823 0.528
vt 0.842 0.532
vt 0.803 0.627
vt 0.877 0.517
vt 0.948 0.588
vt 0.917 0.612
vt 0.986 0.521
vt 0.971 0.557
vt 0.888 0.501
vt 0.692 0.482
vt 0.697 0.443
vt 0.792 0.482
vt 0.697 0.443
vt 0.796 0.463
vt 0.792 0.482
vt 0.712 0.557
vt 0.697 0.521
vt 0.796 0.501
vt 0.823 0.436
vt 0.806 0.447
vt 0.758 0.359
vt 0.806 0.447
vt 0.736 0.376
vt 0.758 0.359
vt 0.712 0.557
vt 0.796 0.501
vt 0.736 0.588
vt 0.796 0.501
vt 0.806 0.517
vt 0.736 0.588
vt 0.987 0.402
vt 0.992 0.411
vt 0.888 0.463
vt 0.992 0.411
vt 0.992 0.482
vt 0.888 0.463
vt 0.877 0.517
vt 0.888 0.501
vt 0.948 0.588
vt 0.888 0.501
vt 0.971 0.557
vt 0.948 0.588
vt 0.792 0.482
vt 0.796 0.501
vt 0.692 0.482
vt 0.796 0.501
vt 0.697 0.521
vt 0.692 0.482
vt 0.758 0.359
vt 0.808 0.325
vt 0.823 0.436
vt 0.808 0.325
vt 0.842 0.432
vt 0.823 0.436
vt 0.803 0.627
vt 0.842 0.532
vt 0.842 0.632
vt 0.919 0.338
vt 0.861 0.436
vt 0.881 0.325
vt 0.281 0.793
vt 0.259 0.76
vt 0.429 0.793
vt 0.259 0.76
vt 0.451 0.76
vt 0.429 0.793
vt 0.451 0.76
vt 0.259 0.76
vt 0.488 0.693
usemtl MB_194_official_16751
s off
f 7310/14083 7111/14084 7311/14085
f 7171/14086 6926/14087 7110/14088
f 7171/14089 7170/14090 6926/14091
f 7170/14092 6928/14093 6926/14094
f 7169/14095 7078/14096 7170/14097
f 7078/14098 6928/14099 7170/14100
f 7110/14101 6924/14102 7171/14103
f 6924/14104 7172/14105 7171/14106
f 7311/14107 7111/14108 7109/14109
f 7173/14110 7172/14111 6923/14112
f 7172/14113 6924/14114 6923/14115
f 7113/14116 7117/14117 7120/14118
f 7162/14119 7161/14120 7146/14121
f 7161/14122 7145/14123 7146/14124
f 7162/14125 7146/14126 7147/14127
f 7146/14128 7127/14129 7147/14130
f 7148/14131 7147/14132 7128/14133
f 7147/14134 7127/14135 7128/14136
f 7149/14137 7148/14138 7129/14139
f 7148/14140 7128/14141 7129/14142
f 7150/14143 7149/14144 7130/14145
f 7149/14146 7129/14147 7130/14148
f 7151/14149 7150/14150 7131/14151
f 7150/14152 7130/14153 7131/14154
f 7152/14155 7151/14156 7134/14157
f 7151/14158 7131/14159 7134/14160
f 7153/14161 7152/14162 7135/14163
f 7152/14164 7134/14165 7135/14166
f 7154/14167 7153/14168 7136/14169
f 7153/14170 7135/14171 7136/14172
f 7155/14173 7154/14174 7137/14175
f 7154/14176 7136/14177 7137/14178
f 7156/14179 7155/14180 7138/14181
f 7155/14182 7137/14183 7138/14184
f 7157/14185 7156/14186 7139/14187
f 7156/14188 7138/14189 7139/14190
f 7158/14191 7157/14192 7140/14193
f 7157/14194 7139/14195 7140/14196
f 7159/14197 7158/14198 7141/14199
f 7158/14200 7140/14201 7141/14202
f 7160/14203 7159/14204 7144/14205
f 7159/14206 7141/14207 7144/14208
f 7161/14209 7160/14210 7145/14211
f 7160/14212 7144/14213 7145/14214
f 7294/14215 7273/14216 7225/14217
f 7273/14218 7274/14219 7225/14220
f 7218/14221 7191/14222 7247/14223
f 7191/14224 7275/14225 7247/14226
f 7192/14227 7190/14228 7195/14229
f 7190/14230 7193/14231 7195/14232
f 7188/14233 7197/14234 7198/14235
f 7197/14236 7196/14237 7198/14238
f 7201/14239 7189/14240 7200/14241
f 7189/14242 7199/14243 7200/14244
f 7233/14245 7231/14246 7228/14247
f 7231/14248 7229/14249 7228/14250
f 7234/14251 7233/14252 7227/14253
f 7233/14254 7228/14255 7227/14256
f 7235/14257 7234/14258 7224/14259
f 7234/14260 7227/14261 7224/14262
f 7236/14263 7235/14264 7223/14265
f 7235/14266 7224/14267 7223/14268
f 7237/14269 7236/14270 7222/14271
f 7236/14272 7223/14273 7222/14274
f 7238/14275 7237/14276 7221/14277
f 7237/14278 7222/14279 7221/14280
f 7239/14281 7238/14282 7220/14283
f 7238/14284 7221/14285 7220/14286
f 7240/14287 7239/14288 7219/14289
f 7239/14290 7220/14291 7219/14292
f 7286/14293 7290/14294 7284/14295
f 7290/14296 7288/14297 7284/14298
f 7248/14299 7250/14300 7246/14301
f 7250/14302 7253/14303 7246/14304
f 7197/14305 7192/14306 7196/14307
f 7192/14308 7195/14309 7196/14310
f 7189/14311 7188/14312 7199/14313
f 7188/14314 7198/14315 7199/14316
f 7186/14317 7201/14318 7202/14319
f 7201/14320 7200/14321 7202/14322
f 7241/14323 7218/14324 7247/14325
f 7218/14326 7194/14327 7191/14328
f 7280/14329 7278/14330 7282/14331
f 7278/14332 7276/14333 7282/14334
f 7279/14335 7281/14336 7292/14337
f 7281/14338 7032/14339 7292/14340
f 7251/14341 7295/14342 7243/14343
f 7295/14344 7293/14345 7243/14346
f 7249/14347 7272/14348 7036/14349
f 7272/14350 7031/14351 7036/14352
f 7277/14353 7287/14354 7283/14355
f 7287/14356 7285/14357 7283/14358
f 7062/14359 7063/14360 7271/14361
f 7063/14362 7061/14363 7271/14364
f 7183/14365 7182/14366 7207/14367
f 7182/14368 7206/14369 7207/14370
f 7184/14371 7187/14372 7204/14373
f 7187/14374 7203/14375 7204/14376
f 7059/14377 7035/14378 7034/14379
f 7035/14380 7033/14381 7034/14382
f 7214/14383 7216/14384 7178/14385
f 7216/14386 6977/14387 7178/14388
f 6966/14389 7183/14390 7207/14391
f 7182/14392 7185/14393 7206/14394
f 7185/14395 7205/14396 7206/14397
f 7185/14398 7184/14399 7205/14400
f 7184/14401 7204/14402 7205/14403
f 7065/14404 7064/14405 7242/14406
f 7064/14407 7244/14408 7242/14409
f 7187/14410 7186/14411 7203/14412
f 7186/14413 7202/14414 7203/14415
f 7296/14416 7163/14417 7110/14418
f 7163/14419 6924/14420 7110/14421
f 7164/14422 6923/14423 7163/14424
f 6923/14425 6924/14426 7163/14427
f 6922/14428 6923/14429 7165/14430
f 6923/14431 7164/14432 7165/14433
f 7166/14434 7301/14435 7077/14436
f 7301/14437 7125/14438 7077/14439
f 7077/14440 6922/14441 7166/14442
f 6922/14443 7165/14444 7166/14445
f 6965/14446 7336/14447 7104/14448
f 7179/14449 7305/14450 7180/14451
f 7305/14452 7095/14453 7180/14454
f 7176/14455 7307/14456 7177/14457
f 7307/14458 7306/14459 7177/14460
f 6978/14461 7177/14462 7308/14463
f 7177/14464 7306/14465 7308/14466
f 7179/14467 6978/14468 7305/14469
f 6978/14470 7308/14471 7305/14472
f 7095/14473 7073/14474 7180/14475
f 7125/14476 7307/14477 7176/14478
f 7176/14479 7175/14480 7125/14481
f 7175/14482 7077/14483 7125/14484
f 7174/14485 7173/14486 6922/14487
f 7173/14488 6923/14489 6922/14490
f 7175/14491 7174/14492 7077/14493
f 7174/14494 6922/14495 7077/14496
f 7303/14497 7304/14498 7123/14499
f 7245/14500 7270/14501 7029/14502
f 7270/14503 7226/14504 7029/14505
f 7244/14506 7064/14507 7142/14508
f 7289/14509 7142/14510 7067/14511
f 7142/14512 7064/14513 7067/14514
f 7271/14515 7132/14516 7062/14517
f 7291/14518 7069/14519 7132/14520
f 7069/14521 7062/14522 7132/14523
f 6943/14524 6942/14525 7066/14526
f 7068/14527 7133/14528 6933/14529
f 6944/14530 6943/14531 7066/14532
f 7068/14533 6933/14534 6932/14535
f 6945/14536 6944/14537 7066/14538
f 7068/14539 6932/14540 6931/14541
f 6930/14542 6945/14543 7066/14544
f 7068/14545 6931/14546 6930/14547
f 7068/14548 6930/14549 7066/14550
f 7143/14551 6941/14552 7037/14553
f 6941/14554 6940/14555 7037/14556
f 6940/14557 6939/14558 7037/14559
f 7060/14560 7037/14561 6938/14562
f 6938/14563 6937/14564 7060/14565
f 6937/14566 6936/14567 7060/14568
f 6936/14569 6935/14570 7060/14571
f 6935/14572 6934/14573 7060/14574
f 6938/14575 7037/14576 6939/14577
f 7058/14578 7006/14579 7005/14580
f 7057/14581 7005/14582 7209/14583
f 7005/14584 7006/14585 7209/14586
f 7209/14587 7211/14588 7057/14589
f 7211/14590 7004/14591 7057/14592
f 7056/14593 7004/14594 7213/14595
f 7004/14596 7211/14597 7213/14598
f 7213/14599 7215/14600 7056/14601
f 7215/14602 7003/14603 7056/14604
f 7003/14605 7215/14606 7002/14607
f 7215/14608 7217/14609 7002/14610
f 7055/14611 7002/14612 7000/14613
f 7002/14614 7054/14615 7000/14616
f 7000/14617 7001/14618 7055/14619
f 7217/14620 7054/14621 7002/14622
f 7217/14623 7225/14624 7054/14625
f 7225/14626 7274/14627 7054/14628
f 6970/14629 6971/14630 7010/14631
f 6971/14632 6999/14633 7010/14634
f 7270/14635 7293/14636 7226/14637
f 7293/14638 7295/14639 7226/14640
f 7243/14641 7245/14642 7251/14643
f 7245/14644 7029/14645 7251/14646
f 7230/14647 7252/14648 6958/14649
f 6958/14650 7252/14651 6957/14652
f 6957/14653 7252/14654 6956/14655
f 6956/14656 7252/14657 6955/14658
f 6955/14659 7252/14660 6954/14661
f 6954/14662 7030/14663 6953/14664
f 6953/14665 7030/14666 6952/14667
f 6952/14668 7030/14669 6951/14670
f 6951/14671 7030/14672 6950/14673
f 6950/14674 7030/14675 6999/14676
f 7230/14677 6958/14678 6959/14679
f 6949/14680 6950/14681 6999/14682
f 7230/14683 6959/14684 6960/14685
f 6948/14686 6949/14687 6999/14688
f 6976/14689 6977/14690 7230/14691
f 6977/14692 7216/14693 7230/14694
f 6973/14695 6974/14696 6947/14697
f 6974/14698 6946/14699 6947/14700
f 6946/14701 6974/14702 6961/14703
f 6974/14704 6975/14705 6961/14706
f 6954/14707 7252/14708 7030/14709
f 7230/14710 6960/14711 6975/14712
f 6960/14713 6961/14714 6975/14715
f 6971/14716 6972/14717 6999/14718
f 6976/14719 7230/14720 6975/14721
f 7232/14722 7252/14723 7230/14724
f 7022/14725 7023/14726 7253/14727
f 7022/14728 7253/14729 7021/14730
f 7021/14731 7253/14732 7020/14733
f 7028/14734 7246/14735 7027/14736
f 7027/14737 7246/14738 7026/14739
f 7026/14740 7246/14741 7025/14742
f 7246/14743 7253/14744 7025/14745
f 7253/14746 7023/14747 7024/14748
f 7253/14749 7024/14750 7025/14751
f 7322/14752 7261/14753 7321/14754
f 7261/14755 7262/14756 7321/14757
f 7320/14758 7263/14759 7319/14760
f 7263/14761 7264/14762 7319/14763
f 7318/14764 7265/14765 7317/14766
f 7265/14767 7266/14768 7317/14769
f 7314/14770 7254/14771 7328/14772
f 7254/14773 7255/14774 7328/14775
f 7316/14776 7267/14777 7315/14778
f 7267/14779 7268/14780 7315/14781
f 7327/14782 7256/14783 7326/14784
f 7256/14785 7257/14786 7326/14787
f 7313/14788 7269/14789 7314/14790
f 7269/14791 7254/14792 7314/14793
f 7325/14794 7258/14795 7324/14796
f 7258/14797 7259/14798 7324/14799
f 7323/14800 7260/14801 7322/14802
f 7260/14803 7261/14804 7322/14805
f 7321/14806 7262/14807 7320/14808
f 7262/14809 7263/14810 7320/14811
f 7319/14812 7264/14813 7318/14814
f 7264/14815 7265/14816 7318/14817
f 7317/14818 7266/14819 7316/14820
f 7266/14821 7267/14822 7316/14823
f 7328/14824 7255/14825 7327/14826
f 7255/14827 7256/14828 7327/14829
f 7315/14830 7268/14831 7313/14832
f 7268/14833 7269/14834 7313/14835
f 7326/14836 7257/14837 7325/14838
f 7257/14839 7258/14840 7325/14841
f 7324/14842 7259/14843 7323/14844
f 7259/14845 7260/14846 7323/14847
f 7078/14848 7169/14849 7122/14850
f 7169/14851 7168/14852 7122/14853
f 6970/14854 7010/14855 6969/14856
f 7010/14857 7009/14858 6969/14859
f 7178/14860 6979/14861 7214/14862
f 6979/14863 7212/14864 7214/14865
f 7121/14866 7111/14867 7310/14868
f 7111/14869 7121/14870 7098/14871
f 7123/14872 7096/14873 7126/14874
f 7123/14875 7074/14876 7096/14877
f 7123/14878 7075/14879 7074/14880
f 7123/14881 7076/14882 7075/14883
f 7123/14884 7304/14885 7076/14886
f 7167/14887 7118/14888 7312/14889
f 7115/14890 7123/14891 7119/14892
f 7113/14893 7120/14894 7114/14895
f 7115/14896 7119/14897 6925/14898
f 7181/14899 7309/14900 7116/14901
f 6969/14902 7009/14903 6968/14904
f 7009/14905 7008/14906 6968/14907
f 6979/14908 6980/14909 7212/14910
f 6980/14911 7210/14912 7212/14913
f 7167/14914 7312/14915 7168/14916
f 7312/14917 7122/14918 7168/14919
f 7181/14920 7180/14921 7309/14922
f 7180/14923 7073/14924 7309/14925
f 7115/14926 7100/14927 7123/14928
f 7100/14929 7303/14930 7123/14931
f 7099/14932 7119/14933 7123/14934
f 7099/14935 7123/14936 7098/14937
f 7123/14938 7111/14939 7098/14940
f 6968/14941 7008/14942 6967/14943
f 7008/14944 7007/14945 6967/14946
f 6980/14947 6981/14948 7210/14949
f 6981/14950 7208/14951 7210/14952
f 6927/14953 7207/14954 6981/14955
f 7207/14956 7208/14957 6981/14958
f 6966/14959 6929/14960 7183/14961
f 6966/14962 7207/14963 6927/14964
f 6929/14965 6967/14966 7183/14967
f 6967/14968 7007/14969 7183/14970
f 7331/14971 7333/14972 7329/14973
f 7333/14974 7300/14975 7329/14976
f 7112/14977 7124/14978 7330/14979
f 7124/14980 7332/14981 7330/14982
f 7334/14983 7299/14984 7333/14985
f 7299/14986 7300/14987 7333/14988
f 7335/14989 7298/14990 7334/14991
f 7298/14992 7299/14993 7334/14994
f 6964/14995 6963/14996 6965/14997
f 6962/14998 7336/14999 6963/15000
f 7336/15001 6965/15002 6963/15003
f 7297/15004 7298/15005 6962/15006
f 7335/15007 7336/15008 7298/15009
f 7336/15010 6962/15011 7298/15012
f 7044/15013 7105/15014 7045/15015
f 7105/15016 7106/15017 7045/15018
f 7041/15019 7097/15020 7302/15021
f 7041/15022 7040/15023 7097/15024
f 7040/15025 7039/15026 7097/15027
f 7039/15028 7038/15029 7097/15030
f 7038/15031 7053/15032 7097/15033
f 7108/15034 7102/15035 7048/15036
f 7102/15037 7049/15038 7048/15039
f 7042/15040 7302/15041 7043/15042
f 7053/15043 6921/15044 7097/15045
f 7107/15046 7046/15047 7106/15048
f 7046/15049 7045/15050 7106/15051
f 7042/15052 7041/15053 7302/15054
f 7108/15055 7047/15056 7107/15057
f 7047/15058 7046/15059 7107/15060
f 7052/15061 6921/15062 7053/15063
f 6919/15064 7070/15065 7071/15066
f 7070/15067 7103/15068 7071/15069
f 7043/15070 7302/15071 7044/15072
f 7302/15073 7105/15074 7044/15075
f 7051/15076 6921/15077 7052/15078
f 7108/15079 7048/15080 7047/15081
f 7050/15082 6921/15083 7051/15084
f 7070/15085 6919/15086 7101/15087
f 6919/15088 6920/15089 7101/15090
f 7049/15091 7102/15092 7050/15093
f 7102/15094 6921/15095 7050/15096
f 7070/15097 7072/15098 7103/15099
f 7016/15100 7093/15101 7015/15102
f 7093/15103 7092/15104 7015/15105
f 7091/15106 7012/15107 7013/15108
f 6983/15109 7011/15110 7012/15111
f 7092/15112 7091/15113 7014/15114
f 7091/15115 7013/15116 7014/15117
f 7082/15118 7081/15119 6994/15120
f 7081/15121 6995/15122 6994/15123
f 7089/15124 7088/15125 6984/15126
f 7088/15127 6985/15128 6984/15129
f 7094/15130 7093/15131 7017/15132
f 7093/15133 7016/15134 7017/15135
f 7018/15136 7094/15137 7017/15138
f 7083/15139 7082/15140 6993/15141
f 7082/15142 6994/15143 6993/15144
f 6990/15145 7085/15146 6991/15147
f 7085/15148 7084/15149 6991/15150
f 7088/15151 6986/15152 6985/15153
f 6982/15154 6998/15155 7079/15156
f 6998/15157 7080/15158 7079/15159
f 7079/15160 7094/15161 6982/15162
f 6991/15163 7084/15164 6992/15165
f 7084/15166 7083/15167 6992/15168
f 7081/15169 6996/15170 6995/15171
f 6998/15172 6997/15173 7080/15174
f 6987/15175 6986/15176 7087/15177
f 6986/15178 7088/15179 7087/15180
f 6989/15181 6988/15182 7086/15183
f 7090/15184 7089/15185 6983/15186
f 7089/15187 6984/15188 6983/15189
f 6989/15190 7086/15191 6990/15192
f 7086/15193 7085/15194 6990/15195
f 7018/15196 7019/15197 7094/15198
f 7019/15199 6982/15200 7094/15201
f 7081/15202 7080/15203 6996/15204
f 7080/15205 6997/15206 6996/15207
f 7087/15208 7086/15209 6987/15210
f 7086/15211 6988/15212 6987/15213
f 6983/15214 7012/15215 7090/15216
f 7012/15217 7091/15218 7090/15219
f 6992/15220 7083/15221 6993/15222
f 7015/15223 7092/15224 7014/15225
f 6947/15226 6948/15227 6973/15228
f 6948/15229 6972/15230 6973/15231
f 6972/15232 6948/15233 6999/15234
o Part.10
v 5.8 10.452 -1.7
v 5.8 13.3 -1.7
v 3 13.3 -1.7
v 4 9.6 -1.7
v 4.918 9.783 -1.7
v 5.703 10.301 -1.7
v 4 14.486 -1.7
v 6.212 11.074 -1.7
v 3.519 14.357 -1.7
v 6.4 12.131 -1.7
v 4.481 14.357 -1.7
v 4 6.4 -2
v 4.918 6.217 -2
v 5.697 5.697 -2
v 6.217 4.918 -2
v 6.4 4 -2
v 6.217 3.082 -2
v 5.697 2.303 -2
v 4.918 1.783 -2
v 4 1.6 -2
v 3.082 1.783 -2
v 2.303 2.303 -2
v 1.783 3.082 -2
v 1.6 4 -2
v 1.783 4.918 -2
v 2.303 5.697 -2
v 3.082 6.217 -2
v 4 6.4 -3.6
v 4.918 6.217 -3.6
v 5.697 5.697 -3.6
v 6.217 4.918 -3.6
v 6.4 4 -3.6
v 6.217 3.082 -3.6
v 5.697 2.303 -3.6
v 4.918 1.783 -3.6
v 4 1.6 -3.6
v 3.082 1.783 -3.6
v 2.303 2.303 -3.6
v 1.783 3.082 -3.6
v 1.6 4 -3.6
v 1.783 4.918 -3.6
v 2.303 5.697 -3.6
v 3.082 6.217 -3.6
v 5.697 10.303 1.881
v 4.918 9.783 1.541
v 4 9.6 1.311
v 3.082 9.783 1.541
v 4 14.486 -1.393
v 4.634 14.316 -1.797
v 5.702 13.743 -2.545
v 6.2 12.998 -3.117
v 6.4 12.131 -3.476
v 6.212 11.074 -3.6
v 5.703 10.301 -3.6
v 4.918 9.783 -3.6
v 4 9.6 -3.6
v 3.082 9.783 -3.6
v 2.3 10.301 -3.6
v 1.781 11.08 -3.6
v 1.6 12.131 -3.476
v 1.792 12.998 -3.117
v 2.298 13.743 -2.545
v 3.366 14.316 -1.797
v 0.84 11.2 -3.6
v 0.84 8.237 2
v 0.84 8.656 2.543
v 0.84 9.401 3.115
v 0.84 10.268 3.474
v 0.84 11.2 3.597
v 0.84 12.131 3.474
v 0.84 12.998 3.115
v 0.84 13.743 2.543
v 0.84 14.315 1.798
v 0.84 14.675 0.93
v 0.84 14.8 0
v 0.84 14.675 -0.932
v 0.84 14.315 -1.798
v 0.84 13.743 -2.545
v 0.84 12.998 -3.117
v 0.84 12.131 -3.476
v 7.319 11.2 -3.599
v 7.406 8.656 2.543
v 7.381 9.401 3.115
v 7.319 11.2 3.597
v 7.287 12.131 3.474
v 7.233 13.743 2.543
v 7.2 14.675 0.93
v 7.2 14.675 -0.932
v 7.208 14.315 -1.798
v 7.233 13.743 -2.545
v 7.258 12.998 -3.117
v 7.287 12.131 -3.476
v 0.84 7.935 2
v 0.84 7.42 0.806
v 0.84 7.301 0
v 0.84 7.427 -0.932
v 0.84 7.74 -1.85
v 0.84 8.224 -2.545
v 0.84 8.808 -3.117
v 0.84 9.264 -3.481
v 0.84 9.482 -3.6
v 0.5 9.482 -3.6
v 0.5 9.264 -3.481
v 0.5 8.808 -3.117
v 0.5 8.224 -2.545
v 0.5 7.74 -1.85
v 0.5 7.427 -0.932
v 0.5 7.301 0
v 0.5 7.42 0.806
v 0.5 7.935 2
v 0.5 0.02 -3.6
v 7.7 0.02 -3.6
v 7.7 0.02 4.36
v 1.6 0.02 2.8
v 0.5 3.2 2
v 7.592 3.2 2
v 0.5 3.2 4.36
v 0.5 0.02 4.36
v 1.6 0.02 -2
v 3 10.741 -1.109
v 3 10.351 -0.849
v 3 10.091 -0.459
v 3 10 0
v 3 10.091 0.459
v 3 10.351 0.849
v 3 10.741 1.109
v 3 11.2 1.2
v 3 11.659 1.109
v 3 12.049 0.849
v 3 12.309 0.459
v 3 12.4 0
v 3 12.309 -0.459
v 3 12.049 -0.849
v 3 11.659 -1.109
v 3 11.2 -1.2
v 7.42 8.237 2
v 7.351 10.268 3.474
v 7.258 12.998 3.115
v 7.213 14.315 1.798
v 7.197 14.8 0
v 7.592 3.2 4.36
v 6.4 0.02 -2
v 6.4 0.02 2.8
v 6.4 2 1.2
v 6.4 2 2.8
v 1.6 2 1.2
v 1.6 2 2.8
v 1.6 9 -2
v 1.6 9 1.2
v 6.4 9 -2
v 6.4 9 1.2
v 5.8 12.758 1.393
v 5.8 10.452 1.921
v 5.8 12 1.936
v 2.298 13.743 -1.7
v 1.781 11.08 -1.7
v 1.6 12.096 -1.7
v 1.791 12.955 -1.7
v 3.082 9.783 -1.7
v 6.2 12.998 -1.7
v 0.84 11.2 -1.2
v 0.84 11.659 -1.109
v 0.84 12.049 -0.849
v 0.84 12.309 -0.459
v 0.84 12.4 0
v 0.84 12.309 0.459
v 0.84 12.049 0.849
v 0.84 11.659 1.109
v 0.84 11.2 1.2
v 0.84 10.741 1.109
v 0.84 10.351 0.849
v 0.84 10.091 0.459
v 0.84 10 0
v 0.84 10.091 -0.459
v 0.84 10.351 -0.849
v 0.84 10.741 -1.109
v 2.02 13.3 -1.7
v 2.3 10.301 -1.7
v 3 9.838 -1.7
v 5.702 13.743 -1.7
v 4.634 14.316 -1.7
v 3.366 14.316 -1.7
v 5.8 13.3 0.699
v 3 13.3 0.699
v 5.8 11.082 2.074
v 3 9.835 1.574
v 3 10.303 1.881
v 3 11.082 2.074
v 3 12 1.936
v 3 12.758 1.393
v 5.8 10.452 -1.7
v 5.8 10.452 -1.7
v 5.8 13.3 -1.7
v 5.8 13.3 -1.7
v 4 14.486 -1.7
v 3.519 14.357 -1.7
v 3.519 14.357 -1.7
v 3.519 14.357 -1.7
v 4.481 14.357 -1.7
v 4.481 14.357 -1.7
v 4.481 14.357 -1.7
v 4 14.486 -1.393
v 6.2 12.998 -1.7
v 5.702 13.743 -1.7
v 3 13.3 -1.7
v 3 13.3 -1.7
v 3 9.838 -1.7
v 3 9.838 -1.7
v 4 6.4 -2
v 4.918 6.217 -2
v 5.697 5.697 -2
v 6.217 4.918 -2
v 6.4 4 -2
v 6.4 4 -2
v 6.4 4 -2
v 6.217 3.082 -2
v 5.697 2.303 -2
v 4.918 1.783 -2
v 4 1.6 -2
v 3.082 1.783 -2
v 2.303 2.303 -2
v 1.783 3.082 -2
v 1.6 4 -2
v 1.6 4 -2
v 1.6 4 -2
v 1.783 4.918 -2
v 2.303 5.697 -2
v 3.082 6.217 -2
v 4 6.4 -3.6
v 4.918 6.217 -3.6
v 5.697 5.697 -3.6
v 6.217 4.918 -3.6
v 6.4 4 -3.6
v 6.217 3.082 -3.6
v 5.697 2.303 -3.6
v 4.918 1.783 -3.6
v 4 1.6 -3.6
v 3.082 1.783 -3.6
v 2.303 2.303 -3.6
v 1.783 3.082 -3.6
v 1.6 4 -3.6
v 1.783 4.918 -3.6
v 2.303 5.697 -3.6
v 3.082 6.217 -3.6
v 5.697 10.303 1.881
v 4.918 9.783 1.541
v 4 9.6 1.311
v 3.082 9.783 1.541
v 4.634 14.316 -1.797
v 5.702 13.743 -2.545
v 6.2 12.998 -3.117
v 6.4 12.131 -3.476
v 6.212 11.074 -3.6
v 5.703 10.301 -3.6
v 4.918 9.783 -3.6
v 4 9.6 -3.6
v 3.082 9.783 -3.6
v 2.3 10.301 -3.6
v 1.781 11.08 -3.6
v 1.6 12.131 -3.476
v 1.792 12.998 -3.117
v 2.298 13.743 -2.545
v 3.366 14.316 -1.797
v 7.197 14.8 0
v 7.2 14.675 -0.932
v 7.213 14.315 1.798
v 7.2 14.675 0.93
v 7.258 12.998 3.115
v 7.233 13.743 2.543
v 7.351 10.268 3.474
v 7.319 11.2 3.597
v 7.42 8.237 2
v 7.42 8.237 2
v 7.406 8.656 2.543
v 0.84 8.237 2
v 0.84 8.237 2
v 0.84 8.656 2.543
v 0.84 9.401 3.115
v 7.381 9.401 3.115
v 0.84 10.268 3.474
v 0.84 11.2 3.597
v 0.84 12.131 3.474
v 7.287 12.131 3.474
v 0.84 12.998 3.115
v 0.84 13.743 2.543
v 0.84 14.315 1.798
v 0.84 14.675 0.93
v 0.84 14.8 0
v 0.84 14.675 -0.932
v 0.84 14.315 -1.798
v 7.208 14.315 -1.798
v 0.84 13.743 -2.545
v 7.233 13.743 -2.545
v 0.84 12.998 -3.117
v 7.258 12.998 -3.117
v 0.84 12.131 -3.476
v 7.287 12.131 -3.476
v 0.84 11.2 -3.6
v 7.319 11.2 -3.599
v 0.84 7.935 2
v 0.84 7.935 2
v 0.84 7.42 0.806
v 0.84 7.301 0
v 0.84 7.427 -0.932
v 0.84 7.74 -1.85
v 0.84 8.224 -2.545
v 7.7 0.02 -3.6
v 7.7 0.02 -3.6
v 0.84 8.808 -3.117
v 0.84 9.264 -3.481
v 0.84 9.482 -3.6
v 0.84 9.482 -3.6
v 0.5 9.482 -3.6
v 0.5 9.482 -3.6
v 0.5 9.264 -3.481
v 0.5 8.808 -3.117
v 0.5 8.224 -2.545
v 0.5 7.74 -1.85
v 0.5 7.427 -0.932
v 0.5 7.301 0
v 0.5 7.42 0.806
v 0.5 7.935 2
v 0.5 7.935 2
v 1.6 0.02 2.8
v 1.6 0.02 2.8
v 1.6 0.02 -2
v 1.6 0.02 -2
v 0.5 3.2 2
v 0.5 3.2 2
v 0.5 3.2 4.36
v 0.5 3.2 4.36
v 0.5 0.02 4.36
v 0.5 0.02 4.36
v 0.5 0.02 -3.6
v 0.5 0.02 -3.6
v 3 11.2 -1.2
v 3 10.741 -1.109
v 3 10.351 -0.849
v 3 10.091 -0.459
v 3 10 0
v 3 10.091 0.459
v 3 10.351 0.849
v 3 10.741 1.109
v 3 11.2 1.2
v 3 11.659 1.109
v 3 12.049 0.849
v 3 12.309 0.459
v 3 12.4 0
v 3 12.309 -0.459
v 3 12.049 -0.849
v 3 11.659 -1.109
v 6.4 0.02 -2
v 6.4 0.02 -2
v 7.592 3.2 4.36
v 7.592 3.2 4.36
v 7.592 3.2 2
v 7.592 3.2 2
v 6.4 2 1.2
v 6.4 2 1.2
v 6.4 2 2.8
v 6.4 2 2.8
v 1.6 2 2.8
v 1.6 2 2.8
v 1.6 2 1.2
v 1.6 2 1.2
v 1.6 9 1.2
v 1.6 9 1.2
v 6.4 9 1.2
v 6.4 9 1.2
v 1.6 9 -2
v 1.6 9 -2
v 6.4 9 -2
v 6.4 9 -2
v 6.4 0.02 2.8
v 6.4 0.02 2.8
v 7.7 0.02 4.36
v 7.7 0.02 4.36
v 5.8 10.452 1.921
v 5.8 10.452 1.921
v 5.8 11.082 2.074
v 5.8 12 1.936
v 5.8 12.758 1.393
v 3 9.835 1.574
v 3 9.835 1.574
v 2.298 13.743 -1.7
v 2.02 13.3 -1.7
v 1.791 12.955 -1.7
v 1.781 11.08 -1.7
v 2.3 10.301 -1.7
v 1.6 12.096 -1.7
v 3.366 14.316 -1.7
v 6.4 12.131 -1.7
v 6.212 11.074 -1.7
v 4.634 14.316 -1.7
v 0.84 11.659 -1.109
v 0.84 11.2 -1.2
v 0.84 12.049 -0.849
v 0.84 12.309 -0.459
v 0.84 12.4 0
v 0.84 12.309 0.459
v 0.84 12.049 0.849
v 0.84 11.659 1.109
v 0.84 11.2 1.2
v 0.84 10.741 1.109
v 0.84 10.351 0.849
v 0.84 10.091 0.459
v 0.84 10 0
v 0.84 10.091 -0.459
v 0.84 10.351 -0.849
v 0.84 10.741 -1.109
v 5.8 13.3 0.699
v 5.8 13.3 0.699
v 3 13.3 0.699
v 3 13.3 0.699
v 3 12.758 1.393
v 3 12 1.936
v 3 11.082 2.074
v 3 10.303 1.881
vt 1 1
vt 1 1
vt 1 1
vt 1 1
vt 1 1
vt 1 1
vt 1 1
vt 1 1
vt 1 1
vt 1 1
vt 1 1
vt 1 1
vt 1 1
vt 1 1
vt 1 1
vt 1 1
vt 1 1
vt 1 1
vt 1 1
vt 1 1
vt 1 1
vt 1 1
vt 1 1
vt 1 1
vt 1 1
vt 1 1
vt 1 1
vt 1 1
vt 1 1
vt 1 1
vt 1 1
vt 1 1
vt 1 1
vt 0.625 0.83
vt 0.625 0.83
vt 0.619 0.85
vt 1 1
vt 1 1
vt 1 1
vt 1 1
vt 1 1
vt 1 1
vt 1 1
vt 1 1
vt 1 1
vt 1 1
vt 1 1
vt 1 1
vt 1 1
vt 1 1
vt 1 1
vt 1 1
vt 1 1
vt 1 1
vt 1 1
vt 1 1
vt 1 1
vt 1 1
vt 1 1
vt 1 1
vt 1 1
vt 1 1
vt 1 1
vt 1 1
vt 1 1
vt 1 1
vt 1 1
vt 1 1
vt 1 1
vt 1 1
vt 1 1
vt 1 1
vt 1 1
vt 1 1
vt 1 1
vt 1 1
vt 1 1
vt 1 1
vt 1 1
vt 1 1
vt 1 1
vt 1 1
vt 1 1
vt 1 1
vt 1 1
vt 1 1
vt 1 1
vt 1 1
vt 1 1
vt 1 1
vt 1 1
vt 1 1
vt 1 1
vt 1 1
vt 1 1
vt 1 1
vt 1 1
vt 1 1
vt 1 1
vt 1 1
vt 1 1
vt 1 1
vt 1 1
vt 1 1
vt 1 1
vt 1 1
vt 1 1
vt 1 1
vt 1 1
vt 1 1
vt 1 1
vt 1 1
vt 1 1
vt 1 1
vt 1 1
vt 1 1
vt 1 1
vt 1 1
vt 1 1
vt 1 1
vt 1 1
vt 1 1
vt 1 1
vt 1 1
vt 1 1
vt 1 1
vt 1 1
vt 1 1
vt 1 1
vt 1 1
vt 1 1
vt 1 1
vt 0.659 0.017
vt 0.991 0.017
vt 0.659 0.149
vt 0.991 0.017
vt 0.758 0.149
vt 0.659 0.149
vt 0.363 0.346
vt 0.349 0.149
vt 0.637 0.359
vt 0.349 0.149
vt 0.644 0.149
vt 0.637 0.359
vt 0.637 0.376
vt 0.363 0.376
vt 0.637 0.359
vt 0.363 0.376
vt 0.363 0.359
vt 0.637 0.359
vt 0.634 0.443
vt 0.363 0.443
vt 0.636 0.407
vt 0.363 0.443
vt 0.363 0.407
vt 0.636 0.407
vt 0.632 0.521
vt 0.363 0.521
vt 0.633 0.482
vt 0.363 0.521
vt 0.363 0.482
vt 0.633 0.482
vt 0.013 0.402
vt 0.013 0.402
vt 0.008 0.411
vt 0.013 0.402
vt 0.008 0.411
vt 0.008 0.411
vt 0.029 0.383
vt 0.029 0.383
vt 0.013 0.402
vt 0.029 0.383
vt 0.013 0.402
vt 0.013 0.402
vt 0.052 0.358
vt 0.052 0.358
vt 0.029 0.383
vt 0.052 0.358
vt 0.029 0.383
vt 0.029 0.383
vt 0.081 0.338
vt 0.081 0.338
vt 0.052 0.358
vt 0.081 0.338
vt 0.052 0.358
vt 0.052 0.358
vt 0.119 0.325
vt 0.119 0.325
vt 0.081 0.338
vt 0.119 0.325
vt 0.081 0.338
vt 0.081 0.338
vt 0.158 0.32
vt 0.158 0.32
vt 0.119 0.325
vt 0.158 0.32
vt 0.119 0.325
vt 0.119 0.325
vt 0.192 0.325
vt 0.192 0.325
vt 0.158 0.32
vt 0.192 0.325
vt 0.158 0.32
vt 0.158 0.32
vt 0.242 0.346
vt 0.242 0.346
vt 0.192 0.325
vt 0.242 0.346
vt 0.192 0.325
vt 0.192 0.325
vt 1 1
vt 1 1
vt 1 1
vt 1 1
vt 1 1
vt 1 1
vt 0.34 0.149
vt 0.242 0.149
vt 0.34 0.017
vt 0.242 0.149
vt 0.008 0.017
vt 0.34 0.017
vt 0.636 0.407
vt 0.363 0.407
vt 0.637 0.376
vt 0.363 0.407
vt 0.363 0.376
vt 0.637 0.376
vt 0.633 0.482
vt 0.363 0.482
vt 0.634 0.443
vt 0.363 0.482
vt 0.363 0.443
vt 0.634 0.443
vt 0.631 0.557
vt 0.363 0.557
vt 0.632 0.521
vt 0.363 0.557
vt 0.363 0.521
vt 0.632 0.521
vt 0.349 0.346
vt 0.349 0.149
vt 0.363 0.346
vt 0.363 0.346
vt 0.637 0.359
vt 0.363 0.359
vt 1 1
vt 1 1
vt 1 1
vt 1 1
vt 1 1
vt 1 1
vt 1 1
vt 1 1
vt 1 1
vt 1 1
vt 1 1
vt 1 1
vt 1 1
vt 1 1
vt 1 1
vt 1 1
vt 1 1
vt 1 1
vt 0.349 0.149
vt 0.349 0.016
vt 0.644 0.149
vt 0.349 0.016
vt 0.649 0.016
vt 0.644 0.149
vt 1 1
vt 1 1
vt 1 1
vt 1 1
vt 1 1
vt 1 1
vt 1 1
vt 1 1
vt 1 1
vt 1 1
vt 1 1
vt 1 1
vt 0.633 0.963
vt 0.633 0.699
vt 0.638 0.963
vt 0.633 0.699
vt 0.638 0.699
vt 0.638 0.963
vt 0.629 0.612
vt 0.363 0.612
vt 0.629 0.588
vt 0.363 0.612
vt 0.363 0.588
vt 0.629 0.588
vt 0.97 0.772
vt 0.97 0.87
vt 0.675 0.772
vt 0.97 0.87
vt 0.675 0.87
vt 0.675 0.772
vt 0.527 0.699
vt 0.527 0.73
vt 0.488 0.699
vt 0.527 0.73
vt 0.483 0.738
vt 0.488 0.699
vt 0.625 0.83
vt 0.633 0.699
vt 0.633 0.963
vt 0.628 0.632
vt 0.363 0.632
vt 0.628 0.627
vt 0.363 0.632
vt 0.363 0.627
vt 0.628 0.627
vt 0.628 0.627
vt 0.363 0.627
vt 0.629 0.612
vt 0.363 0.627
vt 0.363 0.612
vt 0.629 0.612
vt 1 1
vt 1 1
vt 1 1
vt 1 1
vt 1 1
vt 1 1
vt 0.629 0.588
vt 0.363 0.588
vt 0.631 0.557
vt 0.363 0.588
vt 0.363 0.557
vt 0.631 0.557
vt 1 1
vt 1 1
vt 1 1
vt 1 1
vt 1 1
vt 1 1
vt 1 1
vt 1 1
vt 1 1
vt 1 1
vt 1 1
vt 1 1
vt 1 1
vt 1 1
vt 1 1
vt 1 1
vt 1 1
vt 1 1
vt 1 1
vt 1 1
vt 1 1
vt 1 1
vt 1 1
vt 1 1
vt 1 1
vt 1 1
vt 1 1
vt 1 1
vt 1 1
vt 1 1
vt 1 1
vt 1 1
vt 1 1
vt 1 1
vt 1 1
vt 1 1
vt 1 1
vt 1 1
vt 1 1
vt 1 1
vt 1 1
vt 1 1
vt 1 1
vt 1 1
vt 1 1
vt 1 1
vt 1 1
vt 1 1
vt 1 1
vt 1 1
vt 1 1
vt 1 1
vt 1 1
vt 1 1
vt 1 1
vt 1 1
vt 1 1
vt 1 1
vt 1 1
vt 1 1
vt 1 1
vt 1 1
vt 1 1
vt 1 1
vt 1 1
vt 1 1
vt 1 1
vt 1 1
vt 1 1
vt 1 1
vt 1 1
vt 1 1
vt 1 1
vt 1 1
vt 1 1
vt 1 1
vt 1 1
vt 1 1
vt 1 1
vt 1 1
vt 1 1
vt 1 1
vt 1 1
vt 1 1
vt 1 1
vt 1 1
vt 1 1
vt 1 1
vt 1 1
vt 1 1
vt 1 1
vt 1 1
vt 1 1
vt 1 1
vt 1 1
vt 1 1
vt 1 1
vt 1 1
vt 1 1
vt 1 1
vt 1 1
vt 1 1
vt 1 1
vt 1 1
vt 1 1
vt 1 1
vt 1 1
vt 1 1
vt 1 1
vt 1 1
vt 1 1
vt 1 1
vt 1 1
vt 1 1
vt 1 1
vt 1 1
vt 1 1
vt 1 1
vt 1 1
vt 1 1
vt 1 1
vt 1 1
vt 1 1
vt 1 1
vt 1 1
vt 1 1
vt 1 1
vt 1 1
vt 1 1
vt 1 1
vt 1 1
vt 1 1
vt 1 1
vt 1 1
vt 1 1
vt 1 1
vt 1 1
vt 1 1
vt 1 1
vt 1 1
vt 1 1
vt 1 1
vt 1 1
vt 1 1
vt 1 1
vt 1 1
vt 1 1
vt 1 1
vt 1 1
vt 1 1
vt 1 1
vt 1 1
vt 1 1
vt 1 1
vt 1 1
vt 1 1
vt 1 1
vt 1 1
vt 1 1
vt 1 1
vt 1 1
vt 1 1
vt 0.841 0.632
vt 0.802 0.627
vt 0.88 0.627
vt 0.766 0.612
vt 0.916 0.612
vt 0.802 0.627
vt 0.916 0.612
vt 0.88 0.627
vt 0.802 0.627
vt 0.916 0.612
vt 0.766 0.612
vt 0.947 0.588
vt 0.766 0.612
vt 0.735 0.588
vt 0.947 0.588
vt 0.711 0.557
vt 0.971 0.557
vt 0.735 0.588
vt 0.971 0.557
vt 0.947 0.588
vt 0.735 0.588
vt 0.971 0.557
vt 0.711 0.557
vt 0.986 0.521
vt 0.711 0.557
vt 0.696 0.521
vt 0.986 0.521
vt 0.696 0.521
vt 0.691 0.482
vt 0.986 0.521
vt 0.691 0.482
vt 0.991 0.482
vt 0.986 0.521
vt 0.696 0.443
vt 0.735 0.376
vt 0.691 0.482
vt 0.735 0.376
vt 0.758 0.359
vt 0.691 0.482
vt 0.735 0.376
vt 0.696 0.443
vt 0.711 0.407
vt 0.991 0.482
vt 0.691 0.482
vt 0.758 0.359
vt 0.991 0.482
vt 0.758 0.359
vt 0.991 0.017
vt 0.758 0.359
vt 0.758 0.149
vt 0.991 0.017
vt 0.527 0.93
vt 0.527 0.967
vt 0.483 0.922
vt 0.527 0.967
vt 0.488 0.968
vt 0.483 0.922
vt 1 1
vt 1 1
vt 1 1
vt 1 1
vt 1 1
vt 1 1
vt 1 1
vt 1 1
vt 1 1
vt 1 1
vt 1 1
vt 1 1
vt 0.416 0.699
vt 0.188 0.73
vt 0.022 0.684
vt 0.188 0.73
vt 0.15 0.738
vt 0.022 0.684
vt 0.15 0.738
vt 0.118 0.76
vt 0.022 0.684
vt 0.118 0.76
vt 0.096 0.792
vt 0.022 0.684
vt 0.096 0.792
vt 0.088 0.83
vt 0.022 0.684
vt 0.088 0.83
vt 0.096 0.868
vt 0.022 0.984
vt 0.096 0.868
vt 0.118 0.901
vt 0.022 0.984
vt 0.118 0.901
vt 0.15 0.922
vt 0.022 0.984
vt 0.15 0.922
vt 0.188 0.93
vt 0.022 0.984
vt 0.188 0.93
vt 0.488 0.968
vt 0.022 0.984
vt 0.416 0.699
vt 0.226 0.738
vt 0.188 0.73
vt 0.226 0.922
vt 0.488 0.968
vt 0.188 0.93
vt 0.416 0.699
vt 0.259 0.76
vt 0.226 0.738
vt 0.259 0.901
vt 0.488 0.968
vt 0.226 0.922
vt 0.451 0.759
vt 0.416 0.699
vt 0.483 0.738
vt 0.416 0.699
vt 0.488 0.699
vt 0.483 0.738
vt 0.429 0.868
vt 0.281 0.868
vt 0.421 0.83
vt 0.281 0.868
vt 0.288 0.83
vt 0.421 0.83
vt 0.288 0.83
vt 0.281 0.792
vt 0.421 0.83
vt 0.281 0.792
vt 0.429 0.792
vt 0.421 0.83
vt 0.088 0.83
vt 0.022 0.984
vt 0.022 0.684
vt 0.281 0.868
vt 0.429 0.868
vt 0.451 0.901
vt 0.416 0.699
vt 0.429 0.792
vt 0.259 0.76
vt 0.429 0.792
vt 0.281 0.792
vt 0.259 0.76
vt 0.281 0.868
vt 0.451 0.901
vt 0.259 0.901
vt 0.451 0.901
vt 0.488 0.968
vt 0.259 0.901
vt 0.483 0.922
vt 0.488 0.968
vt 0.451 0.901
vt 0.451 0.759
vt 0.429 0.792
vt 0.416 0.699
vt 0.416 0.684
vt 0.416 0.699
vt 0.022 0.684
vt 0.029 0.383
vt 0.008 0.017
vt 0.052 0.358
vt 0.029 0.383
vt 0.013 0.402
vt 0.008 0.017
vt 0.013 0.402
vt 0.008 0.411
vt 0.008 0.017
vt 0.242 0.346
vt 0.192 0.325
vt 0.242 0.149
vt 0.192 0.325
vt 0.158 0.32
vt 0.242 0.149
vt 0.158 0.32
vt 0.119 0.325
vt 0.242 0.149
vt 0.242 0.149
vt 0.119 0.325
vt 0.008 0.017
vt 0.008 0.017
vt 0.081 0.338
vt 0.052 0.358
vt 0.008 0.017
vt 0.119 0.325
vt 0.081 0.338
vt 1 1
vt 1 1
vt 1 1
vt 1 1
vt 1 1
vt 1 1
vt 1 1
vt 1 1
vt 1 1
vt 1 1
vt 1 1
vt 1 1
vt 1 1
vt 1 1
vt 1 1
vt 1 1
vt 1 1
vt 1 1
vt 1 1
vt 1 1
vt 1 1
vt 1 1
vt 1 1
vt 1 1
vt 1 1
vt 1 1
vt 1 1
vt 1 1
vt 1 1
vt 1 1
vt 1 1
vt 1 1
vt 1 1
vt 1 1
vt 1 1
vt 1 1
vt 1 1
vt 1 1
vt 1 1
vt 1 1
vt 1 1
vt 1 1
vt 1 1
vt 1 1
vt 1 1
vt 1 1
vt 1 1
vt 1 1
vt 1 1
vt 1 1
vt 1 1
vt 1 1
vt 1 1
vt 1 1
vt 1 1
vt 1 1
vt 1 1
vt 1 1
vt 1 1
vt 1 1
vt 1 1
vt 1 1
vt 1 1
vt 1 1
vt 1 1
vt 1 1
vt 1 1
vt 1 1
vt 1 1
vt 1 1
vt 1 1
vt 1 1
vt 1 1
vt 1 1
vt 1 1
vt 1 1
vt 1 1
vt 1 1
vt 1 1
vt 1 1
vt 1 1
vt 1 1
vt 1 1
vt 1 1
vt 1 1
vt 1 1
vt 1 1
vt 1 1
vt 1 1
vt 1 1
vt 1 1
vt 1 1
vt 1 1
vt 1 1
vt 1 1
vt 1 1
vt 1 1
vt 1 1
vt 1 1
vt 1 1
vt 1 1
vt 1 1
vt 0.527 0.93
vt 0.563 0.922
vt 0.527 0.967
vt 0.563 0.922
vt 0.563 0.966
vt 0.527 0.967
vt 0.527 0.73
vt 0.527 0.699
vt 0.563 0.738
vt 0.527 0.699
vt 0.563 0.699
vt 0.563 0.738
vt 1 1
vt 1 1
vt 1 1
vt 1 1
vt 1 1
vt 1 1
vt 1 1
vt 1 1
vt 1 1
vt 1 1
vt 1 1
vt 1 1
vt 1 1
vt 1 1
vt 1 1
vt 1 1
vt 1 1
vt 1 1
vt 1 1
vt 1 1
vt 1 1
vt 1 1
vt 1 1
vt 1 1
vt 1 1
vt 1 1
vt 1 1
vt 0.625 0.83
vt 0.619 0.81
vt 0.625 0.83
vt 1 1
vt 1 1
vt 1 1
vt 1 1
vt 1 1
vt 1 1
vt 0.563 0.922
vt 0.594 0.901
vt 0.563 0.966
vt 0.594 0.901
vt 0.594 0.965
vt 0.563 0.966
vt 0.563 0.738
vt 0.563 0.699
vt 0.594 0.759
vt 0.563 0.699
vt 0.594 0.699
vt 0.594 0.759
vt 1 1
vt 1 1
vt 1 1
vt 1 1
vt 1 1
vt 1 1
vt 1 1
vt 1 1
vt 1 1
vt 1 1
vt 1 1
vt 1 1
vt 1 1
vt 1 1
vt 1 1
vt 1 1
vt 1 1
vt 1 1
vt 1 1
vt 1 1
vt 1 1
vt 1 1
vt 1 1
vt 1 1
vt 1 1
vt 1 1
vt 1 1
vt 0.594 0.901
vt 0.618 0.857
vt 0.594 0.965
vt 0.618 0.857
vt 0.618 0.964
vt 0.594 0.965
vt 0.594 0.759
vt 0.594 0.699
vt 0.618 0.804
vt 0.594 0.699
vt 0.618 0.699
vt 0.618 0.804
vt 0.619 0.81
vt 0.618 0.804
vt 0.633 0.699
vt 0.618 0.804
vt 0.618 0.699
vt 0.633 0.699
vt 0.625 0.83
vt 0.633 0.963
vt 0.619 0.85
vt 0.625 0.83
vt 0.619 0.81
vt 0.633 0.699
vt 0.619 0.85
vt 0.633 0.963
vt 0.618 0.857
vt 0.633 0.963
vt 0.618 0.964
vt 0.618 0.857
vt 1 1
vt 1 1
vt 1 1
vt 1 1
vt 1 1
vt 1 1
vt 1 1
vt 1 1
vt 1 1
vt 1 1
vt 1 1
vt 1 1
vt 1 1
vt 1 1
vt 1 1
vt 1 1
vt 1 1
vt 1 1
vt 1 1
vt 1 1
vt 1 1
vt 1 1
vt 1 1
vt 1 1
vt 1 1
vt 1 1
vt 1 1
vt 1 1
vt 1 1
vt 1 1
vt 1 1
vt 1 1
vt 1 1
vt 1 1
vt 1 1
vt 1 1
vt 1 1
vt 1 1
vt 1 1
vt 1 1
vt 1 1
vt 1 1
vt 1 1
vt 1 1
vt 1 1
vt 1 1
vt 1 1
vt 1 1
vt 1 1
vt 1 1
vt 1 1
vt 1 1
vt 1 1
vt 1 1
vt 1 1
vt 1 1
vt 1 1
vt 1 1
vt 1 1
vt 1 1
vt 1 1
vt 1 1
vt 1 1
vt 1 1
vt 1 1
vt 1 1
vt 1 1
vt 1 1
vt 1 1
vt 1 1
vt 1 1
vt 1 1
vt 1 1
vt 1 1
vt 1 1
vt 1 1
vt 1 1
vt 1 1
vt 1 1
vt 1 1
vt 1 1
vt 1 1
vt 1 1
vt 1 1
vt 1 1
vt 1 1
vt 1 1
vt 1 1
vt 1 1
vt 1 1
vt 1 1
vt 1 1
vt 1 1
vt 1 1
vt 1 1
vt 1 1
vt 1 1
vt 1 1
vt 1 1
vt 1 1
vt 1 1
vt 1 1
vt 1 1
vt 1 1
vt 1 1
vt 1 1
vt 1 1
vt 1 1
vt 1 1
vt 1 1
vt 1 1
vt 1 1
vt 1 1
vt 1 1
vt 1 1
vt 1 1
vt 1 1
vt 1 1
vt 1 1
vt 1 1
vt 1 1
vt 1 1
vt 1 1
vt 1 1
vt 1 1
vt 1 1
vt 1 1
vt 1 1
vt 1 1
vt 0.052 0.358
vt 0.081 0.338
vt 0.123 0.447
vt 0.081 0.338
vt 0.139 0.436
vt 0.123 0.447
vt 0.158 0.432
vt 0.158 0.32
vt 0.192 0.325
vt 0.242 0.359
vt 0.192 0.325
vt 0.242 0.346
vt 0.139 0.436
vt 0.119 0.325
vt 0.158 0.432
vt 0.119 0.325
vt 0.158 0.32
vt 0.158 0.432
vt 0.139 0.528
vt 0.119 0.627
vt 0.123 0.517
vt 0.119 0.627
vt 0.083 0.612
vt 0.123 0.517
vt 0.194 0.447
vt 0.264 0.376
vt 0.204 0.463
vt 0.264 0.376
vt 0.288 0.407
vt 0.204 0.463
vt 0.112 0.463
vt 0.029 0.383
vt 0.123 0.447
vt 0.029 0.383
vt 0.052 0.358
vt 0.123 0.447
vt 0.013 0.402
vt 0.029 0.383
vt 0.112 0.463
vt 0.158 0.532
vt 0.158 0.632
vt 0.139 0.528
vt 0.158 0.632
vt 0.119 0.627
vt 0.139 0.528
vt 0.264 0.588
vt 0.233 0.612
vt 0.194 0.517
vt 0.233 0.612
vt 0.177 0.528
vt 0.194 0.517
vt 0.204 0.463
vt 0.288 0.407
vt 0.303 0.443
vt 0.008 0.482
vt 0.108 0.482
vt 0.014 0.521
vt 0.108 0.482
vt 0.112 0.501
vt 0.014 0.521
vt 0.108 0.482
vt 0.008 0.482
vt 0.112 0.463
vt 0.233 0.612
vt 0.197 0.627
vt 0.177 0.528
vt 0.197 0.627
vt 0.158 0.532
vt 0.177 0.528
vt 0.123 0.517
vt 0.083 0.612
vt 0.052 0.588
vt 0.014 0.521
vt 0.112 0.501
vt 0.029 0.557
vt 0.308 0.482
vt 0.208 0.482
vt 0.303 0.443
vt 0.208 0.482
vt 0.204 0.463
vt 0.303 0.443
vt 0.288 0.557
vt 0.204 0.501
vt 0.303 0.521
vt 0.177 0.436
vt 0.242 0.359
vt 0.194 0.447
vt 0.242 0.359
vt 0.264 0.376
vt 0.194 0.447
vt 0.288 0.557
vt 0.264 0.588
vt 0.204 0.501
vt 0.264 0.588
vt 0.194 0.517
vt 0.204 0.501
vt 0.013 0.402
vt 0.112 0.463
vt 0.008 0.411
vt 0.112 0.463
vt 0.008 0.482
vt 0.008 0.411
vt 0.123 0.517
vt 0.052 0.588
vt 0.112 0.501
vt 0.052 0.588
vt 0.029 0.557
vt 0.112 0.501
vt 0.208 0.482
vt 0.308 0.482
vt 0.204 0.501
vt 0.308 0.482
vt 0.303 0.521
vt 0.204 0.501
vt 0.242 0.359
vt 0.177 0.436
vt 0.192 0.325
vt 0.177 0.436
vt 0.158 0.432
vt 0.192 0.325
vt 0.197 0.627
vt 0.158 0.632
vt 0.158 0.532
vt 0.081 0.338
vt 0.119 0.325
vt 0.139 0.436
usemtl MB_194_official_16753
s off
f 7728/15235 7729/15236 7529/15237
f 7589/15238 7528/15239 7344/15240
f 7589/15241 7344/15242 7588/15243
f 7344/15244 7346/15245 7588/15246
f 7587/15247 7588/15248 7496/15249
f 7588/15250 7346/15251 7496/15252
f 7528/15253 7589/15254 7342/15255
f 7589/15256 7590/15257 7342/15258
f 7729/15259 7527/15260 7529/15261
f 7591/15262 7341/15263 7590/15264
f 7341/15265 7342/15266 7590/15267
f 7531/15268 7538/15269 7535/15270
f 7580/15271 7564/15272 7579/15273
f 7564/15274 7563/15275 7579/15276
f 7580/15277 7565/15278 7564/15279
f 7565/15280 7545/15281 7564/15282
f 7566/15283 7546/15284 7565/15285
f 7546/15286 7545/15287 7565/15288
f 7567/15289 7547/15290 7566/15291
f 7547/15292 7546/15293 7566/15294
f 7568/15295 7548/15296 7567/15297
f 7548/15298 7547/15299 7567/15300
f 7569/15301 7549/15302 7568/15303
f 7549/15304 7548/15305 7568/15306
f 7570/15307 7552/15308 7569/15309
f 7552/15310 7549/15311 7569/15312
f 7571/15313 7553/15314 7570/15315
f 7553/15316 7552/15317 7570/15318
f 7572/15319 7554/15320 7571/15321
f 7554/15322 7553/15323 7571/15324
f 7573/15325 7555/15326 7572/15327
f 7555/15328 7554/15329 7572/15330
f 7574/15331 7556/15332 7573/15333
f 7556/15334 7555/15335 7573/15336
f 7575/15337 7557/15338 7574/15339
f 7557/15340 7556/15341 7574/15342
f 7576/15343 7558/15344 7575/15345
f 7558/15346 7557/15347 7575/15348
f 7577/15349 7559/15350 7576/15351
f 7559/15352 7558/15353 7576/15354
f 7578/15355 7562/15356 7577/15357
f 7562/15358 7559/15359 7577/15360
f 7579/15361 7563/15362 7578/15363
f 7563/15364 7562/15365 7578/15366
f 7712/15367 7643/15368 7691/15369
f 7643/15370 7692/15371 7691/15372
f 7636/15373 7665/15374 7609/15375
f 7665/15376 7693/15377 7609/15378
f 7610/15379 7613/15380 7608/15381
f 7613/15382 7611/15383 7608/15384
f 7606/15385 7616/15386 7615/15387
f 7616/15388 7614/15389 7615/15390
f 7619/15391 7618/15392 7607/15393
f 7618/15394 7617/15395 7607/15396
f 7651/15397 7646/15398 7649/15399
f 7646/15400 7647/15401 7649/15402
f 7652/15403 7645/15404 7651/15405
f 7645/15406 7646/15407 7651/15408
f 7653/15409 7642/15410 7652/15411
f 7642/15412 7645/15413 7652/15414
f 7654/15415 7641/15416 7653/15417
f 7641/15418 7642/15419 7653/15420
f 7655/15421 7640/15422 7654/15423
f 7640/15424 7641/15425 7654/15426
f 7656/15427 7639/15428 7655/15429
f 7639/15430 7640/15431 7655/15432
f 7657/15433 7638/15434 7656/15435
f 7638/15436 7639/15437 7656/15438
f 7658/15439 7637/15440 7657/15441
f 7637/15442 7638/15443 7657/15444
f 7704/15445 7702/15446 7708/15447
f 7702/15448 7706/15449 7708/15450
f 7666/15451 7664/15452 7668/15453
f 7664/15454 7671/15455 7668/15456
f 7615/15457 7614/15458 7610/15459
f 7614/15460 7613/15461 7610/15462
f 7607/15463 7617/15464 7606/15465
f 7617/15466 7616/15467 7606/15468
f 7604/15469 7620/15470 7619/15471
f 7620/15472 7618/15473 7619/15474
f 7659/15475 7665/15476 7636/15477
f 7636/15478 7609/15479 7612/15480
f 7698/15481 7700/15482 7696/15483
f 7700/15484 7694/15485 7696/15486
f 7697/15487 7710/15488 7699/15489
f 7710/15490 7450/15491 7699/15492
f 7669/15493 7661/15494 7713/15495
f 7661/15496 7711/15497 7713/15498
f 7667/15499 7454/15500 7690/15501
f 7454/15502 7449/15503 7690/15504
f 7695/15505 7701/15506 7705/15507
f 7701/15508 7703/15509 7705/15510
f 7480/15511 7689/15512 7481/15513
f 7689/15514 7479/15515 7481/15516
f 7601/15517 7625/15518 7600/15519
f 7625/15520 7624/15521 7600/15522
f 7602/15523 7622/15524 7605/15525
f 7622/15526 7621/15527 7605/15528
f 7477/15529 7452/15530 7453/15531
f 7452/15532 7451/15533 7453/15534
f 7632/15535 7596/15536 7634/15537
f 7596/15538 7395/15539 7634/15540
f 7384/15541 7625/15542 7601/15543
f 7600/15544 7624/15545 7603/15546
f 7624/15547 7623/15548 7603/15549
f 7603/15550 7623/15551 7602/15552
f 7623/15553 7622/15554 7602/15555
f 7483/15556 7660/15557 7482/15558
f 7660/15559 7662/15560 7482/15561
f 7605/15562 7621/15563 7604/15564
f 7621/15565 7620/15566 7604/15567
f 7714/15568 7528/15569 7581/15570
f 7528/15571 7342/15572 7581/15573
f 7582/15574 7581/15575 7341/15576
f 7581/15577 7342/15578 7341/15579
f 7340/15580 7583/15581 7341/15582
f 7583/15583 7582/15584 7341/15585
f 7584/15586 7495/15587 7719/15588
f 7495/15589 7543/15590 7719/15591
f 7495/15592 7584/15593 7340/15594
f 7584/15595 7583/15596 7340/15597
f 7383/15598 7522/15599 7754/15600
f 7597/15601 7598/15602 7723/15603
f 7598/15604 7513/15605 7723/15606
f 7594/15607 7595/15608 7725/15609
f 7595/15610 7724/15611 7725/15612
f 7396/15613 7726/15614 7595/15615
f 7726/15616 7724/15617 7595/15618
f 7597/15619 7723/15620 7396/15621
f 7723/15622 7726/15623 7396/15624
f 7513/15625 7598/15626 7491/15627
f 7543/15628 7594/15629 7725/15630
f 7594/15631 7543/15632 7593/15633
f 7543/15634 7495/15635 7593/15636
f 7592/15637 7340/15638 7591/15639
f 7340/15640 7341/15641 7591/15642
f 7593/15643 7495/15644 7592/15645
f 7495/15646 7340/15647 7592/15648
f 7721/15649 7541/15650 7722/15651
f 7663/15652 7447/15653 7688/15654
f 7447/15655 7644/15656 7688/15657
f 7662/15658 7560/15659 7482/15660
f 7707/15661 7485/15662 7560/15663
f 7485/15664 7482/15665 7560/15666
f 7689/15667 7480/15668 7550/15669
f 7709/15670 7550/15671 7487/15672
f 7550/15673 7480/15674 7487/15675
f 7361/15676 7484/15677 7360/15678
f 7486/15679 7351/15680 7551/15681
f 7362/15682 7484/15683 7361/15684
f 7486/15685 7350/15686 7351/15687
f 7363/15688 7484/15689 7362/15690
f 7486/15691 7349/15692 7350/15693
f 7348/15694 7484/15695 7363/15696
f 7486/15697 7348/15698 7349/15699
f 7486/15700 7484/15701 7348/15702
f 7561/15703 7455/15704 7359/15705
f 7359/15706 7455/15707 7358/15708
f 7358/15709 7455/15710 7357/15711
f 7478/15712 7356/15713 7455/15714
f 7356/15715 7478/15716 7355/15717
f 7355/15718 7478/15719 7354/15720
f 7354/15721 7478/15722 7353/15723
f 7353/15724 7478/15725 7352/15726
f 7356/15727 7357/15728 7455/15729
f 7476/15730 7423/15731 7424/15732
f 7475/15733 7627/15734 7423/15735
f 7627/15736 7424/15737 7423/15738
f 7627/15739 7475/15740 7629/15741
f 7475/15742 7422/15743 7629/15744
f 7474/15745 7631/15746 7422/15747
f 7631/15748 7629/15749 7422/15750
f 7631/15751 7474/15752 7633/15753
f 7474/15754 7421/15755 7633/15756
f 7421/15757 7420/15758 7633/15759
f 7420/15760 7635/15761 7633/15762
f 7473/15763 7418/15764 7420/15765
f 7418/15766 7472/15767 7420/15768
f 7418/15769 7473/15770 7419/15771
f 7635/15772 7420/15773 7472/15774
f 7635/15775 7472/15776 7643/15777
f 7472/15778 7692/15779 7643/15780
f 7388/15781 7428/15782 7389/15783
f 7428/15784 7417/15785 7389/15786
f 7688/15787 7644/15788 7711/15789
f 7644/15790 7713/15791 7711/15792
f 7661/15793 7669/15794 7663/15795
f 7669/15796 7447/15797 7663/15798
f 7648/15799 7376/15800 7670/15801
f 7376/15802 7375/15803 7670/15804
f 7375/15805 7374/15806 7670/15807
f 7374/15808 7373/15809 7670/15810
f 7373/15811 7372/15812 7670/15813
f 7372/15814 7371/15815 7448/15816
f 7371/15817 7370/15818 7448/15819
f 7370/15820 7369/15821 7448/15822
f 7369/15823 7368/15824 7448/15825
f 7368/15826 7417/15827 7448/15828
f 7648/15829 7377/15830 7376/15831
f 7367/15832 7417/15833 7368/15834
f 7648/15835 7378/15836 7377/15837
f 7366/15838 7417/15839 7367/15840
f 7394/15841 7648/15842 7395/15843
f 7648/15844 7634/15845 7395/15846
f 7391/15847 7365/15848 7392/15849
f 7365/15850 7364/15851 7392/15852
f 7364/15853 7379/15854 7392/15855
f 7379/15856 7393/15857 7392/15858
f 7372/15859 7448/15860 7670/15861
f 7365/15862 7391/15863 7390/15864
f 7648/15865 7393/15866 7378/15867
f 7393/15868 7379/15869 7378/15870
f 7365/15871 7390/15872 7366/15873
f 7390/15874 7417/15875 7366/15876
f 7389/15877 7417/15878 7390/15879
f 7394/15880 7393/15881 7648/15882
f 7650/15883 7648/15884 7670/15885
f 7440/15886 7671/15887 7441/15888
f 7440/15889 7439/15890 7671/15891
f 7439/15892 7438/15893 7671/15894
f 7446/15895 7445/15896 7664/15897
f 7445/15898 7444/15899 7664/15900
f 7444/15901 7443/15902 7664/15903
f 7664/15904 7443/15905 7671/15906
f 7671/15907 7442/15908 7441/15909
f 7671/15910 7443/15911 7442/15912
f 7740/15913 7739/15914 7679/15915
f 7739/15916 7680/15917 7679/15918
f 7738/15919 7737/15920 7681/15921
f 7737/15922 7682/15923 7681/15924
f 7736/15925 7735/15926 7683/15927
f 7735/15928 7684/15929 7683/15930
f 7732/15931 7746/15932 7672/15933
f 7746/15934 7673/15935 7672/15936
f 7734/15937 7733/15938 7685/15939
f 7733/15940 7686/15941 7685/15942
f 7745/15943 7744/15944 7674/15945
f 7744/15946 7675/15947 7674/15948
f 7731/15949 7732/15950 7687/15951
f 7732/15952 7672/15953 7687/15954
f 7743/15955 7742/15956 7676/15957
f 7742/15958 7677/15959 7676/15960
f 7741/15961 7740/15962 7678/15963
f 7740/15964 7679/15965 7678/15966
f 7739/15967 7738/15968 7680/15969
f 7738/15970 7681/15971 7680/15972
f 7737/15973 7736/15974 7682/15975
f 7736/15976 7683/15977 7682/15978
f 7735/15979 7734/15980 7684/15981
f 7734/15982 7685/15983 7684/15984
f 7746/15985 7745/15986 7673/15987
f 7745/15988 7674/15989 7673/15990
f 7733/15991 7731/15992 7686/15993
f 7731/15994 7687/15995 7686/15996
f 7744/15997 7743/15998 7675/15999
f 7743/16000 7676/16001 7675/16002
f 7742/16003 7741/16004 7677/16005
f 7741/16006 7678/16007 7677/16008
f 7496/16009 7540/16010 7587/16011
f 7540/16012 7586/16013 7587/16014
f 7388/16015 7387/16016 7428/16017
f 7387/16018 7427/16019 7428/16020
f 7596/16021 7632/16022 7397/16023
f 7632/16024 7630/16025 7397/16026
f 7539/16027 7728/16028 7529/16029
f 7529/16030 7516/16031 7539/16032
f 7541/16033 7544/16034 7514/16035
f 7541/16036 7514/16037 7492/16038
f 7541/16039 7492/16040 7493/16041
f 7541/16042 7493/16043 7494/16044
f 7541/16045 7494/16046 7722/16047
f 7585/16048 7730/16049 7536/16050
f 7533/16051 7537/16052 7541/16053
f 7531/16054 7532/16055 7538/16056
f 7533/16057 7343/16058 7537/16059
f 7599/16060 7534/16061 7727/16062
f 7387/16063 7386/16064 7427/16065
f 7386/16066 7426/16067 7427/16068
f 7397/16069 7630/16070 7398/16071
f 7630/16072 7628/16073 7398/16074
f 7585/16075 7586/16076 7730/16077
f 7586/16078 7540/16079 7730/16080
f 7599/16081 7727/16082 7598/16083
f 7727/16084 7491/16085 7598/16086
f 7533/16087 7541/16088 7518/16089
f 7541/16090 7721/16091 7518/16092
f 7517/16093 7541/16094 7537/16095
f 7517/16096 7516/16097 7541/16098
f 7516/16099 7529/16100 7541/16101
f 7386/16102 7385/16103 7426/16104
f 7385/16105 7425/16106 7426/16107
f 7398/16108 7628/16109 7399/16110
f 7628/16111 7626/16112 7399/16113
f 7345/16114 7399/16115 7625/16116
f 7399/16117 7626/16118 7625/16119
f 7384/16120 7601/16121 7347/16122
f 7384/16123 7345/16124 7625/16125
f 7347/16126 7601/16127 7385/16128
f 7601/16129 7425/16130 7385/16131
f 7749/16132 7747/16133 7751/16134
f 7747/16135 7718/16136 7751/16137
f 7530/16138 7748/16139 7542/16140
f 7748/16141 7750/16142 7542/16143
f 7752/16144 7751/16145 7717/16146
f 7751/16147 7718/16148 7717/16149
f 7753/16150 7752/16151 7716/16152
f 7752/16153 7717/16154 7716/16155
f 7382/16156 7383/16157 7381/16158
f 7380/16159 7381/16160 7754/16161
f 7381/16162 7383/16163 7754/16164
f 7715/16165 7380/16166 7716/16167
f 7753/16168 7716/16169 7754/16170
f 7716/16171 7380/16172 7754/16173
f 7462/16174 7463/16175 7523/16176
f 7463/16177 7524/16178 7523/16179
f 7459/16180 7720/16181 7515/16182
f 7459/16183 7515/16184 7458/16185
f 7458/16186 7515/16187 7457/16188
f 7457/16189 7515/16190 7456/16191
f 7456/16192 7515/16193 7471/16194
f 7526/16195 7466/16196 7520/16197
f 7466/16198 7467/16199 7520/16200
f 7460/16201 7461/16202 7720/16203
f 7471/16204 7515/16205 7339/16206
f 7525/16207 7524/16208 7464/16209
f 7524/16210 7463/16211 7464/16212
f 7460/16213 7720/16214 7459/16215
f 7526/16216 7525/16217 7465/16218
f 7525/16219 7464/16220 7465/16221
f 7470/16222 7471/16223 7339/16224
f 7337/16225 7489/16226 7488/16227
f 7489/16228 7521/16229 7488/16230
f 7461/16231 7462/16232 7720/16233
f 7462/16234 7523/16235 7720/16236
f 7469/16237 7470/16238 7339/16239
f 7526/16240 7465/16241 7466/16242
f 7468/16243 7469/16244 7339/16245
f 7338/16246 7337/16247 7519/16248
f 7337/16249 7488/16250 7519/16251
f 7467/16252 7468/16253 7520/16254
f 7520/16255 7468/16256 7339/16257
f 7488/16258 7521/16259 7490/16260
f 7434/16261 7433/16262 7511/16263
f 7433/16264 7510/16265 7511/16266
f 7509/16267 7431/16268 7430/16269
f 7401/16270 7430/16271 7429/16272
f 7510/16273 7432/16274 7509/16275
f 7432/16276 7431/16277 7509/16278
f 7500/16279 7412/16280 7499/16281
f 7412/16282 7413/16283 7499/16284
f 7507/16285 7402/16286 7506/16287
f 7402/16288 7403/16289 7506/16290
f 7512/16291 7435/16292 7511/16293
f 7435/16294 7434/16295 7511/16296
f 7436/16297 7435/16298 7512/16299
f 7501/16300 7411/16301 7500/16302
f 7411/16303 7412/16304 7500/16305
f 7408/16306 7409/16307 7503/16308
f 7409/16309 7502/16310 7503/16311
f 7506/16312 7403/16313 7404/16314
f 7400/16315 7497/16316 7416/16317
f 7497/16318 7498/16319 7416/16320
f 7497/16321 7400/16322 7512/16323
f 7409/16324 7410/16325 7502/16326
f 7410/16327 7501/16328 7502/16329
f 7499/16330 7413/16331 7414/16332
f 7416/16333 7498/16334 7415/16335
f 7405/16336 7505/16337 7404/16338
f 7505/16339 7506/16340 7404/16341
f 7407/16342 7504/16343 7406/16344
f 7508/16345 7401/16346 7507/16347
f 7401/16348 7402/16349 7507/16350
f 7407/16351 7408/16352 7504/16353
f 7408/16354 7503/16355 7504/16356
f 7436/16357 7512/16358 7437/16359
f 7512/16360 7400/16361 7437/16362
f 7499/16363 7414/16364 7498/16365
f 7414/16366 7415/16367 7498/16368
f 7505/16369 7405/16370 7504/16371
f 7405/16372 7406/16373 7504/16374
f 7401/16375 7508/16376 7430/16377
f 7508/16378 7509/16379 7430/16380
f 7410/16381 7411/16382 7501/16383
f 7433/16384 7432/16385 7510/16386
o Part.11
v 4.839 37.122 1.297
v 4.585 37.637 1.229
v 4.19 38.047 1.123
v 3.691 38.309 0.989
v 3.139 38.38 0.841
v 3.691 29.991 0.989
v 4.19 30.253 1.123
v 4.585 30.663 1.229
v 4.839 31.178 1.297
v 2.318 38.38 0.621
v 4.926 36.55 1.32
v 4.926 31.75 1.32
v 3.139 29.9 0.841
v 3.139 28.82 0.841
v 2.078 28.82 1.2
v 2.815 28.82 1.625
v 2.815 29.9 1.625
v 4.417 31.75 2.55
v 4.417 36.55 2.55
v 2.078 38.38 1.2
v 4.338 31.178 2.505
v 4.111 30.663 2.373
v 3.756 30.253 2.169
v 3.31 29.991 1.911
v 2.815 38.38 1.625
v 3.31 38.309 1.911
v 3.756 38.047 2.169
v 4.111 37.637 2.373
v 4.338 37.122 2.505
v 3.542 37.122 3.542
v 3.356 37.637 3.356
v 3.067 38.047 3.067
v 2.702 38.309 2.702
v 2.298 38.38 2.298
v 2.702 29.991 2.702
v 3.067 30.253 3.067
v 3.356 30.663 3.356
v 3.542 31.178 3.542
v 3.606 36.55 3.606
v 3.606 31.75 3.606
v 2.298 29.9 2.298
v 2.298 28.82 2.298
v 1.697 28.82 1.697
v 1.625 28.82 2.815
v 1.625 29.9 2.815
v 2.55 31.75 4.417
v 2.55 36.55 4.417
v 1.2 38.38 2.078
v 2.505 31.178 4.338
v 2.373 30.663 4.111
v 2.169 30.253 3.756
v 1.911 29.991 3.31
v 1.625 38.38 2.815
v 1.911 38.309 3.31
v 2.169 38.047 3.756
v 2.373 37.637 4.111
v 2.505 37.122 4.338
v 1.297 37.122 4.839
v 1.229 37.637 4.585
v 1.123 38.047 4.19
v 0.989 38.309 3.691
v 0.841 38.38 3.139
v 0.989 29.991 3.691
v 1.123 30.253 4.19
v 1.229 30.663 4.585
v 1.297 31.178 4.839
v 0.621 38.38 2.318
v 1.32 36.55 4.926
v 1.32 31.75 4.926
v 0.841 29.9 3.139
v 0.841 28.82 3.139
v 4.926 36.5 1.32
v 4.417 36.5 2.55
v 3.606 36.5 3.606
v 2.55 36.5 4.417
v 1.32 36.5 4.926
v 4.926 31.8 1.32
v 3.606 31.8 3.606
v 1.32 31.8 4.926
v 4.417 31.8 2.55
v 2.55 31.8 4.417
v -4.839 37.122 1.297
v -4.585 37.637 1.229
v -4.19 38.047 1.123
v -3.691 38.309 0.989
v -3.139 38.38 0.841
v -3.691 29.991 0.989
v -4.19 30.253 1.123
v -4.585 30.663 1.229
v -4.839 31.178 1.297
v -4.926 36.55 1.32
v -4.926 31.75 1.32
v -3.139 29.9 0.841
v -3.139 28.82 0.841
v -2.318 28.82 0.621
v -2.815 28.82 1.625
v -2.815 29.9 1.625
v -4.417 31.75 2.55
v -4.417 36.55 2.55
v -4.338 31.178 2.505
v -4.111 30.663 2.373
v -3.756 30.253 2.169
v -3.31 29.991 1.911
v -2.815 38.38 1.625
v -3.31 38.309 1.911
v -3.756 38.047 2.169
v -4.111 37.637 2.373
v -4.338 37.122 2.505
v -3.542 37.122 3.542
v -3.356 37.637 3.356
v -3.067 38.047 3.067
v -2.702 38.309 2.702
v -2.298 38.38 2.298
v -2.702 29.991 2.702
v -3.067 30.253 3.067
v -3.356 30.663 3.356
v -3.542 31.178 3.542
v -3.606 36.55 3.606
v -3.606 31.75 3.606
v -2.298 29.9 2.298
v -2.298 28.82 2.298
v -1.625 28.82 2.815
v -1.625 29.9 2.815
v -2.55 31.75 4.417
v -2.55 36.55 4.417
v -1.2 38.38 2.078
v -2.505 31.178 4.338
v -2.373 30.663 4.111
v -2.169 30.253 3.756
v -1.911 29.991 3.31
v -1.625 38.38 2.815
v -1.911 38.309 3.31
v -2.169 38.047 3.756
v -2.373 37.637 4.111
v -2.505 37.122 4.338
v -1.297 37.122 4.839
v -1.229 37.637 4.585
v -1.123 38.047 4.19
v -0.989 38.309 3.691
v -0.841 38.38 3.139
v -0.989 29.991 3.691
v -1.123 30.253 4.19
v -1.229 30.663 4.585
v -1.297 31.178 4.839
v -1.32 36.55 4.926
v -1.32 31.75 4.926
v -0.841 29.9 3.139
v -0.841 28.82 3.139
v -0.621 28.82 2.318
v 0 28.82 3.25
v 0 29.9 3.25
v 0 31.75 5.1
v 0 36.55 5.1
v 0 38.38 2.4
v 0 31.178 5.009
v 0 30.663 4.747
v 0 30.253 4.337
v 0 29.991 3.822
v 0 38.38 3.25
v 0 38.309 3.822
v 0 38.047 4.337
v 0 37.637 4.747
v 0 37.122 5.009
v -4.926 36.5 1.32
v -4.417 36.5 2.55
v -3.606 36.5 3.606
v -2.55 36.5 4.417
v -1.32 36.5 4.926
v 0 36.5 5.1
v -4.926 31.8 1.32
v -3.606 31.8 3.606
v -1.32 31.8 4.926
v -4.417 31.8 2.55
v -2.55 31.8 4.417
v 0 31.8 5.1
v 4.337 38.047 0
v 4.839 37.122 -1.297
v 4.585 37.637 -1.229
v 4.19 38.047 -1.123
v 3.691 38.309 -0.989
v 3.139 38.38 -0.841
v 3.691 29.991 -0.989
v 4.19 30.253 -1.123
v 4.585 30.663 -1.229
v 4.839 31.178 -1.297
v 2.318 38.38 -0.621
v 4.926 36.55 -1.32
v 4.926 31.75 -1.32
v 3.139 29.9 -0.841
v 3.139 28.82 -0.841
v 2.815 28.82 -1.625
v 2.815 29.9 -1.625
v 4.417 31.75 -2.55
v 4.417 36.55 -2.55
v 4.338 31.178 -2.505
v 4.111 30.663 -2.373
v 3.756 30.253 -2.169
v 3.31 29.991 -1.911
v 2.815 38.38 -1.625
v 3.31 38.309 -1.911
v 3.756 38.047 -2.169
v 4.111 37.637 -2.373
v 4.338 37.122 -2.505
v 3.542 37.122 -3.542
v 3.356 37.637 -3.356
v 3.067 38.047 -3.067
v 2.702 38.309 -2.702
v 2.298 38.38 -2.298
v 2.702 29.991 -2.702
v 3.067 30.253 -3.067
v 3.356 30.663 -3.356
v 3.542 31.178 -3.542
v 1.697 38.38 -1.697
v 3.606 36.55 -3.606
v 3.606 31.75 -3.606
v 2.298 29.9 -2.298
v 2.298 28.82 -2.298
v 1.625 28.82 -2.815
v 1.625 29.9 -2.815
v 2.55 31.75 -4.417
v 2.55 36.55 -4.417
v 2.505 31.178 -4.338
v 2.373 30.663 -4.111
v 2.169 30.253 -3.756
v 1.911 29.991 -3.31
v 1.625 38.38 -2.815
v 1.911 38.309 -3.31
v 2.169 38.047 -3.756
v 2.373 37.637 -4.111
v 2.505 37.122 -4.338
v 1.297 37.122 -4.839
v 1.229 37.637 -4.585
v 1.123 38.047 -4.19
v 0.989 38.309 -3.691
v 0.841 38.38 -3.139
v 0.989 29.991 -3.691
v 1.123 30.253 -4.19
v 1.229 30.663 -4.585
v 1.297 31.178 -4.839
v 1.32 36.55 -4.926
v 1.32 31.75 -4.926
v 0.841 29.9 -3.139
v 0.841 28.82 -3.139
v 3.25 28.82 0
v 3.25 29.9 0
v 5.1 31.75 0
v 5.1 36.55 0
v 5.009 31.178 0
v 4.747 30.663 0
v 4.337 30.253 0
v 3.822 29.991 0
v 3.25 38.38 0
v 3.822 38.309 0
v 4.747 37.637 0
v 5.009 37.122 0
v 4.926 36.5 -1.32
v 4.417 36.5 -2.55
v 3.606 36.5 -3.606
v 2.55 36.5 -4.417
v 1.32 36.5 -4.926
v 5.1 36.5 0
v 4.926 31.8 -1.32
v 3.606 31.8 -3.606
v 1.32 31.8 -4.926
v 4.417 31.8 -2.55
v 2.55 31.8 -4.417
v 5.1 31.8 0
v -4.337 38.047 0
v -4.839 37.122 -1.297
v -4.585 37.637 -1.229
v -4.19 38.047 -1.123
v -3.691 38.309 -0.989
v -3.139 38.38 -0.841
v -3.691 29.991 -0.989
v -4.19 30.253 -1.123
v -4.585 30.663 -1.229
v -4.839 31.178 -1.297
v -4.926 36.55 -1.32
v -4.926 31.75 -1.32
v -3.139 29.9 -0.841
v -3.139 28.82 -0.841
v -2.815 28.82 -1.625
v -2.815 29.9 -1.625
v -4.417 31.75 -2.55
v -4.417 36.55 -2.55
v -4.338 31.178 -2.505
v -4.111 30.663 -2.373
v -3.756 30.253 -2.169
v -3.31 29.991 -1.911
v -2.815 38.38 -1.625
v -3.31 38.309 -1.911
v -3.756 38.047 -2.169
v -4.111 37.637 -2.373
v -4.338 37.122 -2.505
v -3.542 37.122 -3.542
v -3.356 37.637 -3.356
v -3.067 38.047 -3.067
v -2.702 38.309 -2.702
v -2.298 38.38 -2.298
v -2.702 29.991 -2.702
v -3.067 30.253 -3.067
v -3.356 30.663 -3.356
v -3.542 31.178 -3.542
v -3.606 36.55 -3.606
v -3.606 31.75 -3.606
v -2.298 29.9 -2.298
v -2.298 28.82 -2.298
v -1.697 28.82 -1.697
v -1.2 28.82 -2.078
v -1.625 28.82 -2.815
v -1.625 29.9 -2.815
v -2.55 31.75 -4.417
v -2.55 36.55 -4.417
v -2.505 31.178 -4.338
v -2.373 30.663 -4.111
v -2.169 30.253 -3.756
v -1.911 29.991 -3.31
v -1.625 38.38 -2.815
v -1.911 38.309 -3.31
v -2.169 38.047 -3.756
v -2.373 37.637 -4.111
v -2.505 37.122 -4.338
v -1.297 37.122 -4.839
v -1.229 37.637 -4.585
v -1.123 38.047 -4.19
v -0.989 38.309 -3.691
v -0.841 38.38 -3.139
v -0.989 29.991 -3.691
v -1.123 30.253 -4.19
v -1.229 30.663 -4.585
v -1.297 31.178 -4.839
v -0.621 38.38 -2.318
v -1.32 36.55 -4.926
v -1.32 31.75 -4.926
v -0.841 29.9 -3.139
v -0.841 28.82 -3.139
v -0.621 28.82 -2.318
v 0 28.82 -2.4
v 0 28.82 -3.25
v 0 29.9 -3.25
v 0 31.75 -5.1
v 0 36.55 -5.1
v 0 38.38 -2.4
v 0 31.178 -5.009
v 0 30.663 -4.747
v 0 30.253 -4.337
v 0 29.991 -3.822
v 0 38.38 -3.25
v 0 38.309 -3.822
v 0 38.047 -4.337
v 0 37.637 -4.747
v 0 37.122 -5.009
v -3.25 28.82 0
v -3.25 29.9 0
v -5.1 31.75 0
v -5.1 36.55 0
v -2.4 38.38 0
v -5.009 31.178 0
v -4.747 30.663 0
v -4.337 30.253 0
v -3.822 29.991 0
v -3.25 38.38 0
v -3.822 38.309 0
v -4.747 37.637 0
v -5.009 37.122 0
v -4.926 36.5 -1.32
v -4.417 36.5 -2.55
v -3.606 36.5 -3.606
v -2.55 36.5 -4.417
v -1.32 36.5 -4.926
v 0 36.5 -5.1
v -5.1 36.5 0
v -4.926 31.8 -1.32
v -3.606 31.8 -3.606
v -1.32 31.8 -4.926
v -4.417 31.8 -2.55
v -2.55 31.8 -4.417
v 0 31.8 -5.1
v -5.1 31.8 0
v 2.318 37.3 0.621
v 2.318 28.82 0.621
v 1.697 38.38 1.697
v 1.2 28.82 2.078
v 1.2 37.3 2.078
v 0.621 37.3 2.318
v 0.621 28.82 2.318
v -2.318 38.38 0.621
v -2.078 28.82 1.2
v -2.078 38.38 1.2
v -2.078 37.3 1.2
v -1.697 37.3 1.697
v -1.697 38.38 1.697
v -1.697 28.82 1.697
v -1.2 28.82 2.078
v -1.2 37.3 2.078
v -0.621 38.38 2.318
v 0 28.82 2.4
v 2.318 37.3 -0.621
v 2.318 28.82 -0.621
v 2.078 28.82 -1.2
v 2.078 38.38 -1.2
v 1.697 37.3 -1.697
v 1.697 28.82 -1.697
v 1.2 28.82 -2.078
v 1.2 38.38 -2.078
v 0.621 38.38 -2.318
v 0.621 28.82 -2.318
v 2.4 28.82 0
v 2.4 38.38 0
v -2.318 37.3 -0.621
v -2.318 38.38 -0.621
v -2.318 28.82 -0.621
v -2.078 28.82 -1.2
v -2.078 38.38 -1.2
v -2.078 37.3 -1.2
v -1.697 37.3 -1.697
v -1.697 38.38 -1.697
v -1.2 38.38 -2.078
v -2.4 28.82 0
v -2.4 37.3 0
v 1.058 38.38 1.188
v 0 38.38 0.577
v 0.5 38.38 -0.289
v 1.558 38.38 0.322
v -1.557 38.38 0.322
v -0.5 38.38 -0.289
v -1.057 38.38 1.188
v 0.5 38.38 -1.512
v 1.545 38.38 0.414
v -0.5 38.38 -1.512
v 2.078 37.3 1.2
v 1.697 37.3 1.697
v 0.8 37.3 1.386
v 0.414 37.3 1.545
v 0 37.3 1.6
v 0 37.3 2.4
v -0.621 37.3 2.318
v -0.414 37.3 1.545
v -0.8 37.3 1.386
v -2.318 37.3 0.621
v -1.6 37.3 0
v -1.545 37.3 -0.414
v -1.386 37.3 -0.8
v -1.131 37.3 -1.131
v -0.8 37.3 -1.386
v -1.2 37.3 -2.078
v -0.621 37.3 -2.318
v 0 37.3 -2.4
v 0.621 37.3 -2.318
v 0.8 37.3 -1.386
v 1.2 37.3 -2.078
v 1.131 37.3 -1.131
v 1.386 37.3 -0.8
v 2.078 37.3 -1.2
v 1.545 37.3 -0.414
v 1.6 37.3 0
v 2.4 37.3 0
v 1.386 38.38 0.8
v 1.131 38.38 1.131
v 0.8 38.38 1.386
v 0.414 38.38 1.545
v 0 38.38 1.6
v -0.414 38.38 1.545
v -0.8 38.38 1.386
v -1.131 38.38 1.131
v -1.386 38.38 0.8
v -1.545 38.38 0.414
v -1.6 38.38 0
v -1.545 38.38 -0.414
v -1.386 38.38 -0.8
v -1.131 38.38 -1.131
v -0.8 38.38 -1.386
v -0.414 38.38 -1.545
v 0 38.38 -1.6
v 0.414 38.38 -1.545
v 0.8 38.38 -1.386
v 1.131 38.38 -1.131
v 1.386 38.38 -0.8
v 1.545 38.38 -0.414
v 1.6 38.38 0
v 1.058 37.3 1.188
v 0 37.3 0.577
v 0.5 37.3 -0.289
v 1.558 37.3 0.322
v -1.557 37.3 0.322
v -0.5 37.3 -0.289
v -1.057 37.3 1.188
v 0.5 37.3 -1.512
v -0.5 37.3 -1.512
v 2.318 40.15 0.621
v 2.075 40.4 0.556
v 2.247 40.327 0.602
v 1.86 40.4 1.074
v 2.078 40.15 1.2
v 2.015 40.327 1.163
v 1.519 40.4 1.519
v 1.697 40.15 1.697
v 1.645 40.327 1.645
v 1.074 40.4 1.86
v 1.2 40.15 2.078
v 1.163 40.327 2.015
v 0.556 40.4 2.075
v 0.621 40.15 2.318
v 0.602 40.327 2.247
v -2.075 40.4 0.556
v -2.318 40.15 0.621
v -2.247 40.327 0.602
v -2.078 40.15 1.2
v -1.86 40.4 1.074
v -2.015 40.327 1.163
v -1.697 40.15 1.697
v -1.519 40.4 1.519
v -1.645 40.327 1.645
v -1.2 40.15 2.078
v -1.074 40.4 1.86
v -1.163 40.327 2.015
v -0.621 40.15 2.318
v -0.556 40.4 2.075
v -0.602 40.327 2.247
v 0 40.4 2.148
v 0 40.15 2.4
v 0 40.327 2.326
v 2.075 40.4 -0.556
v 2.318 40.15 -0.621
v 2.247 40.327 -0.602
v 2.078 40.15 -1.2
v 1.86 40.4 -1.074
v 2.015 40.327 -1.163
v 1.697 40.15 -1.697
v 1.519 40.4 -1.519
v 1.645 40.327 -1.645
v 1.2 40.15 -2.078
v 1.074 40.4 -1.86
v 1.163 40.327 -2.015
v 0.621 40.15 -2.318
v 0.556 40.4 -2.075
v 0.602 40.327 -2.247
v 2.4 40.15 0
v 2.148 40.4 0
v 2.326 40.327 0
v -2.318 40.15 -0.621
v -2.075 40.4 -0.556
v -2.247 40.327 -0.602
v -1.86 40.4 -1.074
v -2.078 40.15 -1.2
v -2.015 40.327 -1.163
v -1.519 40.4 -1.519
v -1.697 40.15 -1.697
v -1.645 40.327 -1.645
v -1.074 40.4 -1.86
v -1.2 40.15 -2.078
v -1.163 40.327 -2.015
v -0.556 40.4 -2.075
v -0.621 40.15 -2.318
v -0.602 40.327 -2.247
v 0 40.15 -2.4
v 0 40.4 -2.148
v 0 40.327 -2.326
v -2.148 40.4 0
v -2.4 40.15 0
v -2.326 40.327 0
v 1.74 40.4 0.466
v 1.545 40.2 0.414
v 1.603 40.341 0.429
v 1.386 40.2 0.8
v 1.56 40.4 0.901
v 1.437 40.341 0.83
v 1.131 40.2 1.131
v 1.274 40.4 1.274
v 1.173 40.341 1.173
v -1.545 40.2 0.414
v -1.74 40.4 0.466
v -1.603 40.341 0.429
v -0.8 40.2 1.386
v -0.901 40.4 1.56
v -0.83 40.341 1.437
v -0.466 40.4 1.74
v -0.414 40.2 1.545
v -0.429 40.341 1.603
v 1.274 40.4 -1.274
v 1.131 40.2 -1.131
v 1.173 40.341 -1.173
v -1.74 40.4 -0.466
v -1.545 40.2 -0.414
v -1.603 40.341 -0.429
v -1.386 40.2 -0.8
v -1.56 40.4 -0.901
v -1.437 40.341 -0.83
v -1.131 40.2 -1.131
v -1.274 40.4 -1.274
v -1.173 40.341 -1.173
v 0.901 40.4 1.56
v 0.8 40.2 1.386
v 0.83 40.341 1.437
v 0.414 40.2 1.545
v 0.466 40.4 1.74
v 0.429 40.341 1.603
v 0 40.2 1.6
v 0 40.4 1.802
v 0 40.341 1.659
v -1.274 40.4 1.274
v -1.131 40.2 1.131
v -1.173 40.341 1.173
v -1.386 40.2 0.8
v -1.56 40.4 0.901
v -1.437 40.341 0.83
v -1.6 40.2 0
v -1.802 40.4 0
v -1.659 40.341 0
v -0.901 40.4 -1.56
v -0.8 40.2 -1.386
v -0.83 40.341 -1.437
v -0.414 40.2 -1.545
v -0.466 40.4 -1.74
v -0.429 40.341 -1.603
v 0 40.2 -1.6
v 0 40.4 -1.802
v 0 40.341 -1.659
v 0.414 40.2 -1.545
v 0.466 40.4 -1.74
v 0.429 40.341 -1.603
v 0.8 40.2 -1.386
v 0.901 40.4 -1.56
v 0.83 40.341 -1.437
v 1.56 40.4 -0.901
v 1.386 40.2 -0.8
v 1.437 40.341 -0.83
v 1.545 40.2 -0.414
v 1.74 40.4 -0.466
v 1.603 40.341 -0.429
v 1.6 40.2 0
v 1.802 40.4 0
v 1.659 40.341 0
v 3.139 28.82 0.841
v 2.815 28.82 1.625
v 3.139 29.9 0.841
v 2.815 29.9 1.625
v 2.318 38.38 0.621
v 2.078 38.38 1.2
v 2.298 29.9 2.298
v 2.078 28.82 1.2
v 1.697 28.82 1.697
v 2.298 28.82 2.298
v 1.625 28.82 2.815
v 1.625 29.9 2.815
v 1.2 38.38 2.078
v 0.621 38.38 2.318
v 0.841 29.9 3.139
v 0.841 28.82 3.139
v 0 28.82 3.25
v 0 29.9 3.25
v 0 38.38 2.4
v 3.25 28.82 0
v 3.25 29.9 0
v -3.139 28.82 0.841
v -2.815 28.82 1.625
v -3.139 29.9 0.841
v -2.815 29.9 1.625
v -2.298 29.9 2.298
v -2.298 28.82 2.298
v -1.625 28.82 2.815
v -1.625 29.9 2.815
v -0.841 29.9 3.139
v -0.841 28.82 3.139
v -3.25 28.82 0
v -3.25 29.9 0
v 3.139 28.82 -0.841
v 2.815 28.82 -1.625
v 3.139 29.9 -0.841
v 2.815 29.9 -1.625
v 2.298 29.9 -2.298
v 2.298 28.82 -2.298
v 1.625 28.82 -2.815
v 1.625 29.9 -2.815
v 0.841 29.9 -3.139
v 0.841 28.82 -3.139
v 0 28.82 -3.25
v 0 29.9 -3.25
v -3.139 28.82 -0.841
v -2.815 28.82 -1.625
v -3.139 29.9 -0.841
v -2.815 29.9 -1.625
v -2.298 29.9 -2.298
v -2.298 28.82 -2.298
v -1.697 28.82 -1.697
v -1.2 28.82 -2.078
v -1.625 28.82 -2.815
v -1.625 29.9 -2.815
v -0.841 29.9 -3.139
v -0.621 28.82 -2.318
v -0.841 28.82 -3.139
v 0 28.82 -2.4
v -0.621 38.38 -2.318
v 0 38.38 -2.4
v 1.2 28.82 2.078
v 0.621 28.82 2.318
v 1.2 37.3 2.078
v 0.621 37.3 2.318
v 0 28.82 2.4
v 2.318 28.82 0.621
v 2.4 28.82 0
v -2.318 38.38 0.621
v -2.078 38.38 1.2
v -1.697 38.38 1.697
v -2.078 28.82 1.2
v -1.697 28.82 1.697
v -2.078 37.3 1.2
v -1.697 37.3 1.697
v -1.2 28.82 2.078
v -1.2 37.3 2.078
v 2.318 28.82 -0.621
v 2.078 28.82 -1.2
v 1.697 28.82 -1.697
v 1.2 28.82 -2.078
v 1.2 38.38 -2.078
v 0.621 38.38 -2.318
v 0.621 28.82 -2.318
v -2.318 28.82 -0.621
v -2.078 28.82 -1.2
v -2.318 38.38 -0.621
v -2.078 38.38 -1.2
v -2.318 37.3 -0.621
v -2.078 37.3 -1.2
v -1.697 38.38 -1.697
v -1.697 37.3 -1.697
v -1.2 38.38 -2.078
v -2.4 37.3 0
v -2.4 28.82 0
v 1.058 38.38 1.188
v 1.058 38.38 1.188
v 0 38.38 0.577
v 0 38.38 0.577
v 0.5 38.38 -0.289
v 0.5 38.38 -0.289
v 1.558 38.38 0.322
v 1.558 38.38 0.322
v -1.557 38.38 0.322
v -1.557 38.38 0.322
v -0.5 38.38 -0.289
v -0.5 38.38 -0.289
v 0 37.3 0.577
v 0 37.3 0.577
v 2.078 37.3 1.2
v 1.697 37.3 1.697
v 0.8 37.3 1.386
v 0.414 37.3 1.545
v 0 37.3 1.6
v 0 37.3 2.4
v -0.621 37.3 2.318
v -0.414 37.3 1.545
v -0.8 37.3 1.386
v -0.5 38.38 -1.512
v -0.5 38.38 -1.512
v -0.5 37.3 -1.512
v -0.5 37.3 -1.512
v -1.6 37.3 0
v -1.545 37.3 -0.414
v -1.386 37.3 -0.8
v -1.131 37.3 -1.131
v -0.8 37.3 -1.386
v -1.2 37.3 -2.078
v -0.621 37.3 -2.318
v -0.5 37.3 -0.289
v -0.5 37.3 -0.289
v 0 37.3 -2.4
v 0.621 37.3 -2.318
v 1.2 37.3 -2.078
v 0.8 37.3 -1.386
v 1.131 37.3 -1.131
v 1.386 37.3 -0.8
v 1.545 37.3 -0.414
v 1.6 37.3 0
v 0.5 38.38 -1.512
v 0.5 38.38 -1.512
v -1.057 38.38 1.188
v -1.057 38.38 1.188
v -1.057 37.3 1.188
v -1.057 37.3 1.188
v 0.5 37.3 -1.512
v 0.5 37.3 -1.512
v 0.5 37.3 -0.289
v 0.5 37.3 -0.289
v -1.557 37.3 0.322
v -1.557 37.3 0.322
v 1.558 37.3 0.322
v 1.558 37.3 0.322
v 1.058 37.3 1.188
v 1.058 37.3 1.188
v 0.414 38.38 -1.545
v 0 38.38 -1.6
v -0.414 38.38 -1.545
v 1.131 38.38 1.131
v -1.545 38.38 0.414
v -1.386 38.38 0.8
v -1.131 38.38 1.131
v 1.386 38.38 0.8
v 1.545 38.38 0.414
v 1.697 38.38 1.697
v 2.4 38.38 0
v -2.318 28.82 0.621
v -1.2 38.38 2.078
v -0.621 38.38 2.318
v -0.621 28.82 2.318
v -2.4 38.38 0
v 2.318 38.38 -0.621
v 2.078 38.38 -1.2
v 1.697 38.38 -1.697
v 2.318 37.3 0.621
v 2.4 37.3 0
v -2.318 37.3 0.621
v 2.318 37.3 -0.621
v 2.078 37.3 -1.2
v 1.697 37.3 -1.697
vt 0.78 0.915
vt 0.77 0.915
vt 0.785 0.883
vt 0.77 0.915
vt 0.775 0.883
vt 0.785 0.883
vt 0.78 0.915
vt 0.765 0.944
vt 0.77 0.915
vt 0.765 0.944
vt 0.756 0.944
vt 0.77 0.915
vt 0.765 0.944
vt 0.742 0.967
vt 0.756 0.944
vt 0.742 0.967
vt 0.734 0.967
vt 0.756 0.944
vt 0.742 0.967
vt 0.713 0.982
vt 0.734 0.967
vt 0.713 0.982
vt 0.706 0.982
vt 0.734 0.967
vt 0 0
vt 0 0
vt 0 0
vt 0 0
vt 0 0
vt 0 0
vt 0 0
vt 0 0
vt 0 0
vt 0 0
vt 0 0
vt 0 0
vt 0 0
vt 0 0
vt 0 0
vt 0 0
vt 0 0
vt 0 0
vt 0.713 0.515
vt 0.742 0.529
vt 0.706 0.515
vt 0.742 0.529
vt 0.734 0.529
vt 0.706 0.515
vt 0.742 0.529
vt 0.765 0.552
vt 0.734 0.529
vt 0.765 0.552
vt 0.756 0.552
vt 0.734 0.529
vt 0.765 0.552
vt 0.78 0.581
vt 0.756 0.552
vt 0.78 0.581
vt 0.77 0.581
vt 0.756 0.552
vt 0.78 0.581
vt 0.785 0.614
vt 0.77 0.581
vt 0.785 0.614
vt 0.775 0.614
vt 0.77 0.581
vt 0.785 0.616
vt 0.775 0.616
vt 0.785 0.614
vt 0.775 0.616
vt 0.775 0.614
vt 0.785 0.614
vt 0 0
vt 0 0
vt 0 0
vt 0 0
vt 0 0
vt 0 0
vt 0 0
vt 0 0
vt 0 0
vt 0 0
vt 0 0
vt 0 0
vt 0 0
vt 0 0
vt 0 0
vt 0 0
vt 0 0
vt 0 0
vt 0 0
vt 0 0
vt 0 0
vt 0 0
vt 0 0
vt 0 0
vt 0.775 0.616
vt 0.747 0.616
vt 0.775 0.614
vt 0.747 0.616
vt 0.747 0.614
vt 0.775 0.614
vt 0.77 0.581
vt 0.775 0.614
vt 0.742 0.581
vt 0.775 0.614
vt 0.747 0.614
vt 0.742 0.581
vt 0.756 0.552
vt 0.77 0.581
vt 0.73 0.552
vt 0.77 0.581
vt 0.742 0.581
vt 0.73 0.552
vt 0.734 0.529
vt 0.756 0.552
vt 0.71 0.529
vt 0.756 0.552
vt 0.73 0.552
vt 0.71 0.529
vt 0.706 0.515
vt 0.734 0.529
vt 0.685 0.515
vt 0.734 0.529
vt 0.71 0.529
vt 0.685 0.515
vt 0 0
vt 0 0
vt 0 0
vt 0 0
vt 0 0
vt 0 0
vt 0 0
vt 0 0
vt 0 0
vt 0 0
vt 0 0
vt 0 0
vt 0 0
vt 0 0
vt 0 0
vt 0 0
vt 0 0
vt 0 0
vt 0.734 0.967
vt 0.706 0.982
vt 0.71 0.967
vt 0.706 0.982
vt 0.685 0.982
vt 0.71 0.967
vt 0.756 0.944
vt 0.734 0.967
vt 0.73 0.944
vt 0.734 0.967
vt 0.71 0.967
vt 0.73 0.944
vt 0.77 0.915
vt 0.756 0.944
vt 0.742 0.915
vt 0.756 0.944
vt 0.73 0.944
vt 0.742 0.915
vt 0.77 0.915
vt 0.742 0.915
vt 0.775 0.883
vt 0.742 0.915
vt 0.747 0.883
vt 0.775 0.883
vt 0.742 0.915
vt 0.698 0.915
vt 0.747 0.883
vt 0.698 0.915
vt 0.701 0.883
vt 0.747 0.883
vt 0.742 0.915
vt 0.73 0.944
vt 0.698 0.915
vt 0.73 0.944
vt 0.687 0.944
vt 0.698 0.915
vt 0.73 0.944
vt 0.71 0.967
vt 0.687 0.944
vt 0.71 0.967
vt 0.671 0.967
vt 0.687 0.944
vt 0.71 0.967
vt 0.685 0.982
vt 0.671 0.967
vt 0.685 0.982
vt 0.65 0.982
vt 0.671 0.967
vt 0 0
vt 0 0
vt 0 0
vt 0 0
vt 0 0
vt 0 0
vt 0 0
vt 0 0
vt 0 0
vt 0 0
vt 0 0
vt 0 0
vt 0 0
vt 0 0
vt 0 0
vt 0 0
vt 0 0
vt 0 0
vt 0.685 0.515
vt 0.71 0.529
vt 0.65 0.515
vt 0.71 0.529
vt 0.671 0.529
vt 0.65 0.515
vt 0.71 0.529
vt 0.73 0.552
vt 0.671 0.529
vt 0.73 0.552
vt 0.687 0.552
vt 0.671 0.529
vt 0.73 0.552
vt 0.742 0.581
vt 0.687 0.552
vt 0.742 0.581
vt 0.698 0.581
vt 0.687 0.552
vt 0.742 0.581
vt 0.747 0.614
vt 0.698 0.581
vt 0.747 0.614
vt 0.701 0.614
vt 0.698 0.581
vt 0.747 0.616
vt 0.701 0.616
vt 0.747 0.614
vt 0.701 0.616
vt 0.701 0.614
vt 0.747 0.614
vt 0 0
vt 0 0
vt 0 0
vt 0 0
vt 0 0
vt 0 0
vt 0 0
vt 0 0
vt 0 0
vt 0 0
vt 0 0
vt 0 0
vt 0 0
vt 0 0
vt 0 0
vt 0 0
vt 0 0
vt 0 0
vt 0 0
vt 0 0
vt 0 0
vt 0 0
vt 0 0
vt 0 0
vt 0.701 0.616
vt 0.642 0.616
vt 0.701 0.614
vt 0.642 0.616
vt 0.642 0.614
vt 0.701 0.614
vt 0.698 0.581
vt 0.701 0.614
vt 0.639 0.581
vt 0.701 0.614
vt 0.642 0.614
vt 0.639 0.581
vt 0.687 0.552
vt 0.698 0.581
vt 0.632 0.552
vt 0.698 0.581
vt 0.639 0.581
vt 0.632 0.552
vt 0.671 0.529
vt 0.687 0.552
vt 0.62 0.529
vt 0.687 0.552
vt 0.632 0.552
vt 0.62 0.529
vt 0.65 0.515
vt 0.671 0.529
vt 0.606 0.515
vt 0.671 0.529
vt 0.62 0.529
vt 0.606 0.515
vt 0 0
vt 0 0
vt 0 0
vt 0 0
vt 0 0
vt 0 0
vt 0 0
vt 0 0
vt 0 0
vt 0 0
vt 0 0
vt 0 0
vt 0 0
vt 0 0
vt 0 0
vt 0 0
vt 0 0
vt 0 0
vt 0.671 0.967
vt 0.65 0.982
vt 0.62 0.967
vt 0.65 0.982
vt 0.606 0.982
vt 0.62 0.967
vt 0.687 0.944
vt 0.671 0.967
vt 0.632 0.944
vt 0.671 0.967
vt 0.62 0.967
vt 0.632 0.944
vt 0.698 0.915
vt 0.687 0.944
vt 0.639 0.915
vt 0.687 0.944
vt 0.632 0.944
vt 0.639 0.915
vt 0.698 0.915
vt 0.639 0.915
vt 0.701 0.883
vt 0.639 0.915
vt 0.642 0.883
vt 0.701 0.883
vt 0.639 0.915
vt 0.571 0.915
vt 0.642 0.883
vt 0.571 0.915
vt 0.573 0.883
vt 0.642 0.883
vt 0.639 0.915
vt 0.632 0.944
vt 0.571 0.915
vt 0.632 0.944
vt 0.568 0.944
vt 0.571 0.915
vt 0.632 0.944
vt 0.62 0.967
vt 0.568 0.944
vt 0.62 0.967
vt 0.562 0.967
vt 0.568 0.944
vt 0.62 0.967
vt 0.606 0.982
vt 0.562 0.967
vt 0.606 0.982
vt 0.554 0.982
vt 0.562 0.967
vt 0 0
vt 0 0
vt 0 0
vt 0 0
vt 0 0
vt 0 0
vt 0 0
vt 0 0
vt 0 0
vt 0 0
vt 0 0
vt 0 0
vt 0 0
vt 0 0
vt 0 0
vt 0 0
vt 0 0
vt 0 0
vt 0.606 0.515
vt 0.62 0.529
vt 0.554 0.515
vt 0.62 0.529
vt 0.562 0.529
vt 0.554 0.515
vt 0.62 0.529
vt 0.632 0.552
vt 0.562 0.529
vt 0.632 0.552
vt 0.568 0.552
vt 0.562 0.529
vt 0.632 0.552
vt 0.639 0.581
vt 0.568 0.552
vt 0.639 0.581
vt 0.571 0.581
vt 0.568 0.552
vt 0.639 0.581
vt 0.642 0.614
vt 0.571 0.581
vt 0.642 0.614
vt 0.573 0.614
vt 0.571 0.581
vt 0.642 0.616
vt 0.573 0.616
vt 0.642 0.614
vt 0.573 0.616
vt 0.573 0.614
vt 0.642 0.614
vt 0 0
vt 0 0
vt 0 0
vt 0 0
vt 0 0
vt 0 0
vt 0 0
vt 0 0
vt 0 0
vt 0 0
vt 0 0
vt 0 0
vt 0 0
vt 0 0
vt 0 0
vt 0 0
vt 0 0
vt 0 0
vt 0 0
vt 0 0
vt 0 0
vt 0 0
vt 0 0
vt 0 0
vt 0.573 0.616
vt 0.499 0.616
vt 0.573 0.614
vt 0.499 0.616
vt 0.499 0.614
vt 0.573 0.614
vt 0.571 0.581
vt 0.573 0.614
vt 0.499 0.581
vt 0.573 0.614
vt 0.499 0.614
vt 0.499 0.581
vt 0.568 0.552
vt 0.571 0.581
vt 0.499 0.552
vt 0.571 0.581
vt 0.499 0.581
vt 0.499 0.552
vt 0.562 0.529
vt 0.568 0.552
vt 0.499 0.529
vt 0.568 0.552
vt 0.499 0.552
vt 0.499 0.529
vt 0.554 0.515
vt 0.562 0.529
vt 0.499 0.515
vt 0.562 0.529
vt 0.499 0.529
vt 0.499 0.515
vt 0 0
vt 0 0
vt 0 0
vt 0 0
vt 0 0
vt 0 0
vt 0 0
vt 0 0
vt 0 0
vt 0 0
vt 0 0
vt 0 0
vt 0 0
vt 0 0
vt 0 0
vt 0 0
vt 0 0
vt 0 0
vt 0.562 0.967
vt 0.554 0.982
vt 0.499 0.967
vt 0.554 0.982
vt 0.499 0.982
vt 0.499 0.967
vt 0.568 0.944
vt 0.562 0.967
vt 0.499 0.944
vt 0.562 0.967
vt 0.499 0.967
vt 0.499 0.944
vt 0.571 0.915
vt 0.568 0.944
vt 0.499 0.915
vt 0.568 0.944
vt 0.499 0.944
vt 0.499 0.915
vt 0.571 0.915
vt 0.499 0.915
vt 0.573 0.883
vt 0.499 0.915
vt 0.499 0.883
vt 0.573 0.883
vt 0.573 0.883
vt 0.499 0.883
vt 0.573 0.881
vt 0.499 0.883
vt 0.499 0.881
vt 0.573 0.881
vt 0.642 0.883
vt 0.573 0.883
vt 0.642 0.881
vt 0.573 0.883
vt 0.573 0.881
vt 0.642 0.881
vt 0.701 0.883
vt 0.642 0.883
vt 0.701 0.881
vt 0.642 0.883
vt 0.642 0.881
vt 0.701 0.881
vt 0.747 0.883
vt 0.701 0.883
vt 0.747 0.881
vt 0.701 0.883
vt 0.701 0.881
vt 0.747 0.881
vt 0.775 0.883
vt 0.747 0.883
vt 0.775 0.881
vt 0.747 0.883
vt 0.747 0.881
vt 0.775 0.881
vt 0.785 0.883
vt 0.775 0.883
vt 0.785 0.881
vt 0.775 0.883
vt 0.775 0.881
vt 0.785 0.881
vt 0.573 0.881
vt 0.499 0.881
vt 0.573 0.616
vt 0.499 0.881
vt 0.499 0.616
vt 0.573 0.616
vt 0.642 0.881
vt 0.573 0.881
vt 0.642 0.616
vt 0.573 0.881
vt 0.573 0.616
vt 0.642 0.616
vt 0.701 0.881
vt 0.642 0.881
vt 0.701 0.616
vt 0.642 0.881
vt 0.642 0.616
vt 0.701 0.616
vt 0.747 0.881
vt 0.701 0.881
vt 0.747 0.616
vt 0.701 0.881
vt 0.701 0.616
vt 0.747 0.616
vt 0.775 0.881
vt 0.747 0.881
vt 0.775 0.616
vt 0.747 0.881
vt 0.747 0.616
vt 0.775 0.616
vt 0.785 0.881
vt 0.775 0.881
vt 0.785 0.616
vt 0.775 0.881
vt 0.775 0.616
vt 0.785 0.616
vt 0.217 0.915
vt 0.212 0.883
vt 0.227 0.915
vt 0.212 0.883
vt 0.222 0.883
vt 0.227 0.915
vt 0.217 0.915
vt 0.227 0.915
vt 0.232 0.944
vt 0.227 0.915
vt 0.241 0.944
vt 0.232 0.944
vt 0.232 0.944
vt 0.241 0.944
vt 0.255 0.967
vt 0.241 0.944
vt 0.263 0.967
vt 0.255 0.967
vt 0.255 0.967
vt 0.263 0.967
vt 0.284 0.982
vt 0.263 0.967
vt 0.291 0.982
vt 0.284 0.982
vt 0 0
vt 0 0
vt 0 0
vt 0 0
vt 0 0
vt 0 0
vt 0 0
vt 0 0
vt 0 0
vt 0 0
vt 0 0
vt 0 0
vt 0 0
vt 0 0
vt 0 0
vt 0 0
vt 0 0
vt 0 0
vt 0.284 0.515
vt 0.291 0.515
vt 0.255 0.529
vt 0.291 0.515
vt 0.263 0.529
vt 0.255 0.529
vt 0.255 0.529
vt 0.263 0.529
vt 0.232 0.552
vt 0.263 0.529
vt 0.241 0.552
vt 0.232 0.552
vt 0.232 0.552
vt 0.241 0.552
vt 0.217 0.581
vt 0.241 0.552
vt 0.227 0.581
vt 0.217 0.581
vt 0.217 0.581
vt 0.227 0.581
vt 0.212 0.614
vt 0.227 0.581
vt 0.222 0.614
vt 0.212 0.614
vt 0.212 0.616
vt 0.212 0.614
vt 0.222 0.616
vt 0.212 0.614
vt 0.222 0.614
vt 0.222 0.616
vt 0 0
vt 0 0
vt 0 0
vt 0 0
vt 0 0
vt 0 0
vt 0 0
vt 0 0
vt 0 0
vt 0 0
vt 0 0
vt 0 0
vt 0 0
vt 0 0
vt 0 0
vt 0 0
vt 0 0
vt 0 0
vt 0 0
vt 0 0
vt 0 0
vt 0 0
vt 0 0
vt 0 0
vt 0.222 0.616
vt 0.222 0.614
vt 0.25 0.616
vt 0.222 0.614
vt 0.25 0.614
vt 0.25 0.616
vt 0.227 0.581
vt 0.255 0.581
vt 0.222 0.614
vt 0.255 0.581
vt 0.25 0.614
vt 0.222 0.614
vt 0.241 0.552
vt 0.268 0.552
vt 0.227 0.581
vt 0.268 0.552
vt 0.255 0.581
vt 0.227 0.581
vt 0.263 0.529
vt 0.287 0.529
vt 0.241 0.552
vt 0.287 0.529
vt 0.268 0.552
vt 0.241 0.552
vt 0.291 0.515
vt 0.313 0.515
vt 0.263 0.529
vt 0.313 0.515
vt 0.287 0.529
vt 0.263 0.529
vt 0 0
vt 0 0
vt 0 0
vt 0 0
vt 0 0
vt 0 0
vt 0 0
vt 0 0
vt 0 0
vt 0 0
vt 0 0
vt 0 0
vt 0 0
vt 0 0
vt 0 0
vt 0 0
vt 0 0
vt 0 0
vt 0.263 0.967
vt 0.287 0.967
vt 0.291 0.982
vt 0.287 0.967
vt 0.313 0.982
vt 0.291 0.982
vt 0.241 0.944
vt 0.268 0.944
vt 0.263 0.967
vt 0.268 0.944
vt 0.287 0.967
vt 0.263 0.967
vt 0.227 0.915
vt 0.255 0.915
vt 0.241 0.944
vt 0.255 0.915
vt 0.268 0.944
vt 0.241 0.944
vt 0.227 0.915
vt 0.222 0.883
vt 0.255 0.915
vt 0.222 0.883
vt 0.25 0.883
vt 0.255 0.915
vt 0.255 0.915
vt 0.25 0.883
vt 0.299 0.915
vt 0.25 0.883
vt 0.296 0.883
vt 0.299 0.915
vt 0.255 0.915
vt 0.299 0.915
vt 0.268 0.944
vt 0.299 0.915
vt 0.31 0.944
vt 0.268 0.944
vt 0.268 0.944
vt 0.31 0.944
vt 0.287 0.967
vt 0.31 0.944
vt 0.326 0.967
vt 0.287 0.967
vt 0.287 0.967
vt 0.326 0.967
vt 0.313 0.982
vt 0.326 0.967
vt 0.347 0.982
vt 0.313 0.982
vt 0 0
vt 0 0
vt 0 0
vt 0 0
vt 0 0
vt 0 0
vt 0 0
vt 0 0
vt 0 0
vt 0 0
vt 0 0
vt 0 0
vt 0 0
vt 0 0
vt 0 0
vt 0 0
vt 0 0
vt 0 0
vt 0.313 0.515
vt 0.347 0.515
vt 0.287 0.529
vt 0.347 0.515
vt 0.326 0.529
vt 0.287 0.529
vt 0.287 0.529
vt 0.326 0.529
vt 0.268 0.552
vt 0.326 0.529
vt 0.31 0.552
vt 0.268 0.552
vt 0.268 0.552
vt 0.31 0.552
vt 0.255 0.581
vt 0.31 0.552
vt 0.299 0.581
vt 0.255 0.581
vt 0.255 0.581
vt 0.299 0.581
vt 0.25 0.614
vt 0.299 0.581
vt 0.296 0.614
vt 0.25 0.614
vt 0.25 0.616
vt 0.25 0.614
vt 0.296 0.616
vt 0.25 0.614
vt 0.296 0.614
vt 0.296 0.616
vt 0 0
vt 0 0
vt 0 0
vt 0 0
vt 0 0
vt 0 0
vt 0 0
vt 0 0
vt 0 0
vt 0 0
vt 0 0
vt 0 0
vt 0 0
vt 0 0
vt 0 0
vt 0 0
vt 0 0
vt 0 0
vt 0 0
vt 0 0
vt 0 0
vt 0 0
vt 0 0
vt 0 0
vt 0.296 0.616
vt 0.296 0.614
vt 0.355 0.616
vt 0.296 0.614
vt 0.355 0.614
vt 0.355 0.616
vt 0.299 0.581
vt 0.358 0.581
vt 0.296 0.614
vt 0.358 0.581
vt 0.355 0.614
vt 0.296 0.614
vt 0.31 0.552
vt 0.365 0.552
vt 0.299 0.581
vt 0.365 0.552
vt 0.358 0.581
vt 0.299 0.581
vt 0.326 0.529
vt 0.377 0.529
vt 0.31 0.552
vt 0.377 0.529
vt 0.365 0.552
vt 0.31 0.552
vt 0.347 0.515
vt 0.391 0.515
vt 0.326 0.529
vt 0.391 0.515
vt 0.377 0.529
vt 0.326 0.529
vt 0 0
vt 0 0
vt 0 0
vt 0 0
vt 0 0
vt 0 0
vt 0 0
vt 0 0
vt 0 0
vt 0 0
vt 0 0
vt 0 0
vt 0 0
vt 0 0
vt 0 0
vt 0 0
vt 0 0
vt 0 0
vt 0.326 0.967
vt 0.377 0.967
vt 0.347 0.982
vt 0.377 0.967
vt 0.391 0.982
vt 0.347 0.982
vt 0.31 0.944
vt 0.365 0.944
vt 0.326 0.967
vt 0.365 0.944
vt 0.377 0.967
vt 0.326 0.967
vt 0.299 0.915
vt 0.358 0.915
vt 0.31 0.944
vt 0.358 0.915
vt 0.365 0.944
vt 0.31 0.944
vt 0.299 0.915
vt 0.296 0.883
vt 0.358 0.915
vt 0.296 0.883
vt 0.355 0.883
vt 0.358 0.915
vt 0.358 0.915
vt 0.355 0.883
vt 0.426 0.915
vt 0.355 0.883
vt 0.424 0.883
vt 0.426 0.915
vt 0.358 0.915
vt 0.426 0.915
vt 0.365 0.944
vt 0.426 0.915
vt 0.429 0.944
vt 0.365 0.944
vt 0.365 0.944
vt 0.429 0.944
vt 0.377 0.967
vt 0.429 0.944
vt 0.435 0.967
vt 0.377 0.967
vt 0.377 0.967
vt 0.435 0.967
vt 0.391 0.982
vt 0.435 0.967
vt 0.443 0.982
vt 0.391 0.982
vt 0 0
vt 0 0
vt 0 0
vt 0 0
vt 0 0
vt 0 0
vt 0 0
vt 0 0
vt 0 0
vt 0 0
vt 0 0
vt 0 0
vt 0 0
vt 0 0
vt 0 0
vt 0 0
vt 0 0
vt 0 0
vt 0.391 0.515
vt 0.443 0.515
vt 0.377 0.529
vt 0.443 0.515
vt 0.435 0.529
vt 0.377 0.529
vt 0.377 0.529
vt 0.435 0.529
vt 0.365 0.552
vt 0.435 0.529
vt 0.429 0.552
vt 0.365 0.552
vt 0.365 0.552
vt 0.429 0.552
vt 0.358 0.581
vt 0.429 0.552
vt 0.426 0.581
vt 0.358 0.581
vt 0.358 0.581
vt 0.426 0.581
vt 0.355 0.614
vt 0.426 0.581
vt 0.424 0.614
vt 0.355 0.614
vt 0.355 0.616
vt 0.355 0.614
vt 0.424 0.616
vt 0.355 0.614
vt 0.424 0.614
vt 0.424 0.616
vt 0 0
vt 0 0
vt 0 0
vt 0 0
vt 0 0
vt 0 0
vt 0 0
vt 0 0
vt 0 0
vt 0 0
vt 0 0
vt 0 0
vt 0 0
vt 0 0
vt 0 0
vt 0 0
vt 0 0
vt 0 0
vt 0 0
vt 0 0
vt 0 0
vt 0 0
vt 0 0
vt 0 0
vt 0.424 0.616
vt 0.424 0.614
vt 0.499 0.616
vt 0.424 0.614
vt 0.499 0.614
vt 0.499 0.616
vt 0.426 0.581
vt 0.499 0.581
vt 0.424 0.614
vt 0.499 0.581
vt 0.499 0.614
vt 0.424 0.614
vt 0.429 0.552
vt 0.499 0.552
vt 0.426 0.581
vt 0.499 0.552
vt 0.499 0.581
vt 0.426 0.581
vt 0.435 0.529
vt 0.499 0.529
vt 0.429 0.552
vt 0.499 0.529
vt 0.499 0.552
vt 0.429 0.552
vt 0.443 0.515
vt 0.499 0.515
vt 0.435 0.529
vt 0.499 0.515
vt 0.499 0.529
vt 0.435 0.529
vt 0 0
vt 0 0
vt 0 0
vt 0 0
vt 0 0
vt 0 0
vt 0 0
vt 0 0
vt 0 0
vt 0 0
vt 0 0
vt 0 0
vt 0 0
vt 0 0
vt 0 0
vt 0 0
vt 0 0
vt 0 0
vt 0.435 0.967
vt 0.499 0.967
vt 0.443 0.982
vt 0.499 0.967
vt 0.499 0.982
vt 0.443 0.982
vt 0.429 0.944
vt 0.499 0.944
vt 0.435 0.967
vt 0.499 0.944
vt 0.499 0.967
vt 0.435 0.967
vt 0.426 0.915
vt 0.499 0.915
vt 0.429 0.944
vt 0.499 0.915
vt 0.499 0.944
vt 0.429 0.944
vt 0.426 0.915
vt 0.424 0.883
vt 0.499 0.915
vt 0.424 0.883
vt 0.499 0.883
vt 0.499 0.915
vt 0.424 0.883
vt 0.424 0.881
vt 0.499 0.883
vt 0.424 0.881
vt 0.499 0.881
vt 0.499 0.883
vt 0.355 0.883
vt 0.355 0.881
vt 0.424 0.883
vt 0.355 0.881
vt 0.424 0.881
vt 0.424 0.883
vt 0.296 0.883
vt 0.296 0.881
vt 0.355 0.883
vt 0.296 0.881
vt 0.355 0.881
vt 0.355 0.883
vt 0.25 0.883
vt 0.25 0.881
vt 0.296 0.883
vt 0.25 0.881
vt 0.296 0.881
vt 0.296 0.883
vt 0.222 0.883
vt 0.222 0.881
vt 0.25 0.883
vt 0.222 0.881
vt 0.25 0.881
vt 0.25 0.883
vt 0.212 0.883
vt 0.212 0.881
vt 0.222 0.883
vt 0.212 0.881
vt 0.222 0.881
vt 0.222 0.883
vt 0.424 0.881
vt 0.424 0.616
vt 0.499 0.881
vt 0.424 0.616
vt 0.499 0.616
vt 0.499 0.881
vt 0.355 0.881
vt 0.355 0.616
vt 0.424 0.881
vt 0.355 0.616
vt 0.424 0.616
vt 0.424 0.881
vt 0.296 0.881
vt 0.296 0.616
vt 0.355 0.881
vt 0.296 0.616
vt 0.355 0.616
vt 0.355 0.881
vt 0.25 0.881
vt 0.25 0.616
vt 0.296 0.881
vt 0.25 0.616
vt 0.296 0.616
vt 0.296 0.881
vt 0.222 0.881
vt 0.222 0.616
vt 0.25 0.881
vt 0.222 0.616
vt 0.25 0.616
vt 0.25 0.881
vt 0.212 0.881
vt 0.212 0.616
vt 0.222 0.881
vt 0.212 0.616
vt 0.222 0.616
vt 0.222 0.881
vt 0.217 0.419
vt 0.212 0.387
vt 0.227 0.419
vt 0.212 0.387
vt 0.222 0.387
vt 0.227 0.419
vt 0.217 0.419
vt 0.227 0.419
vt 0.232 0.448
vt 0.227 0.419
vt 0.241 0.448
vt 0.232 0.448
vt 0.232 0.448
vt 0.241 0.448
vt 0.255 0.471
vt 0.241 0.448
vt 0.263 0.471
vt 0.255 0.471
vt 0.255 0.471
vt 0.263 0.471
vt 0.284 0.486
vt 0.263 0.471
vt 0.291 0.486
vt 0.284 0.486
vt 0 0
vt 0 0
vt 0 0
vt 0 0
vt 0 0
vt 0 0
vt 0 0
vt 0 0
vt 0 0
vt 0 0
vt 0 0
vt 0 0
vt 0 0
vt 0 0
vt 0 0
vt 0 0
vt 0 0
vt 0 0
vt 0.284 0.018
vt 0.291 0.018
vt 0.255 0.033
vt 0.291 0.018
vt 0.263 0.033
vt 0.255 0.033
vt 0.255 0.033
vt 0.263 0.033
vt 0.232 0.056
vt 0.263 0.033
vt 0.241 0.056
vt 0.232 0.056
vt 0.232 0.056
vt 0.241 0.056
vt 0.217 0.085
vt 0.241 0.056
vt 0.227 0.085
vt 0.217 0.085
vt 0.217 0.085
vt 0.227 0.085
vt 0.212 0.117
vt 0.227 0.085
vt 0.222 0.117
vt 0.212 0.117
vt 0.212 0.12
vt 0.212 0.117
vt 0.222 0.12
vt 0.212 0.117
vt 0.222 0.117
vt 0.222 0.12
vt 0 0
vt 0 0
vt 0 0
vt 0 0
vt 0 0
vt 0 0
vt 0 0
vt 0 0
vt 0 0
vt 0 0
vt 0 0
vt 0 0
vt 0 0
vt 0 0
vt 0 0
vt 0 0
vt 0 0
vt 0 0
vt 0 0
vt 0 0
vt 0 0
vt 0 0
vt 0 0
vt 0 0
vt 0.222 0.12
vt 0.222 0.117
vt 0.25 0.12
vt 0.222 0.117
vt 0.25 0.117
vt 0.25 0.12
vt 0.227 0.085
vt 0.255 0.085
vt 0.222 0.117
vt 0.255 0.085
vt 0.25 0.117
vt 0.222 0.117
vt 0.241 0.056
vt 0.268 0.056
vt 0.227 0.085
vt 0.268 0.056
vt 0.255 0.085
vt 0.227 0.085
vt 0.263 0.033
vt 0.287 0.033
vt 0.241 0.056
vt 0.287 0.033
vt 0.268 0.056
vt 0.241 0.056
vt 0.291 0.018
vt 0.313 0.018
vt 0.263 0.033
vt 0.313 0.018
vt 0.287 0.033
vt 0.263 0.033
vt 0 0
vt 0 0
vt 0 0
vt 0 0
vt 0 0
vt 0 0
vt 0 0
vt 0 0
vt 0 0
vt 0 0
vt 0 0
vt 0 0
vt 0 0
vt 0 0
vt 0 0
vt 0 0
vt 0 0
vt 0 0
vt 0.263 0.471
vt 0.287 0.471
vt 0.291 0.486
vt 0.287 0.471
vt 0.313 0.486
vt 0.291 0.486
vt 0.241 0.448
vt 0.268 0.448
vt 0.263 0.471
vt 0.268 0.448
vt 0.287 0.471
vt 0.263 0.471
vt 0.227 0.419
vt 0.255 0.419
vt 0.241 0.448
vt 0.255 0.419
vt 0.268 0.448
vt 0.241 0.448
vt 0.227 0.419
vt 0.222 0.387
vt 0.255 0.419
vt 0.222 0.387
vt 0.25 0.387
vt 0.255 0.419
vt 0.255 0.419
vt 0.25 0.387
vt 0.299 0.419
vt 0.25 0.387
vt 0.296 0.387
vt 0.299 0.419
vt 0.255 0.419
vt 0.299 0.419
vt 0.268 0.448
vt 0.299 0.419
vt 0.31 0.448
vt 0.268 0.448
vt 0.268 0.448
vt 0.31 0.448
vt 0.287 0.471
vt 0.31 0.448
vt 0.326 0.471
vt 0.287 0.471
vt 0.287 0.471
vt 0.326 0.471
vt 0.313 0.486
vt 0.326 0.471
vt 0.347 0.486
vt 0.313 0.486
vt 0 0
vt 0 0
vt 0 0
vt 0 0
vt 0 0
vt 0 0
vt 0 0
vt 0 0
vt 0 0
vt 0 0
vt 0 0
vt 0 0
vt 0 0
vt 0 0
vt 0 0
vt 0 0
vt 0 0
vt 0 0
vt 0.313 0.018
vt 0.347 0.018
vt 0.287 0.033
vt 0.347 0.018
vt 0.326 0.033
vt 0.287 0.033
vt 0.287 0.033
vt 0.326 0.033
vt 0.268 0.056
vt 0.326 0.033
vt 0.31 0.056
vt 0.268 0.056
vt 0.268 0.056
vt 0.31 0.056
vt 0.255 0.085
vt 0.31 0.056
vt 0.299 0.085
vt 0.255 0.085
vt 0.255 0.085
vt 0.299 0.085
vt 0.25 0.117
vt 0.299 0.085
vt 0.296 0.117
vt 0.25 0.117
vt 0.25 0.12
vt 0.25 0.117
vt 0.296 0.12
vt 0.25 0.117
vt 0.296 0.117
vt 0.296 0.12
vt 0 0
vt 0 0
vt 0 0
vt 0 0
vt 0 0
vt 0 0
vt 0 0
vt 0 0
vt 0 0
vt 0 0
vt 0 0
vt 0 0
vt 0 0
vt 0 0
vt 0 0
vt 0 0
vt 0 0
vt 0 0
vt 0 0
vt 0 0
vt 0 0
vt 0 0
vt 0 0
vt 0 0
vt 0.296 0.12
vt 0.296 0.117
vt 0.355 0.12
vt 0.296 0.117
vt 0.355 0.117
vt 0.355 0.12
vt 0.299 0.085
vt 0.358 0.085
vt 0.296 0.117
vt 0.358 0.085
vt 0.355 0.117
vt 0.296 0.117
vt 0.31 0.056
vt 0.365 0.056
vt 0.299 0.085
vt 0.365 0.056
vt 0.358 0.085
vt 0.299 0.085
vt 0.326 0.033
vt 0.377 0.033
vt 0.31 0.056
vt 0.377 0.033
vt 0.365 0.056
vt 0.31 0.056
vt 0.347 0.018
vt 0.391 0.018
vt 0.326 0.033
vt 0.391 0.018
vt 0.377 0.033
vt 0.326 0.033
vt 0 0
vt 0 0
vt 0 0
vt 0 0
vt 0 0
vt 0 0
vt 0 0
vt 0 0
vt 0 0
vt 0 0
vt 0 0
vt 0 0
vt 0 0
vt 0 0
vt 0 0
vt 0 0
vt 0 0
vt 0 0
vt 0.326 0.471
vt 0.377 0.471
vt 0.347 0.486
vt 0.377 0.471
vt 0.391 0.486
vt 0.347 0.486
vt 0.31 0.448
vt 0.365 0.448
vt 0.326 0.471
vt 0.365 0.448
vt 0.377 0.471
vt 0.326 0.471
vt 0.299 0.419
vt 0.358 0.419
vt 0.31 0.448
vt 0.358 0.419
vt 0.365 0.448
vt 0.31 0.448
vt 0.299 0.419
vt 0.296 0.387
vt 0.358 0.419
vt 0.296 0.387
vt 0.355 0.387
vt 0.358 0.419
vt 0.358 0.419
vt 0.355 0.387
vt 0.426 0.419
vt 0.355 0.387
vt 0.424 0.387
vt 0.426 0.419
vt 0.358 0.419
vt 0.426 0.419
vt 0.365 0.448
vt 0.426 0.419
vt 0.429 0.448
vt 0.365 0.448
vt 0.365 0.448
vt 0.429 0.448
vt 0.377 0.471
vt 0.429 0.448
vt 0.435 0.471
vt 0.377 0.471
vt 0.377 0.471
vt 0.435 0.471
vt 0.391 0.486
vt 0.435 0.471
vt 0.443 0.486
vt 0.391 0.486
vt 0 0
vt 0 0
vt 0 0
vt 0 0
vt 0 0
vt 0 0
vt 0 0
vt 0 0
vt 0 0
vt 0 0
vt 0 0
vt 0 0
vt 0 0
vt 0 0
vt 0 0
vt 0 0
vt 0 0
vt 0 0
vt 0.391 0.018
vt 0.443 0.018
vt 0.377 0.033
vt 0.443 0.018
vt 0.435 0.033
vt 0.377 0.033
vt 0.377 0.033
vt 0.435 0.033
vt 0.365 0.056
vt 0.435 0.033
vt 0.429 0.056
vt 0.365 0.056
vt 0.365 0.056
vt 0.429 0.056
vt 0.358 0.085
vt 0.429 0.056
vt 0.426 0.085
vt 0.358 0.085
vt 0.358 0.085
vt 0.426 0.085
vt 0.355 0.117
vt 0.426 0.085
vt 0.424 0.117
vt 0.355 0.117
vt 0.355 0.12
vt 0.355 0.117
vt 0.424 0.12
vt 0.355 0.117
vt 0.424 0.117
vt 0.424 0.12
vt 0 0
vt 0 0
vt 0 0
vt 0 0
vt 0 0
vt 0 0
vt 0 0
vt 0 0
vt 0 0
vt 0 0
vt 0 0
vt 0 0
vt 0 0
vt 0 0
vt 0 0
vt 0 0
vt 0 0
vt 0 0
vt 0 0
vt 0 0
vt 0 0
vt 0 0
vt 0 0
vt 0 0
vt 0.424 0.12
vt 0.424 0.117
vt 0.499 0.12
vt 0.424 0.117
vt 0.499 0.117
vt 0.499 0.12
vt 0.426 0.085
vt 0.499 0.085
vt 0.424 0.117
vt 0.499 0.085
vt 0.499 0.117
vt 0.424 0.117
vt 0.429 0.056
vt 0.499 0.056
vt 0.426 0.085
vt 0.499 0.056
vt 0.499 0.085
vt 0.426 0.085
vt 0.435 0.033
vt 0.499 0.033
vt 0.429 0.056
vt 0.499 0.033
vt 0.499 0.056
vt 0.429 0.056
vt 0.443 0.018
vt 0.499 0.018
vt 0.435 0.033
vt 0.499 0.018
vt 0.499 0.033
vt 0.435 0.033
vt 0 0
vt 0 0
vt 0 0
vt 0 0
vt 0 0
vt 0 0
vt 0 0
vt 0 0
vt 0 0
vt 0 0
vt 0 0
vt 0 0
vt 0 0
vt 0 0
vt 0 0
vt 0 0
vt 0 0
vt 0 0
vt 0.435 0.471
vt 0.499 0.471
vt 0.443 0.486
vt 0.499 0.471
vt 0.499 0.486
vt 0.443 0.486
vt 0.429 0.448
vt 0.499 0.448
vt 0.435 0.471
vt 0.499 0.448
vt 0.499 0.471
vt 0.435 0.471
vt 0.426 0.419
vt 0.499 0.419
vt 0.429 0.448
vt 0.499 0.419
vt 0.499 0.448
vt 0.429 0.448
vt 0.426 0.419
vt 0.424 0.387
vt 0.499 0.419
vt 0.424 0.387
vt 0.499 0.387
vt 0.499 0.419
vt 0.424 0.387
vt 0.424 0.384
vt 0.499 0.387
vt 0.424 0.384
vt 0.499 0.384
vt 0.499 0.387
vt 0.355 0.387
vt 0.355 0.384
vt 0.424 0.387
vt 0.355 0.384
vt 0.424 0.384
vt 0.424 0.387
vt 0.296 0.387
vt 0.296 0.384
vt 0.355 0.387
vt 0.296 0.384
vt 0.355 0.384
vt 0.355 0.387
vt 0.25 0.387
vt 0.25 0.384
vt 0.296 0.387
vt 0.25 0.384
vt 0.296 0.384
vt 0.296 0.387
vt 0.222 0.387
vt 0.222 0.384
vt 0.25 0.387
vt 0.222 0.384
vt 0.25 0.384
vt 0.25 0.387
vt 0.212 0.387
vt 0.212 0.384
vt 0.222 0.387
vt 0.212 0.384
vt 0.222 0.384
vt 0.222 0.387
vt 0.424 0.384
vt 0.424 0.12
vt 0.499 0.384
vt 0.424 0.12
vt 0.499 0.12
vt 0.499 0.384
vt 0.355 0.384
vt 0.355 0.12
vt 0.424 0.384
vt 0.355 0.12
vt 0.424 0.12
vt 0.424 0.384
vt 0.296 0.384
vt 0.296 0.12
vt 0.355 0.384
vt 0.296 0.12
vt 0.355 0.12
vt 0.355 0.384
vt 0.25 0.384
vt 0.25 0.12
vt 0.296 0.384
vt 0.25 0.12
vt 0.296 0.12
vt 0.296 0.384
vt 0.222 0.384
vt 0.222 0.12
vt 0.25 0.384
vt 0.222 0.12
vt 0.25 0.12
vt 0.25 0.384
vt 0.212 0.384
vt 0.212 0.12
vt 0.222 0.384
vt 0.212 0.12
vt 0.222 0.12
vt 0.222 0.384
vt 0.78 0.419
vt 0.77 0.419
vt 0.785 0.387
vt 0.77 0.419
vt 0.775 0.387
vt 0.785 0.387
vt 0.78 0.419
vt 0.765 0.448
vt 0.77 0.419
vt 0.765 0.448
vt 0.756 0.448
vt 0.77 0.419
vt 0.765 0.448
vt 0.742 0.471
vt 0.756 0.448
vt 0.742 0.471
vt 0.734 0.471
vt 0.756 0.448
vt 0.742 0.471
vt 0.713 0.486
vt 0.734 0.471
vt 0.713 0.486
vt 0.706 0.486
vt 0.734 0.471
vt 0 0
vt 0 0
vt 0 0
vt 0 0
vt 0 0
vt 0 0
vt 0 0
vt 0 0
vt 0 0
vt 0 0
vt 0 0
vt 0 0
vt 0 0
vt 0 0
vt 0 0
vt 0 0
vt 0 0
vt 0 0
vt 0.713 0.018
vt 0.742 0.033
vt 0.706 0.018
vt 0.742 0.033
vt 0.734 0.033
vt 0.706 0.018
vt 0.742 0.033
vt 0.765 0.056
vt 0.734 0.033
vt 0.765 0.056
vt 0.756 0.056
vt 0.734 0.033
vt 0.765 0.056
vt 0.78 0.085
vt 0.756 0.056
vt 0.78 0.085
vt 0.77 0.085
vt 0.756 0.056
vt 0.78 0.085
vt 0.785 0.117
vt 0.77 0.085
vt 0.785 0.117
vt 0.775 0.117
vt 0.77 0.085
vt 0.785 0.12
vt 0.775 0.12
vt 0.785 0.117
vt 0.775 0.12
vt 0.775 0.117
vt 0.785 0.117
vt 0 0
vt 0 0
vt 0 0
vt 0 0
vt 0 0
vt 0 0
vt 0 0
vt 0 0
vt 0 0
vt 0 0
vt 0 0
vt 0 0
vt 0 0
vt 0 0
vt 0 0
vt 0 0
vt 0 0
vt 0 0
vt 0 0
vt 0 0
vt 0 0
vt 0 0
vt 0 0
vt 0 0
vt 0.775 0.12
vt 0.747 0.12
vt 0.775 0.117
vt 0.747 0.12
vt 0.747 0.117
vt 0.775 0.117
vt 0.77 0.085
vt 0.775 0.117
vt 0.742 0.085
vt 0.775 0.117
vt 0.747 0.117
vt 0.742 0.085
vt 0.756 0.056
vt 0.77 0.085
vt 0.73 0.056
vt 0.77 0.085
vt 0.742 0.085
vt 0.73 0.056
vt 0.734 0.033
vt 0.756 0.056
vt 0.71 0.033
vt 0.756 0.056
vt 0.73 0.056
vt 0.71 0.033
vt 0.706 0.018
vt 0.734 0.033
vt 0.685 0.018
vt 0.734 0.033
vt 0.71 0.033
vt 0.685 0.018
vt 0 0
vt 0 0
vt 0 0
vt 0 0
vt 0 0
vt 0 0
vt 0 0
vt 0 0
vt 0 0
vt 0 0
vt 0 0
vt 0 0
vt 0 0
vt 0 0
vt 0 0
vt 0 0
vt 0 0
vt 0 0
vt 0.734 0.471
vt 0.706 0.486
vt 0.71 0.471
vt 0.706 0.486
vt 0.685 0.486
vt 0.71 0.471
vt 0.756 0.448
vt 0.734 0.471
vt 0.73 0.448
vt 0.734 0.471
vt 0.71 0.471
vt 0.73 0.448
vt 0.77 0.419
vt 0.756 0.448
vt 0.742 0.419
vt 0.756 0.448
vt 0.73 0.448
vt 0.742 0.419
vt 0.77 0.419
vt 0.742 0.419
vt 0.775 0.387
vt 0.742 0.419
vt 0.747 0.387
vt 0.775 0.387
vt 0.742 0.419
vt 0.698 0.419
vt 0.747 0.387
vt 0.698 0.419
vt 0.701 0.387
vt 0.747 0.387
vt 0.742 0.419
vt 0.73 0.448
vt 0.698 0.419
vt 0.73 0.448
vt 0.687 0.448
vt 0.698 0.419
vt 0.73 0.448
vt 0.71 0.471
vt 0.687 0.448
vt 0.71 0.471
vt 0.671 0.471
vt 0.687 0.448
vt 0.71 0.471
vt 0.685 0.486
vt 0.671 0.471
vt 0.685 0.486
vt 0.65 0.486
vt 0.671 0.471
vt 0 0
vt 0 0
vt 0 0
vt 0 0
vt 0 0
vt 0 0
vt 0 0
vt 0 0
vt 0 0
vt 0 0
vt 0 0
vt 0 0
vt 0 0
vt 0 0
vt 0 0
vt 0 0
vt 0 0
vt 0 0
vt 0.685 0.018
vt 0.71 0.033
vt 0.65 0.018
vt 0.71 0.033
vt 0.671 0.033
vt 0.65 0.018
vt 0.71 0.033
vt 0.73 0.056
vt 0.671 0.033
vt 0.73 0.056
vt 0.687 0.056
vt 0.671 0.033
vt 0.73 0.056
vt 0.742 0.085
vt 0.687 0.056
vt 0.742 0.085
vt 0.698 0.085
vt 0.687 0.056
vt 0.742 0.085
vt 0.747 0.117
vt 0.698 0.085
vt 0.747 0.117
vt 0.701 0.117
vt 0.698 0.085
vt 0.747 0.12
vt 0.701 0.12
vt 0.747 0.117
vt 0.701 0.12
vt 0.701 0.117
vt 0.747 0.117
vt 0 0
vt 0 0
vt 0 0
vt 0 0
vt 0 0
vt 0 0
vt 0 0
vt 0 0
vt 0 0
vt 0 0
vt 0 0
vt 0 0
vt 0 0
vt 0 0
vt 0 0
vt 0 0
vt 0 0
vt 0 0
vt 0 0
vt 0 0
vt 0 0
vt 0 0
vt 0 0
vt 0 0
vt 0.701 0.12
vt 0.642 0.12
vt 0.701 0.117
vt 0.642 0.12
vt 0.642 0.117
vt 0.701 0.117
vt 0.698 0.085
vt 0.701 0.117
vt 0.639 0.085
vt 0.701 0.117
vt 0.642 0.117
vt 0.639 0.085
vt 0.687 0.056
vt 0.698 0.085
vt 0.632 0.056
vt 0.698 0.085
vt 0.639 0.085
vt 0.632 0.056
vt 0.671 0.033
vt 0.687 0.056
vt 0.62 0.033
vt 0.687 0.056
vt 0.632 0.056
vt 0.62 0.033
vt 0.65 0.018
vt 0.671 0.033
vt 0.606 0.018
vt 0.671 0.033
vt 0.62 0.033
vt 0.606 0.018
vt 0 0
vt 0 0
vt 0 0
vt 0 0
vt 0 0
vt 0 0
vt 0 0
vt 0 0
vt 0 0
vt 0 0
vt 0 0
vt 0 0
vt 0 0
vt 0 0
vt 0 0
vt 0 0
vt 0 0
vt 0 0
vt 0.671 0.471
vt 0.65 0.486
vt 0.62 0.471
vt 0.65 0.486
vt 0.606 0.486
vt 0.62 0.471
vt 0.687 0.448
vt 0.671 0.471
vt 0.632 0.448
vt 0.671 0.471
vt 0.62 0.471
vt 0.632 0.448
vt 0.698 0.419
vt 0.687 0.448
vt 0.639 0.419
vt 0.687 0.448
vt 0.632 0.448
vt 0.639 0.419
vt 0.698 0.419
vt 0.639 0.419
vt 0.701 0.387
vt 0.639 0.419
vt 0.642 0.387
vt 0.701 0.387
vt 0.639 0.419
vt 0.571 0.419
vt 0.642 0.387
vt 0.571 0.419
vt 0.573 0.387
vt 0.642 0.387
vt 0.639 0.419
vt 0.632 0.448
vt 0.571 0.419
vt 0.632 0.448
vt 0.568 0.448
vt 0.571 0.419
vt 0.632 0.448
vt 0.62 0.471
vt 0.568 0.448
vt 0.62 0.471
vt 0.562 0.471
vt 0.568 0.448
vt 0.62 0.471
vt 0.606 0.486
vt 0.562 0.471
vt 0.606 0.486
vt 0.554 0.486
vt 0.562 0.471
vt 0 0
vt 0 0
vt 0 0
vt 0 0
vt 0 0
vt 0 0
vt 0 0
vt 0 0
vt 0 0
vt 0 0
vt 0 0
vt 0 0
vt 0 0
vt 0 0
vt 0 0
vt 0 0
vt 0 0
vt 0 0
vt 0.606 0.018
vt 0.62 0.033
vt 0.554 0.018
vt 0.62 0.033
vt 0.562 0.033
vt 0.554 0.018
vt 0.62 0.033
vt 0.632 0.056
vt 0.562 0.033
vt 0.632 0.056
vt 0.568 0.056
vt 0.562 0.033
vt 0.632 0.056
vt 0.639 0.085
vt 0.568 0.056
vt 0.639 0.085
vt 0.571 0.085
vt 0.568 0.056
vt 0.639 0.085
vt 0.642 0.117
vt 0.571 0.085
vt 0.642 0.117
vt 0.573 0.117
vt 0.571 0.085
vt 0.642 0.12
vt 0.573 0.12
vt 0.642 0.117
vt 0.573 0.12
vt 0.573 0.117
vt 0.642 0.117
vt 0 0
vt 0 0
vt 0 0
vt 0 0
vt 0 0
vt 0 0
vt 0 0
vt 0 0
vt 0 0
vt 0 0
vt 0 0
vt 0 0
vt 0 0
vt 0 0
vt 0 0
vt 0 0
vt 0 0
vt 0 0
vt 0 0
vt 0 0
vt 0 0
vt 0 0
vt 0 0
vt 0 0
vt 0.573 0.12
vt 0.499 0.12
vt 0.573 0.117
vt 0.499 0.12
vt 0.499 0.117
vt 0.573 0.117
vt 0.571 0.085
vt 0.573 0.117
vt 0.499 0.085
vt 0.573 0.117
vt 0.499 0.117
vt 0.499 0.085
vt 0.568 0.056
vt 0.571 0.085
vt 0.499 0.056
vt 0.571 0.085
vt 0.499 0.085
vt 0.499 0.056
vt 0.562 0.033
vt 0.568 0.056
vt 0.499 0.033
vt 0.568 0.056
vt 0.499 0.056
vt 0.499 0.033
vt 0.554 0.018
vt 0.562 0.033
vt 0.499 0.018
vt 0.562 0.033
vt 0.499 0.033
vt 0.499 0.018
vt 0 0
vt 0 0
vt 0 0
vt 0 0
vt 0 0
vt 0 0
vt 0 0
vt 0 0
vt 0 0
vt 0 0
vt 0 0
vt 0 0
vt 0 0
vt 0 0
vt 0 0
vt 0 0
vt 0 0
vt 0 0
vt 0.562 0.471
vt 0.554 0.486
vt 0.499 0.471
vt 0.554 0.486
vt 0.499 0.486
vt 0.499 0.471
vt 0.568 0.448
vt 0.562 0.471
vt 0.499 0.448
vt 0.562 0.471
vt 0.499 0.471
vt 0.499 0.448
vt 0.571 0.419
vt 0.568 0.448
vt 0.499 0.419
vt 0.568 0.448
vt 0.499 0.448
vt 0.499 0.419
vt 0.571 0.419
vt 0.499 0.419
vt 0.573 0.387
vt 0.499 0.419
vt 0.499 0.387
vt 0.573 0.387
vt 0.573 0.387
vt 0.499 0.387
vt 0.573 0.384
vt 0.499 0.387
vt 0.499 0.384
vt 0.573 0.384
vt 0.642 0.387
vt 0.573 0.387
vt 0.642 0.384
vt 0.573 0.387
vt 0.573 0.384
vt 0.642 0.384
vt 0.701 0.387
vt 0.642 0.387
vt 0.701 0.384
vt 0.642 0.387
vt 0.642 0.384
vt 0.701 0.384
vt 0.747 0.387
vt 0.701 0.387
vt 0.747 0.384
vt 0.701 0.387
vt 0.701 0.384
vt 0.747 0.384
vt 0.775 0.387
vt 0.747 0.387
vt 0.775 0.384
vt 0.747 0.387
vt 0.747 0.384
vt 0.775 0.384
vt 0.785 0.387
vt 0.775 0.387
vt 0.785 0.384
vt 0.775 0.387
vt 0.775 0.384
vt 0.785 0.384
vt 0.573 0.384
vt 0.499 0.384
vt 0.573 0.12
vt 0.499 0.384
vt 0.499 0.12
vt 0.573 0.12
vt 0.642 0.384
vt 0.573 0.384
vt 0.642 0.12
vt 0.573 0.384
vt 0.573 0.12
vt 0.642 0.12
vt 0.701 0.384
vt 0.642 0.384
vt 0.701 0.12
vt 0.642 0.384
vt 0.642 0.12
vt 0.701 0.12
vt 0.747 0.384
vt 0.701 0.384
vt 0.747 0.12
vt 0.701 0.384
vt 0.701 0.12
vt 0.747 0.12
vt 0.775 0.384
vt 0.747 0.384
vt 0.775 0.12
vt 0.747 0.384
vt 0.747 0.12
vt 0.775 0.12
vt 0.785 0.384
vt 0.775 0.384
vt 0.785 0.12
vt 0.775 0.384
vt 0.775 0.12
vt 0.785 0.12
vt 0 0
vt 0 0
vt 0 0
vt 0 0
vt 0 0
vt 0 0
vt 0 0
vt 0 0
vt 0 0
vt 0 0
vt 0 0
vt 0 0
vt 0 0
vt 0 0
vt 0 0
vt 0 0
vt 0 0
vt 0 0
vt 0 0
vt 0 0
vt 0 0
vt 0 0
vt 0 0
vt 0 0
vt 0 0
vt 0 0
vt 0 0
vt 0 0
vt 0 0
vt 0 0
vt 0 0
vt 0 0
vt 0 0
vt 0 0
vt 0 0
vt 0 0
vt 0 0
vt 0 0
vt 0 0
vt 0 0
vt 0 0
vt 0 0
vt 0 0
vt 0 0
vt 0 0
vt 0 0
vt 0 0
vt 0 0
vt 0 0
vt 0 0
vt 0 0
vt 0 0
vt 0 0
vt 0 0
vt 0 0
vt 0 0
vt 0 0
vt 0 0
vt 0 0
vt 0 0
vt 0 0
vt 0 0
vt 0 0
vt 0 0
vt 0 0
vt 0 0
vt 0 0
vt 0 0
vt 0 0
vt 0 0
vt 0 0
vt 0 0
vt 0 0
vt 0 0
vt 0 0
vt 0 0
vt 0 0
vt 0 0
vt 0 0
vt 0 0
vt 0 0
vt 0 0
vt 0 0
vt 0 0
vt 0 0
vt 0 0
vt 0 0
vt 0 0
vt 0 0
vt 0 0
vt 0 0
vt 0 0
vt 0 0
vt 0 0
vt 0 0
vt 0 0
vt 0 0
vt 0 0
vt 0 0
vt 0 0
vt 0 0
vt 0 0
vt 0 0
vt 0 0
vt 0 0
vt 0 0
vt 0 0
vt 0 0
vt 0 0
vt 0 0
vt 0 0
vt 0 0
vt 0 0
vt 0 0
vt 0 0
vt 0 0
vt 0 0
vt 0 0
vt 0 0
vt 0 0
vt 0 0
vt 0 0
vt 0 0
vt 0 0
vt 0 0
vt 0 0
vt 0 0
vt 0 0
vt 0 0
vt 0 0
vt 0 0
vt 0 0
vt 0 0
vt 0 0
vt 0 0
vt 0 0
vt 0 0
vt 0 0
vt 0 0
vt 0 0
vt 0 0
vt 0 0
vt 0 0
vt 0 0
vt 0 0
vt 0 0
vt 0 0
vt 0 0
vt 0 0
vt 0 0
vt 0 0
vt 0 0
vt 0 0
vt 0 0
vt 0 0
vt 0 0
vt 0 0
vt 0 0
vt 0 0
vt 0 0
vt 0 0
vt 0 0
vt 0 0
vt 0 0
vt 0 0
vt 0 0
vt 0 0
vt 0 0
vt 0 0
vt 0 0
vt 0 0
vt 0 0
vt 0 0
vt 0 0
vt 0 0
vt 0 0
vt 0 0
vt 0 0
vt 0 0
vt 0 0
vt 0 0
vt 0 0
vt 0 0
vt 0 0
vt 0 0
vt 0 0
vt 0 0
vt 0 0
vt 0 0
vt 0 0
vt 0 0
vt 0 0
vt 0 0
vt 0 0
vt 0 0
vt 0 0
vt 0 0
vt 0 0
vt 0 0
vt 0 0
vt 0 0
vt 0 0
vt 0 0
vt 0 0
vt 0 0
vt 0 0
vt 0 0
vt 0 0
vt 0 0
vt 0 0
vt 0 0
vt 0 0
vt 0 0
vt 0 0
vt 0 0
vt 0 0
vt 0 0
vt 0 0
vt 0 0
vt 0 0
vt 0 0
vt 0 0
vt 0 0
vt 0 0
vt 0 0
vt 0 0
vt 0 0
vt 0 0
vt 0 0
vt 0 0
vt 0 0
vt 0 0
vt 0 0
vt 0 0
vt 0 0
vt 0 0
vt 0 0
vt 0 0
vt 0 0
vt 0 0
vt 0 0
vt 0 0
vt 0 0
vt 0 0
vt 0 0
vt 0 0
vt 0 0
vt 0 0
vt 0 0
vt 0 0
vt 0 0
vt 0 0
vt 0 0
vt 0 0
vt 0 0
vt 0 0
vt 0 0
vt 0 0
vt 0 0
vt 0 0
vt 0 0
vt 0 0
vt 0 0
vt 0 0
vt 0 0
vt 0 0
vt 0 0
vt 0 0
vt 0 0
vt 0 0
vt 0 0
vt 0 0
vt 0 0
vt 0 0
vt 0 0
vt 0 0
vt 0 0
vt 0 0
vt 0 0
vt 0 0
vt 0 0
vt 0 0
vt 0 0
vt 0 0
vt 0 0
vt 0 0
vt 0 0
vt 0 0
vt 0 0
vt 0 0
vt 0 0
vt 0 0
vt 0 0
vt 0 0
vt 0 0
vt 0 0
vt 0 0
vt 0 0
vt 0 0
vt 0 0
vt 0 0
vt 0 0
vt 0 0
vt 0 0
vt 0 0
vt 0 0
vt 0 0
vt 0 0
vt 0 0
vt 0 0
vt 0 0
vt 0 0
vt 0 0
vt 0 0
vt 0 0
vt 0 0
vt 0 0
vt 0 0
vt 0 0
vt 0 0
vt 0 0
vt 0 0
vt 0 0
vt 0 0
vt 0 0
vt 0 0
vt 0 0
vt 0 0
vt 0 0
vt 0 0
vt 0 0
vt 0 0
vt 0 0
vt 0 0
vt 0 0
vt 0 0
vt 0 0
vt 0 0
vt 0 0
vt 0 0
vt 0 0
vt 0 0
vt 0 0
vt 0 0
vt 0 0
vt 0 0
vt 0 0
vt 0 0
vt 0 0
vt 0 0
vt 0 0
vt 0 0
vt 0 0
vt 0 0
vt 0 0
vt 0 0
vt 0 0
vt 0 0
vt 0 0
vt 0 0
vt 0 0
vt 0 0
vt 0 0
vt 0 0
vt 0 0
vt 0 0
vt 0 0
vt 0 0
vt 0 0
vt 0 0
vt 0 0
vt 0 0
vt 0 0
vt 0 0
vt 0 0
vt 0 0
vt 0 0
vt 0 0
vt 0 0
vt 0 0
vt 0 0
vt 0 0
vt 0 0
vt 0 0
vt 0 0
vt 0 0
vt 0 0
vt 0 0
vt 0 0
vt 0 0
vt 0 0
vt 0 0
vt 0 0
vt 0 0
vt 0 0
vt 0 0
vt 0 0
vt 0 0
vt 0 0
vt 0 0
vt 0 0
vt 0 0
vt 0 0
vt 0 0
vt 0 0
vt 0 0
vt 0 0
vt 0 0
vt 0 0
vt 0 0
vt 0 0
vt 0 0
vt 0 0
vt 0 0
vt 0 0
vt 0 0
vt 0 0
vt 0 0
vt 0 0
vt 0 0
vt 0 0
vt 0 0
vt 0 0
vt 0 0
vt 0 0
vt 0 0
vt 0 0
vt 0 0
vt 0 0
vt 0 0
vt 0 0
vt 0 0
vt 0 0
vt 0 0
vt 0 0
vt 0 0
vt 0 0
vt 0 0
vt 0 0
vt 0 0
vt 0 0
vt 0 0
vt 0 0
vt 0 0
vt 0 0
vt 0 0
vt 0 0
vt 0 0
vt 0 0
vt 0 0
vt 0 0
vt 0 0
vt 0 0
vt 0 0
vt 0 0
vt 0 0
vt 0 0
vt 0 0
vt 0 0
vt 0 0
vt 0 0
vt 0 0
vt 0 0
vt 0 0
vt 0 0
vt 0 0
vt 0 0
vt 0 0
vt 0 0
vt 0 0
vt 0 0
vt 0 0
vt 0 0
vt 0 0
vt 0 0
vt 0 0
vt 0 0
vt 0 0
vt 0 0
vt 0 0
vt 0 0
vt 0 0
vt 0 0
vt 0 0
vt 0 0
vt 0 0
vt 0 0
vt 0 0
vt 0 0
vt 0 0
vt 0 0
vt 0 0
vt 0 0
vt 0 0
vt 0 0
vt 0 0
vt 0 0
vt 0 0
vt 0 0
vt 0 0
vt 0 0
vt 0 0
vt 0 0
vt 0 0
vt 0 0
vt 0 0
vt 0 0
vt 0 0
vt 0 0
vt 0 0
vt 0 0
vt 0 0
vt 0 0
vt 0 0
vt 0 0
vt 0 0
vt 0 0
vt 0 0
vt 0 0
vt 0 0
vt 0 0
vt 0 0
vt 0 0
vt 0 0
vt 0 0
vt 0 0
vt 0 0
vt 0 0
vt 0 0
vt 0 0
vt 0 0
vt 0 0
vt 0 0
vt 0 0
vt 0 0
vt 0 0
vt 0 0
vt 0 0
vt 0 0
vt 0 0
vt 0 0
vt 0 0
vt 0 0
vt 0 0
vt 0 0
vt 0 0
vt 0 0
vt 0 0
vt 0 0
vt 0 0
vt 0 0
vt 0 0
vt 0 0
vt 0 0
vt 0 0
vt 0 0
vt 0 0
vt 0 0
vt 0 0
vt 0 0
vt 0 0
vt 0 0
vt 0 0
vt 0 0
vt 0 0
vt 0 0
vt 0 0
vt 0 0
vt 0 0
vt 0 0
vt 0 0
vt 0 0
vt 0 0
vt 0 0
vt 0 0
vt 0 0
vt 0 0
vt 0 0
vt 0 0
vt 0 0
vt 0 0
vt 0 0
vt 0 0
vt 0 0
vt 0 0
vt 0 0
vt 0 0
vt 0 0
vt 0 0
vt 0 0
vt 0 0
vt 0 0
vt 0 0
vt 0 0
vt 0 0
vt 0 0
vt 0 0
vt 0 0
vt 0 0
vt 0 0
vt 0 0
vt 0 0
vt 0 0
vt 0 0
vt 0 0
vt 0 0
vt 0 0
vt 0 0
vt 0 0
vt 0 0
vt 0 0
vt 0 0
vt 0 0
vt 0 0
vt 0 0
vt 0 0
vt 0 0
vt 0 0
vt 0 0
vt 0 0
vt 0 0
vt 0 0
vt 0 0
vt 0 0
vt 0 0
vt 0 0
vt 0 0
vt 0 0
vt 0 0
vt 0 0
vt 0 0
vt 0 0
vt 0 0
vt 0 0
vt 0 0
vt 0 0
vt 0 0
vt 0 0
vt 0 0
vt 0 0
vt 0 0
vt 0 0
vt 0 0
vt 0 0
vt 0 0
vt 0 0
vt 0 0
vt 0 0
vt 0 0
vt 0 0
vt 0 0
vt 0 0
vt 0 0
vt 0 0
vt 0 0
vt 0 0
vt 0 0
vt 0 0
vt 0 0
vt 0 0
vt 0 0
vt 0 0
vt 0 0
vt 0 0
vt 0 0
vt 0 0
vt 0 0
vt 0 0
vt 0 0
vt 0 0
vt 0 0
vt 0 0
vt 0 0
vt 0 0
vt 0 0
vt 0 0
vt 0 0
vt 0 0
vt 0 0
vt 0 0
vt 0 0
vt 0 0
vt 0 0
vt 0 0
vt 0 0
vt 0 0
vt 0 0
vt 0 0
vt 0 0
vt 0 0
vt 0 0
vt 0 0
vt 0 0
vt 0 0
vt 0 0
vt 0 0
vt 0 0
vt 0 0
vt 0 0
vt 0 0
vt 0 0
vt 0 0
vt 0 0
vt 0 0
vt 0 0
vt 0 0
vt 0 0
vt 0 0
vt 0 0
vt 0 0
vt 0 0
vt 0 0
vt 0 0
vt 0 0
vt 0 0
vt 0 0
vt 0 0
vt 0 0
vt 0 0
vt 0 0
vt 0 0
vt 0 0
vt 0 0
vt 0 0
vt 0 0
vt 0 0
vt 0 0
vt 0 0
vt 0 0
vt 0 0
vt 0 0
vt 0 0
vt 0 0
vt 0 0
vt 0 0
vt 0 0
vt 0 0
vt 0 0
vt 0 0
vt 0 0
vt 0 0
vt 0 0
vt 0 0
vt 0 0
vt 0 0
vt 0 0
vt 0 0
vt 0 0
vt 0 0
vt 0 0
vt 0 0
vt 0 0
vt 0 0
vt 0 0
vt 0 0
vt 0 0
vt 0 0
vt 0 0
vt 0 0
vt 0 0
vt 0 0
vt 0 0
vt 0 0
vt 0 0
vt 0 0
vt 0 0
vt 0 0
vt 0 0
vt 0 0
vt 0 0
vt 0 0
vt 0 0
vt 0 0
vt 0 0
vt 0 0
vt 0 0
vt 0 0
vt 0 0
vt 0 0
vt 0 0
vt 0 0
vt 0 0
vt 0 0
vt 0 0
vt 0 0
vt 0 0
vt 0 0
vt 0 0
vt 0 0
vt 0 0
vt 0 0
vt 0 0
vt 0 0
vt 0 0
vt 0 0
vt 0 0
vt 0 0
vt 0 0
vt 0 0
vt 0 0
vt 0 0
vt 0 0
vt 0 0
vt 0 0
vt 0 0
vt 0 0
vt 0 0
vt 0 0
vt 0 0
vt 0 0
vt 0 0
vt 0 0
vt 0 0
vt 0 0
vt 0 0
vt 0 0
vt 0 0
vt 0 0
vt 0 0
vt 0 0
vt 0 0
vt 0 0
vt 0 0
vt 0 0
vt 0 0
vt 0 0
vt 0 0
vt 0 0
vt 0 0
vt 0 0
vt 0 0
vt 0 0
vt 0 0
vt 0 0
vt 0 0
vt 0 0
vt 0 0
vt 0 0
vt 0 0
vt 0 0
vt 0 0
vt 0 0
vt 0 0
vt 0 0
vt 0 0
vt 0 0
vt 0 0
vt 0 0
vt 0 0
vt 0 0
vt 0 0
vt 0 0
vt 0 0
vt 0 0
vt 0 0
vt 0 0
vt 0 0
vt 0 0
vt 0 0
vt 0 0
vt 0 0
vt 0 0
vt 0 0
vt 0 0
vt 0 0
vt 0 0
vt 0 0
vt 0 0
vt 0 0
vt 0 0
vt 0 0
vt 0 0
vt 0 0
vt 0 0
vt 0 0
vt 0 0
vt 0 0
vt 0 0
vt 0 0
vt 0 0
vt 0 0
vt 0 0
vt 0 0
vt 0 0
vt 0 0
vt 0 0
vt 0 0
vt 0 0
vt 0 0
vt 0 0
vt 0 0
vt 0 0
vt 0 0
vt 0 0
vt 0 0
vt 0 0
vt 0 0
vt 0 0
vt 0 0
vt 0 0
vt 0 0
vt 0 0
vt 0 0
vt 0 0
vt 0 0
vt 0 0
vt 0 0
vt 0 0
vt 0 0
vt 0 0
vt 0 0
vt 0 0
vt 0 0
vt 0 0
vt 0 0
vt 0 0
vt 0 0
vt 0 0
vt 0 0
vt 0 0
vt 0 0
vt 0 0
vt 0 0
vt 0 0
vt 0 0
vt 0 0
vt 0 0
vt 0 0
vt 0 0
vt 0 0
vt 0 0
vt 0 0
vt 0 0
vt 0 0
vt 0 0
vt 0 0
vt 0 0
vt 0 0
vt 0 0
vt 0 0
vt 0 0
vt 0 0
vt 0 0
vt 0 0
vt 0 0
vt 0 0
vt 0 0
vt 0 0
vt 0 0
vt 0 0
vt 0 0
vt 0 0
vt 0 0
vt 0 0
vt 0 0
vt 0 0
vt 0 0
vt 0 0
vt 0 0
vt 0 0
vt 0 0
vt 0 0
vt 0 0
vt 0 0
vt 0 0
vt 0 0
vt 0 0
vt 0 0
vt 0 0
vt 0 0
vt 0 0
vt 0 0
vt 0 0
vt 0 0
vt 0 0
vt 0 0
vt 0 0
vt 0 0
vt 0 0
vt 0 0
vt 0 0
vt 0 0
vt 0 0
vt 0 0
vt 0 0
vt 0 0
vt 0 0
vt 0 0
vt 0 0
vt 0 0
vt 0 0
vt 0 0
vt 0 0
vt 0 0
vt 0 0
vt 0 0
vt 0 0
vt 0 0
vt 0 0
vt 0 0
vt 0 0
vt 0 0
vt 0 0
vt 0 0
vt 0 0
vt 0 0
vt 0 0
vt 0 0
vt 0 0
vt 0 0
vt 0 0
vt 0 0
vt 0 0
vt 0 0
vt 0 0
vt 0 0
vt 0 0
vt 0 0
vt 0 0
vt 0 0
vt 0 0
vt 0 0
vt 0 0
vt 0 0
vt 0 0
vt 0 0
vt 0 0
vt 0 0
vt 0 0
vt 0 0
vt 0 0
vt 0 0
vt 0 0
vt 0 0
vt 0 0
vt 0 0
vt 0 0
vt 0 0
vt 0 0
vt 0 0
vt 0 0
vt 0 0
vt 0 0
vt 0 0
vt 0 0
vt 0 0
vt 0 0
vt 0 0
vt 0 0
vt 0 0
vt 0 0
vt 0 0
vt 0 0
vt 0 0
vt 0 0
vt 0 0
vt 0 0
vt 0 0
vt 0 0
vt 0 0
vt 0 0
vt 0 0
vt 0 0
vt 0 0
vt 0 0
vt 0 0
vt 0 0
vt 0 0
vt 0 0
vt 0 0
vt 0 0
vt 0 0
vt 0 0
vt 0 0
vt 0 0
vt 0 0
vt 0 0
vt 0 0
vt 0 0
vt 0 0
vt 0 0
vt 0 0
vt 0 0
vt 0 0
vt 0 0
vt 0 0
vt 0 0
vt 0 0
vt 0 0
vt 0 0
vt 0 0
vt 0 0
vt 0 0
vt 0 0
vt 0 0
vt 0 0
vt 0 0
vt 0 0
vt 0 0
vt 0 0
vt 0 0
vt 0 0
vt 0 0
vt 0 0
vt 0 0
vt 0 0
vt 0 0
vt 0 0
vt 0 0
vt 0 0
vt 0 0
vt 0 0
vt 0 0
vt 0 0
vt 0 0
vt 0 0
vt 0 0
vt 0 0
vt 0 0
vt 0 0
vt 0 0
vt 0 0
vt 0 0
vt 0 0
vt 0 0
vt 0 0
vt 0 0
vt 0 0
vt 0 0
vt 0 0
vt 0 0
vt 0 0
vt 0 0
vt 0 0
vt 0 0
vt 0 0
vt 0 0
vt 0 0
vt 0 0
vt 0 0
vt 0 0
vt 0 0
vt 0 0
vt 0 0
vt 0 0
vt 0 0
vt 0 0
vt 0 0
vt 0 0
vt 0 0
vt 0 0
vt 0 0
vt 0 0
vt 0 0
vt 0 0
vt 0 0
vt 0 0
vt 0 0
vt 0 0
vt 0 0
vt 0 0
vt 0 0
vt 0 0
vt 0 0
vt 0 0
vt 0 0
vt 0 0
vt 0 0
vt 0 0
vt 0 0
vt 0 0
vt 0 0
vt 0 0
vt 0 0
vt 0 0
vt 0 0
vt 0 0
vt 0 0
vt 0 0
vt 0 0
vt 0 0
vt 0 0
vt 0 0
vt 0 0
vt 0 0
vt 0 0
vt 0 0
vt 0 0
vt 0 0
vt 0 0
vt 0 0
vt 0 0
vt 0 0
vt 0 0
vt 0 0
vt 0 0
vt 0 0
vt 0 0
vt 0 0
vt 0 0
vt 0 0
vt 0 0
vt 0 0
vt 0 0
vt 0 0
vt 0 0
vt 0 0
vt 0 0
vt 0 0
vt 0 0
vt 0 0
vt 0 0
vt 0 0
vt 0 0
vt 0 0
vt 0 0
vt 0 0
vt 0 0
vt 0 0
vt 0 0
vt 0 0
vt 0 0
vt 0 0
vt 0 0
vt 0 0
vt 0 0
vt 0 0
vt 0 0
vt 0 0
vt 0 0
vt 0 0
vt 0 0
vt 0 0
vt 0 0
vt 0 0
vt 0 0
vt 0 0
vt 0 0
vt 0 0
vt 0 0
vt 0 0
vt 0 0
vt 0 0
vt 0 0
vt 0 0
vt 0 0
vt 0 0
vt 0 0
vt 0 0
vt 0 0
vt 0 0
vt 0 0
vt 0 0
vt 0 0
vt 0 0
vt 0 0
vt 0 0
vt 0 0
vt 0 0
vt 0 0
vt 0 0
vt 0 0
vt 0 0
vt 0 0
vt 0 0
vt 0 0
vt 0 0
vt 0 0
vt 0 0
vt 0 0
vt 0 0
vt 0 0
vt 0 0
vt 0 0
vt 0 0
vt 0 0
vt 0 0
vt 0 0
vt 0 0
vt 0 0
vt 0 0
vt 0 0
vt 0 0
vt 0 0
vt 0 0
vt 0 0
vt 0 0
vt 0 0
vt 0 0
vt 0 0
vt 0 0
vt 0 0
vt 0 0
vt 0 0
vt 0 0
vt 0 0
vt 0 0
vt 0 0
vt 0 0
vt 0 0
vt 0 0
vt 0 0
vt 0 0
vt 0 0
vt 0 0
vt 0 0
vt 0 0
vt 0 0
vt 0 0
vt 0 0
vt 0 0
vt 0 0
vt 0 0
vt 0 0
vt 0 0
vt 0 0
vt 0 0
vt 0 0
vt 0 0
vt 0 0
vt 0 0
vt 0 0
vt 0 0
vt 0 0
vt 0 0
vt 0 0
vt 0 0
vt 0 0
vt 0 0
vt 0 0
vt 0 0
vt 0 0
vt 0 0
vt 0 0
vt 0 0
vt 0 0
vt 0 0
vt 0 0
vt 0 0
vt 0 0
vt 0 0
vt 0 0
vt 0 0
vt 0 0
vt 0 0
vt 0 0
vt 0 0
vt 0 0
vt 0 0
vt 0 0
vt 0 0
vt 0 0
vt 0 0
vt 0 0
vt 0 0
vt 0 0
vt 0 0
vt 0 0
vt 0 0
vt 0 0
vt 0 0
vt 0 0
vt 0 0
vt 0 0
vt 0 0
vt 0 0
vt 0 0
vt 0 0
vt 0 0
vt 0 0
vt 0 0
vt 0 0
vt 0 0
vt 0 0
vt 0 0
vt 0 0
vt 0 0
vt 0 0
vt 0 0
vt 0 0
vt 0 0
vt 0 0
vt 0 0
vt 0 0
vt 0 0
vt 0 0
vt 0 0
vt 0 0
vt 0 0
vt 0 0
vt 0 0
vt 0 0
vt 0 0
vt 0 0
vt 0 0
vt 0 0
vt 0 0
vt 0 0
vt 0 0
vt 0 0
vt 0 0
vt 0 0
vt 0 0
vt 0 0
vt 0 0
vt 0 0
vt 0 0
vt 0 0
vt 0 0
vt 0 0
vt 0 0
vt 0 0
vt 0 0
vt 0 0
vt 0 0
vt 0 0
vt 0 0
vt 0 0
vt 0 0
vt 0 0
vt 0 0
vt 0 0
vt 0 0
vt 0 0
vt 0 0
vt 0 0
vt 0 0
vt 0 0
vt 0 0
vt 0 0
vt 0 0
vt 0 0
vt 0 0
vt 0 0
vt 0 0
vt 0 0
vt 0 0
vt 0 0
vt 0 0
vt 0 0
vt 0 0
vt 0 0
vt 0 0
vt 0 0
vt 0 0
vt 0 0
vt 0 0
vt 0 0
vt 0 0
vt 0 0
vt 0 0
vt 0 0
vt 0 0
vt 0 0
vt 0 0
vt 0 0
vt 0 0
vt 0 0
vt 0 0
vt 0 0
vt 0 0
vt 0 0
vt 0 0
vt 0 0
vt 0 0
vt 0 0
vt 0 0
vt 0 0
vt 0 0
vt 0 0
vt 0 0
vt 0 0
vt 0 0
vt 0 0
vt 0 0
vt 0 0
vt 0 0
vt 0 0
vt 0 0
vt 0 0
vt 0 0
vt 0 0
vt 0 0
vt 0 0
vt 0 0
vt 0 0
vt 0 0
vt 0 0
vt 0 0
vt 0 0
vt 0 0
vt 0 0
vt 0 0
vt 0 0
vt 0 0
vt 0 0
vt 0 0
vt 0 0
vt 0 0
vt 0 0
vt 0 0
vt 0 0
vt 0 0
vt 0 0
vt 0 0
vt 0 0
vt 0 0
vt 0 0
vt 0 0
vt 0 0
vt 0 0
vt 0 0
vt 0 0
vt 0 0
vt 0 0
vt 0 0
vt 0 0
vt 0 0
usemtl MB_283_official_6408
s off
f 8009/16387 7755/16388 8001/16389
f 7755/16390 7765/16391 8001/16392
f 8009/16393 8008/16394 7755/16395
f 8008/16396 7756/16397 7755/16398
f 8008/16399 7930/16400 7756/16401
f 7930/16402 7757/16403 7756/16404
f 7930/16405 8007/16406 7757/16407
f 8007/16408 7758/16409 7757/16410
f 8007/16411 8006/16412 7758/16413
f 8006/16414 7759/16415 7758/16416
f 8006/16417 8163/16418 7759/16419
f 8163/16420 8392/16421 7759/16422
f 8005/16423 7760/16424 7999/16425
f 7760/16426 8390/16427 7999/16428
f 8005/16429 8004/16430 7760/16431
f 8004/16432 7761/16433 7760/16434
f 8004/16435 8003/16436 7761/16437
f 8003/16438 7762/16439 7761/16440
f 8003/16441 8002/16442 7762/16443
f 8002/16444 7763/16445 7762/16446
f 8002/16447 8000/16448 7763/16449
f 8000/16450 7766/16451 7763/16452
f 8021/16453 7831/16454 8000/16455
f 7831/16456 7766/16457 8000/16458
f 8408/16459 7767/16460 8407/16461
f 7767/16462 8388/16463 8407/16464
f 7998/16465 7768/16466 8455/16467
f 7768/16468 8135/16469 8455/16470
f 7768/16471 8389/16472 8135/16473
f 8389/16474 8395/16475 8135/16476
f 7767/16477 8391/16478 8388/16479
f 8391/16480 7770/16481 8388/16482
f 7831/16483 7834/16484 7766/16485
f 7834/16486 7772/16487 7766/16488
f 7763/16489 7766/16490 7775/16491
f 7766/16492 7772/16493 7775/16494
f 7762/16495 7763/16496 7776/16497
f 7763/16498 7775/16499 7776/16500
f 7761/16501 7762/16502 7777/16503
f 7762/16504 7776/16505 7777/16506
f 7760/16507 7761/16508 7778/16509
f 7761/16510 7777/16511 7778/16512
f 7760/16513 7778/16514 8390/16515
f 7778/16516 7771/16517 8390/16518
f 7759/16519 8392/16520 7779/16521
f 8392/16522 8393/16523 7779/16524
f 7758/16525 7759/16526 7780/16527
f 7759/16528 7779/16529 7780/16530
f 7757/16531 7758/16532 7781/16533
f 7758/16534 7780/16535 7781/16536
f 7756/16537 7757/16538 7782/16539
f 7757/16540 7781/16541 7782/16542
f 7755/16543 7756/16544 7783/16545
f 7756/16546 7782/16547 7783/16548
f 7755/16549 7783/16550 7765/16551
f 7783/16552 7773/16553 7765/16554
f 7783/16555 7784/16556 7773/16557
f 7784/16558 7793/16559 7773/16560
f 7783/16561 7782/16562 7784/16563
f 7782/16564 7785/16565 7784/16566
f 7782/16567 7781/16568 7785/16569
f 7781/16570 7786/16571 7785/16572
f 7781/16573 7780/16574 7786/16575
f 7780/16576 7787/16577 7786/16578
f 7780/16579 7779/16580 7787/16581
f 7779/16582 7788/16583 7787/16584
f 7779/16585 8393/16586 7788/16587
f 8393/16588 8136/16589 7788/16590
f 7778/16591 7789/16592 7771/16593
f 7789/16594 8394/16595 7771/16596
f 7778/16597 7777/16598 7789/16599
f 7777/16600 7790/16601 7789/16602
f 7777/16603 7776/16604 7790/16605
f 7776/16606 7791/16607 7790/16608
f 7776/16609 7775/16610 7791/16611
f 7775/16612 7792/16613 7791/16614
f 7775/16615 7772/16616 7792/16617
f 7772/16618 7794/16619 7792/16620
f 7834/16621 7832/16622 7772/16623
f 7832/16624 7794/16625 7772/16626
f 8391/16627 7795/16628 7770/16629
f 7795/16630 8397/16631 7770/16632
f 8389/16633 7796/16634 8395/16635
f 7796/16636 8396/16637 8395/16638
f 7796/16639 8398/16640 8396/16641
f 8398/16642 8137/16643 8396/16644
f 7795/16645 8399/16646 8397/16647
f 8399/16648 7798/16649 8397/16650
f 7832/16651 7835/16652 7794/16653
f 7835/16654 7800/16655 7794/16656
f 7792/16657 7794/16658 7803/16659
f 7794/16660 7800/16661 7803/16662
f 7791/16663 7792/16664 7804/16665
f 7792/16666 7803/16667 7804/16668
f 7790/16669 7791/16670 7805/16671
f 7791/16672 7804/16673 7805/16674
f 7789/16675 7790/16676 7806/16677
f 7790/16678 7805/16679 7806/16680
f 7789/16681 7806/16682 8394/16683
f 7806/16684 7799/16685 8394/16686
f 7788/16687 8136/16688 7807/16689
f 8136/16690 8400/16691 7807/16692
f 7787/16693 7788/16694 7808/16695
f 7788/16696 7807/16697 7808/16698
f 7786/16699 7787/16700 7809/16701
f 7787/16702 7808/16703 7809/16704
f 7785/16705 7786/16706 7810/16707
f 7786/16708 7809/16709 7810/16710
f 7784/16711 7785/16712 7811/16713
f 7785/16714 7810/16715 7811/16716
f 7784/16717 7811/16718 7793/16719
f 7811/16720 7801/16721 7793/16722
f 7811/16723 7812/16724 7801/16725
f 7812/16726 7822/16727 7801/16728
f 7811/16729 7810/16730 7812/16731
f 7810/16732 7813/16733 7812/16734
f 7810/16735 7809/16736 7813/16737
f 7809/16738 7814/16739 7813/16740
f 7809/16741 7808/16742 7814/16743
f 7808/16744 7815/16745 7814/16746
f 7808/16747 7807/16748 7815/16749
f 7807/16750 7816/16751 7815/16752
f 7807/16753 8400/16754 7816/16755
f 8400/16756 8401/16757 7816/16758
f 7806/16759 7817/16760 7799/16761
f 7817/16762 8402/16763 7799/16764
f 7806/16765 7805/16766 7817/16767
f 7805/16768 7818/16769 7817/16770
f 7805/16771 7804/16772 7818/16773
f 7804/16774 7819/16775 7818/16776
f 7804/16777 7803/16778 7819/16779
f 7803/16780 7820/16781 7819/16782
f 7803/16783 7800/16784 7820/16785
f 7800/16786 7823/16787 7820/16788
f 7835/16789 7833/16790 7800/16791
f 7833/16792 7823/16793 7800/16794
f 8399/16795 7824/16796 7798/16797
f 7824/16798 8403/16799 7798/16800
f 8398/16801 7825/16802 8137/16803
f 7825/16804 8450/16805 8137/16806
f 7825/16807 8404/16808 8450/16809
f 8404/16810 8453/16811 8450/16812
f 7824/16813 8405/16814 8403/16815
f 8405/16816 7904/16817 8403/16818
f 7833/16819 7929/16820 7823/16821
f 7929/16822 7906/16823 7823/16824
f 7820/16825 7823/16826 7909/16827
f 7823/16828 7906/16829 7909/16830
f 7819/16831 7820/16832 7910/16833
f 7820/16834 7909/16835 7910/16836
f 7818/16837 7819/16838 7911/16839
f 7819/16840 7910/16841 7911/16842
f 7817/16843 7818/16844 7912/16845
f 7818/16846 7911/16847 7912/16848
f 7817/16849 7912/16850 8402/16851
f 7912/16852 7905/16853 8402/16854
f 7816/16855 8401/16856 7913/16857
f 8401/16858 8406/16859 7913/16860
f 7815/16861 7816/16862 7914/16863
f 7816/16864 7913/16865 7914/16866
f 7814/16867 7815/16868 7915/16869
f 7815/16870 7914/16871 7915/16872
f 7813/16873 7814/16874 7916/16875
f 7814/16876 7915/16877 7916/16878
f 7812/16879 7813/16880 7917/16881
f 7813/16882 7916/16883 7917/16884
f 7812/16885 7917/16886 7822/16887
f 7917/16888 7907/16889 7822/16890
f 7822/16891 7907/16892 7830/16893
f 7907/16894 7923/16895 7830/16896
f 7801/16897 7822/16898 7829/16899
f 7822/16900 7830/16901 7829/16902
f 7793/16903 7801/16904 7828/16905
f 7801/16906 7829/16907 7828/16908
f 7773/16909 7793/16910 7827/16911
f 7793/16912 7828/16913 7827/16914
f 7765/16915 7773/16916 7826/16917
f 7773/16918 7827/16919 7826/16920
f 8001/16921 7765/16922 8015/16923
f 7765/16924 7826/16925 8015/16926
f 7830/16927 7923/16928 7833/16929
f 7923/16930 7929/16931 7833/16932
f 7829/16933 7830/16934 7835/16935
f 7830/16936 7833/16937 7835/16938
f 7828/16939 7829/16940 7832/16941
f 7829/16942 7835/16943 7832/16944
f 7827/16945 7828/16946 7834/16947
f 7828/16948 7832/16949 7834/16950
f 7826/16951 7827/16952 7831/16953
f 7827/16954 7834/16955 7831/16956
f 8015/16957 7826/16958 8021/16959
f 7826/16960 7831/16961 8021/16962
f 8119/16963 8110/16964 7836/16965
f 8110/16966 7845/16967 7836/16968
f 8119/16969 7836/16970 8118/16971
f 7836/16972 7837/16973 8118/16974
f 8118/16975 7837/16976 8022/16977
f 7837/16978 7838/16979 8022/16980
f 8022/16981 7838/16982 8117/16983
f 7838/16984 7839/16985 8117/16986
f 8117/16987 7839/16988 8116/16989
f 7839/16990 7840/16991 8116/16992
f 8116/16993 7840/16994 8558/16995
f 7840/16996 8456/16997 8558/16998
f 8115/16999 8108/17000 7841/17001
f 8108/17002 8411/17003 7841/17004
f 8115/17005 7841/17006 8114/17007
f 7841/17008 7842/17009 8114/17010
f 8114/17011 7842/17012 8113/17013
f 7842/17014 7843/17015 8113/17016
f 8113/17017 7843/17018 8112/17019
f 7843/17020 7844/17021 8112/17022
f 8112/17023 7844/17024 8109/17025
f 7844/17026 7846/17027 8109/17028
f 8133/17029 8109/17030 7924/17031
f 8109/17032 7846/17033 7924/17034
f 8420/17035 8419/17036 7847/17037
f 8419/17038 8409/17039 7847/17040
f 8107/17041 8173/17042 7848/17043
f 8173/17044 8554/17045 7848/17046
f 7848/17047 8554/17048 8410/17049
f 8554/17050 8142/17051 8410/17052
f 7847/17053 8409/17054 8412/17055
f 8409/17056 7850/17057 8412/17058
f 7924/17059 7846/17060 7927/17061
f 7846/17062 7852/17063 7927/17064
f 7844/17065 7854/17066 7846/17067
f 7854/17068 7852/17069 7846/17070
f 7843/17071 7855/17072 7844/17073
f 7855/17074 7854/17075 7844/17076
f 7842/17077 7856/17078 7843/17079
f 7856/17080 7855/17081 7843/17082
f 7841/17083 7857/17084 7842/17085
f 7857/17086 7856/17087 7842/17088
f 7841/17089 8411/17090 7857/17091
f 8411/17092 7851/17093 7857/17094
f 7840/17095 7858/17096 8456/17097
f 7858/17098 8457/17099 8456/17100
f 7839/17101 7859/17102 7840/17103
f 7859/17104 7858/17105 7840/17106
f 7838/17107 7860/17108 7839/17109
f 7860/17110 7859/17111 7839/17112
f 7837/17113 7861/17114 7838/17115
f 7861/17116 7860/17117 7838/17118
f 7836/17119 7862/17120 7837/17121
f 7862/17122 7861/17123 7837/17124
f 7836/17125 7845/17126 7862/17127
f 7845/17128 7853/17129 7862/17130
f 7862/17131 7853/17132 7863/17133
f 7853/17134 7872/17135 7863/17136
f 7862/17137 7863/17138 7861/17139
f 7863/17140 7864/17141 7861/17142
f 7861/17143 7864/17144 7860/17145
f 7864/17146 7865/17147 7860/17148
f 7860/17149 7865/17150 7859/17151
f 7865/17152 7866/17153 7859/17154
f 7859/17155 7866/17156 7858/17157
f 7866/17158 7867/17159 7858/17160
f 7858/17161 7867/17162 8457/17163
f 7867/17164 8458/17165 8457/17166
f 7857/17167 7851/17168 7868/17169
f 7851/17170 8413/17171 7868/17172
f 7857/17173 7868/17174 7856/17175
f 7868/17176 7869/17177 7856/17178
f 7856/17179 7869/17180 7855/17181
f 7869/17182 7870/17183 7855/17184
f 7855/17185 7870/17186 7854/17187
f 7870/17188 7871/17189 7854/17190
f 7854/17191 7871/17192 7852/17193
f 7871/17194 7873/17195 7852/17196
f 7927/17197 7852/17198 7925/17199
f 7852/17200 7873/17201 7925/17202
f 8412/17203 7850/17204 7874/17205
f 7850/17206 8414/17207 7874/17208
f 8410/17209 8142/17210 7875/17211
f 8142/17212 8460/17213 7875/17214
f 7875/17215 8460/17216 8415/17217
f 8460/17218 8463/17219 8415/17220
f 7874/17221 8414/17222 8416/17223
f 8414/17224 7876/17225 8416/17226
f 7925/17227 7873/17228 7928/17229
f 7873/17230 7878/17231 7928/17232
f 7871/17233 7881/17234 7873/17235
f 7881/17236 7878/17237 7873/17238
f 7870/17239 7882/17240 7871/17241
f 7882/17242 7881/17243 7871/17244
f 7869/17245 7883/17246 7870/17247
f 7883/17248 7882/17249 7870/17250
f 7868/17251 7884/17252 7869/17253
f 7884/17254 7883/17255 7869/17256
f 7868/17257 8413/17258 7884/17259
f 8413/17260 7877/17261 7884/17262
f 7867/17263 7885/17264 8458/17265
f 7885/17266 8555/17267 8458/17268
f 7866/17269 7886/17270 7867/17271
f 7886/17272 7885/17273 7867/17274
f 7865/17275 7887/17276 7866/17277
f 7887/17278 7886/17279 7866/17280
f 7864/17281 7888/17282 7865/17283
f 7888/17284 7887/17285 7865/17286
f 7863/17287 7889/17288 7864/17289
f 7889/17290 7888/17291 7864/17292
f 7863/17293 7872/17294 7889/17295
f 7872/17296 7879/17297 7889/17298
f 7889/17299 7879/17300 7890/17301
f 7879/17302 7899/17303 7890/17304
f 7889/17305 7890/17306 7888/17307
f 7890/17308 7891/17309 7888/17310
f 7888/17311 7891/17312 7887/17313
f 7891/17314 7892/17315 7887/17316
f 7887/17317 7892/17318 7886/17319
f 7892/17320 7893/17321 7886/17322
f 7886/17323 7893/17324 7885/17325
f 7893/17326 7894/17327 7885/17328
f 7885/17329 7894/17330 8555/17331
f 7894/17332 8150/17333 8555/17334
f 7884/17335 7877/17336 7895/17337
f 7877/17338 8417/17339 7895/17340
f 7884/17341 7895/17342 7883/17343
f 7895/17344 7896/17345 7883/17346
f 7883/17347 7896/17348 7882/17349
f 7896/17350 7897/17351 7882/17352
f 7882/17353 7897/17354 7881/17355
f 7897/17356 7898/17357 7881/17358
f 7881/17359 7898/17360 7878/17361
f 7898/17362 7900/17363 7878/17364
f 7928/17365 7878/17366 7926/17367
f 7878/17368 7900/17369 7926/17370
f 8416/17371 7876/17372 7901/17373
f 7876/17374 8418/17375 7901/17376
f 8415/17377 8463/17378 7902/17379
f 8463/17380 8557/17381 7902/17382
f 7902/17383 8557/17384 8404/17385
f 8557/17386 8453/17387 8404/17388
f 7901/17389 8418/17390 8405/17391
f 8418/17392 7904/17393 8405/17394
f 7926/17395 7900/17396 7929/17397
f 7900/17398 7906/17399 7929/17400
f 7898/17401 7909/17402 7900/17403
f 7909/17404 7906/17405 7900/17406
f 7897/17407 7910/17408 7898/17409
f 7910/17410 7909/17411 7898/17412
f 7896/17413 7911/17414 7897/17415
f 7911/17416 7910/17417 7897/17418
f 7895/17419 7912/17420 7896/17421
f 7912/17422 7911/17423 7896/17424
f 7895/17425 8417/17426 7912/17427
f 8417/17428 7905/17429 7912/17430
f 7894/17431 7913/17432 8150/17433
f 7913/17434 8406/17435 8150/17436
f 7893/17437 7914/17438 7894/17439
f 7914/17440 7913/17441 7894/17442
f 7892/17443 7915/17444 7893/17445
f 7915/17446 7914/17447 7893/17448
f 7891/17449 7916/17450 7892/17451
f 7916/17452 7915/17453 7892/17454
f 7890/17455 7917/17456 7891/17457
f 7917/17458 7916/17459 7891/17460
f 7890/17461 7899/17462 7917/17463
f 7899/17464 7907/17465 7917/17466
f 7899/17467 7922/17468 7907/17469
f 7922/17470 7923/17471 7907/17472
f 7879/17473 7921/17474 7899/17475
f 7921/17476 7922/17477 7899/17478
f 7872/17479 7920/17480 7879/17481
f 7920/17482 7921/17483 7879/17484
f 7853/17485 7919/17486 7872/17487
f 7919/17488 7920/17489 7872/17490
f 7845/17491 7918/17492 7853/17493
f 7918/17494 7919/17495 7853/17496
f 8110/17497 8126/17498 7845/17499
f 8126/17500 7918/17501 7845/17502
f 7922/17503 7926/17504 7923/17505
f 7926/17506 7929/17507 7923/17508
f 7921/17509 7928/17510 7922/17511
f 7928/17512 7926/17513 7922/17514
f 7920/17515 7925/17516 7921/17517
f 7925/17518 7928/17519 7921/17520
f 7919/17521 7927/17522 7920/17523
f 7927/17524 7925/17525 7920/17526
f 7918/17527 7924/17528 7919/17529
f 7924/17530 7927/17531 7919/17532
f 8126/17533 8133/17534 7918/17535
f 8133/17536 7924/17537 7918/17538
f 8009/17539 8001/17540 7931/17541
f 8001/17542 7941/17543 7931/17544
f 8009/17545 7931/17546 8008/17547
f 7931/17548 7932/17549 8008/17550
f 8008/17551 7932/17552 7930/17553
f 7932/17554 7933/17555 7930/17556
f 7930/17557 7933/17558 8007/17559
f 7933/17560 7934/17561 8007/17562
f 8007/17563 7934/17564 8006/17565
f 7934/17566 7935/17567 8006/17568
f 8006/17569 7935/17570 8163/17571
f 7935/17572 8559/17573 8163/17574
f 8005/17575 7999/17576 7936/17577
f 7999/17578 8423/17579 7936/17580
f 8005/17581 7936/17582 8004/17583
f 7936/17584 7937/17585 8004/17586
f 8004/17587 7937/17588 8003/17589
f 7937/17590 7938/17591 8003/17592
f 8003/17593 7938/17594 8002/17595
f 7938/17596 7939/17597 8002/17598
f 8002/17599 7939/17600 8000/17601
f 7939/17602 7942/17603 8000/17604
f 8021/17605 8000/17606 8016/17607
f 8000/17608 7942/17609 8016/17610
f 8408/17611 8407/17612 7943/17613
f 8407/17614 8421/17615 7943/17616
f 7998/17617 8455/17618 7944/17619
f 8455/17620 8153/17621 7944/17622
f 7944/17623 8153/17624 8422/17625
f 8153/17626 8466/17627 8422/17628
f 7943/17629 8421/17630 8424/17631
f 8421/17632 7945/17633 8424/17634
f 8016/17635 7942/17636 8019/17637
f 7942/17638 7947/17639 8019/17640
f 7939/17641 7949/17642 7942/17643
f 7949/17644 7947/17645 7942/17646
f 7938/17647 7950/17648 7939/17649
f 7950/17650 7949/17651 7939/17652
f 7937/17653 7951/17654 7938/17655
f 7951/17656 7950/17657 7938/17658
f 7936/17659 7952/17660 7937/17661
f 7952/17662 7951/17663 7937/17664
f 7936/17665 8423/17666 7952/17667
f 8423/17668 7946/17669 7952/17670
f 7935/17671 7953/17672 8559/17673
f 7953/17674 8155/17675 8559/17676
f 7934/17677 7954/17678 7935/17679
f 7954/17680 7953/17681 7935/17682
f 7933/17683 7955/17684 7934/17685
f 7955/17686 7954/17687 7934/17688
f 7932/17689 7956/17690 7933/17691
f 7956/17692 7955/17693 7933/17694
f 7931/17695 7957/17696 7932/17697
f 7957/17698 7956/17699 7932/17700
f 7931/17701 7941/17702 7957/17703
f 7941/17704 7948/17705 7957/17706
f 7957/17707 7948/17708 7958/17709
f 7948/17710 7968/17711 7958/17712
f 7957/17713 7958/17714 7956/17715
f 7958/17716 7959/17717 7956/17718
f 7956/17719 7959/17720 7955/17721
f 7959/17722 7960/17723 7955/17724
f 7955/17725 7960/17726 7954/17727
f 7960/17728 7961/17729 7954/17730
f 7954/17731 7961/17732 7953/17733
f 7961/17734 7962/17735 7953/17736
f 7953/17737 7962/17738 8155/17739
f 7962/17740 8561/17741 8155/17742
f 7952/17743 7946/17744 7963/17745
f 7946/17746 8425/17747 7963/17748
f 7952/17749 7963/17750 7951/17751
f 7963/17752 7964/17753 7951/17754
f 7951/17755 7964/17756 7950/17757
f 7964/17758 7965/17759 7950/17760
f 7950/17761 7965/17762 7949/17763
f 7965/17764 7966/17765 7949/17766
f 7949/17767 7966/17768 7947/17769
f 7966/17770 7969/17771 7947/17772
f 8019/17773 7947/17774 8017/17775
f 7947/17776 7969/17777 8017/17778
f 8424/17779 7945/17780 7970/17781
f 7945/17782 8426/17783 7970/17784
f 8422/17785 8466/17786 7971/17787
f 8466/17788 8467/17789 7971/17790
f 7971/17791 8467/17792 8427/17793
f 8467/17794 8468/17795 8427/17796
f 7970/17797 8426/17798 8428/17799
f 8426/17800 7972/17801 8428/17802
f 8017/17803 7969/17804 8020/17805
f 7969/17806 7974/17807 8020/17808
f 7966/17809 7976/17810 7969/17811
f 7976/17812 7974/17813 7969/17814
f 7965/17815 7977/17816 7966/17817
f 7977/17818 7976/17819 7966/17820
f 7964/17821 7978/17822 7965/17823
f 7978/17824 7977/17825 7965/17826
f 7963/17827 7979/17828 7964/17829
f 7979/17830 7978/17831 7964/17832
f 7963/17833 8425/17834 7979/17835
f 8425/17836 7973/17837 7979/17838
f 7962/17839 7980/17840 8561/17841
f 7980/17842 8469/17843 8561/17844
f 7961/17845 7981/17846 7962/17847
f 7981/17848 7980/17849 7962/17850
f 7960/17851 7982/17852 7961/17853
f 7982/17854 7981/17855 7961/17856
f 7959/17857 7983/17858 7960/17859
f 7983/17860 7982/17861 7960/17862
f 7958/17863 7984/17864 7959/17865
f 7984/17866 7983/17867 7959/17868
f 7958/17869 7968/17870 7984/17871
f 7968/17872 7975/17873 7984/17874
f 7984/17875 7975/17876 7985/17877
f 7975/17878 7994/17879 7985/17880
f 7984/17881 7985/17882 7983/17883
f 7985/17884 7986/17885 7983/17886
f 7983/17887 7986/17888 7982/17889
f 7986/17890 7987/17891 7982/17892
f 7982/17893 7987/17894 7981/17895
f 7987/17896 7988/17897 7981/17898
f 7981/17899 7988/17900 7980/17901
f 7988/17902 7989/17903 7980/17904
f 7980/17905 7989/17906 8469/17907
f 7989/17908 8470/17909 8469/17910
f 7979/17911 7973/17912 7990/17913
f 7973/17914 8429/17915 7990/17916
f 7979/17917 7990/17918 7978/17919
f 7990/17920 7991/17921 7978/17922
f 7978/17923 7991/17924 7977/17925
f 7991/17926 7992/17927 7977/17928
f 7977/17929 7992/17930 7976/17931
f 7992/17932 7993/17933 7976/17934
f 7976/17935 7993/17936 7974/17937
f 7993/17938 7995/17939 7974/17940
f 8020/17941 7974/17942 8018/17943
f 7974/17944 7995/17945 8018/17946
f 8428/17947 7972/17948 7996/17949
f 7972/17950 8430/17951 7996/17952
f 8427/17953 8468/17954 7997/17955
f 8468/17956 8471/17957 7997/17958
f 7997/17959 8471/17960 8431/17961
f 8471/17962 8446/17963 8431/17964
f 7996/17965 8430/17966 8432/17967
f 8430/17968 8093/17969 8432/17970
f 8018/17971 7995/17972 8132/17973
f 7995/17974 8095/17975 8132/17976
f 7993/17977 8098/17978 7995/17979
f 8098/17980 8095/17981 7995/17982
f 7992/17983 8099/17984 7993/17985
f 8099/17986 8098/17987 7993/17988
f 7991/17989 8100/17990 7992/17991
f 8100/17992 8099/17993 7992/17994
f 7990/17995 8101/17996 7991/17997
f 8101/17998 8100/17999 7991/18000
f 7990/18001 8429/18002 8101/18003
f 8429/18004 8094/18005 8101/18006
f 7989/18007 8102/18008 8470/18009
f 8102/18010 8448/18011 8470/18012
f 7988/18013 8103/18014 7989/18015
f 8103/18016 8102/18017 7989/18018
f 7987/18019 8104/18020 7988/18021
f 8104/18022 8103/18023 7988/18024
f 7986/18025 8105/18026 7987/18027
f 8105/18028 8104/18029 7987/18030
f 7985/18031 8106/18032 7986/18033
f 8106/18034 8105/18035 7986/18036
f 7985/18037 7994/18038 8106/18039
f 7994/18040 8096/18041 8106/18042
f 7994/18043 8014/18044 8096/18045
f 8014/18046 8125/18047 8096/18048
f 7975/18049 8013/18050 7994/18051
f 8013/18052 8014/18053 7994/18054
f 7968/18055 8012/18056 7975/18057
f 8012/18058 8013/18059 7975/18060
f 7948/18061 8011/18062 7968/18063
f 8011/18064 8012/18065 7968/18066
f 7941/18067 8010/18068 7948/18069
f 8010/18070 8011/18071 7948/18072
f 8001/18073 8015/18074 7941/18075
f 8015/18076 8010/18077 7941/18078
f 8014/18079 8018/18080 8125/18081
f 8018/18082 8132/18083 8125/18084
f 8013/18085 8020/18086 8014/18087
f 8020/18088 8018/18089 8014/18090
f 8012/18091 8017/18092 8013/18093
f 8017/18094 8020/18095 8013/18096
f 8011/18097 8019/18098 8012/18099
f 8019/18100 8017/18101 8012/18102
f 8010/18103 8016/18104 8011/18105
f 8016/18106 8019/18107 8011/18108
f 8015/18109 8021/18110 8010/18111
f 8021/18112 8016/18113 8010/18114
f 8119/18115 8023/18116 8110/18117
f 8023/18118 8032/18119 8110/18120
f 8119/18121 8118/18122 8023/18123
f 8118/18124 8024/18125 8023/18126
f 8118/18127 8022/18128 8024/18129
f 8022/18130 8025/18131 8024/18132
f 8022/18133 8117/18134 8025/18135
f 8117/18136 8026/18137 8025/18138
f 8117/18139 8116/18140 8026/18141
f 8116/18142 8027/18143 8026/18144
f 8116/18145 8558/18146 8027/18147
f 8558/18148 8474/18149 8027/18150
f 8115/18151 8028/18152 8108/18153
f 8028/18154 8435/18155 8108/18156
f 8115/18157 8114/18158 8028/18159
f 8114/18160 8029/18161 8028/18162
f 8114/18163 8113/18164 8029/18165
f 8113/18166 8030/18167 8029/18168
f 8113/18169 8112/18170 8030/18171
f 8112/18172 8031/18173 8030/18174
f 8112/18175 8109/18176 8031/18177
f 8109/18178 8033/18179 8031/18180
f 8133/18181 8127/18182 8109/18183
f 8127/18184 8033/18185 8109/18186
f 8420/18187 8034/18188 8419/18189
f 8034/18190 8433/18191 8419/18192
f 8107/18193 8035/18194 8173/18195
f 8035/18196 8166/18197 8173/18198
f 8035/18199 8434/18200 8166/18201
f 8434/18202 8473/18203 8166/18204
f 8034/18205 8436/18206 8433/18207
f 8436/18208 8036/18209 8433/18210
f 8127/18211 8130/18212 8033/18213
f 8130/18214 8038/18215 8033/18216
f 8031/18217 8033/18218 8040/18219
f 8033/18220 8038/18221 8040/18222
f 8030/18223 8031/18224 8041/18225
f 8031/18226 8040/18227 8041/18228
f 8029/18229 8030/18230 8042/18231
f 8030/18232 8041/18233 8042/18234
f 8028/18235 8029/18236 8043/18237
f 8029/18238 8042/18239 8043/18240
f 8028/18241 8043/18242 8435/18243
f 8043/18244 8037/18245 8435/18246
f 8027/18247 8474/18248 8044/18249
f 8474/18250 8475/18251 8044/18252
f 8026/18253 8027/18254 8045/18255
f 8027/18256 8044/18257 8045/18258
f 8025/18259 8026/18260 8046/18261
f 8026/18262 8045/18263 8046/18264
f 8024/18265 8025/18266 8047/18267
f 8025/18268 8046/18269 8047/18270
f 8023/18271 8024/18272 8048/18273
f 8024/18274 8047/18275 8048/18276
f 8023/18277 8048/18278 8032/18279
f 8048/18280 8039/18281 8032/18282
f 8048/18283 8049/18284 8039/18285
f 8049/18286 8058/18287 8039/18288
f 8048/18289 8047/18290 8049/18291
f 8047/18292 8050/18293 8049/18294
f 8047/18295 8046/18296 8050/18297
f 8046/18298 8051/18299 8050/18300
f 8046/18301 8045/18302 8051/18303
f 8045/18304 8052/18305 8051/18306
f 8045/18307 8044/18308 8052/18309
f 8044/18310 8053/18311 8052/18312
f 8044/18313 8475/18314 8053/18315
f 8475/18316 8478/18317 8053/18318
f 8043/18319 8054/18320 8037/18321
f 8054/18322 8437/18323 8037/18324
f 8043/18325 8042/18326 8054/18327
f 8042/18328 8055/18329 8054/18330
f 8042/18331 8041/18332 8055/18333
f 8041/18334 8056/18335 8055/18336
f 8041/18337 8040/18338 8056/18339
f 8040/18340 8057/18341 8056/18342
f 8040/18343 8038/18344 8057/18345
f 8038/18346 8059/18347 8057/18348
f 8130/18349 8128/18350 8038/18351
f 8128/18352 8059/18353 8038/18354
f 8436/18355 8060/18356 8036/18357
f 8060/18358 8438/18359 8036/18360
f 8434/18361 8061/18362 8473/18363
f 8061/18364 8439/18365 8473/18366
f 8061/18367 8441/18368 8439/18369
f 8441/18370 8440/18371 8439/18372
f 8060/18373 8442/18374 8438/18375
f 8442/18376 8064/18377 8438/18378
f 8128/18379 8131/18380 8059/18381
f 8131/18382 8066/18383 8059/18384
f 8057/18385 8059/18386 8068/18387
f 8059/18388 8066/18389 8068/18390
f 8056/18391 8057/18392 8069/18393
f 8057/18394 8068/18395 8069/18396
f 8055/18397 8056/18398 8070/18399
f 8056/18400 8069/18401 8070/18402
f 8054/18403 8055/18404 8071/18405
f 8055/18406 8070/18407 8071/18408
f 8054/18409 8071/18410 8437/18411
f 8071/18412 8065/18413 8437/18414
f 8053/18415 8478/18416 8072/18417
f 8478/18418 8480/18419 8072/18420
f 8052/18421 8053/18422 8073/18423
f 8053/18424 8072/18425 8073/18426
f 8051/18427 8052/18428 8074/18429
f 8052/18430 8073/18431 8074/18432
f 8050/18433 8051/18434 8075/18435
f 8051/18436 8074/18437 8075/18438
f 8049/18439 8050/18440 8076/18441
f 8050/18442 8075/18443 8076/18444
f 8049/18445 8076/18446 8058/18447
f 8076/18448 8067/18449 8058/18450
f 8076/18451 8077/18452 8067/18453
f 8077/18454 8087/18455 8067/18456
f 8076/18457 8075/18458 8077/18459
f 8075/18460 8078/18461 8077/18462
f 8075/18463 8074/18464 8078/18465
f 8074/18466 8079/18467 8078/18468
f 8074/18469 8073/18470 8079/18471
f 8073/18472 8080/18473 8079/18474
f 8073/18475 8072/18476 8080/18477
f 8072/18478 8081/18479 8080/18480
f 8072/18481 8480/18482 8081/18483
f 8480/18484 8447/18485 8081/18486
f 8071/18487 8082/18488 8065/18489
f 8082/18490 8443/18491 8065/18492
f 8071/18493 8070/18494 8082/18495
f 8070/18496 8083/18497 8082/18498
f 8070/18499 8069/18500 8083/18501
f 8069/18502 8084/18503 8083/18504
f 8069/18505 8068/18506 8084/18507
f 8068/18508 8085/18509 8084/18510
f 8068/18511 8066/18512 8085/18513
f 8066/18514 8088/18515 8085/18516
f 8131/18517 8129/18518 8066/18519
f 8129/18520 8088/18521 8066/18522
f 8442/18523 8089/18524 8064/18525
f 8089/18526 8445/18527 8064/18528
f 8441/18529 8090/18530 8440/18531
f 8090/18532 8444/18533 8440/18534
f 8090/18535 8431/18536 8444/18537
f 8431/18538 8446/18539 8444/18540
f 8089/18541 8432/18542 8445/18543
f 8432/18544 8093/18545 8445/18546
f 8129/18547 8132/18548 8088/18549
f 8132/18550 8095/18551 8088/18552
f 8085/18553 8088/18554 8098/18555
f 8088/18556 8095/18557 8098/18558
f 8084/18559 8085/18560 8099/18561
f 8085/18562 8098/18563 8099/18564
f 8083/18565 8084/18566 8100/18567
f 8084/18568 8099/18569 8100/18570
f 8082/18571 8083/18572 8101/18573
f 8083/18574 8100/18575 8101/18576
f 8082/18577 8101/18578 8443/18579
f 8101/18580 8094/18581 8443/18582
f 8081/18583 8447/18584 8102/18585
f 8447/18586 8448/18587 8102/18588
f 8080/18589 8081/18590 8103/18591
f 8081/18592 8102/18593 8103/18594
f 8079/18595 8080/18596 8104/18597
f 8080/18598 8103/18599 8104/18600
f 8078/18601 8079/18602 8105/18603
f 8079/18604 8104/18605 8105/18606
f 8077/18607 8078/18608 8106/18609
f 8078/18610 8105/18611 8106/18612
f 8077/18613 8106/18614 8087/18615
f 8106/18616 8096/18617 8087/18618
f 8087/18619 8096/18620 8124/18621
f 8096/18622 8125/18623 8124/18624
f 8067/18625 8087/18626 8123/18627
f 8087/18628 8124/18629 8123/18630
f 8058/18631 8067/18632 8122/18633
f 8067/18634 8123/18635 8122/18636
f 8039/18637 8058/18638 8121/18639
f 8058/18640 8122/18641 8121/18642
f 8032/18643 8039/18644 8120/18645
f 8039/18646 8121/18647 8120/18648
f 8110/18649 8032/18650 8126/18651
f 8032/18652 8120/18653 8126/18654
f 8124/18655 8125/18656 8129/18657
f 8125/18658 8132/18659 8129/18660
f 8123/18661 8124/18662 8131/18663
f 8124/18664 8129/18665 8131/18666
f 8122/18667 8123/18668 8128/18669
f 8123/18670 8131/18671 8128/18672
f 8121/18673 8122/18674 8130/18675
f 8122/18676 8128/18677 8130/18678
f 8120/18679 8121/18680 8127/18681
f 8121/18682 8130/18683 8127/18684
f 8126/18685 8120/18686 8133/18687
f 8120/18688 8127/18689 8133/18690
f 8211/18691 8162/18692 8562/18693
f 8162/18694 8454/18695 8562/18696
f 8248/18697 8251/18698 7774/18699
f 8251/18700 8552/18701 7774/18702
f 8244/18703 8248/18704 7764/18705
f 8248/18706 7774/18707 7764/18708
f 8317/18709 8385/18710 8183/18711
f 8385/18712 8490/18713 8183/18714
f 8292/18715 8244/18716 8553/18717
f 8244/18718 7764/18719 8553/18720
f 8562/18721 8454/18722 8497/18723
f 8454/18724 7769/18725 8497/18726
f 8497/18727 7769/18728 8498/18729
f 7769/18730 7797/18731 8498/18732
f 8322/18733 8546/18734 8347/18735
f 8546/18736 8484/18737 8347/18738
f 8323/18739 8346/18740 8250/18741
f 8346/18742 8253/18743 8250/18744
f 8254/18745 8257/18746 7802/18747
f 8257/18748 7821/18749 7802/18750
f 8251/18751 8254/18752 8552/18753
f 8254/18754 7802/18755 8552/18756
f 8498/18757 7797/18758 8451/18759
f 7797/18760 8449/18761 8451/18762
f 8451/18763 8449/18764 8452/18765
f 8449/18766 8140/18767 8452/18768
f 8549/18769 8548/18770 8356/18771
f 8548/18772 8358/18773 8356/18774
f 8215/18775 8216/18776 8349/18777
f 8216/18778 8352/18779 8349/18780
f 8548/18781 8547/18782 8358/18783
f 8547/18784 8325/18785 8358/18786
f 8257/18787 8275/18788 7821/18789
f 8275/18790 7908/18791 7821/18792
f 8452/18793 8140/18794 8190/18795
f 8140/18796 8151/18797 8190/18798
f 8481/18799 8194/18800 8482/18801
f 8194/18802 7849/18803 8482/18804
f 8260/18805 8141/18806 8262/18807
f 8141/18808 8143/18809 8262/18810
f 8325/18811 8547/18812 8361/18813
f 8547/18814 8179/18815 8361/18816
f 8262/18817 8143/18818 8265/18819
f 8143/18820 8146/18821 8265/18822
f 8314/18823 8111/18824 8260/18825
f 8111/18826 8141/18827 8260/18828
f 8194/18829 8461/18830 7849/18831
f 8461/18832 8459/18833 7849/18834
f 8461/18835 8462/18836 8459/18837
f 8462/18838 8147/18839 8459/18840
f 8328/18841 8218/18842 8181/18843
f 8361/18844 8179/18845 8222/18846
f 8268/18847 7880/18848 8271/18849
f 7880/18850 8556/18851 8271/18852
f 8265/18853 8146/18854 8268/18855
f 8146/18856 7880/18857 8268/18858
f 8462/18859 8464/18860 8147/18861
f 8464/18862 8148/18863 8147/18864
f 8464/18865 8503/18866 8148/18867
f 8503/18868 7903/18869 8148/18870
f 8216/18871 8217/18872 8352/18873
f 8217/18874 8332/18875 8352/18876
f 8355/18877 8266/18878 8329/18879
f 8266/18880 8269/18881 8329/18882
f 8233/18883 8234/18884 8382/18885
f 8234/18886 8385/18887 8382/18888
f 8271/18889 8556/18890 8275/18891
f 8556/18892 7908/18893 8275/18894
f 8503/18895 8190/18896 7903/18897
f 8190/18898 8151/18899 7903/18900
f 8211/18901 8565/18902 8162/18903
f 8565/18904 8465/18905 8162/18906
f 8278/18907 7940/18908 8280/18909
f 7940/18910 8560/18911 8280/18912
f 8385/18913 8234/18914 8490/18915
f 8280/18916 8560/18917 8283/18918
f 8560/18919 7967/18920 8283/18921
f 8292/18922 8553/18923 8278/18924
f 8553/18925 7940/18926 8278/18927
f 8565/18928 8208/18929 8465/18930
f 8208/18931 8154/18932 8465/18933
f 8208/18934 8567/18935 8154/18936
f 8567/18937 8157/18938 8154/18939
f 8223/18940 8224/18941 8338/18942
f 8224/18943 8340/18944 8338/18945
f 8230/18946 8231/18947 8376/18948
f 8231/18949 8335/18950 8376/18951
f 8286/18952 8159/18953 8289/18954
f 8159/18955 8160/18956 8289/18957
f 8283/18958 7967/18959 8286/18960
f 7967/18961 8159/18962 8286/18963
f 8567/18964 8205/18965 8157/18966
f 8205/18967 8158/18968 8157/18969
f 8205/18970 8203/18971 8158/18972
f 8203/18973 8161/18974 8158/18975
f 8543/18976 8182/18977 8373/18978
f 8182/18979 8376/18980 8373/18981
f 8230/18982 8376/18983 8182/18984
f 8362/18985 8337/18986 8313/18987
f 8337/18988 8296/18989 8313/18990
f 8289/18991 8160/18992 8310/18993
f 8160/18994 8097/18995 8310/18996
f 8203/18997 8202/18998 8161/18999
f 8202/19000 8092/19001 8161/19002
f 8481/19003 8482/19004 8476/19005
f 8482/19006 8472/19007 8476/19008
f 8299/19009 8302/19010 8168/19011
f 8302/19012 8171/19013 8168/19014
f 8295/19015 8299/19016 8165/19017
f 8299/19018 8168/19019 8165/19020
f 8222/19021 8223/19022 8361/19023
f 8223/19024 8338/19025 8361/19026
f 8314/19027 8295/19028 8111/19029
f 8295/19030 8165/19031 8111/19032
f 8476/19033 8472/19034 8477/19035
f 8472/19036 8167/19037 8477/19038
f 8477/19039 8167/19040 8479/19041
f 8167/19042 8062/19043 8479/19044
f 8225/19045 8226/19046 8343/19047
f 8226/19048 8365/19049 8343/19050
f 8344/19051 8364/19052 8301/19053
f 8364/19054 8304/19055 8301/19056
f 8305/19057 8308/19058 8172/19059
f 8308/19060 8086/19061 8172/19062
f 8302/19063 8305/19064 8171/19065
f 8305/19066 8172/19067 8171/19068
f 8479/19069 8062/19070 8200/19071
f 8062/19072 8063/19073 8200/19074
f 8200/19075 8063/19076 8201/19077
f 8063/19078 8091/19079 8201/19080
f 8544/19081 8543/19082 8370/19083
f 8543/19084 8373/19085 8370/19086
f 8226/19087 8184/19088 8365/19089
f 8308/19090 8310/19091 8086/19092
f 8310/19093 8097/19094 8086/19095
f 8201/19096 8091/19097 8202/19098
f 8091/19099 8092/19100 8202/19101
f 8483/19102 8489/19103 8485/19104
f 8489/19105 8487/19106 8485/19107
f 8519/19108 8520/19109 8533/19110
f 8550/19111 8551/19112 8213/19113
f 8212/19114 8546/19115 8319/19116
f 8546/19117 8322/19118 8319/19119
f 8185/19120 8186/19121 8541/19122
f 8186/19123 8138/19124 8541/19125
f 8517/19126 8496/19127 8537/19128
f 8496/19129 8531/19130 8537/19131
f 8320/19132 8323/19133 8247/19134
f 8323/19135 8250/19136 8247/19137
f 8489/19138 8483/19139 8551/19140
f 8483/19141 8213/19142 8551/19143
f 8145/19144 8531/19145 8149/19146
f 8531/19147 8193/19148 8149/19149
f 8138/19150 8139/19151 8187/19152
f 8139/19153 8500/19154 8187/19155
f 8347/19156 8484/19157 8214/19158
f 8350/19159 8353/19160 8256/19161
f 8353/19162 8274/19163 8256/19164
f 8139/19165 8502/19166 8500/19167
f 8502/19168 8189/19169 8500/19170
f 8502/19171 8191/19172 8189/19173
f 8191/19174 8504/19175 8189/19176
f 8379/19177 8281/19178 8334/19179
f 8281/19180 8284/19181 8334/19182
f 8329/19183 8269/19184 8331/19185
f 8269/19186 8272/19187 8331/19188
f 8191/19189 8149/19190 8504/19191
f 8149/19192 8193/19193 8504/19194
f 8531/19195 8144/19196 8537/19197
f 8144/19198 8564/19199 8537/19200
f 8346/19201 8350/19202 8253/19203
f 8350/19204 8256/19205 8253/19206
f 8359/19207 8263/19208 8355/19209
f 8263/19210 8266/19211 8355/19212
f 8563/19213 8134/19214 8210/19215
f 8134/19216 8539/19217 8210/19218
f 8519/19219 8533/19220 8516/19221
f 8533/19222 8508/19223 8516/19224
f 8217/19225 8218/19226 8332/19227
f 8218/19228 8328/19229 8332/19230
f 8362/19231 8313/19232 8326/19233
f 8313/19234 8259/19235 8326/19236
f 8564/19237 8174/19238 8537/19239
f 8174/19240 8195/19241 8537/19242
f 8174/19243 8164/19244 8195/19245
f 8164/19246 8511/19247 8195/19248
f 8224/19249 8225/19250 8340/19251
f 8225/19252 8343/19253 8340/19254
f 8337/19255 8341/19256 8296/19257
f 8341/19258 8298/19259 8296/19260
f 8164/19261 8169/19262 8511/19263
f 8169/19264 8197/19265 8511/19266
f 8169/19267 8170/19268 8197/19269
f 8170/19270 8513/19271 8197/19272
f 8341/19273 8344/19274 8298/19275
f 8344/19276 8301/19277 8298/19278
f 8214/19279 8215/19280 8347/19281
f 8215/19282 8349/19283 8347/19284
f 8170/19285 8515/19286 8513/19287
f 8515/19288 8199/19289 8513/19290
f 8138/19291 8187/19292 8541/19293
f 8368/19294 8371/19295 8307/19296
f 8371/19297 8311/19298 8307/19299
f 8541/19300 8496/19301 8539/19302
f 8496/19303 8535/19304 8539/19305
f 8533/19306 8535/19307 8508/19308
f 8535/19309 8517/19310 8508/19311
f 8374/19312 8290/19313 8371/19314
f 8290/19315 8311/19316 8371/19317
f 8183/19318 8212/19319 8317/19320
f 8212/19321 8319/19322 8317/19323
f 8496/19324 8517/19325 8535/19326
f 8521/19327 8156/19328 8204/19329
f 8156/19330 8523/19331 8204/19332
f 8231/19333 8232/19334 8335/19335
f 8232/19336 8380/19337 8335/19338
f 8334/19339 8284/19340 8377/19341
f 8284/19342 8287/19343 8377/19344
f 8156/19345 8566/19346 8523/19347
f 8566/19348 8207/19349 8523/19350
f 8566/19351 8152/19352 8207/19353
f 8152/19354 8525/19355 8207/19356
f 8383/19357 8277/19358 8379/19359
f 8277/19360 8281/19361 8379/19362
f 8386/19363 8293/19364 8383/19365
f 8293/19366 8277/19367 8383/19368
f 8152/19369 8563/19370 8525/19371
f 8563/19372 8210/19373 8525/19374
f 8485/19375 8487/19376 8493/19377
f 8491/19378 8529/19379 8493/19380
f 8529/19381 8485/19382 8493/19383
f 8527/19384 8506/19385 8487/19386
f 8506/19387 8493/19388 8487/19389
f 8209/19390 8526/19391 8233/19392
f 8526/19393 8234/19394 8233/19395
f 8524/19396 8209/19397 8232/19398
f 8209/19399 8233/19400 8232/19401
f 8206/19402 8524/19403 8231/19404
f 8524/19405 8232/19406 8231/19407
f 8522/19408 8206/19409 8230/19410
f 8206/19411 8231/19412 8230/19413
f 8198/19414 8514/19415 8225/19416
f 8514/19417 8226/19418 8225/19419
f 8512/19420 8198/19421 8224/19422
f 8198/19423 8225/19424 8224/19425
f 8196/19426 8512/19427 8223/19428
f 8512/19429 8224/19430 8223/19431
f 8510/19432 8196/19433 8222/19434
f 8196/19435 8223/19436 8222/19437
f 8175/19438 8486/19439 8542/19440
f 8486/19441 8495/19442 8542/19443
f 8488/19444 8178/19445 8536/19446
f 8178/19447 8540/19448 8536/19449
f 8192/19450 8505/19451 8217/19452
f 8505/19453 8218/19454 8217/19455
f 8501/19456 8192/19457 8216/19458
f 8192/19459 8217/19460 8216/19461
f 8188/19462 8501/19463 8215/19464
f 8501/19465 8216/19466 8215/19467
f 8499/19468 8188/19469 8214/19470
f 8188/19471 8215/19472 8214/19473
f 8492/19474 8494/19475 8538/19476
f 8494/19477 8518/19478 8538/19479
f 8528/19480 8177/19481 8534/19482
f 8177/19483 8237/19484 8534/19485
f 8176/19486 8530/19487 8236/19488
f 8530/19489 8532/19490 8236/19491
f 8180/19492 8507/19493 8240/19494
f 8507/19495 8509/19496 8240/19497
f 8527/19498 8229/19499 8506/19500
f 8229/19501 8545/19502 8506/19503
f 8228/19504 8545/19505 8229/19506
f 8377/19507 8287/19508 8374/19509
f 8287/19510 8290/19511 8374/19512
f 8232/19513 8233/19514 8380/19515
f 8233/19516 8382/19517 8380/19518
f 8364/19519 8368/19520 8304/19521
f 8368/19522 8307/19523 8304/19524
f 8227/19525 8544/19526 8367/19527
f 8544/19528 8370/19529 8367/19530
f 8326/19531 8259/19532 8359/19533
f 8259/19534 8263/19535 8359/19536
f 8365/19537 8184/19538 8367/19539
f 8184/19540 8227/19541 8367/19542
f 8331/19543 8272/19544 8353/19545
f 8272/19546 8274/19547 8353/19548
f 8356/19549 8328/19550 8549/19551
f 8328/19552 8181/19553 8549/19554
f 8529/19555 8491/19556 8219/19557
f 8491/19558 8221/19559 8219/19560
f 8220/19561 8219/19562 8221/19563
f 8505/19564 8241/19565 8218/19566
f 8241/19567 8181/19568 8218/19569
f 8222/19570 8179/19571 8510/19572
f 8179/19573 8239/19574 8510/19575
f 8214/19576 8484/19577 8499/19578
f 8484/19579 8235/19580 8499/19581
f 8526/19582 8238/19583 8234/19584
f 8238/19585 8490/19586 8234/19587
f 8230/19588 8182/19589 8522/19590
f 8182/19591 8242/19592 8522/19593
f 8243/19594 8184/19595 8514/19596
f 8184/19597 8226/19598 8514/19599
f 8145/19600 8144/19601 8531/19602
f 8520/19603 8521/19604 8533/19605
f 8521/19606 8204/19607 8533/19608
f 8515/19609 8516/19610 8199/19611
f 8516/19612 8508/19613 8199/19614
f 8134/19615 8185/19616 8539/19617
f 8185/19618 8541/19619 8539/19620
f 8245/19621 8247/19622 8246/19623
f 8247/19624 8249/19625 8246/19626
f 8246/19627 8249/19628 8244/19629
f 8249/19630 8248/19631 8244/19632
f 8247/19633 8250/19634 8249/19635
f 8250/19636 8252/19637 8249/19638
f 8249/19639 8252/19640 8248/19641
f 8252/19642 8251/19643 8248/19644
f 8250/19645 8253/19646 8252/19647
f 8253/19648 8255/19649 8252/19650
f 8252/19651 8255/19652 8251/19653
f 8255/19654 8254/19655 8251/19656
f 8253/19657 8256/19658 8255/19659
f 8256/19660 8258/19661 8255/19662
f 8255/19663 8258/19664 8254/19665
f 8258/19666 8257/19667 8254/19668
f 8256/19669 8274/19670 8258/19671
f 8274/19672 8276/19673 8258/19674
f 8258/19675 8276/19676 8257/19677
f 8276/19678 8275/19679 8257/19680
f 8244/19681 8292/19682 8246/19683
f 8292/19684 8294/19685 8246/19686
f 8246/19687 8294/19688 8245/19689
f 8294/19690 8293/19691 8245/19692
f 8260/19693 8262/19694 8261/19695
f 8262/19696 8264/19697 8261/19698
f 8261/19699 8264/19700 8259/19701
f 8264/19702 8263/19703 8259/19704
f 8262/19705 8265/19706 8264/19707
f 8265/19708 8267/19709 8264/19710
f 8264/19711 8267/19712 8263/19713
f 8267/19714 8266/19715 8263/19716
f 8265/19717 8268/19718 8267/19719
f 8268/19720 8270/19721 8267/19722
f 8267/19723 8270/19724 8266/19725
f 8270/19726 8269/19727 8266/19728
f 8268/19729 8271/19730 8270/19731
f 8271/19732 8273/19733 8270/19734
f 8270/19735 8273/19736 8269/19737
f 8273/19738 8272/19739 8269/19740
f 8271/19741 8275/19742 8273/19743
f 8275/19744 8276/19745 8273/19746
f 8273/19747 8276/19748 8272/19749
f 8276/19750 8274/19751 8272/19752
f 8259/19753 8313/19754 8261/19755
f 8313/19756 8315/19757 8261/19758
f 8261/19759 8315/19760 8260/19761
f 8315/19762 8314/19763 8260/19764
f 8278/19765 8280/19766 8279/19767
f 8280/19768 8282/19769 8279/19770
f 8279/19771 8282/19772 8277/19773
f 8282/19774 8281/19775 8277/19776
f 8280/19777 8283/19778 8282/19779
f 8283/19780 8285/19781 8282/19782
f 8282/19783 8285/19784 8281/19785
f 8285/19786 8284/19787 8281/19788
f 8283/19789 8286/19790 8285/19791
f 8286/19792 8288/19793 8285/19794
f 8285/19795 8288/19796 8284/19797
f 8288/19798 8287/19799 8284/19800
f 8286/19801 8289/19802 8288/19803
f 8289/19804 8291/19805 8288/19806
f 8288/19807 8291/19808 8287/19809
f 8291/19810 8290/19811 8287/19812
f 8289/19813 8310/19814 8291/19815
f 8310/19816 8312/19817 8291/19818
f 8291/19819 8312/19820 8290/19821
f 8312/19822 8311/19823 8290/19824
f 8277/19825 8293/19826 8279/19827
f 8293/19828 8294/19829 8279/19830
f 8279/19831 8294/19832 8278/19833
f 8294/19834 8292/19835 8278/19836
f 8296/19837 8298/19838 8297/19839
f 8298/19840 8300/19841 8297/19842
f 8297/19843 8300/19844 8295/19845
f 8300/19846 8299/19847 8295/19848
f 8298/19849 8301/19850 8300/19851
f 8301/19852 8303/19853 8300/19854
f 8300/19855 8303/19856 8299/19857
f 8303/19858 8302/19859 8299/19860
f 8301/19861 8304/19862 8303/19863
f 8304/19864 8306/19865 8303/19866
f 8303/19867 8306/19868 8302/19869
f 8306/19870 8305/19871 8302/19872
f 8304/19873 8307/19874 8306/19875
f 8307/19876 8309/19877 8306/19878
f 8306/19879 8309/19880 8305/19881
f 8309/19882 8308/19883 8305/19884
f 8307/19885 8311/19886 8309/19887
f 8311/19888 8312/19889 8309/19890
f 8309/19891 8312/19892 8308/19893
f 8312/19894 8310/19895 8308/19896
f 8295/19897 8314/19898 8297/19899
f 8314/19900 8315/19901 8297/19902
f 8297/19903 8315/19904 8296/19905
f 8315/19906 8313/19907 8296/19908
f 8386/19909 8316/19910 8293/19911
f 8316/19912 8245/19913 8293/19914
f 8317/19915 8319/19916 8318/19917
f 8319/19918 8321/19919 8318/19920
f 8318/19921 8321/19922 8316/19923
f 8321/19924 8320/19925 8316/19926
f 8319/19927 8322/19928 8321/19929
f 8322/19930 8324/19931 8321/19932
f 8321/19933 8324/19934 8320/19935
f 8324/19936 8323/19937 8320/19938
f 8329/19939 8331/19940 8330/19941
f 8331/19942 8333/19943 8330/19944
f 8330/19945 8333/19946 8328/19947
f 8333/19948 8332/19949 8328/19950
f 8338/19951 8340/19952 8339/19953
f 8340/19954 8342/19955 8339/19956
f 8339/19957 8342/19958 8337/19959
f 8342/19960 8341/19961 8337/19962
f 8340/19963 8343/19964 8342/19965
f 8343/19966 8345/19967 8342/19968
f 8342/19969 8345/19970 8341/19971
f 8345/19972 8344/19973 8341/19974
f 8347/19975 8349/19976 8348/19977
f 8349/19978 8351/19979 8348/19980
f 8348/19981 8351/19982 8346/19983
f 8351/19984 8350/19985 8346/19986
f 8349/19987 8352/19988 8351/19989
f 8352/19990 8354/19991 8351/19992
f 8351/19993 8354/19994 8350/19995
f 8354/19996 8353/19997 8350/19998
f 8356/19999 8358/20000 8357/20001
f 8358/20002 8360/20003 8357/20004
f 8357/20005 8360/20006 8355/20007
f 8360/20008 8359/20009 8355/20010
f 8365/20011 8367/20012 8366/20013
f 8367/20014 8369/20015 8366/20016
f 8366/20017 8369/20018 8364/20019
f 8369/20020 8368/20021 8364/20022
f 8367/20023 8370/20024 8369/20025
f 8370/20026 8372/20027 8369/20028
f 8369/20029 8372/20030 8368/20031
f 8372/20032 8371/20033 8368/20034
f 8370/20035 8373/20036 8372/20037
f 8373/20038 8375/20039 8372/20040
f 8372/20041 8375/20042 8371/20043
f 8375/20044 8374/20045 8371/20046
f 8373/20047 8376/20048 8375/20049
f 8376/20050 8378/20051 8375/20052
f 8375/20053 8378/20054 8374/20055
f 8378/20056 8377/20057 8374/20058
f 8380/20059 8382/20060 8381/20061
f 8382/20062 8384/20063 8381/20064
f 8381/20065 8384/20066 8379/20067
f 8384/20068 8383/20069 8379/20070
f 8382/20071 8385/20072 8384/20073
f 8385/20074 8387/20075 8384/20076
f 8384/20077 8387/20078 8383/20079
f 8387/20080 8386/20081 8383/20082
f 8322/20083 8347/20084 8324/20085
f 8347/20086 8348/20087 8324/20088
f 8324/20089 8348/20090 8323/20091
f 8348/20092 8346/20093 8323/20094
f 8316/20095 8386/20096 8318/20097
f 8386/20098 8387/20099 8318/20100
f 8318/20101 8387/20102 8317/20103
f 8387/20104 8385/20105 8317/20106
f 8326/20107 8359/20108 8327/20109
f 8359/20110 8360/20111 8327/20112
f 8327/20113 8360/20114 8325/20115
f 8360/20116 8358/20117 8325/20118
f 8355/20119 8329/20120 8357/20121
f 8329/20122 8330/20123 8357/20124
f 8357/20125 8330/20126 8356/20127
f 8330/20128 8328/20129 8356/20130
f 8331/20131 8353/20132 8333/20133
f 8353/20134 8354/20135 8333/20136
f 8333/20137 8354/20138 8332/20139
f 8354/20140 8352/20141 8332/20142
f 8325/20143 8361/20144 8327/20145
f 8361/20146 8363/20147 8327/20148
f 8327/20149 8363/20150 8326/20151
f 8363/20152 8362/20153 8326/20154
f 8379/20155 8334/20156 8381/20157
f 8334/20158 8336/20159 8381/20160
f 8381/20161 8336/20162 8380/20163
f 8336/20164 8335/20165 8380/20166
f 8334/20167 8377/20168 8336/20169
f 8377/20170 8378/20171 8336/20172
f 8336/20173 8378/20174 8335/20175
f 8378/20176 8376/20177 8335/20178
f 8343/20179 8365/20180 8345/20181
f 8365/20182 8366/20183 8345/20184
f 8345/20185 8366/20186 8344/20187
f 8366/20188 8364/20189 8344/20190
f 8337/20191 8362/20192 8339/20193
f 8362/20194 8363/20195 8339/20196
f 8339/20197 8363/20198 8338/20199
f 8363/20200 8361/20201 8338/20202
f 8316/20203 8320/20204 8245/20205
f 8320/20206 8247/20207 8245/20208
